[
    {
        "op": "addeach",
        "path": "/server/behaviors/10/aitasks/0/entityCodes/-",
        "value": [
            "tame-wolf-male",
            "tame-wolf-female"
        ],
        "file": "lichen:entities/land/deer-female.json"
    },
    {
        "op": "addeach",
        "path": "/server/behaviors/10/aitasks/1/entityCodes/-",
        "value": [
            "tame-wolf-male",
            "tame-wolf-female"
        ],
        "file": "lichen:entities/land/deer-female.json"
    },
    {
        "op": "addeach",
        "path": "/server/behaviors/10/aitasks/2/entityCodes/-",
        "value": [
            "tame-wolf-male",
            "tame-wolf-female"
        ],
        "file": "lichen:entities/land/deer-female.json"
    }
]