{
	"editor": {
		"allAngles": false,
		"entityTextureMode": false
	},
	"textureWidth": 16,
	"textureHeight": 16,
	"textureSizes": {
	},
	"textures": {
		"red": "game:block/metal/anvil/copper",
		"steel": "game:block/metal/anvil/steel",
		"hotiron": "item/hotiron",
		"molybdochalkos1": "game:block/metal/sheet/molybdochalkos1",
		"zinc1": "game:block/metal/sheet/zinc1",
		"iron2": "game:block/metal/sheet/iron2",
		"black": "game:block/metal/anvil/blackbronze",
		"copper2": "game:block/metal/sheet/copper2",
		"iron": "game:block/metal/anvil/iron",
		"copper": "game:block/metal/anvil/copper",
		"inside": "game:block/wood/barrel/inside"
	},
	"elements": [
		{
			"name": "origin",
			"from": [ 8.0, 0.7, 7.7 ], 
			"to": [ 8.0, 0.7, 7.7 ], 
			"rotationOrigin": [ 8.0, 0.0, 8.0 ],
			"faces": {
				"north": { "texture": "#iron", "uv": [ 0.0, 0.0, 0.5, 0.5 ] },
				"east": { "texture": "#iron", "uv": [ 0.0, 0.0, 0.5, 0.5 ] },
				"south": { "texture": "#iron", "uv": [ 0.0, 0.0, 0.5, 0.5 ] },
				"west": { "texture": "#iron", "uv": [ 0.0, 0.0, 0.5, 0.5 ] },
				"up": { "texture": "#iron", "uv": [ 0.0, 0.0, 0.5, 0.5 ] },
				"down": { "texture": "#iron", "uv": [ 0.0, 0.0, 0.5, 0.5 ] }
			},
			"children": [
				{
					"name": "handle",
					"from": [ -9.4, -0.1, -0.2 ], 
					"to": [ -5.3, 0.7, 0.8 ], 
					"rotationOrigin": [ -10.9, -7.6, 0.3 ],
					"faces": {
						"north": { "texture": "#iron", "uv": [ 0.0, 5.5, 4.0, 6.0 ] },
						"east": { "texture": "#iron", "uv": [ 0.5, 0.5, 1.5, 1.0 ] },
						"south": { "texture": "#iron", "uv": [ 0.0, 10.5, 4.0, 11.0 ] },
						"west": { "texture": "#iron", "uv": [ 14.0, 10.0, 15.0, 10.5 ] },
						"up": { "texture": "#iron", "uv": [ 0.0, 4.5, 4.0, 5.5 ] },
						"down": { "texture": "#iron", "uv": [ 0.0, 5.0, 4.0, 6.0 ] }
					}
				},
				{
					"name": "string 5",
					"from": [ -8.0, -0.2, -0.3 ], 
					"to": [ -7.5, 0.8, 0.9 ], 
					"rotationOrigin": [ -8.0, -0.2, 1.2 ],
					"rotationX": 0.9999997998811924,
					"faces": {
						"north": { "texture": "#inside", "uv": [ 1.0, 0.5, 2.0, 1.0 ], "rotation": 90 },
						"east": { "texture": "#inside", "uv": [ 0.0, 2.0, 1.0, 3.0 ] },
						"south": { "texture": "#inside", "uv": [ 0.0, 2.5, 1.0, 3.0 ], "rotation": 90 },
						"west": { "texture": "#inside", "uv": [ 2.0, 2.5, 3.0, 3.5 ] },
						"up": { "texture": "#inside", "uv": [ 4.5, 0.0, 5.5, 0.5 ], "rotation": 90 },
						"down": { "texture": "#inside", "uv": [ 2.5, 2.0, 3.5, 2.5 ], "rotation": 90 }
					},
					"children": [
						{
							"name": "string 17",
							"from": [ 0.6, 0.0, 2.0E-4 ], 
							"to": [ 1.1, 1.0, 1.2002 ], 
							"rotationOrigin": [ 0.6, 0.0, 1.5 ],
							"faces": {
								"north": { "texture": "#inside", "uv": [ 1.0, 0.5, 2.0, 1.0 ], "rotation": 90 },
								"east": { "texture": "#inside", "uv": [ 0.0, 2.0, 1.0, 3.0 ] },
								"south": { "texture": "#inside", "uv": [ 0.0, 2.5, 1.0, 3.0 ], "rotation": 90 },
								"west": { "texture": "#inside", "uv": [ 2.0, 2.5, 3.0, 3.5 ] },
								"up": { "texture": "#inside", "uv": [ 4.5, 0.0, 5.5, 0.5 ], "rotation": 90 },
								"down": { "texture": "#inside", "uv": [ 2.5, 2.0, 3.5, 2.5 ], "rotation": 90 }
							}
						},
						{
							"name": "string 18",
							"from": [ 1.2, 0.0, 2.0E-4 ], 
							"to": [ 1.7, 1.0, 1.2002 ], 
							"rotationOrigin": [ 1.2, 0.0, 1.5 ],
							"faces": {
								"north": { "texture": "#inside", "uv": [ 1.0, 0.5, 2.0, 1.0 ], "rotation": 90 },
								"east": { "texture": "#inside", "uv": [ 0.0, 2.0, 1.0, 3.0 ] },
								"south": { "texture": "#inside", "uv": [ 0.0, 2.5, 1.0, 3.0 ], "rotation": 90 },
								"west": { "texture": "#inside", "uv": [ 2.0, 2.5, 3.0, 3.5 ] },
								"up": { "texture": "#inside", "uv": [ 4.5, 0.0, 5.5, 0.5 ], "rotation": 90 },
								"down": { "texture": "#inside", "uv": [ 2.5, 2.0, 3.5, 2.5 ], "rotation": 90 }
							}
						},
						{
							"name": "string 19",
							"from": [ 1.8, 0.0, 2.0E-4 ], 
							"to": [ 2.3, 1.0, 1.2002 ], 
							"rotationOrigin": [ 1.8, 0.0, 1.5 ],
							"faces": {
								"north": { "texture": "#inside", "uv": [ 1.0, 0.5, 2.0, 1.0 ], "rotation": 90 },
								"east": { "texture": "#inside", "uv": [ 0.0, 2.0, 1.0, 3.0 ] },
								"south": { "texture": "#inside", "uv": [ 0.0, 2.5, 1.0, 3.0 ], "rotation": 90 },
								"west": { "texture": "#inside", "uv": [ 2.0, 2.5, 3.0, 3.5 ] },
								"up": { "texture": "#inside", "uv": [ 4.5, 0.0, 5.5, 0.5 ], "rotation": 90 },
								"down": { "texture": "#inside", "uv": [ 2.5, 2.0, 3.5, 2.5 ], "rotation": 90 }
							}
						},
						{
							"name": "string 20",
							"from": [ 2.7, 0.02, -0.1 ], 
							"to": [ 3.0, 0.92, 1.3 ], 
							"rotationOrigin": [ 2.7, 0.0, 1.4 ],
							"faces": {
								"north": { "texture": "#steel", "uv": [ 1.0, 0.5, 1.5, 1.0 ], "rotation": 90 },
								"east": { "texture": "#steel", "uv": [ 0.0, 2.0, 1.0, 2.5 ] },
								"south": { "texture": "#steel", "uv": [ 0.0, 2.5, 0.5, 3.0 ], "rotation": 90 },
								"west": { "texture": "#steel", "uv": [ 2.0, 2.5, 3.0, 3.0 ] },
								"up": { "texture": "#steel", "uv": [ 4.5, 0.0, 5.5, 0.5 ], "rotation": 90 },
								"down": { "texture": "#steel", "uv": [ 2.5, 2.0, 3.5, 2.5 ], "rotation": 90 }
							}
						},
						{
							"name": "string 23",
							"from": [ -0.6, 0.0, 2.0E-4 ], 
							"to": [ -0.1, 1.0, 1.2002 ], 
							"rotationOrigin": [ -0.6, 0.0, 1.5 ],
							"faces": {
								"north": { "texture": "#inside", "uv": [ 1.0, 0.5, 2.0, 1.0 ], "rotation": 90 },
								"east": { "texture": "#inside", "uv": [ 0.0, 2.0, 1.0, 3.0 ] },
								"south": { "texture": "#inside", "uv": [ 0.0, 2.5, 1.0, 3.0 ], "rotation": 90 },
								"west": { "texture": "#inside", "uv": [ 2.0, 2.5, 3.0, 3.5 ] },
								"up": { "texture": "#inside", "uv": [ 4.5, 0.0, 5.5, 0.5 ], "rotation": 90 },
								"down": { "texture": "#inside", "uv": [ 2.5, 2.0, 3.5, 2.5 ], "rotation": 90 }
							}
						},
						{
							"name": "string 24",
							"from": [ -1.2, 0.0, 2.0E-4 ], 
							"to": [ -0.7, 1.0, 1.2002 ], 
							"rotationOrigin": [ -1.2, 0.0, 1.5 ],
							"faces": {
								"north": { "texture": "#inside", "uv": [ 1.0, 0.5, 2.0, 1.0 ], "rotation": 90 },
								"east": { "texture": "#inside", "uv": [ 0.0, 2.0, 1.0, 3.0 ] },
								"south": { "texture": "#inside", "uv": [ 0.0, 2.5, 1.0, 3.0 ], "rotation": 90 },
								"west": { "texture": "#inside", "uv": [ 2.0, 2.5, 3.0, 3.5 ] },
								"up": { "texture": "#inside", "uv": [ 4.5, 0.0, 5.5, 0.5 ], "rotation": 90 },
								"down": { "texture": "#inside", "uv": [ 2.5, 2.0, 3.5, 2.5 ], "rotation": 90 }
							}
						}
					]
				},
				{
					"name": "hilt",
					"from": [ -5.0, -0.2, -0.8 ], 
					"to": [ -3.2, 0.8, 1.4 ], 
					"rotationOrigin": [ -5.0, -0.2, -0.8 ],
					"faces": {
						"north": { "texture": "#steel", "uv": [ 0.0, 0.0, 1.5, 1.0 ] },
						"east": { "texture": "#steel", "uv": [ 0.0, 0.0, 2.0, 1.0 ] },
						"south": { "texture": "#steel", "uv": [ 0.0, 0.0, 1.5, 1.0 ] },
						"west": { "texture": "#steel", "uv": [ 0.0, 0.0, 2.0, 1.0 ] },
						"up": { "texture": "#steel", "uv": [ 1.0, 3.5, 3.0, 5.0 ], "rotation": 90 },
						"down": { "texture": "#steel", "uv": [ 0.0, 0.0, 1.5, 2.0 ] }
					},
					"children": [
						{
							"name": "battery",
							"from": [ -0.1, -0.2, 2.2 ], 
							"to": [ 2.1, 1.2, 3.6 ], 
							"rotationOrigin": [ -0.1, -0.2, 2.2 ],
							"faces": {
								"north": { "texture": "#iron2", "uv": [ 0.0, 0.0, 2.0, 1.0 ] },
								"east": { "texture": "#iron2", "uv": [ 0.0, 0.0, 1.0, 1.0 ] },
								"south": { "texture": "#iron2", "uv": [ 0.0, 0.0, 2.0, 1.0 ] },
								"west": { "texture": "#iron2", "uv": [ 0.0, 0.0, 1.0, 1.0 ] },
								"up": { "texture": "#iron2", "uv": [ 1.0, 3.5, 2.0, 5.5 ], "rotation": 90 },
								"down": { "texture": "#iron2", "uv": [ 0.0, 0.0, 2.0, 1.0 ] }
							},
							"children": [
								{
									"name": "battery26",
									"from": [ 0.4, -0.1, -0.1 ], 
									"to": [ 1.8, 1.5, 1.5 ], 
									"rotationOrigin": [ 0.4, -0.1, -0.1 ],
									"faces": {
										"north": { "texture": "#zinc1", "uv": [ 0.0, 0.0, 1.0, 1.5 ] },
										"east": { "texture": "#zinc1", "uv": [ 0.0, 0.0, 1.5, 1.5 ] },
										"south": { "texture": "#zinc1", "uv": [ 0.0, 0.0, 1.0, 1.5 ] },
										"west": { "texture": "#zinc1", "uv": [ 0.0, 0.0, 1.5, 1.5 ] },
										"up": { "texture": "#zinc1", "uv": [ 1.0, 3.5, 2.5, 4.5 ], "rotation": 90 },
										"down": { "texture": "#zinc1", "uv": [ 0.0, 0.0, 1.0, 1.5 ] }
									}
								},
								{
									"name": "battery27",
									"from": [ 2.2, 0.1, 0.5 ], 
									"to": [ 2.6, 0.5, 0.9 ], 
									"rotationOrigin": [ 2.2, 0.1, 0.5 ],
									"faces": {
										"north": { "texture": "#copper", "uv": [ 0.0, 0.0, 0.5, 0.5 ] },
										"east": { "texture": "#copper", "uv": [ 0.0, 0.0, 0.5, 0.5 ] },
										"south": { "texture": "#copper", "uv": [ 0.0, 0.0, 0.5, 0.5 ] },
										"west": { "texture": "#copper", "uv": [ 0.0, 0.0, 0.5, 0.5 ] },
										"up": { "texture": "#copper", "uv": [ 1.0, 3.5, 1.5, 4.0 ], "rotation": 90 },
										"down": { "texture": "#copper", "uv": [ 0.0, 0.0, 0.5, 0.5 ] }
									}
								},
								{
									"name": "battery28",
									"from": [ 2.2, 0.9, 0.5 ], 
									"to": [ 2.6, 1.3, 0.9 ], 
									"rotationOrigin": [ 2.2, 0.9, 0.5 ],
									"faces": {
										"north": { "texture": "#copper", "uv": [ 0.0, 0.0, 0.5, 0.5 ] },
										"east": { "texture": "#copper", "uv": [ 0.0, 0.0, 0.5, 0.5 ] },
										"south": { "texture": "#copper", "uv": [ 0.0, 0.0, 0.5, 0.5 ] },
										"west": { "texture": "#copper", "uv": [ 0.0, 0.0, 0.5, 0.5 ] },
										"up": { "texture": "#copper", "uv": [ 1.0, 3.5, 1.5, 4.0 ], "rotation": 90 },
										"down": { "texture": "#copper", "uv": [ 0.0, 0.0, 0.5, 0.5 ] }
									}
								},
								{
									"name": "battery29",
									"from": [ 6.2, 0.5, -0.5 ], 
									"to": [ 6.6, 0.9, 0.5 ], 
									"rotationOrigin": [ 6.2, 0.5, -0.5 ],
									"faces": {
										"north": { "texture": "#molybdochalkos1", "uv": [ 0.0, 0.0, 0.5, 0.5 ] },
										"east": { "texture": "#molybdochalkos1", "uv": [ 0.0, 0.0, 1.0, 0.5 ] },
										"south": { "texture": "#molybdochalkos1", "uv": [ 0.0, 0.0, 0.5, 0.5 ] },
										"west": { "texture": "#molybdochalkos1", "uv": [ 0.0, 0.0, 1.0, 0.5 ] },
										"up": { "texture": "#molybdochalkos1", "uv": [ 1.0, 3.5, 2.0, 4.0 ], "rotation": 90 },
										"down": { "texture": "#molybdochalkos1", "uv": [ 0.0, 0.0, 0.5, 1.0 ] }
									}
								},
								{
									"name": "battery30",
									"from": [ 9.5, 0.5, -0.6 ], 
									"to": [ 9.9, 0.9, 0.5 ], 
									"rotationOrigin": [ 9.5, 0.5, -0.6 ],
									"faces": {
										"north": { "texture": "#molybdochalkos1", "uv": [ 0.0, 0.0, 0.5, 0.5 ] },
										"east": { "texture": "#molybdochalkos1", "uv": [ 0.0, 0.0, 1.0, 0.5 ] },
										"south": { "texture": "#molybdochalkos1", "uv": [ 0.0, 0.0, 0.5, 0.5 ] },
										"west": { "texture": "#molybdochalkos1", "uv": [ 0.0, 0.0, 1.0, 0.5 ] },
										"up": { "texture": "#molybdochalkos1", "uv": [ 1.0, 3.5, 2.0, 4.0 ], "rotation": 90 },
										"down": { "texture": "#molybdochalkos1", "uv": [ 0.0, 0.0, 0.5, 1.0 ] }
									}
								},
								{
									"name": "battery31",
									"from": [ 12.9, 0.5, -0.6 ], 
									"to": [ 13.3, 0.9, 0.5 ], 
									"rotationOrigin": [ 12.9, 0.5, -0.6 ],
									"faces": {
										"north": { "texture": "#molybdochalkos1", "uv": [ 0.0, 0.0, 0.5, 0.5 ] },
										"east": { "texture": "#molybdochalkos1", "uv": [ 0.0, 0.0, 1.0, 0.5 ] },
										"south": { "texture": "#molybdochalkos1", "uv": [ 0.0, 0.0, 0.5, 0.5 ] },
										"west": { "texture": "#molybdochalkos1", "uv": [ 0.0, 0.0, 1.0, 0.5 ] },
										"up": { "texture": "#molybdochalkos1", "uv": [ 1.0, 3.5, 2.0, 4.0 ], "rotation": 90 },
										"down": { "texture": "#molybdochalkos1", "uv": [ 0.0, 0.0, 0.5, 1.0 ] }
									}
								},
								{
									"name": "battery32",
									"from": [ 16.2, 0.5, -0.6 ], 
									"to": [ 16.6, 0.9, 0.4 ], 
									"rotationOrigin": [ 16.2, 0.5, -0.6 ],
									"faces": {
										"north": { "texture": "#molybdochalkos1", "uv": [ 0.0, 0.0, 0.5, 0.5 ] },
										"east": { "texture": "#molybdochalkos1", "uv": [ 0.0, 0.0, 1.0, 0.5 ] },
										"south": { "texture": "#molybdochalkos1", "uv": [ 0.0, 0.0, 0.5, 0.5 ] },
										"west": { "texture": "#molybdochalkos1", "uv": [ 0.0, 0.0, 1.0, 0.5 ] },
										"up": { "texture": "#molybdochalkos1", "uv": [ 1.0, 3.5, 2.0, 4.0 ], "rotation": 90 },
										"down": { "texture": "#molybdochalkos1", "uv": [ 0.0, 0.0, 0.5, 1.0 ] }
									}
								},
								{
									"name": "wire1",
									"from": [ 2.6, 0.2, 0.6 ], 
									"to": [ 3.0, 0.4, 0.8 ], 
									"rotationOrigin": [ 2.6, 0.2, 0.6 ],
									"faces": {
										"north": { "texture": "#red", "uv": [ 0.0, 0.0, 2.0, 2.0 ] },
										"east": { "texture": "#red", "uv": [ 0.0, 0.0, 2.0, 2.0 ] },
										"south": { "texture": "#red", "uv": [ 0.0, 0.0, 2.0, 2.0 ] },
										"west": { "texture": "#red", "uv": [ 0.0, 0.0, 2.0, 2.0 ] },
										"up": { "texture": "#red", "uv": [ 2.0, 4.0, 4.0, 6.0 ], "rotation": 90 },
										"down": { "texture": "#red", "uv": [ 0.0, 0.0, 2.0, 2.0 ] }
									},
									"children": [
										{
											"name": "wire47",
											"from": [ 0.3, 0.0, 0.0 ], 
											"to": [ 0.9, 0.2, 0.2 ], 
											"rotationOrigin": [ 0.3, 0.0, 0.0 ],
											"rotationY": 2.0,
											"rotationZ": 2.0,
											"faces": {
												"north": { "texture": "#red", "uv": [ 0.0, 0.0, 2.0, 2.0 ] },
												"east": { "texture": "#red", "uv": [ 0.0, 0.0, 2.0, 2.0 ] },
												"south": { "texture": "#red", "uv": [ 0.0, 0.0, 2.0, 2.0 ] },
												"west": { "texture": "#red", "uv": [ 0.0, 0.0, 2.0, 2.0 ] },
												"up": { "texture": "#red", "uv": [ 2.0, 4.0, 4.0, 6.0 ], "rotation": 90 },
												"down": { "texture": "#red", "uv": [ 0.0, 0.0, 2.0, 2.0 ] }
											},
											"children": [
												{
													"name": "wire48",
													"from": [ 0.5, 0.0, 0.0 ], 
													"to": [ 1.1, 0.2, 0.2 ], 
													"rotationOrigin": [ 0.5, 0.0, 0.0 ],
													"rotationY": 2.0,
													"rotationZ": 2.0,
													"faces": {
														"north": { "texture": "#red", "uv": [ 0.0, 0.0, 2.0, 2.0 ] },
														"east": { "texture": "#red", "uv": [ 0.0, 0.0, 2.0, 2.0 ] },
														"south": { "texture": "#red", "uv": [ 0.0, 0.0, 2.0, 2.0 ] },
														"west": { "texture": "#red", "uv": [ 0.0, 0.0, 2.0, 2.0 ] },
														"up": { "texture": "#red", "uv": [ 2.0, 4.0, 4.0, 6.0 ], "rotation": 90 },
														"down": { "texture": "#red", "uv": [ 0.0, 0.0, 2.0, 2.0 ] }
													},
													"children": [
														{
															"name": "wire49",
															"from": [ 0.5, 0.0, 0.0 ], 
															"to": [ 1.1, 0.2, 0.2 ], 
															"rotationOrigin": [ 0.5, 0.0, 0.0 ],
															"rotationX": -2.13443399843527E-7,
															"rotationY": 2.0,
															"rotationZ": 2.0,
															"faces": {
																"north": { "texture": "#red", "uv": [ 0.0, 0.0, 2.0, 2.0 ] },
																"east": { "texture": "#red", "uv": [ 0.0, 0.0, 2.0, 2.0 ] },
																"south": { "texture": "#red", "uv": [ 0.0, 0.0, 2.0, 2.0 ] },
																"west": { "texture": "#red", "uv": [ 0.0, 0.0, 2.0, 2.0 ] },
																"up": { "texture": "#red", "uv": [ 2.0, 4.0, 4.0, 6.0 ], "rotation": 90 },
																"down": { "texture": "#red", "uv": [ 0.0, 0.0, 2.0, 2.0 ] }
															},
															"children": [
																{
																	"name": "wire50",
																	"from": [ 0.5, 0.0, 0.0 ], 
																	"to": [ 1.1, 0.2, 0.2 ], 
																	"rotationOrigin": [ 0.5, 0.0, 0.0 ],
																	"rotationX": 2.13443399843527E-7,
																	"rotationY": 2.0,
																	"rotationZ": 1.0,
																	"faces": {
																		"north": { "texture": "#red", "uv": [ 0.0, 0.0, 2.0, 2.0 ] },
																		"east": { "texture": "#red", "uv": [ 0.0, 0.0, 2.0, 2.0 ] },
																		"south": { "texture": "#red", "uv": [ 0.0, 0.0, 2.0, 2.0 ] },
																		"west": { "texture": "#red", "uv": [ 0.0, 0.0, 2.0, 2.0 ] },
																		"up": { "texture": "#red", "uv": [ 2.0, 4.0, 4.0, 6.0 ], "rotation": 90 },
																		"down": { "texture": "#red", "uv": [ 0.0, 0.0, 2.0, 2.0 ] }
																	},
																	"children": [
																		{
																			"name": "wire51",
																			"from": [ 0.5, 0.0, 0.0 ], 
																			"to": [ 1.1, 0.2, 0.2 ], 
																			"rotationOrigin": [ 0.5, 0.0, 0.0 ],
																			"rotationX": 4.26886799687054E-7,
																			"rotationY": 1.0,
																			"rotationZ": 2.0,
																			"faces": {
																				"north": { "texture": "#red", "uv": [ 0.0, 0.0, 2.0, 2.0 ] },
																				"east": { "texture": "#red", "uv": [ 0.0, 0.0, 2.0, 2.0 ] },
																				"south": { "texture": "#red", "uv": [ 0.0, 0.0, 2.0, 2.0 ] },
																				"west": { "texture": "#red", "uv": [ 0.0, 0.0, 2.0, 2.0 ] },
																				"up": { "texture": "#red", "uv": [ 2.0, 4.0, 4.0, 6.0 ], "rotation": 90 },
																				"down": { "texture": "#red", "uv": [ 0.0, 0.0, 2.0, 2.0 ] }
																			},
																			"children": [
																				{
																					"name": "wire52",
																					"from": [ 0.5, 0.0, 0.0 ], 
																					"to": [ 1.1, 0.2, 0.2 ], 
																					"rotationOrigin": [ 0.5, 0.0, 0.0 ],
																					"rotationX": 5.336084996088178E-7,
																					"rotationY": 1.0,
																					"rotationZ": 1.0,
																					"faces": {
																						"north": { "texture": "#red", "uv": [ 0.0, 0.0, 2.0, 2.0 ] },
																						"east": { "texture": "#red", "uv": [ 0.0, 0.0, 2.0, 2.0 ] },
																						"south": { "texture": "#red", "uv": [ 0.0, 0.0, 2.0, 2.0 ] },
																						"west": { "texture": "#red", "uv": [ 0.0, 0.0, 2.0, 2.0 ] },
																						"up": { "texture": "#red", "uv": [ 2.0, 4.0, 4.0, 6.0 ], "rotation": 90 },
																						"down": { "texture": "#red", "uv": [ 0.0, 0.0, 2.0, 2.0 ] }
																					},
																					"children": [
																						{
																							"name": "wire53",
																							"from": [ 0.5, 0.0, 0.0 ], 
																							"to": [ 1.1, 0.2, 0.2 ], 
																							"rotationOrigin": [ 0.5, 0.0, 0.0 ],
																							"rotationX": 3.20165125209727E-7,
																							"rotationY": -9.0,
																							"rotationZ": -3.0,
																							"faces": {
																								"north": { "texture": "#red", "uv": [ 0.0, 0.0, 2.0, 2.0 ] },
																								"east": { "texture": "#red", "uv": [ 0.0, 0.0, 2.0, 2.0 ] },
																								"south": { "texture": "#red", "uv": [ 0.0, 0.0, 2.0, 2.0 ] },
																								"west": { "texture": "#red", "uv": [ 0.0, 0.0, 2.0, 2.0 ] },
																								"up": { "texture": "#red", "uv": [ 2.0, 4.0, 4.0, 6.0 ], "rotation": 90 },
																								"down": { "texture": "#red", "uv": [ 0.0, 0.0, 2.0, 2.0 ] }
																							},
																							"children": [
																								{
																									"name": "wire54",
																									"from": [ 0.7, 0.0, 0.0 ], 
																									"to": [ 7.3, 0.2, 0.2 ], 
																									"rotationOrigin": [ 0.7, 0.0, 0.0 ],
																									"rotationX": 1.1739386991393998E-6,
																									"rotationY": -1.0,
																									"rotationZ": -7.0,
																									"faces": {
																										"north": { "texture": "#red", "uv": [ 0.0, 0.0, 6.0, 2.0 ] },
																										"east": { "texture": "#red", "uv": [ 0.0, 0.0, 2.0, 2.0 ] },
																										"south": { "texture": "#red", "uv": [ 0.0, 0.0, 6.0, 2.0 ] },
																										"west": { "texture": "#red", "uv": [ 0.0, 0.0, 2.0, 2.0 ] },
																										"up": { "texture": "#red", "uv": [ 2.0, 4.0, 4.0, 10.0 ], "rotation": 90 },
																										"down": { "texture": "#red", "uv": [ 0.0, 0.0, 6.0, 2.0 ] }
																									},
																									"children": [
																										{
																											"name": "wire55",
																											"from": [ 6.5, 0.0, 0.0 ], 
																											"to": [ 7.1, 0.2, 0.2 ], 
																											"rotationOrigin": [ 6.5, 0.0, 0.0 ],
																											"rotationX": 1.2806603990611635E-6,
																											"rotationY": 2.0,
																											"rotationZ": -2.65913567320316E-7,
																											"faces": {
																												"north": { "texture": "#red", "uv": [ 0.0, 0.0, 2.0, 2.0 ] },
																												"east": { "texture": "#red", "uv": [ 0.0, 0.0, 2.0, 2.0 ] },
																												"south": { "texture": "#red", "uv": [ 0.0, 0.0, 2.0, 2.0 ] },
																												"west": { "texture": "#red", "uv": [ 0.0, 0.0, 2.0, 2.0 ] },
																												"up": { "texture": "#red", "uv": [ 2.0, 4.0, 4.0, 6.0 ], "rotation": 90 },
																												"down": { "texture": "#red", "uv": [ 0.0, 0.0, 2.0, 2.0 ] }
																											},
																											"children": [
																												{
																													"name": "wire56",
																													"from": [ 0.5, 0.0, 0.0 ], 
																													"to": [ 1.1, 0.2, 0.2 ], 
																													"rotationOrigin": [ 0.5, 0.0, 0.0 ],
																													"rotationX": 1.4599962448176413E-6,
																													"rotationY": 2.0,
																													"rotationZ": -5.088112173407817E-7,
																													"faces": {
																														"north": { "texture": "#red", "uv": [ 0.0, 0.0, 2.0, 2.0 ] },
																														"east": { "texture": "#red", "uv": [ 0.0, 0.0, 2.0, 2.0 ] },
																														"south": { "texture": "#red", "uv": [ 0.0, 0.0, 2.0, 2.0 ] },
																														"west": { "texture": "#red", "uv": [ 0.0, 0.0, 2.0, 2.0 ] },
																														"up": { "texture": "#red", "uv": [ 2.0, 4.0, 4.0, 6.0 ], "rotation": 90 },
																														"down": { "texture": "#red", "uv": [ 0.0, 0.0, 2.0, 2.0 ] }
																													},
																													"children": [
																														{
																															"name": "wire57",
																															"from": [ 0.5, 0.0, 0.0 ], 
																															"to": [ 1.1, 0.2, 0.2 ], 
																															"rotationOrigin": [ 0.5, 0.0, 0.0 ],
																															"rotationX": 7.53990597164448E-7,
																															"rotationY": 2.0,
																															"rotationZ": -3.4490332549724404E-7,
																															"faces": {
																																"north": { "texture": "#red", "uv": [ 0.0, 0.0, 2.0, 2.0 ] },
																																"east": { "texture": "#red", "uv": [ 0.0, 0.0, 2.0, 2.0 ] },
																																"south": { "texture": "#red", "uv": [ 0.0, 0.0, 2.0, 2.0 ] },
																																"west": { "texture": "#red", "uv": [ 0.0, 0.0, 2.0, 2.0 ] },
																																"up": { "texture": "#red", "uv": [ 2.0, 4.0, 4.0, 6.0 ], "rotation": 90 },
																																"down": { "texture": "#red", "uv": [ 0.0, 0.0, 2.0, 2.0 ] }
																															},
																															"children": [
																																{
																																	"name": "wire58",
																																	"from": [ 0.5, 0.0, 0.0 ], 
																																	"to": [ 1.1, 0.2, 0.2 ], 
																																	"rotationOrigin": [ 0.5, 0.0, 0.0 ],
																																	"rotationX": 6.565806448389889E-7,
																																	"rotationY": -2.0,
																																	"rotationZ": -2.412815721088908E-7,
																																	"faces": {
																																		"north": { "texture": "#red", "uv": [ 0.0, 0.0, 2.0, 2.0 ] },
																																		"east": { "texture": "#red", "uv": [ 0.0, 0.0, 2.0, 2.0 ] },
																																		"south": { "texture": "#red", "uv": [ 0.0, 0.0, 2.0, 2.0 ] },
																																		"west": { "texture": "#red", "uv": [ 0.0, 0.0, 2.0, 2.0 ] },
																																		"up": { "texture": "#red", "uv": [ 2.0, 4.0, 4.0, 6.0 ], "rotation": 90 },
																																		"down": { "texture": "#red", "uv": [ 0.0, 0.0, 2.0, 2.0 ] }
																																	},
																																	"children": [
																																		{
																																			"name": "wire59",
																																			"from": [ 0.5, 0.0, 0.0 ], 
																																			"to": [ 1.1, 0.2, 0.2 ], 
																																			"rotationOrigin": [ 0.5, 0.0, 0.0 ],
																																			"rotationX": 1.807407043154763E-6,
																																			"rotationY": -2.0,
																																			"rotationZ": -3.557155314876908E-7,
																																			"faces": {
																																				"north": { "texture": "#red", "uv": [ 0.0, 0.0, 2.0, 2.0 ] },
																																				"east": { "texture": "#red", "uv": [ 0.0, 0.0, 2.0, 2.0 ] },
																																				"south": { "texture": "#red", "uv": [ 0.0, 0.0, 2.0, 2.0 ] },
																																				"west": { "texture": "#red", "uv": [ 0.0, 0.0, 2.0, 2.0 ] },
																																				"up": { "texture": "#red", "uv": [ 2.0, 4.0, 4.0, 6.0 ], "rotation": 90 },
																																				"down": { "texture": "#red", "uv": [ 0.0, 0.0, 2.0, 2.0 ] }
																																			},
																																			"children": [
																																				{
																																					"name": "wire60",
																																					"from": [ 0.5, 0.0, 0.0 ], 
																																					"to": [ 1.4, 0.2, 0.2 ], 
																																					"rotationOrigin": [ 0.5, 0.0, 0.0 ],
																																					"rotationX": 1.289361378414411E-6,
																																					"rotationY": -2.0,
																																					"rotationZ": -4.082926419292173E-7,
																																					"faces": {
																																						"north": { "texture": "#red", "uv": [ 0.0, 0.0, 2.0, 2.0 ] },
																																						"east": { "texture": "#red", "uv": [ 0.0, 0.0, 2.0, 2.0 ] },
																																						"south": { "texture": "#red", "uv": [ 0.0, 0.0, 2.0, 2.0 ] },
																																						"west": { "texture": "#red", "uv": [ 0.0, 0.0, 2.0, 2.0 ] },
																																						"up": { "texture": "#red", "uv": [ 2.0, 4.0, 4.0, 6.0 ], "rotation": 90 },
																																						"down": { "texture": "#red", "uv": [ 0.0, 0.0, 2.0, 2.0 ] }
																																					},
																																					"children": [
																																						{
																																							"name": "wire61",
																																							"from": [ 0.9, 0.0, 0.0 ], 
																																							"to": [ 1.6, 0.2, 0.2 ], 
																																							"rotationOrigin": [ 0.9, 0.0, 0.0 ],
																																							"rotationX": 9.724172007537529E-8,
																																							"rotationY": -6.0,
																																							"rotationZ": -2.597232413614523E-7,
																																							"faces": {
																																								"north": { "texture": "#red", "uv": [ 0.0, 0.0, 2.0, 2.0 ] },
																																								"east": { "texture": "#red", "uv": [ 0.0, 0.0, 2.0, 2.0 ] },
																																								"south": { "texture": "#red", "uv": [ 0.0, 0.0, 2.0, 2.0 ] },
																																								"west": { "texture": "#red", "uv": [ 0.0, 0.0, 2.0, 2.0 ] },
																																								"up": { "texture": "#red", "uv": [ 2.0, 4.0, 4.0, 6.0 ], "rotation": 90 },
																																								"down": { "texture": "#red", "uv": [ 0.0, 0.0, 2.0, 2.0 ] }
																																							},
																																							"children": [
																																								{
																																									"name": "wire62",
																																									"from": [ 0.6, 0.0, 0.0 ], 
																																									"to": [ 1.3, 0.2, 0.2 ], 
																																									"rotationOrigin": [ 0.6, 0.0, 0.0 ],
																																									"rotationX": 1.3668554617511748E-6,
																																									"rotationY": -6.0,
																																									"rotationZ": -2.6465467840207596E-7,
																																									"faces": {
																																										"north": { "texture": "#red", "uv": [ 0.0, 0.0, 2.0, 2.0 ] },
																																										"east": { "texture": "#red", "uv": [ 0.0, 0.0, 2.0, 2.0 ] },
																																										"south": { "texture": "#red", "uv": [ 0.0, 0.0, 2.0, 2.0 ] },
																																										"west": { "texture": "#red", "uv": [ 0.0, 0.0, 2.0, 2.0 ] },
																																										"up": { "texture": "#red", "uv": [ 2.0, 4.0, 4.0, 6.0 ], "rotation": 90 },
																																										"down": { "texture": "#red", "uv": [ 0.0, 0.0, 2.0, 2.0 ] }
																																									},
																																									"children": [
																																										{
																																											"name": "wire63",
																																											"from": [ 0.6, 0.0, 0.0 ], 
																																											"to": [ 1.3, 0.2, 0.2 ], 
																																											"rotationOrigin": [ 0.6, 0.0, 0.0 ],
																																											"rotationX": 1.105584766122188E-6,
																																											"rotationY": -6.0,
																																											"rotationZ": -2.4043394161060233E-7,
																																											"faces": {
																																												"north": { "texture": "#red", "uv": [ 0.0, 0.0, 2.0, 2.0 ] },
																																												"east": { "texture": "#red", "uv": [ 0.0, 0.0, 2.0, 2.0 ] },
																																												"south": { "texture": "#red", "uv": [ 0.0, 0.0, 2.0, 2.0 ] },
																																												"west": { "texture": "#red", "uv": [ 0.0, 0.0, 2.0, 2.0 ] },
																																												"up": { "texture": "#red", "uv": [ 2.0, 4.0, 4.0, 6.0 ], "rotation": 90 },
																																												"down": { "texture": "#red", "uv": [ 0.0, 0.0, 2.0, 2.0 ] }
																																											},
																																											"children": [
																																												{
																																													"name": "wire64",
																																													"from": [ 0.5, 0.0, 0.0 ], 
																																													"to": [ 1.0, 0.2, 0.2 ], 
																																													"rotationOrigin": [ 0.5, 0.0, 0.0 ],
																																													"rotationX": 1.5269671200686684E-6,
																																													"rotationY": 6.0,
																																													"rotationZ": 5.52226193470006E-7,
																																													"faces": {
																																														"north": { "texture": "#red", "uv": [ 0.0, 0.0, 2.0, 2.0 ] },
																																														"east": { "texture": "#red", "uv": [ 0.0, 0.0, 2.0, 2.0 ] },
																																														"south": { "texture": "#red", "uv": [ 0.0, 0.0, 2.0, 2.0 ] },
																																														"west": { "texture": "#red", "uv": [ 0.0, 0.0, 2.0, 2.0 ] },
																																														"up": { "texture": "#red", "uv": [ 2.0, 4.0, 4.0, 6.0 ], "rotation": 90 },
																																														"down": { "texture": "#red", "uv": [ 0.0, 0.0, 2.0, 2.0 ] }
																																													},
																																													"children": [
																																														{
																																															"name": "wire65",
																																															"from": [ 0.4, 0.0, 0.0 ], 
																																															"to": [ 0.9, 0.2, 0.2 ], 
																																															"rotationOrigin": [ 0.4, 0.0, 0.0 ],
																																															"rotationX": 5.56767007528318E-7,
																																															"rotationY": 7.0,
																																															"rotationZ": -4.968149290740955E-7,
																																															"faces": {
																																																"north": { "texture": "#red", "uv": [ 0.0, 0.0, 2.0, 2.0 ] },
																																																"east": { "texture": "#red", "uv": [ 0.0, 0.0, 2.0, 2.0 ] },
																																																"south": { "texture": "#red", "uv": [ 0.0, 0.0, 2.0, 2.0 ] },
																																																"west": { "texture": "#red", "uv": [ 0.0, 0.0, 2.0, 2.0 ] },
																																																"up": { "texture": "#red", "uv": [ 2.0, 4.0, 4.0, 6.0 ], "rotation": 90 },
																																																"down": { "texture": "#red", "uv": [ 0.0, 0.0, 2.0, 2.0 ] }
																																															},
																																															"children": [
																																																{
																																																	"name": "wire66",
																																																	"from": [ 0.4, 0.0, 0.0 ], 
																																																	"to": [ 0.9, 0.2, 0.2 ], 
																																																	"rotationOrigin": [ 0.4, 0.0, 0.0 ],
																																																	"rotationX": 1.2011864332661166E-6,
																																																	"rotationY": 7.0,
																																																	"rotationZ": -3.0135995674368904E-7,
																																																	"faces": {
																																																		"north": { "texture": "#red", "uv": [ 0.0, 0.0, 2.0, 2.0 ] },
																																																		"east": { "texture": "#red", "uv": [ 0.0, 0.0, 2.0, 2.0 ] },
																																																		"south": { "texture": "#red", "uv": [ 0.0, 0.0, 2.0, 2.0 ] },
																																																		"west": { "texture": "#red", "uv": [ 0.0, 0.0, 2.0, 2.0 ] },
																																																		"up": { "texture": "#red", "uv": [ 2.0, 4.0, 4.0, 6.0 ], "rotation": 90 },
																																																		"down": { "texture": "#red", "uv": [ 0.0, 0.0, 2.0, 2.0 ] }
																																																	},
																																																	"children": [
																																																		{
																																																			"name": "wire67",
																																																			"from": [ 0.4, 0.0, 0.0 ], 
																																																			"to": [ 0.9, 0.2, 0.2 ], 
																																																			"rotationOrigin": [ 0.4, 0.0, 0.0 ],
																																																			"rotationX": 1.4528790289421777E-6,
																																																			"rotationY": 9.0,
																																																			"rotationZ": -3.401334606255671E-7,
																																																			"faces": {
																																																				"north": { "texture": "#red", "uv": [ 0.0, 0.0, 2.0, 2.0 ] },
																																																				"east": { "texture": "#red", "uv": [ 0.0, 0.0, 2.0, 2.0 ] },
																																																				"south": { "texture": "#red", "uv": [ 0.0, 0.0, 2.0, 2.0 ] },
																																																				"west": { "texture": "#red", "uv": [ 0.0, 0.0, 2.0, 2.0 ] },
																																																				"up": { "texture": "#red", "uv": [ 2.0, 4.0, 4.0, 6.0 ], "rotation": 90 },
																																																				"down": { "texture": "#red", "uv": [ 0.0, 0.0, 2.0, 2.0 ] }
																																																			},
																																																			"children": [
																																																				{
																																																					"name": "wire68",
																																																					"from": [ 0.3, 0.0, 0.0 ], 
																																																					"to": [ 0.8, 0.2, 0.2 ], 
																																																					"rotationOrigin": [ 0.3, 0.0, 0.0 ],
																																																					"rotationX": -7.596822630655126E-7,
																																																					"rotationY": 9.0,
																																																					"rotationZ": -3.585058446787518E-7,
																																																					"faces": {
																																																						"north": { "texture": "#red", "uv": [ 0.0, 0.0, 2.0, 2.0 ] },
																																																						"east": { "texture": "#red", "uv": [ 0.0, 0.0, 2.0, 2.0 ] },
																																																						"south": { "texture": "#red", "uv": [ 0.0, 0.0, 2.0, 2.0 ] },
																																																						"west": { "texture": "#red", "uv": [ 0.0, 0.0, 2.0, 2.0 ] },
																																																						"up": { "texture": "#red", "uv": [ 2.0, 4.0, 4.0, 6.0 ], "rotation": 90 },
																																																						"down": { "texture": "#red", "uv": [ 0.0, 0.0, 2.0, 2.0 ] }
																																																					},
																																																					"children": [
																																																						{
																																																							"name": "wire69",
																																																							"from": [ 0.3, 0.0, 0.0 ], 
																																																							"to": [ 0.8, 0.2, 0.2 ], 
																																																							"rotationOrigin": [ 0.2999, 0.0, 0.0 ],
																																																							"rotationX": 8.806439416252625E-7,
																																																							"rotationY": 12.0,
																																																							"rotationZ": -7.519388087298741E-7,
																																																							"faces": {
																																																								"north": { "texture": "#red", "uv": [ 0.0, 0.0, 2.0, 2.0 ] },
																																																								"east": { "texture": "#red", "uv": [ 0.0, 0.0, 2.0, 2.0 ] },
																																																								"south": { "texture": "#red", "uv": [ 0.0, 0.0, 2.0, 2.0 ] },
																																																								"west": { "texture": "#red", "uv": [ 0.0, 0.0, 2.0, 2.0 ] },
																																																								"up": { "texture": "#red", "uv": [ 2.0, 4.0, 4.0, 6.0 ], "rotation": 90 },
																																																								"down": { "texture": "#red", "uv": [ 0.0, 0.0, 2.0, 2.0 ] }
																																																							},
																																																							"children": [
																																																								{
																																																									"name": "wire70",
																																																									"from": [ 0.4, 0.0, 0.0 ], 
																																																									"to": [ 0.6, 0.2, 0.2 ], 
																																																									"rotationOrigin": [ 0.3999, 0.0, 0.0 ],
																																																									"rotationX": -4.3832295413843334E-7,
																																																									"rotationY": 22.5,
																																																									"rotationZ": -6.494557447438378E-7,
																																																									"faces": {
																																																										"north": { "texture": "#red", "uv": [ 0.0, 0.0, 2.0, 2.0 ] },
																																																										"east": { "texture": "#red", "uv": [ 0.0, 0.0, 2.0, 2.0 ] },
																																																										"south": { "texture": "#red", "uv": [ 0.0, 0.0, 2.0, 2.0 ] },
																																																										"west": { "texture": "#red", "uv": [ 0.0, 0.0, 2.0, 2.0 ] },
																																																										"up": { "texture": "#red", "uv": [ 2.0, 4.0, 4.0, 6.0 ], "rotation": 90 },
																																																										"down": { "texture": "#red", "uv": [ 0.0, 0.0, 2.0, 2.0 ] }
																																																									}
																																																								}
																																																							]
																																																						}
																																																					]
																																																				}
																																																			]
																																																		}
																																																	]
																																																}
																																															]
																																														}
																																													]
																																												}
																																											]
																																										}
																																									]
																																								}
																																							]
																																						}
																																					]
																																				}
																																			]
																																		}
																																	]
																																}
																															]
																														}
																													]
																												}
																											]
																										}
																									]
																								}
																							]
																						}
																					]
																				}
																			]
																		}
																	]
																}
															]
														}
													]
												}
											]
										}
									]
								},
								{
									"name": "wire2",
									"from": [ 2.6, 1.0, 0.6 ], 
									"to": [ 3.0, 1.2, 0.8 ], 
									"rotationOrigin": [ 2.6, 1.0, 0.6 ],
									"faces": {
										"north": { "texture": "#black", "uv": [ 0.0, 0.0, 2.0, 2.0 ] },
										"east": { "texture": "#black", "uv": [ 0.0, 0.0, 2.0, 2.0 ] },
										"south": { "texture": "#black", "uv": [ 0.0, 0.0, 2.0, 2.0 ] },
										"west": { "texture": "#black", "uv": [ 0.0, 0.0, 2.0, 2.0 ] },
										"up": { "texture": "#black", "uv": [ 2.0, 4.0, 4.0, 6.0 ], "rotation": 90 },
										"down": { "texture": "#black", "uv": [ 0.0, 0.0, 2.0, 2.0 ] }
									},
									"children": [
										{
											"name": "wire35",
											"from": [ 0.3, 0.0, 0.0 ], 
											"to": [ 0.7, 0.2, 0.2 ], 
											"rotationOrigin": [ 0.3, 0.0, 0.0 ],
											"rotationY": 5.0,
											"rotationZ": -3.0,
											"faces": {
												"north": { "texture": "#black", "uv": [ 0.0, 0.0, 2.0, 2.0 ] },
												"east": { "texture": "#black", "uv": [ 0.0, 0.0, 2.0, 2.0 ] },
												"south": { "texture": "#black", "uv": [ 0.0, 0.0, 2.0, 2.0 ] },
												"west": { "texture": "#black", "uv": [ 0.0, 0.0, 2.0, 2.0 ] },
												"up": { "texture": "#black", "uv": [ 2.0, 4.0, 4.0, 6.0 ], "rotation": 90 },
												"down": { "texture": "#black", "uv": [ 0.0, 0.0, 2.0, 2.0 ] }
											},
											"children": [
												{
													"name": "wire36",
													"from": [ 0.3, 0.0, 0.0 ], 
													"to": [ 0.7, 0.2, 0.2 ], 
													"rotationOrigin": [ 0.2977, 0.026, 0.0261 ],
													"rotationX": -4.26886799687054E-7,
													"rotationY": 2.1495652956682494E-7,
													"rotationZ": -2.0,
													"faces": {
														"north": { "texture": "#black", "uv": [ 0.0, 0.0, 2.0, 2.0 ] },
														"east": { "texture": "#black", "uv": [ 0.0, 0.0, 2.0, 2.0 ] },
														"south": { "texture": "#black", "uv": [ 0.0, 0.0, 2.0, 2.0 ] },
														"west": { "texture": "#black", "uv": [ 0.0, 0.0, 2.0, 2.0 ] },
														"up": { "texture": "#black", "uv": [ 2.0, 4.0, 4.0, 6.0 ], "rotation": 90 },
														"down": { "texture": "#black", "uv": [ 0.0, 0.0, 2.0, 2.0 ] }
													},
													"children": [
														{
															"name": "wire37",
															"from": [ 0.3, 3.0E-4, 0.0 ], 
															"to": [ 0.7, 0.2003, 0.2 ], 
															"rotationOrigin": [ 0.3, 0.026, 0.0261 ],
															"rotationX": 4.26886799687054E-7,
															"rotationY": -2.0964716631748136E-7,
															"rotationZ": -2.0,
															"faces": {
																"north": { "texture": "#black", "uv": [ 0.0, 0.0, 2.0, 2.0 ] },
																"east": { "texture": "#black", "uv": [ 0.0, 0.0, 2.0, 2.0 ] },
																"south": { "texture": "#black", "uv": [ 0.0, 0.0, 2.0, 2.0 ] },
																"west": { "texture": "#black", "uv": [ 0.0, 0.0, 2.0, 2.0 ] },
																"up": { "texture": "#black", "uv": [ 2.0, 4.0, 4.0, 6.0 ], "rotation": 90 },
																"down": { "texture": "#black", "uv": [ 0.0, 0.0, 2.0, 2.0 ] }
															},
															"children": [
																{
																	"name": "wire38",
																	"from": [ 0.3, 1.0E-4, 0.0 ], 
																	"to": [ 0.7, 0.2001, 0.2 ], 
																	"rotationOrigin": [ 0.3, 0.0257, 0.0261 ],
																	"rotationX": 6.403301995305811E-7,
																	"rotationY": 5.0,
																	"rotationZ": -2.0,
																	"faces": {
																		"north": { "texture": "#black", "uv": [ 0.0, 0.0, 2.0, 2.0 ] },
																		"east": { "texture": "#black", "uv": [ 0.0, 0.0, 2.0, 2.0 ] },
																		"south": { "texture": "#black", "uv": [ 0.0, 0.0, 2.0, 2.0 ] },
																		"west": { "texture": "#black", "uv": [ 0.0, 0.0, 2.0, 2.0 ] },
																		"up": { "texture": "#black", "uv": [ 2.0, 4.0, 4.0, 6.0 ], "rotation": 90 },
																		"down": { "texture": "#black", "uv": [ 0.0, 0.0, 2.0, 2.0 ] }
																	},
																	"children": [
																		{
																			"name": "wire39",
																			"from": [ 0.3, 1.0E-4, 1.0E-4 ], 
																			"to": [ 0.7, 0.2001, 0.2001 ], 
																			"rotationOrigin": [ 0.3, 0.0257, 0.0261 ],
																			"rotationX": -3.201651252097266E-7,
																			"rotationY": 4.0,
																			"rotationZ": -2.0,
																			"faces": {
																				"north": { "texture": "#black", "uv": [ 0.0, 0.0, 2.0, 2.0 ] },
																				"east": { "texture": "#black", "uv": [ 0.0, 0.0, 2.0, 2.0 ] },
																				"south": { "texture": "#black", "uv": [ 0.0, 0.0, 2.0, 2.0 ] },
																				"west": { "texture": "#black", "uv": [ 0.0, 0.0, 2.0, 2.0 ] },
																				"up": { "texture": "#black", "uv": [ 2.0, 4.0, 4.0, 6.0 ], "rotation": 90 },
																				"down": { "texture": "#black", "uv": [ 0.0, 0.0, 2.0, 2.0 ] }
																			},
																			"children": [
																				{
																					"name": "wire40",
																					"from": [ 0.3, 1.0E-4, 0.0 ], 
																					"to": [ 0.7, 0.2001, 0.2 ], 
																					"rotationOrigin": [ 0.3, 0.0256, 0.0261 ],
																					"rotationX": 6.771034120763002E-16,
																					"rotationY": 2.0,
																					"rotationZ": -2.0,
																					"faces": {
																						"north": { "texture": "#black", "uv": [ 0.0, 0.0, 2.0, 2.0 ] },
																						"east": { "texture": "#black", "uv": [ 0.0, 0.0, 2.0, 2.0 ] },
																						"south": { "texture": "#black", "uv": [ 0.0, 0.0, 2.0, 2.0 ] },
																						"west": { "texture": "#black", "uv": [ 0.0, 0.0, 2.0, 2.0 ] },
																						"up": { "texture": "#black", "uv": [ 2.0, 4.0, 4.0, 6.0 ], "rotation": 90 },
																						"down": { "texture": "#black", "uv": [ 0.0, 0.0, 2.0, 2.0 ] }
																					},
																					"children": [
																						{
																							"name": "wire41",
																							"from": [ 0.3, 0.0, 0.0 ], 
																							"to": [ 0.7, 0.2, 0.2 ], 
																							"rotationOrigin": [ 0.3, 0.0255, 0.026 ],
																							"rotationX": -7.470519503412168E-7,
																							"rotationY": 3.0,
																							"rotationZ": -2.0,
																							"faces": {
																								"north": { "texture": "#black", "uv": [ 0.0, 0.0, 2.0, 2.0 ] },
																								"east": { "texture": "#black", "uv": [ 0.0, 0.0, 2.0, 2.0 ] },
																								"south": { "texture": "#black", "uv": [ 0.0, 0.0, 2.0, 2.0 ] },
																								"west": { "texture": "#black", "uv": [ 0.0, 0.0, 2.0, 2.0 ] },
																								"up": { "texture": "#black", "uv": [ 2.0, 4.0, 4.0, 6.0 ], "rotation": 90 },
																								"down": { "texture": "#black", "uv": [ 0.0, 0.0, 2.0, 2.0 ] }
																							},
																							"children": [
																								{
																									"name": "wire42",
																									"from": [ 0.3, 0.0, 0.0 ], 
																									"to": [ 0.7, 0.2, 0.2 ], 
																									"rotationOrigin": [ 0.3, 0.0255, 0.026 ],
																									"rotationX": -6.403301995305811E-7,
																									"rotationY": 2.0,
																									"rotationZ": 6.0,
																									"faces": {
																										"north": { "texture": "#black", "uv": [ 0.0, 0.0, 2.0, 2.0 ] },
																										"east": { "texture": "#black", "uv": [ 0.0, 0.0, 2.0, 2.0 ] },
																										"south": { "texture": "#black", "uv": [ 0.0, 0.0, 2.0, 2.0 ] },
																										"west": { "texture": "#black", "uv": [ 0.0, 0.0, 2.0, 2.0 ] },
																										"up": { "texture": "#black", "uv": [ 2.0, 4.0, 4.0, 6.0 ], "rotation": 90 },
																										"down": { "texture": "#black", "uv": [ 0.0, 0.0, 2.0, 2.0 ] }
																									},
																									"children": [
																										{
																											"name": "wire43",
																											"from": [ 0.3, 3.0E-4, 1.0E-4 ], 
																											"to": [ 0.7, 0.2003, 0.2001 ], 
																											"rotationOrigin": [ 0.3, 0.0256, 0.026 ],
																											"rotationX": 1.067216999217635E-6,
																											"rotationY": 6.0,
																											"rotationZ": 3.0,
																											"faces": {
																												"north": { "texture": "#black", "uv": [ 0.0, 0.0, 2.0, 2.0 ] },
																												"east": { "texture": "#black", "uv": [ 0.0, 0.0, 2.0, 2.0 ] },
																												"south": { "texture": "#black", "uv": [ 0.0, 0.0, 2.0, 2.0 ] },
																												"west": { "texture": "#black", "uv": [ 0.0, 0.0, 2.0, 2.0 ] },
																												"up": { "texture": "#black", "uv": [ 2.0, 4.0, 4.0, 6.0 ], "rotation": 90 },
																												"down": { "texture": "#black", "uv": [ 0.0, 0.0, 2.0, 2.0 ] }
																											},
																											"children": [
																												{
																													"name": "wire44",
																													"from": [ 0.3, -1.0E-4, 1.0E-4 ], 
																													"to": [ 0.7, 0.1999, 0.2001 ], 
																													"rotationOrigin": [ 0.3, 0.0252, 0.0259 ],
																													"rotationX": -1.1739386991393985E-6,
																													"rotationY": 4.0,
																													"rotationZ": 4.0,
																													"faces": {
																														"north": { "texture": "#black", "uv": [ 0.0, 0.0, 2.0, 2.0 ] },
																														"east": { "texture": "#black", "uv": [ 0.0, 0.0, 2.0, 2.0 ] },
																														"south": { "texture": "#black", "uv": [ 0.0, 0.0, 2.0, 2.0 ] },
																														"west": { "texture": "#black", "uv": [ 0.0, 0.0, 2.0, 2.0 ] },
																														"up": { "texture": "#black", "uv": [ 2.0, 4.0, 4.0, 6.0 ], "rotation": 90 },
																														"down": { "texture": "#black", "uv": [ 0.0, 0.0, 2.0, 2.0 ] }
																													}
																												}
																											]
																										}
																									]
																								}
																							]
																						}
																					]
																				}
																			]
																		}
																	]
																}
															]
														}
													]
												}
											]
										}
									]
								},
								{
									"name": "battery45",
									"from": [ 5.5, 0.49, -0.4 ], 
									"to": [ 5.92, 0.91, 0.0 ], 
									"rotationOrigin": [ 5.5, 0.5, -0.4 ],
									"faces": {
										"north": { "texture": "#copper2", "uv": [ 0.0, 0.0, 0.5, 0.5 ] },
										"east": { "texture": "#copper2", "uv": [ 0.0, 0.0, 0.5, 0.5 ] },
										"south": { "texture": "#copper2", "uv": [ 0.0, 0.0, 0.5, 0.5 ] },
										"west": { "texture": "#copper2", "uv": [ 0.0, 0.0, 0.5, 0.5 ] },
										"up": { "texture": "#copper2", "uv": [ 1.0, 3.5, 1.5, 4.0 ], "rotation": 90 },
										"down": { "texture": "#copper2", "uv": [ 0.0, 0.0, 0.5, 0.5 ] }
									}
								},
								{
									"name": "battery46",
									"from": [ 20.1, 0.49, -0.2 ], 
									"to": [ 20.52, 0.91, 0.2 ], 
									"rotationOrigin": [ 20.1, 0.5, -0.2 ],
									"faces": {
										"north": { "texture": "#copper2", "uv": [ 0.0, 0.0, 0.5, 0.5 ] },
										"east": { "texture": "#copper2", "uv": [ 0.0, 0.0, 0.5, 0.5 ] },
										"south": { "texture": "#copper2", "uv": [ 0.0, 0.0, 0.5, 0.5 ] },
										"west": { "texture": "#copper2", "uv": [ 0.0, 0.0, 0.5, 0.5 ] },
										"up": { "texture": "#copper2", "uv": [ 1.0, 3.5, 1.5, 4.0 ], "rotation": 90 },
										"down": { "texture": "#copper2", "uv": [ 0.0, 0.0, 0.5, 0.5 ] }
									}
								}
							]
						}
					]
				},
				{
					"name": "handle end",
					"from": [ -10.0, -0.3, -0.3 ], 
					"to": [ -9.4, 0.9, 0.9 ], 
					"rotationOrigin": [ -10.0, -0.3, -0.3 ],
					"faces": {
						"north": { "texture": "#iron", "uv": [ 0.0, 0.0, 0.5, 1.0 ] },
						"east": { "texture": "#iron", "uv": [ 0.0, 0.0, 1.0, 1.0 ] },
						"south": { "texture": "#iron", "uv": [ 0.0, 0.0, 0.5, 1.0 ] },
						"west": { "texture": "#iron", "uv": [ 0.0, 0.0, 1.0, 1.0 ] },
						"up": { "texture": "#iron", "uv": [ 8.0, 9.5, 8.5, 10.5 ] },
						"down": { "texture": "#iron", "uv": [ 0.0, 0.0, 0.5, 1.0 ] }
					},
					"children": [
						{
							"name": "handle end71",
							"from": [ -0.2, 0.2, 0.2 ], 
							"to": [ 0.0, 1.0, 1.0 ], 
							"rotationOrigin": [ -0.2, 0.2, 0.2 ],
							"faces": {
								"north": { "texture": "#iron", "uv": [ 0.0, 0.0, 0.5, 0.5 ] },
								"east": { "texture": "#iron", "uv": [ 0.0, 0.0, 0.5, 0.5 ] },
								"south": { "texture": "#iron", "uv": [ 0.0, 0.0, 0.5, 0.5 ] },
								"west": { "texture": "#iron", "uv": [ 0.0, 0.0, 0.5, 0.5 ] },
								"up": { "texture": "#iron", "uv": [ 8.0, 9.5, 8.5, 10.0 ] },
								"down": { "texture": "#iron", "uv": [ 0.0, 0.0, 0.5, 0.5 ] }
							}
						}
					]
				},
				{
					"name": "base",
					"from": [ -4.4, 0.05, -0.5 ], 
					"to": [ -0.9, 0.55, 1.0 ], 
					"rotationOrigin": [ -4.4, 0.0, -0.5 ],
					"faces": {
						"north": { "texture": "#steel", "uv": [ 7.0, 3.0, 10.5, 3.5 ] },
						"east": { "texture": "#steel", "uv": [ 1.0, 2.0, 2.5, 2.5 ] },
						"south": { "texture": "#steel", "uv": [ 6.0, 4.0, 9.5, 4.5 ] },
						"west": { "texture": "#steel", "uv": [ 6.0, 2.0, 7.5, 2.5 ] },
						"up": { "texture": "#steel", "uv": [ 0.5, 7.5, 4.0, 9.0 ] },
						"down": { "texture": "#steel", "uv": [ 4.0, 3.0, 7.5, 4.5 ] }
					},
					"children": [
						{
							"name": "base 2",
							"from": [ 3.5, 0.1, 0.3 ], 
							"to": [ 5.5, 0.4, 1.3 ], 
							"rotationOrigin": [ 3.5, 0.1, 0.3 ],
							"faces": {
								"north": { "texture": "#steel", "uv": [ 4.0, 11.0, 6.0, 11.5 ] },
								"east": { "texture": "#steel", "uv": [ 0.0, 0.0, 1.0, 0.5 ] },
								"south": { "texture": "#steel", "uv": [ 6.0, 4.5, 8.0, 5.0 ] },
								"west": { "texture": "#steel", "uv": [ 0.0, 0.0, 1.0, 0.5 ] },
								"up": { "texture": "#steel", "uv": [ 2.5, 6.0, 4.5, 7.0 ] },
								"down": { "texture": "#steel", "uv": [ 0.0, 0.0, 2.0, 1.0 ] }
							}
						}
					]
				},
				{
					"name": "segment 3",
					"from": [ 9.5, 0.2, -0.8 ], 
					"to": [ 11.3, 0.4, 1.4 ], 
					"rotationOrigin": [ 9.5, 0.2, -0.8 ],
					"faces": {
						"north": { "texture": "#hotiron", "uv": [ 0.0, 0.0, 1.5, 0.5 ], "glow": 80 },
						"east": { "texture": "#hotiron", "uv": [ 0.0, 0.0, 2.0, 0.5 ], "glow": 80 },
						"south": { "texture": "#hotiron", "uv": [ 0.0, 0.0, 1.5, 0.5 ], "glow": 80 },
						"west": { "texture": "#hotiron", "uv": [ 0.0, 0.0, 2.0, 0.5 ], "glow": 80 },
						"up": { "texture": "#hotiron", "uv": [ 8.0, 8.5, 9.5, 10.5 ], "glow": 80 },
						"down": { "texture": "#hotiron", "uv": [ 6.5, 2.5, 8.0, 4.5 ], "glow": 80 }
					},
					"children": [
						{
							"name": "segment 4",
							"from": [ 1.8, 0.0, 0.2 ], 
							"to": [ 3.1, 0.2, 2.2 ], 
							"rotationOrigin": [ 1.8, 0.0, 0.2 ],
							"faces": {
								"north": { "texture": "#hotiron", "uv": [ 0.0, 0.0, 1.0, 0.5 ], "glow": 80 },
								"east": { "texture": "#hotiron", "uv": [ 0.0, 0.0, 2.0, 0.5 ], "glow": 80 },
								"south": { "texture": "#hotiron", "uv": [ 0.0, 0.0, 1.0, 0.5 ], "glow": 80 },
								"west": { "texture": "#hotiron", "uv": [ 0.0, 0.0, 2.0, 0.5 ], "glow": 80 },
								"up": { "texture": "#hotiron", "uv": [ 8.0, 4.0, 9.0, 6.0 ], "glow": 80 },
								"down": { "texture": "#hotiron", "uv": [ 6.5, 5.0, 7.5, 7.0 ], "glow": 80 }
							},
							"children": [
								{
									"name": "segment 5",
									"from": [ 1.3, 0.0, 0.2 ], 
									"to": [ 2.3, 0.2, 2.0 ], 
									"rotationOrigin": [ 1.3, 0.0, 0.2 ],
									"faces": {
										"north": { "texture": "#hotiron", "uv": [ 0.0, 0.0, 1.0, 0.5 ], "glow": 80 },
										"east": { "texture": "#hotiron", "uv": [ 0.0, 0.0, 1.5, 0.5 ], "glow": 80 },
										"south": { "texture": "#hotiron", "uv": [ 0.0, 0.0, 1.0, 0.5 ], "glow": 80 },
										"west": { "texture": "#hotiron", "uv": [ 0.0, 0.0, 1.5, 0.5 ], "glow": 80 },
										"up": { "texture": "#hotiron", "uv": [ 10.5, 4.0, 11.5, 5.5 ], "glow": 80 },
										"down": { "texture": "#hotiron", "uv": [ 0.0, 0.0, 1.0, 1.5 ], "glow": 80 }
									},
									"children": [
										{
											"name": "segment 18",
											"from": [ 1.5, 0.0, 0.4 ], 
											"to": [ 2.0, 0.2, 1.8 ], 
											"rotationOrigin": [ 1.5, 0.0, 0.4 ],
											"faces": {
												"north": { "texture": "#hotiron", "uv": [ 0.0, 0.0, 0.5, 0.5 ], "glow": 80 },
												"east": { "texture": "#hotiron", "uv": [ 0.0, 0.0, 1.0, 0.5 ], "glow": 80 },
												"south": { "texture": "#hotiron", "uv": [ 0.0, 0.0, 0.5, 0.5 ], "glow": 80 },
												"west": { "texture": "#hotiron", "uv": [ 0.0, 0.0, 1.0, 0.5 ], "glow": 80 },
												"up": { "texture": "#hotiron", "uv": [ 5.5, 4.5, 6.0, 5.5 ], "glow": 80 },
												"down": { "texture": "#hotiron", "uv": [ 7.0, 2.5, 7.5, 3.5 ], "glow": 80 }
											},
											"children": [
												{
													"name": "segment 17",
													"from": [ -0.5, 0.0, -0.2 ], 
													"to": [ 0.0, 0.2, 1.4 ], 
													"rotationOrigin": [ -0.5, 0.0, -0.2 ],
													"faces": {
														"north": { "texture": "#hotiron", "uv": [ 0.0, 0.0, 0.5, 0.5 ], "glow": 80 },
														"east": { "texture": "#hotiron", "uv": [ 0.0, 0.0, 1.5, 0.5 ], "glow": 80 },
														"south": { "texture": "#hotiron", "uv": [ 0.0, 0.0, 0.5, 0.5 ], "glow": 80 },
														"west": { "texture": "#hotiron", "uv": [ 0.0, 0.0, 1.5, 0.5 ], "glow": 80 },
														"up": { "texture": "#hotiron", "uv": [ 10.5, 4.0, 11.0, 5.5 ], "glow": 80 },
														"down": { "texture": "#hotiron", "uv": [ 5.5, 4.5, 6.0, 6.0 ], "glow": 80 }
													},
													"children": [
														{
															"name": "segment 19",
															"from": [ 1.0, 0.0, 0.4 ], 
															"to": [ 1.5, 0.2, 1.6 ], 
															"rotationOrigin": [ 1.0, 0.0, 0.4 ],
															"faces": {
																"north": { "texture": "#hotiron", "uv": [ 0.0, 0.0, 0.5, 0.5 ], "glow": 80 },
																"east": { "texture": "#hotiron", "uv": [ 0.0, 0.0, 1.0, 0.5 ], "glow": 80 },
																"south": { "texture": "#hotiron", "uv": [ 0.0, 0.0, 0.5, 0.5 ], "glow": 80 },
																"west": { "texture": "#hotiron", "uv": [ 0.0, 0.0, 1.0, 0.5 ], "glow": 80 },
																"up": { "texture": "#hotiron", "uv": [ 10.5, 4.0, 11.0, 5.0 ], "glow": 80 },
																"down": { "texture": "#hotiron", "uv": [ 0.0, 0.0, 0.5, 1.0 ], "glow": 80 }
															},
															"children": [
																{
																	"name": "segment 20",
																	"from": [ 0.5, 0.0, 0.2 ], 
																	"to": [ 1.0, 0.2, 1.2 ], 
																	"rotationOrigin": [ 0.5, 0.0, 0.2 ],
																	"faces": {
																		"north": { "texture": "#hotiron", "uv": [ 0.0, 0.0, 0.5, 0.5 ], "glow": 80 },
																		"east": { "texture": "#hotiron", "uv": [ 0.0, 0.0, 1.0, 0.5 ], "glow": 80 },
																		"south": { "texture": "#hotiron", "uv": [ 0.0, 0.0, 0.5, 0.5 ], "glow": 80 },
																		"west": { "texture": "#hotiron", "uv": [ 0.0, 0.0, 1.0, 0.5 ], "glow": 80 },
																		"up": { "texture": "#hotiron", "uv": [ 10.5, 4.0, 11.0, 5.0 ], "glow": 80 },
																		"down": { "texture": "#hotiron", "uv": [ 0.0, 0.0, 0.5, 1.0 ], "glow": 80 }
																	},
																	"children": [
																		{
																			"name": "segment 72",
																			"from": [ 0.5, 0.0, 0.2 ], 
																			"to": [ 0.8, 0.2, 1.0 ], 
																			"rotationOrigin": [ 0.5, 0.0, 0.2 ],
																			"faces": {
																				"north": { "texture": "#hotiron", "uv": [ 0.0, 0.0, 0.5, 0.5 ], "glow": 80 },
																				"east": { "texture": "#hotiron", "uv": [ 0.0, 0.0, 0.5, 0.5 ], "glow": 80 },
																				"south": { "texture": "#hotiron", "uv": [ 0.0, 0.0, 0.5, 0.5 ], "glow": 80 },
																				"west": { "texture": "#hotiron", "uv": [ 0.0, 0.0, 0.5, 0.5 ], "glow": 80 },
																				"up": { "texture": "#hotiron", "uv": [ 10.5, 4.0, 11.0, 4.5 ], "glow": 80 },
																				"down": { "texture": "#hotiron", "uv": [ 0.0, 0.0, 0.5, 0.5 ], "glow": 80 }
																			},
																			"children": [
																				{
																					"name": "segment 73",
																					"from": [ 0.3, 0.0, 0.2 ], 
																					"to": [ 0.6, 0.2, 0.8 ], 
																					"rotationOrigin": [ 0.3, 0.0, 0.2 ],
																					"faces": {
																						"north": { "texture": "#hotiron", "uv": [ 0.0, 0.0, 0.5, 0.5 ], "glow": 80 },
																						"east": { "texture": "#hotiron", "uv": [ 0.0, 0.0, 0.5, 0.5 ], "glow": 80 },
																						"south": { "texture": "#hotiron", "uv": [ 0.0, 0.0, 0.5, 0.5 ], "glow": 80 },
																						"west": { "texture": "#hotiron", "uv": [ 0.0, 0.0, 0.5, 0.5 ], "glow": 80 },
																						"up": { "texture": "#hotiron", "uv": [ 10.5, 4.0, 11.0, 4.5 ], "glow": 80 },
																						"down": { "texture": "#hotiron", "uv": [ 0.0, 0.0, 0.5, 0.5 ], "glow": 80 }
																					},
																					"children": [
																						{
																							"name": "segment 74",
																							"from": [ 0.3, 0.0, 0.2 ], 
																							"to": [ 0.6, 0.2, 0.6 ], 
																							"rotationOrigin": [ 0.3, 0.0, 0.2 ],
																							"faces": {
																								"north": { "texture": "#hotiron", "uv": [ 0.0, 0.0, 0.5, 0.5 ], "glow": 60 },
																								"east": { "texture": "#hotiron", "uv": [ 0.0, 0.0, 0.5, 0.5 ], "glow": 80 },
																								"south": { "texture": "#hotiron", "uv": [ 0.0, 0.0, 0.5, 0.5 ], "glow": 80 },
																								"west": { "texture": "#hotiron", "uv": [ 0.0, 0.0, 0.5, 0.5 ], "glow": 80 },
																								"up": { "texture": "#hotiron", "uv": [ 10.5, 4.0, 11.0, 4.5 ], "glow": 80 },
																								"down": { "texture": "#hotiron", "uv": [ 0.0, 0.0, 0.5, 0.5 ], "glow": 80 }
																							},
																							"children": [
																								{
																									"name": "segment 75",
																									"from": [ 0.3, 0.0, 0.2 ], 
																									"to": [ 0.5, 0.2, 0.4 ], 
																									"rotationOrigin": [ 0.3, 0.0, 0.2 ],
																									"faces": {
																										"north": { "texture": "#hotiron", "uv": [ 0.0, 0.0, 0.5, 0.5 ], "glow": 80 },
																										"east": { "texture": "#hotiron", "uv": [ 0.0, 0.0, 0.5, 0.5 ], "glow": 80 },
																										"south": { "texture": "#hotiron", "uv": [ 0.0, 0.0, 0.5, 0.5 ], "glow": 80 },
																										"west": { "texture": "#hotiron", "uv": [ 0.0, 0.0, 0.5, 0.5 ], "glow": 80 },
																										"up": { "texture": "#hotiron", "uv": [ 10.5, 4.0, 11.0, 4.5 ], "glow": 80 },
																										"down": { "texture": "#hotiron", "uv": [ 0.0, 0.0, 0.5, 0.5 ], "glow": 80 }
																									}
																								}
																							]
																						}
																					]
																				}
																			]
																		}
																	]
																}
															]
														}
													]
												}
											]
										}
									]
								}
							]
						}
					]
				},
				{
					"name": "segment 2",
					"from": [ 6.0, 0.2, -1.0 ], 
					"to": [ 9.5, 0.4, 1.2 ], 
					"rotationOrigin": [ 6.0, 0.2, 0.3 ],
					"faces": {
						"north": { "texture": "#hotiron", "uv": [ 0.0, 0.0, 3.5, 0.5 ], "glow": 80 },
						"east": { "texture": "#hotiron", "uv": [ 0.0, 0.0, 2.0, 0.5 ], "glow": 80 },
						"south": { "texture": "#hotiron", "uv": [ 0.0, 0.0, 3.5, 0.5 ], "glow": 80 },
						"west": { "texture": "#hotiron", "uv": [ 0.0, 0.0, 2.0, 0.5 ], "glow": 80 },
						"up": { "texture": "#hotiron", "uv": [ 6.0, 3.5, 9.5, 5.5 ], "glow": 80 },
						"down": { "texture": "#hotiron", "uv": [ 3.5, 6.5, 7.0, 8.5 ], "glow": 80 }
					}
				},
				{
					"name": "segment 1",
					"from": [ -3.2, 0.2, -0.7 ], 
					"to": [ 0.0, 0.4, 1.3 ], 
					"rotationOrigin": [ -2.2, 0.2, 0.8 ],
					"faces": {
						"north": { "texture": "#steel", "uv": [ 1.0, 5.0, 4.0, 5.5 ] },
						"east": { "texture": "#steel", "uv": [ 2.0, 5.0, 4.0, 5.5 ] },
						"south": { "texture": "#steel", "uv": [ 2.0, 7.0, 5.0, 7.5 ] },
						"west": { "texture": "#steel", "uv": [ 2.0, 6.0, 4.0, 6.5 ] },
						"up": { "texture": "#steel", "uv": [ 5.5, 3.5, 8.5, 5.5 ] },
						"down": { "texture": "#steel", "uv": [ 3.0, 3.0, 6.0, 5.0 ] }
					}
				},
				{
					"name": "segment 21",
					"from": [ 0.0, 0.2, -1.0 ], 
					"to": [ 3.2, 0.4, 1.2 ], 
					"rotationOrigin": [ 1.0, 0.2, 0.5 ],
					"faces": {
						"north": { "texture": "#hotiron", "uv": [ 1.0, 5.0, 4.0, 5.5 ], "glow": 80 },
						"east": { "texture": "#hotiron", "uv": [ 2.0, 5.0, 4.0, 5.5 ], "glow": 80 },
						"south": { "texture": "#hotiron", "uv": [ 2.0, 7.0, 5.0, 7.5 ], "glow": 80 },
						"west": { "texture": "#hotiron", "uv": [ 2.0, 6.0, 4.0, 6.5 ], "glow": 80 },
						"up": { "texture": "#hotiron", "uv": [ 4.0, 4.0, 7.0, 6.0 ], "glow": 80 },
						"down": { "texture": "#hotiron", "uv": [ 7.0, 6.0, 10.0, 8.0 ], "glow": 80 }
					}
				},
				{
					"name": "segment 22",
					"from": [ 3.2, 0.2, -1.1 ], 
					"to": [ 6.0, 0.4, 1.1 ], 
					"rotationOrigin": [ 3.2, 0.2, 0.2 ],
					"faces": {
						"north": { "texture": "#hotiron", "uv": [ 0.0, 0.0, 2.5, 0.5 ], "glow": 80 },
						"east": { "texture": "#hotiron", "uv": [ 0.0, 0.0, 2.0, 0.5 ], "glow": 80 },
						"south": { "texture": "#hotiron", "uv": [ 0.0, 0.0, 2.5, 0.5 ], "glow": 80 },
						"west": { "texture": "#hotiron", "uv": [ 0.0, 0.0, 2.0, 0.5 ], "glow": 80 },
						"up": { "texture": "#hotiron", "uv": [ 7.0, 3.5, 9.5, 5.5 ], "glow": 80 },
						"down": { "texture": "#hotiron", "uv": [ 0.0, 0.0, 2.5, 2.0 ], "glow": 80 }
					}
				}
			]
		}
	]}