{
	"editor": {
		"allAngles": false,
		"entityTextureMode": false
	},
	"textureWidth": 16,
	"textureHeight": 16,
	"textureSizes": {
	},
	"textures": {
		"command01-corner": "game:block/command01-corner"
	},
	"elements": [
		{
			"name": "Cube1",
			"from": [ 6.0, 0.0, 6.0 ], 
			"to": [ 9.0, 4.0, 9.0 ], 
			"rotationOrigin": [ 6.0, 0.0, 6.0 ],
			"faces": {
				"north": { "texture": "#command01-corner", "uv": [ 4.5, 0.5, 7.5, 4.5 ] },
				"east": { "texture": "#command01-corner", "uv": [ 4.5, 0.5, 7.5, 4.5 ] },
				"south": { "texture": "#command01-corner", "uv": [ 4.5, 0.5, 7.5, 4.5 ] },
				"west": { "texture": "#command01-corner", "uv": [ 4.5, 0.5, 7.5, 4.5 ] },
				"up": { "texture": "#command01-corner", "uv": [ 5.5, 10.0, 8.5, 13.0 ] },
				"down": { "texture": "#command01-corner", "uv": [ 10.5, 10.5, 13.5, 13.5 ] }
			}
		}
	]}