{
	"editor": {
		"allAngles": false,
		"entityTextureMode": false
	},
	"textureWidth": 16,
	"textureHeight": 16,
	"textureSizes": {
	},
	"textures": {
		"command01-corner": "game:block/command01-corner"
	},
	"elements": [
		{
			"name": "Cube1",
			"from": [ 2.0, 0.0, 3.0 ], 
			"to": [ 10.0, 1.0, 11.0 ], 
			"rotationOrigin": [ -6.0, 0.0, -5.0 ],
			"faces": {
				"north": { "texture": "#command01-corner", "uv": [ 0.0, 0.0, 8.0, 1.0 ] },
				"east": { "texture": "#command01-corner", "uv": [ 0.0, 0.0, 8.0, 1.0 ] },
				"south": { "texture": "#command01-corner", "uv": [ 0.0, 0.0, 8.0, 1.0 ] },
				"west": { "texture": "#command01-corner", "uv": [ 0.0, 0.0, 8.0, 1.0 ] },
				"up": { "texture": "#command01-corner", "uv": [ 0.0, 8.0, 8.0, 16.0 ] },
				"down": { "texture": "#command01-corner", "uv": [ 8.0, 0.0, 16.0, 8.0 ] }
			}
		},
		{
			"name": "Cube2",
			"from": [ 6.3, 1.7, 3.0 ], 
			"to": [ 13.3, 2.7, 10.0 ], 
			"rotationOrigin": [ 6.3, 1.7, 3.0 ],
			"rotationY": -12.5,
			"rotationZ": -12.5,
			"faces": {
				"north": { "texture": "#command01-corner", "uv": [ 0.0, 0.0, 7.0, 1.0 ] },
				"east": { "texture": "#command01-corner", "uv": [ 0.0, 0.0, 7.0, 1.0 ] },
				"south": { "texture": "#command01-corner", "uv": [ 0.0, 0.0, 7.0, 1.0 ] },
				"west": { "texture": "#command01-corner", "uv": [ 0.0, 0.0, 7.0, 1.0 ] },
				"up": { "texture": "#command01-corner", "uv": [ 8.5, 8.5, 15.5, 15.5 ] },
				"down": { "texture": "#command01-corner", "uv": [ 8.5, 8.5, 15.5, 15.5 ] }
			}
		},
		{
			"name": "Cube3",
			"from": [ 11.5, 2.3, 5.0 ], 
			"to": [ 18.5, 3.3, 12.0 ], 
			"rotationOrigin": [ 11.5, 2.3, 5.0 ],
			"rotationY": -45.0,
			"rotationZ": -22.5,
			"faces": {
				"north": { "texture": "#command01-corner", "uv": [ 0.0, 0.0, 7.0, 1.0 ] },
				"east": { "texture": "#command01-corner", "uv": [ 0.0, 0.0, 7.0, 1.0 ] },
				"south": { "texture": "#command01-corner", "uv": [ 0.0, 0.0, 7.0, 1.0 ] },
				"west": { "texture": "#command01-corner", "uv": [ 0.0, 0.0, 7.0, 1.0 ] },
				"up": { "texture": "#command01-corner", "uv": [ 0.5, 0.5, 7.5, 7.5 ], "rotation": 90, "autoUv": false },
				"down": { "texture": "#command01-corner", "uv": [ 0.0, 0.0, 7.0, 7.0 ] }
			}
		}
	]}