{
	"editor": {
		"allAngles": false,
		"entityTextureMode": false
	},
	"textureWidth": 8,
	"textureHeight": 8,
	"textureSizes": {
	},
	"textures": {
		"cloudberry": "wildcraft:items/fruit/cloudberry"
	},
	"elements": [
		{
			"name": "origin",
			"from": [ 8.0, 0.0, 8.0 ], 
			"to": [ 8.0, 0.0, 8.0 ], 
			"rotationOrigin": [ 8.0, 0.0, 8.0 ],
			"faces": {
				"north": { "texture": "#cloudberry", "uv": [ 0.0, 0.0, 0.5, 0.5 ], "enabled": false },
				"east": { "texture": "#cloudberry", "uv": [ 0.0, 0.0, 0.5, 0.5 ], "enabled": false },
				"south": { "texture": "#cloudberry", "uv": [ 0.0, 0.0, 0.5, 0.5 ], "enabled": false },
				"west": { "texture": "#cloudberry", "uv": [ 0.0, 0.0, 0.5, 0.5 ], "enabled": false },
				"up": { "texture": "#cloudberry", "uv": [ 0.0, 0.0, 0.5, 0.5 ], "enabled": false },
				"down": { "texture": "#cloudberry", "uv": [ 0.0, 0.0, 0.5, 0.5 ], "enabled": false }
			},
			"children": [
				{
					"name": "branch1",
					"from": [ -0.3, 1.0, -0.3 ], 
					"to": [ 0.3, 3.0, 0.3 ], 
					"rotationOrigin": [ 0.0, 1.0, 0.0 ],
					"rotationX": -22.5,
					"rotationY": -22.5,
					"rotationZ": -90.0,
					"faces": {
						"north": { "texture": "#cloudberry", "uv": [ 0.5, 4.0, 1.0, 6.0 ] },
						"east": { "texture": "#cloudberry", "uv": [ 1.0, 4.0, 1.5, 6.0 ] },
						"south": { "texture": "#cloudberry", "uv": [ 0.0, 4.0, 0.5, 6.0 ] },
						"west": { "texture": "#cloudberry", "uv": [ 1.5, 4.0, 2.0, 6.0 ] },
						"up": { "texture": "#cloudberry", "uv": [ 1.0, 5.5, 1.5, 6.0 ], "enabled": false },
						"down": { "texture": "#cloudberry", "uv": [ 1.5, 7.0, 2.0, 7.5 ] }
					},
					"children": [
						{
							"name": "fruit",
							"from": [ -0.7, 2.0, -0.7 ], 
							"to": [ 1.3, 4.0, 1.3 ], 
							"rotationOrigin": [ 0.3, 2.0, 0.3 ],
							"faces": {
								"north": { "texture": "#cloudberry", "uv": [ 0.5, 0.5, 2.5, 2.5 ] },
								"east": { "texture": "#cloudberry", "uv": [ 0.5, 1.5, 2.5, 3.5 ] },
								"south": { "texture": "#cloudberry", "uv": [ 1.0, 0.5, 3.0, 2.5 ] },
								"west": { "texture": "#cloudberry", "uv": [ 1.0, 2.0, 3.0, 4.0 ] },
								"up": { "texture": "#cloudberry", "uv": [ 0.5, 1.0, 2.5, 3.0 ] },
								"down": { "texture": "#cloudberry", "uv": [ 1.5, 2.0, 3.5, 4.0 ] }
							},
							"children": [
								{
									"name": "s1",
									"from": [ 0.2, 0.0, -1.0 ], 
									"to": [ 1.7, 0.0, 1.0 ], 
									"rotationOrigin": [ 1.0, 0.0, 1.0 ],
									"rotationX": -22.5,
									"faces": {
										"north": { "texture": "#cloudberry", "uv": [ 0.0, 0.0, 1.5, 0.5 ], "enabled": false },
										"east": { "texture": "#cloudberry", "uv": [ 0.0, 0.0, 2.0, 0.5 ], "enabled": false },
										"south": { "texture": "#cloudberry", "uv": [ 0.0, 0.0, 1.5, 0.5 ], "enabled": false },
										"west": { "texture": "#cloudberry", "uv": [ 0.0, 0.0, 2.0, 0.5 ], "enabled": false },
										"up": { "texture": "#cloudberry", "uv": [ 2.0, 6.0, 3.5, 8.0 ] },
										"down": { "texture": "#cloudberry", "uv": [ 0.0, 0.0, 1.5, 2.0 ], "enabled": false }
									}
								},
								{
									"name": "s2",
									"from": [ 0.2, 0.0, 1.0 ], 
									"to": [ 1.7, 0.0, 3.0 ], 
									"rotationOrigin": [ 1.0, 0.0, 1.0 ],
									"rotationX": 22.5,
									"faces": {
										"north": { "texture": "#cloudberry", "uv": [ 0.0, 0.0, 1.5, 0.5 ], "enabled": false },
										"east": { "texture": "#cloudberry", "uv": [ 0.0, 0.0, 2.0, 0.5 ], "enabled": false },
										"south": { "texture": "#cloudberry", "uv": [ 0.0, 0.0, 1.5, 0.5 ], "enabled": false },
										"west": { "texture": "#cloudberry", "uv": [ 0.0, 0.0, 2.0, 0.5 ], "enabled": false },
										"up": { "texture": "#cloudberry", "uv": [ 2.0, 6.0, 3.5, 8.0 ], "rotation": 180 },
										"down": { "texture": "#cloudberry", "uv": [ 0.0, 0.0, 1.5, 2.0 ], "enabled": false }
									}
								},
								{
									"name": "s3",
									"from": [ -1.0, 0.0, 0.4 ], 
									"to": [ 1.0, 0.0, 1.9 ], 
									"rotationOrigin": [ 1.0, 0.0, 1.0 ],
									"rotationZ": 22.5,
									"faces": {
										"north": { "texture": "#cloudberry", "uv": [ 0.0, 0.0, 2.0, 0.5 ], "enabled": false },
										"east": { "texture": "#cloudberry", "uv": [ 0.0, 0.0, 1.5, 0.5 ], "enabled": false },
										"south": { "texture": "#cloudberry", "uv": [ 0.0, 0.0, 2.0, 0.5 ], "enabled": false },
										"west": { "texture": "#cloudberry", "uv": [ 0.0, 0.0, 1.5, 0.5 ], "enabled": false },
										"up": { "texture": "#cloudberry", "uv": [ 2.0, 6.0, 3.5, 8.0 ], "rotation": 270 },
										"down": { "texture": "#cloudberry", "uv": [ 0.0, 0.0, 2.0, 1.5 ], "enabled": false }
									}
								},
								{
									"name": "s4",
									"from": [ 1.0, 0.0, 0.4 ], 
									"to": [ 3.0, 0.0, 1.9 ], 
									"rotationOrigin": [ 1.0, 0.0, 1.0 ],
									"rotationZ": -22.5,
									"faces": {
										"north": { "texture": "#cloudberry", "uv": [ 0.0, 0.0, 2.0, 0.5 ], "enabled": false },
										"east": { "texture": "#cloudberry", "uv": [ 0.0, 0.0, 1.5, 0.5 ], "enabled": false },
										"south": { "texture": "#cloudberry", "uv": [ 0.0, 0.0, 2.0, 0.5 ], "enabled": false },
										"west": { "texture": "#cloudberry", "uv": [ 0.0, 0.0, 1.5, 0.5 ], "enabled": false },
										"up": { "texture": "#cloudberry", "uv": [ 2.0, 6.0, 3.5, 8.0 ], "rotation": 90 },
										"down": { "texture": "#cloudberry", "uv": [ 0.0, 0.0, 2.0, 1.5 ], "enabled": false }
									}
								}
							]
						}
					]
				},
				{
					"name": "branch2",
					"from": [ -0.3, 0.0, -0.3 ], 
					"to": [ 0.3, 3.0, 0.3 ], 
					"rotationOrigin": [ 0.0, 0.0, 0.0 ],
					"rotationX": 45.0,
					"rotationY": -22.5,
					"faces": {
						"north": { "texture": "#cloudberry", "uv": [ 0.5, 4.0, 1.0, 7.0 ] },
						"east": { "texture": "#cloudberry", "uv": [ 1.0, 4.0, 1.5, 7.0 ] },
						"south": { "texture": "#cloudberry", "uv": [ 0.0, 4.0, 0.5, 7.0 ] },
						"west": { "texture": "#cloudberry", "uv": [ 1.5, 4.0, 2.0, 7.0 ] },
						"up": { "texture": "#cloudberry", "uv": [ 1.0, 5.5, 1.5, 6.0 ], "enabled": false },
						"down": { "texture": "#cloudberry", "uv": [ 1.5, 7.0, 2.0, 7.5 ] }
					},
					"children": [
						{
							"name": "fruit9",
							"from": [ -0.7, 3.0, -0.7 ], 
							"to": [ 1.3, 5.0, 1.3 ], 
							"rotationOrigin": [ 0.3, 3.0, 0.3 ],
							"faces": {
								"north": { "texture": "#cloudberry", "uv": [ 0.5, 0.5, 2.5, 2.5 ] },
								"east": { "texture": "#cloudberry", "uv": [ 0.5, 1.5, 2.5, 3.5 ] },
								"south": { "texture": "#cloudberry", "uv": [ 1.0, 0.5, 3.0, 2.5 ] },
								"west": { "texture": "#cloudberry", "uv": [ 1.0, 2.0, 3.0, 4.0 ] },
								"up": { "texture": "#cloudberry", "uv": [ 0.5, 1.0, 2.5, 3.0 ] },
								"down": { "texture": "#cloudberry", "uv": [ 1.5, 2.0, 3.5, 4.0 ] }
							},
							"children": [
								{
									"name": "s10",
									"from": [ 0.2, 0.0, -1.0 ], 
									"to": [ 1.7, 0.0, 1.0 ], 
									"rotationOrigin": [ 1.0, 0.0, 1.0 ],
									"rotationX": -22.5,
									"faces": {
										"north": { "texture": "#cloudberry", "uv": [ 0.0, 0.0, 1.5, 0.5 ], "enabled": false },
										"east": { "texture": "#cloudberry", "uv": [ 0.0, 0.0, 2.0, 0.5 ], "enabled": false },
										"south": { "texture": "#cloudberry", "uv": [ 0.0, 0.0, 1.5, 0.5 ], "enabled": false },
										"west": { "texture": "#cloudberry", "uv": [ 0.0, 0.0, 2.0, 0.5 ], "enabled": false },
										"up": { "texture": "#cloudberry", "uv": [ 2.0, 6.0, 3.5, 8.0 ] },
										"down": { "texture": "#cloudberry", "uv": [ 0.0, 0.0, 1.5, 2.0 ], "enabled": false }
									}
								},
								{
									"name": "s11",
									"from": [ 0.2, 0.0, 1.0 ], 
									"to": [ 1.7, 0.0, 3.0 ], 
									"rotationOrigin": [ 1.0, 0.0, 1.0 ],
									"rotationX": 22.5,
									"faces": {
										"north": { "texture": "#cloudberry", "uv": [ 0.0, 0.0, 1.5, 0.5 ], "enabled": false },
										"east": { "texture": "#cloudberry", "uv": [ 0.0, 0.0, 2.0, 0.5 ], "enabled": false },
										"south": { "texture": "#cloudberry", "uv": [ 0.0, 0.0, 1.5, 0.5 ], "enabled": false },
										"west": { "texture": "#cloudberry", "uv": [ 0.0, 0.0, 2.0, 0.5 ], "enabled": false },
										"up": { "texture": "#cloudberry", "uv": [ 2.0, 6.0, 3.5, 8.0 ], "rotation": 180 },
										"down": { "texture": "#cloudberry", "uv": [ 0.0, 0.0, 1.5, 2.0 ], "enabled": false }
									}
								},
								{
									"name": "s12",
									"from": [ -1.0, 0.0, 0.4 ], 
									"to": [ 1.0, 0.0, 1.9 ], 
									"rotationOrigin": [ 1.0, 0.0, 1.0 ],
									"rotationZ": 22.5,
									"faces": {
										"north": { "texture": "#cloudberry", "uv": [ 0.0, 0.0, 2.0, 0.5 ], "enabled": false },
										"east": { "texture": "#cloudberry", "uv": [ 0.0, 0.0, 1.5, 0.5 ], "enabled": false },
										"south": { "texture": "#cloudberry", "uv": [ 0.0, 0.0, 2.0, 0.5 ], "enabled": false },
										"west": { "texture": "#cloudberry", "uv": [ 0.0, 0.0, 1.5, 0.5 ], "enabled": false },
										"up": { "texture": "#cloudberry", "uv": [ 2.0, 6.0, 3.5, 8.0 ], "rotation": 270 },
										"down": { "texture": "#cloudberry", "uv": [ 0.0, 0.0, 2.0, 1.5 ], "enabled": false }
									}
								},
								{
									"name": "s13",
									"from": [ 1.0, 0.0, 0.4 ], 
									"to": [ 3.0, 0.0, 1.9 ], 
									"rotationOrigin": [ 1.0, 0.0, 1.0 ],
									"rotationZ": -22.5,
									"faces": {
										"north": { "texture": "#cloudberry", "uv": [ 0.0, 0.0, 2.0, 0.5 ], "enabled": false },
										"east": { "texture": "#cloudberry", "uv": [ 0.0, 0.0, 1.5, 0.5 ], "enabled": false },
										"south": { "texture": "#cloudberry", "uv": [ 0.0, 0.0, 2.0, 0.5 ], "enabled": false },
										"west": { "texture": "#cloudberry", "uv": [ 0.0, 0.0, 1.5, 0.5 ], "enabled": false },
										"up": { "texture": "#cloudberry", "uv": [ 2.0, 6.0, 3.5, 8.0 ], "rotation": 90 },
										"down": { "texture": "#cloudberry", "uv": [ 0.0, 0.0, 2.0, 1.5 ], "enabled": false }
									}
								}
							]
						},
						{
							"name": "leaf",
							"from": [ -1.6, 1.5, -4.2 ], 
							"to": [ 1.9, 1.5, -0.2 ], 
							"rotationOrigin": [ 0.0, 1.5, -0.2 ],
							"rotationX": 22.5,
							"rotationY": 135.0,
							"faces": {
								"north": { "texture": "#cloudberry", "uv": [ 0.0, 0.0, 3.5, 0.5 ], "enabled": false },
								"east": { "texture": "#cloudberry", "uv": [ 0.0, 0.0, 4.0, 0.5 ], "enabled": false },
								"south": { "texture": "#cloudberry", "uv": [ 0.0, 0.0, 3.5, 0.5 ], "enabled": false },
								"west": { "texture": "#cloudberry", "uv": [ 0.0, 0.0, 4.0, 0.5 ], "enabled": false },
								"up": { "texture": "#cloudberry", "uv": [ 4.0, 4.0, 7.5, 8.0 ] },
								"down": { "texture": "#cloudberry", "uv": [ 0.0, 0.0, 3.5, 4.0 ], "enabled": false }
							}
						},
						{
							"name": "leaf2",
							"from": [ -1.6, 1.1, -4.2 ], 
							"to": [ 1.9, 1.1, -0.2 ], 
							"rotationOrigin": [ 0.0, 1.1, -0.2 ],
							"rotationX": -22.5,
							"faces": {
								"north": { "texture": "#cloudberry", "uv": [ 0.0, 0.0, 3.5, 0.5 ], "enabled": false },
								"east": { "texture": "#cloudberry", "uv": [ 0.0, 0.0, 4.0, 0.5 ], "enabled": false },
								"south": { "texture": "#cloudberry", "uv": [ 0.0, 0.0, 3.5, 0.5 ], "enabled": false },
								"west": { "texture": "#cloudberry", "uv": [ 0.0, 0.0, 4.0, 0.5 ], "enabled": false },
								"up": { "texture": "#cloudberry", "uv": [ 4.0, 4.0, 7.5, 8.0 ] },
								"down": { "texture": "#cloudberry", "uv": [ 0.0, 0.0, 3.5, 4.0 ], "enabled": false }
							}
						}
					]
				}
			]
		}
	]}