{
	"editor": {
		"allAngles": true,
		"entityTextureMode": false
	},
	"textureWidth": 8,
	"textureHeight": 8,
	"textureSizes": {
	},
	"textures": {
		"honeysuckle": "wildcraft:items/fruit/honeysuckle"
	},
	"elements": [
		{
			"name": "origin",
			"from": [ 8.0, 0.0, 8.0 ], 
			"to": [ 8.0, 0.0, 8.0 ], 
			"rotationOrigin": [ 8.0, 0.0, 8.0 ],
			"faces": {
				"north": { "texture": "#honeysuckle", "uv": [ 0.0, 0.0, 0.5, 0.5 ], "enabled": false },
				"east": { "texture": "#honeysuckle", "uv": [ 0.0, 0.0, 0.5, 0.5 ], "enabled": false },
				"south": { "texture": "#honeysuckle", "uv": [ 0.0, 0.0, 0.5, 0.5 ], "enabled": false },
				"west": { "texture": "#honeysuckle", "uv": [ 0.0, 0.0, 0.5, 0.5 ], "enabled": false },
				"up": { "texture": "#honeysuckle", "uv": [ 0.0, 0.0, 0.5, 0.5 ], "enabled": false },
				"down": { "texture": "#honeysuckle", "uv": [ 0.0, 0.0, 0.5, 0.5 ], "enabled": false }
			},
			"children": [
				{
					"name": "stem",
					"from": [ -0.3, 0.0, -0.3 ], 
					"to": [ 0.3, 3.0, 0.3 ], 
					"faces": {
						"north": { "texture": "#honeysuckle", "uv": [ 2.0, 6.0, 5.0, 6.5 ], "rotation": 90 },
						"east": { "texture": "#honeysuckle", "uv": [ 2.5, 7.0, 5.5, 7.5 ], "rotation": 90 },
						"south": { "texture": "#honeysuckle", "uv": [ 2.5, 6.5, 5.5, 7.0 ], "rotation": 90 },
						"west": { "texture": "#honeysuckle", "uv": [ 3.5, 7.5, 6.5, 8.0 ], "rotation": 90 },
						"up": { "texture": "#honeysuckle", "uv": [ 4.0, 7.5, 4.5, 8.0 ], "enabled": false },
						"down": { "texture": "#honeysuckle", "uv": [ 5.5, 6.5, 6.0, 7.0 ] }
					},
					"children": [
						{
							"name": "berry1",
							"from": [ 0.5, 3.0, -0.5 ], 
							"to": [ 1.5, 4.0, 0.5 ], 
							"rotationOrigin": [ 1.0, 3.5, 0.0 ],
							"rotationX": 15.0,
							"rotationY": 36.0,
							"faces": {
								"north": { "texture": "#honeysuckle", "uv": [ 0.0, 0.0, 1.0, 1.0 ] },
								"east": { "texture": "#honeysuckle", "uv": [ 0.0, 0.0, 1.0, 1.0 ] },
								"south": { "texture": "#honeysuckle", "uv": [ 0.0, 0.0, 1.0, 1.0 ] },
								"west": { "texture": "#honeysuckle", "uv": [ 0.0, 0.0, 1.0, 1.0 ] },
								"up": { "texture": "#honeysuckle", "uv": [ 0.0, 0.0, 1.0, 1.0 ] },
								"down": { "texture": "#honeysuckle", "uv": [ 0.0, 0.0, 1.0, 1.0 ] }
							}
						},
						{
							"name": "berry2",
							"from": [ -0.5, 3.1, 0.0 ], 
							"to": [ 0.5, 4.1, 1.0 ], 
							"rotationOrigin": [ 0.0, 3.5, 0.5 ],
							"rotationX": -21.0,
							"rotationY": 14.0,
							"faces": {
								"north": { "texture": "#honeysuckle", "uv": [ 0.0, 0.0, 1.0, 1.0 ] },
								"east": { "texture": "#honeysuckle", "uv": [ 0.0, 0.0, 1.0, 1.0 ] },
								"south": { "texture": "#honeysuckle", "uv": [ 0.0, 0.0, 1.0, 1.0 ] },
								"west": { "texture": "#honeysuckle", "uv": [ 0.0, 0.0, 1.0, 1.0 ] },
								"up": { "texture": "#honeysuckle", "uv": [ 0.0, 0.0, 1.0, 1.0 ] },
								"down": { "texture": "#honeysuckle", "uv": [ 0.0, 0.0, 1.0, 1.0 ] }
							}
						},
						{
							"name": "berry3",
							"from": [ -0.2, 4.0, 0.0 ], 
							"to": [ 0.8, 5.0, 1.0 ], 
							"rotationOrigin": [ 0.3, 4.5, 0.5 ],
							"rotationX": -21.0,
							"rotationY": 14.0,
							"rotationZ": -36.0,
							"faces": {
								"north": { "texture": "#honeysuckle", "uv": [ 0.0, 0.0, 1.0, 1.0 ] },
								"east": { "texture": "#honeysuckle", "uv": [ 0.0, 0.0, 1.0, 1.0 ] },
								"south": { "texture": "#honeysuckle", "uv": [ 0.0, 0.0, 1.0, 1.0 ] },
								"west": { "texture": "#honeysuckle", "uv": [ 0.0, 0.0, 1.0, 1.0 ] },
								"up": { "texture": "#honeysuckle", "uv": [ 0.0, 0.0, 1.0, 1.0 ] },
								"down": { "texture": "#honeysuckle", "uv": [ 0.0, 0.0, 1.0, 1.0 ] }
							}
						},
						{
							"name": "berry4",
							"from": [ -0.2, 3.0, 1.0 ], 
							"to": [ 0.8, 4.0, 2.0 ], 
							"rotationOrigin": [ 0.3, 3.5, 1.5 ],
							"rotationX": -21.0,
							"rotationY": -22.0,
							"rotationZ": -36.0,
							"faces": {
								"north": { "texture": "#honeysuckle", "uv": [ 0.0, 0.0, 1.0, 1.0 ] },
								"east": { "texture": "#honeysuckle", "uv": [ 0.0, 0.0, 1.0, 1.0 ] },
								"south": { "texture": "#honeysuckle", "uv": [ 0.0, 0.0, 1.0, 1.0 ] },
								"west": { "texture": "#honeysuckle", "uv": [ 0.0, 0.0, 1.0, 1.0 ] },
								"up": { "texture": "#honeysuckle", "uv": [ 0.0, 0.0, 1.0, 1.0 ] },
								"down": { "texture": "#honeysuckle", "uv": [ 0.0, 0.0, 1.0, 1.0 ] }
							}
						},
						{
							"name": "berry5",
							"from": [ -0.5, 2.7, -0.5 ], 
							"to": [ 0.5, 3.7, 0.5 ], 
							"rotationOrigin": [ 0.0, 3.2, 0.0 ],
							"rotationX": 15.0,
							"rotationY": 108.0,
							"faces": {
								"north": { "texture": "#honeysuckle", "uv": [ 1.0, 0.0, 2.0, 1.0 ] },
								"east": { "texture": "#honeysuckle", "uv": [ 0.5, 0.5, 1.5, 1.5 ] },
								"south": { "texture": "#honeysuckle", "uv": [ 0.0, 0.0, 1.0, 1.0 ] },
								"west": { "texture": "#honeysuckle", "uv": [ 1.0, 0.5, 2.0, 1.5 ] },
								"up": { "texture": "#honeysuckle", "uv": [ 0.5, 0.5, 1.5, 1.5 ] },
								"down": { "texture": "#honeysuckle", "uv": [ 0.0, 1.0, 1.0, 2.0 ] }
							}
						},
						{
							"name": "berry6",
							"from": [ -1.2, 2.4, 0.2 ], 
							"to": [ -0.2, 3.4, 1.2 ], 
							"rotationOrigin": [ -0.7, 2.9, 0.7 ],
							"rotationX": 4.0,
							"rotationY": 40.0,
							"rotationZ": 14.0,
							"faces": {
								"north": { "texture": "#honeysuckle", "uv": [ 1.0, 0.0, 2.0, 1.0 ] },
								"east": { "texture": "#honeysuckle", "uv": [ 0.5, 0.5, 1.5, 1.5 ] },
								"south": { "texture": "#honeysuckle", "uv": [ 0.0, 0.0, 1.0, 1.0 ] },
								"west": { "texture": "#honeysuckle", "uv": [ 1.0, 0.5, 2.0, 1.5 ] },
								"up": { "texture": "#honeysuckle", "uv": [ 0.5, 0.5, 1.5, 1.5 ] },
								"down": { "texture": "#honeysuckle", "uv": [ 0.0, 1.0, 1.0, 2.0 ] }
							}
						},
						{
							"name": "berry7",
							"from": [ -0.2, 2.2, -1.0 ], 
							"to": [ 0.8, 3.2, 0.0 ], 
							"rotationOrigin": [ 0.3, 2.7, -0.5 ],
							"rotationX": -21.0,
							"rotationY": -22.0,
							"rotationZ": -36.0,
							"faces": {
								"north": { "texture": "#honeysuckle", "uv": [ 0.0, 0.0, 1.0, 1.0 ] },
								"east": { "texture": "#honeysuckle", "uv": [ 0.0, 0.0, 1.0, 1.0 ] },
								"south": { "texture": "#honeysuckle", "uv": [ 0.0, 0.0, 1.0, 1.0 ] },
								"west": { "texture": "#honeysuckle", "uv": [ 0.0, 0.0, 1.0, 1.0 ] },
								"up": { "texture": "#honeysuckle", "uv": [ 0.0, 0.0, 1.0, 1.0 ] },
								"down": { "texture": "#honeysuckle", "uv": [ 0.0, 0.0, 1.0, 1.0 ] }
							}
						},
						{
							"name": "leaf1",
							"from": [ -2.7, 2.7, -0.7 ], 
							"to": [ 0.3, 2.7, 1.3 ], 
							"rotationOrigin": [ 0.3, 2.7, 0.3 ],
							"rotationY": 16.0,
							"rotationZ": 36.0,
							"faces": {
								"north": { "texture": "#honeysuckle", "uv": [ 0.0, 0.0, 3.0, 0.5 ], "enabled": false },
								"east": { "texture": "#honeysuckle", "uv": [ 0.0, 0.0, 2.0, 0.5 ], "enabled": false },
								"south": { "texture": "#honeysuckle", "uv": [ 0.0, 0.0, 3.0, 0.5 ], "enabled": false },
								"west": { "texture": "#honeysuckle", "uv": [ 0.0, 0.0, 2.0, 0.5 ], "enabled": false },
								"up": { "texture": "#honeysuckle", "uv": [ 4.5, 6.0, 8.0, 1.0 ], "autoUv": false },
								"down": { "texture": "#honeysuckle", "uv": [ 0.0, 0.0, 3.0, 2.0 ], "enabled": false }
							}
						},
						{
							"name": "leaf2",
							"from": [ 0.3, 2.8, -0.7 ], 
							"to": [ 3.3, 2.8, 1.3 ], 
							"rotationOrigin": [ 0.3, 2.8, 0.3 ],
							"rotationX": 5.0,
							"rotationZ": -15.0,
							"faces": {
								"north": { "texture": "#honeysuckle", "uv": [ 0.0, 0.0, 3.0, 0.5 ], "enabled": false },
								"east": { "texture": "#honeysuckle", "uv": [ 0.0, 0.0, 2.0, 0.5 ], "enabled": false },
								"south": { "texture": "#honeysuckle", "uv": [ 0.0, 0.0, 3.0, 0.5 ], "enabled": false },
								"west": { "texture": "#honeysuckle", "uv": [ 0.0, 0.0, 2.0, 0.5 ], "enabled": false },
								"up": { "texture": "#honeysuckle", "uv": [ 4.5, 1.0, 7.5, 6.0 ], "autoUv": false },
								"down": { "texture": "#honeysuckle", "uv": [ 0.0, 0.0, 3.0, 2.0 ], "enabled": false }
							}
						},
						{
							"name": "leaf3",
							"from": [ -0.7, 3.5, 0.3 ], 
							"to": [ 1.3, 3.5, 3.3 ], 
							"rotationOrigin": [ 0.3, 3.5, 0.3 ],
							"rotationX": 36.0,
							"rotationY": 16.0,
							"faces": {
								"north": { "texture": "#honeysuckle", "uv": [ 0.0, 0.0, 2.0, 0.5 ], "enabled": false },
								"east": { "texture": "#honeysuckle", "uv": [ 0.0, 0.0, 3.0, 0.5 ], "enabled": false },
								"south": { "texture": "#honeysuckle", "uv": [ 0.0, 0.0, 2.0, 0.5 ], "enabled": false },
								"west": { "texture": "#honeysuckle", "uv": [ 0.0, 0.0, 3.0, 0.5 ], "enabled": false },
								"up": { "texture": "#honeysuckle", "uv": [ 4.5, 1.0, 7.5, 6.0 ], "rotation": 90, "autoUv": false },
								"down": { "texture": "#honeysuckle", "uv": [ 0.0, 0.0, 2.0, 3.0 ], "enabled": false }
							}
						},
						{
							"name": "leaf4",
							"from": [ -0.7, 2.5, -2.7 ], 
							"to": [ 1.3, 2.5, 0.3 ], 
							"rotationOrigin": [ 0.3, 2.5, 0.3 ],
							"rotationX": -36.0,
							"rotationY": -20.0,
							"rotationZ": -36.0,
							"faces": {
								"north": { "texture": "#honeysuckle", "uv": [ 0.0, 0.0, 2.0, 0.5 ], "enabled": false },
								"east": { "texture": "#honeysuckle", "uv": [ 0.0, 0.0, 3.0, 0.5 ], "enabled": false },
								"south": { "texture": "#honeysuckle", "uv": [ 0.0, 0.0, 2.0, 0.5 ], "enabled": false },
								"west": { "texture": "#honeysuckle", "uv": [ 0.0, 0.0, 3.0, 0.5 ], "enabled": false },
								"up": { "texture": "#honeysuckle", "uv": [ 4.5, 1.0, 7.5, 6.0 ], "rotation": 90, "autoUv": false },
								"down": { "texture": "#honeysuckle", "uv": [ 0.0, 0.0, 2.0, 3.0 ], "enabled": false }
							}
						},
						{
							"name": "leaf5",
							"from": [ -0.7, 2.0, -2.7 ], 
							"to": [ 1.3, 2.0, 0.3 ], 
							"rotationOrigin": [ 0.3, 2.0, 0.3 ],
							"rotationX": -36.0,
							"rotationY": 16.0,
							"rotationZ": 15.0,
							"faces": {
								"north": { "texture": "#honeysuckle", "uv": [ 0.0, 0.0, 2.0, 0.5 ], "enabled": false },
								"east": { "texture": "#honeysuckle", "uv": [ 0.0, 0.0, 3.0, 0.5 ], "enabled": false },
								"south": { "texture": "#honeysuckle", "uv": [ 0.0, 0.0, 2.0, 0.5 ], "enabled": false },
								"west": { "texture": "#honeysuckle", "uv": [ 0.0, 0.0, 3.0, 0.5 ], "enabled": false },
								"up": { "texture": "#honeysuckle", "uv": [ 4.5, 1.0, 7.5, 6.0 ], "rotation": 90, "autoUv": false },
								"down": { "texture": "#honeysuckle", "uv": [ 0.0, 0.0, 2.0, 3.0 ], "enabled": false }
							}
						}
					]
				}
			]
		}
	]}