{
    "code": "raft",
    "class": "blockraft",
    "behaviors": [
      { "name": "RightClickPickupRaft" },
      { "name": "UnstableFalling" }
    ],
    "sidesolid": {
        "all": false
    },
    "sideopaque": {
        "all": false
    },
    "heldTpIdleAnimation": "holdbothhandslarge",
    "creativeinventory": {
        "general": [ "*-north" ],
        "primitive": [ "*-north" ]
    },
    "variantgroups": [
        {
            "code": "dir",
            "loadFromProperties": "abstract/horizontalorientation"
        }
    ],
    "drops": [
        {
            "type": "block",
            "code": "primitivesurvival:raft-north",
            "quantity": { "avg": 1 }
        }
    ],
    "shapebytype": {
        "*-north": {
            "base": "block/raft/raft",
            "rotateY": 90
        },
        "*-east": {
            "base": "block/raft/raft",
            "rotateY": 0
        },
        "*-south": {
            "base": "block/raft/raft",
            "rotateY": 270
        },
        "*-west": {
            "base": "block/raft/raft",
            "rotateY": 180
        }
    },
    "textures": {
        "crosslogh": {
            "base": "game:block/wood/bark/pine-h"
        },
        "log": {
            "base": "game:block/wood/bark/pine"
        },
        "cordage": {
            "base": "game:block/wood/debarked/birch"
        },
        "logend": {
            "base": "game:block/wood/treetrunk/oak"
        }
    },
    "blockmaterial": "Wood",
    "replaceable": 550,
    "resistance": 2,
    "lightAbsorption": 0,
    "combustibleProps": {
        "burnTemperature": 600,
        "burnDuration": 40
    },
    "fpHandTransform": {
        "translation": {
            "x": 0,
            "y": 0,
            "z": 0
        },
        "rotation": {
            "x": -90,
            "y": 73,
            "z": 174
        },
        "origin": {
            "x": 0.34,
            "y": -0.4,
            "z": 1.47
        },
        "scale": 1.5
    },
    "groundTransform": {
        "translation": {
            "x": 0,
            "y": 0,
            "z": 0
        },
        "rotation": {
            "x": 0,
            "y": -45,
            "z": 0
        },
        "origin": {
            "x": 0.5,
            "y": -0.1,
            "z": 0.5
        },
        "scale": 4.19
    },
    "tpHandTransform": {
        "translation": {
            "x": -0.3,
            "y": -0.4,
            "z": 0
        },
        "rotation": {
            "x": 116,
            "y": -22,
            "z": 163
        },
        "origin": {
            "x": 0,
            "y": 0.25,
            "z": 0
        },
        "scale": 0.94
    },
    "guiTransform": {
        "rotation": {
            "x": -22.6,
            "y": 40,
            "z": 0
        },
        "origin": {
            "x": 0.5,
            "y": 0.325,
            "z": 0.5
        },
        "scale": 1.05
    },
    "collisionSelectionBoxByType": {
        "*-north": {
            "x1": -0.1249,
            "y1": 0,
            "z1": 0.04,
            "x2": 1.2,
            "y2": 0.3,
            "z2": 0.9684
        },
        "*-east": {
            "x1": -0.1249,
            "y1": 0,
            "z1": 0.04,
            "x2": 1.2,
            "y2": 0.3,
            "z2": 0.9684,
            "rotateY": 90
        },
        "*-south": {
            "x1": -0.1249,
            "y1": 0,
            "z1": 0.04,
            "x2": 1.2,
            "y2": 0.3,
            "z2": 0.9684
        },
        "*-west": {
            "x1": -0.1249,
            "y1": 0,
            "z1": 0.04,
            "x2": 1.2,
            "y2": 0.3,
            "z2": 0.9684,
            "rotateY": 270
        },
        "sounds": {
            "place": "game:block/planks",
            "hit": "game:block/planks",
            "break": "game:block/planks",
            "walk": "game:walk/wood"
        },
        "materialDensity": 400
    }   
