[ 
 {
	"enabled": false,
	ingredients: [
		{inputs: [{ type: "item", code: "game:legume-peanut", quantity: 1 }, { type: "item", code: "expandedfoods:acornportion", quantity: 3 }, { type: "item", code: "expandedfoods:peanut-cooked", quantity: 1 },{ type: "item", code: "expandedfoods:peanut-kernels", quantity: 1 }]},
		{inputs: [{ type: "item", code: "primitivesurvival:jerky-bushmeat-*", allowedVariants: ["cured", "cooked"], quantity: 4 }, { type: "item", code: "primitivesurvival:jerky-redmeat-*", allowedVariants: ["cured", "cooked"], quantity: 4 }, { type: "item", code: "primitivesurvival:jerky-fish-*", allowedVariants: ["cured", "cooked"], quantity: 4 }]},
		{inputs: [{ type: "item", code: "expandedfoods:dryfruit-*", allowedVariants: ["blueberry", "cranberry", "blackcurrant", "redcurrant", "whitecurrant", "pineapple"], quantity: 3 }]},
		{inputs: [{ type: "item", code: "game:cheese-cheddar-1slice", quantity: 1 }, { type: "item", code: "game:cheese-blue-1slice", quantity: 1 }]},
		{inputs: [{ type: "item", code: "game:cheese-cheddar-1slice", quantity: 1 }, { type: "item", code: "game:cheese-blue-1slice", quantity: 1 }]},
		{inputs: [{ type: "item", code: "game:cheese-cheddar-1slice", quantity: 1 }, { type: "item", code: "game:cheese-blue-1slice", quantity: 1 }]},
	],
	output: { type: "item", code: "expandedfoods:trailmix-cheesy", stackSize: 1}
 },
 {
	"enabled": false,
	ingredients: [
		{inputs: [{ type: "item", code: "game:legume-peanut", quantity: 1 }, { type: "item", code: "expandedfoods:acornportion", quantity: 3 }, { type: "item", code: "expandedfoods:peanut-cooked", quantity: 1 },{ type: "item", code: "expandedfoods:peanut-kernels", quantity: 1 }]},
		{inputs: [{ type: "item", code: "primitivesurvival:jerky-bushmeat-*", allowedVariants: ["cured", "cooked"], quantity: 4 }, { type: "item", code: "primitivesurvival:jerky-redmeat-*", allowedVariants: ["cured", "cooked"], quantity: 4 }, { type: "item", code: "primitivesurvival:jerky-fish-*", allowedVariants: ["cured", "cooked"], quantity: 4 }]},
		{inputs: [{ type: "item", code: "expandedfoods:dryfruit-*", allowedVariants: ["blueberry", "cranberry", "blackcurrant", "redcurrant", "whitecurrant", "pineapple"], quantity: 3 }]},
		{inputs: [{ type: "item", code: "game:cheese-cheddar-1slice", quantity: 1 }, { type: "item", code: "game:cheese-blue-1slice", quantity: 1 }]},
		{inputs: [{ type: "item", code: "game:cheese-cheddar-1slice", quantity: 1 }, { type: "item", code: "game:cheese-blue-1slice", quantity: 1 }]},
	],
	output: { type: "item", code: "expandedfoods:trailmix-cheesy", stackSize: 1}
 },
 {
	"enabled": false,
	ingredients: [
		{inputs: [{ type: "item", code: "game:legume-peanut", quantity: 1 }, { type: "item", code: "expandedfoods:acornportion", quantity: 3 }, { type: "item", code: "expandedfoods:peanut-cooked", quantity: 1 },{ type: "item", code: "expandedfoods:peanut-kernels", quantity: 1 }]},
		{inputs: [{ type: "item", code: "primitivesurvival:jerky-bushmeat-*", allowedVariants: ["cured", "cooked"], quantity: 4 }, { type: "item", code: "primitivesurvival:jerky-redmeat-*", allowedVariants: ["cured", "cooked"], quantity: 4 }, { type: "item", code: "primitivesurvival:jerky-fish-*", allowedVariants: ["cured", "cooked"], quantity: 4 }]},
		{inputs: [{ type: "item", code: "expandedfoods:dryfruit-*", allowedVariants: ["blueberry", "cranberry", "blackcurrant", "redcurrant", "whitecurrant", "pineapple"], quantity: 3 }]},
		{inputs: [{ type: "item", code: "game:cheese-cheddar-1slice", quantity: 1 }, { type: "item", code: "game:cheese-blue-1slice", quantity: 1 }]},
		{inputs: [{ type: "item", code: "game:legume-peanut", quantity: 1 }, { type: "item", code: "expandedfoods:acornportion", quantity: 3 }, { type: "item", code: "expandedfoods:peanut-cooked", quantity: 1 },{ type: "item", code: "expandedfoods:peanut-kernels", quantity: 1 }]},
		{inputs: [{ type: "item", code: "game:legume-peanut", quantity: 1 }, { type: "item", code: "expandedfoods:acornportion", quantity: 3 }, { type: "item", code: "expandedfoods:peanut-cooked", quantity: 1 },{ type: "item", code: "expandedfoods:peanut-kernels", quantity: 1 }]},
	],
	output: { type: "item", code: "expandedfoods:trailmix-nutty", stackSize: 1}
 },
 {
	"enabled": false,
	ingredients: [
		{inputs: [{ type: "item", code: "game:legume-peanut", quantity: 1 }, { type: "item", code: "expandedfoods:acornportion", quantity: 3 }, { type: "item", code: "expandedfoods:peanut-cooked", quantity: 1 },{ type: "item", code: "expandedfoods:peanut-kernels", quantity: 1 }]},
		{inputs: [{ type: "item", code: "primitivesurvival:jerky-bushmeat-*", allowedVariants: ["cured", "cooked"], quantity: 4 }, { type: "item", code: "primitivesurvival:jerky-redmeat-*", allowedVariants: ["cured", "cooked"], quantity: 4 }, { type: "item", code: "primitivesurvival:jerky-fish-*", allowedVariants: ["cured", "cooked"], quantity: 4 }]},
		{inputs: [{ type: "item", code: "expandedfoods:dryfruit-*", allowedVariants: ["blueberry", "cranberry", "blackcurrant", "redcurrant", "whitecurrant", "pineapple"], quantity: 3 }]},
		{inputs: [{ type: "item", code: "game:cheese-cheddar-1slice", quantity: 1 }, { type: "item", code: "game:cheese-blue-1slice", quantity: 1 }]},
		{inputs: [{ type: "item", code: "game:legume-peanut", quantity: 1 }, { type: "item", code: "expandedfoods:acornportion", quantity: 3 }, { type: "item", code: "expandedfoods:peanut-cooked", quantity: 1 },{ type: "item", code: "expandedfoods:peanut-kernels", quantity: 1 }]},
	],
	output: { type: "item", code: "expandedfoods:trailmix-nutty", stackSize: 1}
 },
 {
	"enabled": false,
	ingredients: [
		{inputs: [{ type: "item", code: "game:legume-peanut", quantity: 1 }, { type: "item", code: "expandedfoods:acornportion", quantity: 3 }, { type: "item", code: "expandedfoods:peanut-cooked", quantity: 1 },{ type: "item", code: "expandedfoods:peanut-kernels", quantity: 1 }]},
		{inputs: [{ type: "item", code: "primitivesurvival:jerky-bushmeat-*", allowedVariants: ["cured", "cooked"], quantity: 4 }, { type: "item", code: "primitivesurvival:jerky-redmeat-*", allowedVariants: ["cured", "cooked"], quantity: 4 }, { type: "item", code: "primitivesurvival:jerky-fish-*", allowedVariants: ["cured", "cooked"], quantity: 4 }]},
		{inputs: [{ type: "item", code: "expandedfoods:dryfruit-*", allowedVariants: ["blueberry", "cranberry", "blackcurrant", "redcurrant", "whitecurrant", "pineapple"], quantity: 3 }]},
		{inputs: [{ type: "item", code: "game:cheese-cheddar-1slice", quantity: 1 }, { type: "item", code: "game:cheese-blue-1slice", quantity: 1 }]},
		{inputs: [{ type: "item", code: "primitivesurvival:jerky-bushmeat-*", allowedVariants: ["cured", "cooked"], quantity: 4 }, { type: "item", code: "primitivesurvival:jerky-redmeat-*", allowedVariants: ["cured", "cooked"], quantity: 4 }, { type: "item", code: "primitivesurvival:jerky-fish-*", allowedVariants: ["cured", "cooked"], quantity: 4 }]},
		{inputs: [{ type: "item", code: "primitivesurvival:jerky-bushmeat-*", allowedVariants: ["cured", "cooked"], quantity: 4 }, { type: "item", code: "primitivesurvival:jerky-redmeat-*", allowedVariants: ["cured", "cooked"], quantity: 4 }, { type: "item", code: "primitivesurvival:jerky-fish-*", allowedVariants: ["cured", "cooked"], quantity: 4 }]},
	],
	output: { type: "item", code: "expandedfoods:trailmix-meaty", stackSize: 1}
 },
 {
	"enabled": false,
	ingredients: [
		{inputs: [{ type: "item", code: "game:legume-peanut", quantity: 1 }, { type: "item", code: "expandedfoods:acornportion", quantity: 3 }, { type: "item", code: "expandedfoods:peanut-cooked", quantity: 1 },{ type: "item", code: "expandedfoods:peanut-kernels", quantity: 1 }]},
		{inputs: [{ type: "item", code: "primitivesurvival:jerky-bushmeat-*", allowedVariants: ["cured", "cooked"], quantity: 4 }, { type: "item", code: "primitivesurvival:jerky-redmeat-*", allowedVariants: ["cured", "cooked"], quantity: 4 }, { type: "item", code: "primitivesurvival:jerky-fish-*", allowedVariants: ["cured", "cooked"], quantity: 4 }]},
		{inputs: [{ type: "item", code: "expandedfoods:dryfruit-*", allowedVariants: ["blueberry", "cranberry", "blackcurrant", "redcurrant", "whitecurrant", "pineapple"], quantity: 3 }]},
		{inputs: [{ type: "item", code: "game:cheese-cheddar-1slice", quantity: 1 }, { type: "item", code: "game:cheese-blue-1slice", quantity: 1 }]},
		{inputs: [{ type: "item", code: "primitivesurvival:jerky-bushmeat-*", allowedVariants: ["cured", "cooked"], quantity: 4 }, { type: "item", code: "primitivesurvival:jerky-redmeat-*", allowedVariants: ["cured", "cooked"], quantity: 4 }, { type: "item", code: "primitivesurvival:jerky-fish-*", allowedVariants: ["cured", "cooked"], quantity: 4 }]},
	],
	output: { type: "item", code: "expandedfoods:trailmix-meaty", stackSize: 1}
 },
 {
	"enabled": false,
	ingredients: [
		{inputs: [{ type: "item", code: "game:legume-peanut", quantity: 1 }, { type: "item", code: "expandedfoods:acornportion", quantity: 3 }, { type: "item", code: "expandedfoods:peanut-cooked", quantity: 1 },{ type: "item", code: "expandedfoods:peanut-kernels", quantity: 1 }]},
		{inputs: [{ type: "item", code: "primitivesurvival:jerky-bushmeat-*", allowedVariants: ["cured", "cooked"], quantity: 4 }, { type: "item", code: "primitivesurvival:jerky-redmeat-*", allowedVariants: ["cured", "cooked"], quantity: 4 }, { type: "item", code: "primitivesurvival:jerky-fish-*", allowedVariants: ["cured", "cooked"], quantity: 4 }]},
		{inputs: [{ type: "item", code: "expandedfoods:dryfruit-*", allowedVariants: ["blueberry", "cranberry", "blackcurrant", "redcurrant", "whitecurrant", "pineapple"], quantity: 3 }]},
		{inputs: [{ type: "item", code: "game:cheese-cheddar-1slice", quantity: 1 }, { type: "item", code: "game:cheese-blue-1slice", quantity: 1 }]},
		{inputs: [{ type: "item", code: "expandedfoods:dryfruit-*", allowedVariants: ["blueberry", "cranberry", "blackcurrant", "redcurrant", "whitecurrant", "pineapple"], quantity: 3 }]},
		{inputs: [{ type: "item", code: "expandedfoods:dryfruit-*", allowedVariants: ["blueberry", "cranberry", "blackcurrant", "redcurrant", "whitecurrant", "pineapple"], quantity: 3 }]},
	],
	output: { type: "item", code: "expandedfoods:trailmix-fruity", stackSize: 1}
 },
 {
	"enabled": false,
	ingredients: [
		{inputs: [{ type: "item", code: "game:legume-peanut", quantity: 1 }, { type: "item", code: "expandedfoods:acornportion", quantity: 3 }, { type: "item", code: "expandedfoods:peanut-cooked", quantity: 1 },{ type: "item", code: "expandedfoods:peanut-kernels", quantity: 1 }]},
		{inputs: [{ type: "item", code: "primitivesurvival:jerky-bushmeat-*", allowedVariants: ["cured", "cooked"], quantity: 4 }, { type: "item", code: "primitivesurvival:jerky-redmeat-*", allowedVariants: ["cured", "cooked"], quantity: 4 }, { type: "item", code: "primitivesurvival:jerky-fish-*", allowedVariants: ["cured", "cooked"], quantity: 4 }]},
		{inputs: [{ type: "item", code: "expandedfoods:dryfruit-*", allowedVariants: ["blueberry", "cranberry", "blackcurrant", "redcurrant", "whitecurrant", "pineapple"], quantity: 3 }]},
		{inputs: [{ type: "item", code: "game:cheese-cheddar-1slice", quantity: 1 }, { type: "item", code: "game:cheese-blue-1slice", quantity: 1 }]},
		{inputs: [{ type: "item", code: "expandedfoods:dryfruit-*", allowedVariants: ["blueberry", "cranberry", "blackcurrant", "redcurrant", "whitecurrant", "pineapple"], quantity: 3 }]},

	],
	output: { type: "item", code: "expandedfoods:trailmix-fruity", stackSize: 1}
 }
]