[
	{
	"_comment": "Only with lead: ruby gold glass is usually made of lead glass with added tin.",
	"ingredientPattern": "LGT,QQB",
	"ingredients": {
		"L": { "type": "item", "code": "game:lime" },
		"G": { "type": "item", "code": "bricklayers:powdered-gold" },
		"T": { "type": "item", "code": "bricklayers:powdered-cassiterite" },
		"Q": { "type": "item", "code": "bricklayers:powdered-quartz", "quantity": 2 },
		"B": { "type": "item", "code": "bricklayers:powdered-leadoxide" }
	},
	"width": 3,
	"height": 2,
	"recipeGroup": 4,
	"output": { "type": "item", "code": "bricklayers:frit-mix-red", "quantity": 4 }
	}
]
