{
	
	code: "fishnugget",
	maxstacksize: 64,
	attributes: {
		"handbook": { "groupBy": [ "fishnugget-*" ] },
		nutritionPropsWhenInMealByType: { 
			"fishnugget-raw": {satiety: 185, foodcategory: "Protein"},
			"fishnugget-smashed": {satiety: 155, foodcategory: "Protein"},
			},

		bakingPropertiesByType: {
			"*-smashed": {
				temp: 150,
				levelFrom: 0.0,
				levelTo: 0.25,
				startScaleY: 1.0,
				endScaleY: 1.0,
				resultCode: "expandedfoods:fishnugget-tenderpartbaked",
			},
			"*-tenderpartbaked": {
				temp: 150,
				levelFrom: 0.25,
				levelTo: 0.5,
				startScaleY: 1.0,
				endScaleY: 1.0,
				resultCode: "expandedfoods:fishnugget-tender",
				initialCode: "expandedfoods:fishnugget-smashed"
			},
			"*-tender": {
				temp: 150,
				levelFrom: 0.5,
				levelTo: 0.75,
				startScaleY: 1.0,
				endScaleY: 1.0,
				resultCode: "expandedfoods:fishnugget-tendercharred",
				initialCode: "expandedfoods:fishnugget-tenderpartbaked"
			},
			"*-tendercharred": {
				temp: 150,
				levelFrom: 0.75,
				levelTo: 1.0,
				startScaleY: 1.0,
				endScaleY: 0.9,
				initialCode: "expandedfoods:fishnugget-tender"
			},
			"*-raw": {
				temp: 150,
				levelFrom: 0.0,
				levelTo: 0.25,
				startScaleY: 1.0,
				endScaleY: 1.0,
				resultCode: "expandedfoods:fishnugget-cookedpartbaked",
			},
			"*-cookedpartbaked": {
				temp: 150,
				levelFrom: 0.25,
				levelTo: 0.5,
				startScaleY: 1.0,
				endScaleY: 1.0,
				resultCode: "expandedfoods:fishnugget-cooked",
				initialCode: "expandedfoods:fishnugget-raw"
			},
			"*-cooked": {
				temp: 150,
				levelFrom: 0.5,
				levelTo: 0.75,
				startScaleY: 1.0,
				endScaleY: 1.0,
				resultCode: "expandedfoods:fishnugget-cookedcharred",
				initialCode: "expandedfoods:fishnugget-cookedpartbaked"
			},
			"*-cookedcharred": {
				temp: 150,
				levelFrom: 0.75,
				levelTo: 1.0,
				startScaleY: 1.0,
				endScaleY: 0.9,
				initialCode: "expandedfoods:fishnugget-cooked"
			},
		},
		onDisplayTransformByType: { 
			"*-raw": {
				translation: { x: 0, y: 0.25, z: 0 },
				scale: 1.5 
			},
			"*-cookedpartbaked": {
				translation: { x: 0, y: 0.25, z: 0 },
				scale: 1.5 
			},
			"*-cooked": {
				translation: { x: 0, y: 0.25, z: 0 },
				scale: 1.5 
			},
			"*-cookedcharred": {
				translation: { x: 0, y: 0.25, z: 0 },
				scale: 1.5 
			},
			"*": {
				translation: { x: 0, y: -.375, z: 0 },
				scale: 0.25 
			},
		},
    		inPiePropertiesByType: {
      			"*-raw": { texture: "game:block/food/pie/fill-fish", partType: 'Filling' },
      			"*-smashed": { texture: "game:block/food/pie/fill-fish", partType: 'Filling' },
    		},
	},
	variantgroups: [
		{ code: "type", states: ["smashed", "raw", "cookedpartbaked", "cooked", "cookedcharred", "tenderpartbaked", "tender", "tendercharred" ] },
	],
	shapebytype:	{
		"fishnugget-tenderpartbaked": {base: "item/food/primitivesurvival/fish-partbaked"},
		"fishnugget-tender": {base: "item/food/primitivesurvival/fish-tender"},
		"fishnugget-tendercharred": {base: "item/food/primitivesurvival/fish-charred"},
		"fishnugget-smashed": {base: "item/food/primitivesurvival/fish-smash"},
		"fishnugget-raw": {base: "item/food/meat/poultry-nugget"},
		"fishnugget-cookedpartbaked": {base: "item/food/meat/poultry-cooked"},
		"fishnugget-cooked":   {base: "item/food/meat/poultry-cooked"},
		"fishnugget-cookedcharred": {base: "item/food/meat/poultry-cooked"},
	},
	texturesByType: {
		"*-cookedpartbaked": {

			"cooked": {base: "item/food/fillet-partbaked" },
		},
		"*-cookedcharred": {

			"cooked": {base: "item/food/fillet-charred" },
		},
		"*": {

			"partbaked": {base: "item/food/fillet-partbaked" },
			"cooked": {base: "primitivesurvival:item/fishing/fillet-cooked" },
			"charred": {base: "item/food/fillet-charred" },
			"meat": {base: "primitivesurvival:item/fishing/fillet-raw" },
			"raw": {base: "primitivesurvival:item/fishing/fillet-raw" },
		},
	},
	creativeinventory: { "general": ["*"], "items": ["*"] },
	nutritionPropsByType: {
			"fishnugget-cookedpartbaked": {satiety: 112, foodcategory: "Protein"},
			"fishnugget-tenderpartbaked": {satiety: 95, foodcategory: "Protein"},
			"fishnugget-cooked": {satiety: 125, foodcategory: "Protein"},
			"fishnugget-tender": {satiety: 105, foodcategory: "Protein"},
			"fishnugget-cookedcharred": {satiety: 100, foodcategory: "Protein"},
			"fishnugget-tendercharred": {satiety: 85, foodcategory: "Protein"}
	},
	transitionablePropsByType: {
		"*-smashed": [{	
			type: "Perish",
			freshHours: { avg: 24 },
			transitionHours: { avg: 48 },
			transitionedStack: { type: "item", code: "game:rot" },
			transitionRatio: 1
			}
		],
		"*-tenderpartbaked": [{
			type: "Perish",
			freshHours: { avg: 100 },
			transitionHours: { avg: 72 },
			transitionedStack: { type: "item", code: "game:rot" },
			transitionRatio: 1
		}],
		"*-tender": [{
			type: "Perish",
			freshHours: { avg: 100 },
			transitionHours: { avg: 72 },
			transitionedStack: { type: "item", code: "game:rot" },
			transitionRatio: 1
		}],
		"*-tendercharred": [{
			type: "Perish",
			freshHours: { avg: 200 },
			transitionHours: { avg: 144 },
			transitionedStack: { type: "item", code: "game:rot" },
			transitionRatio: 1
		}],
		"*-raw": [{
			type: "Perish",
			freshHours: { avg: 18 },
			transitionHours: { avg: 72 },
			transitionedStack: { type: "item", code: "game:rot" },
			transitionRatio: 1
			}
		],
		"*-cookedpartbaked": [{
			type: "Perish",
			freshHours: { avg: 60 },
			transitionHours: { avg: 96 },
			transitionedStack: { type: "item", code: "game:rot" },
			transitionRatio: 1
		}],
		"*-cooked": [{
			type: "Perish",
			freshHours: { avg: 60 },
			transitionHours: { avg: 96 },
			transitionedStack: { type: "item", code: "game:rot" },
			transitionRatio: 1
		}],
		"*-cookedcharred": [{
			type: "Perish",
			freshHours: { avg: 120 },
			transitionHours: { avg: 192 },
			transitionedStack: { type: "item", code: "game:rot" },
			transitionRatio: 1
		}],
	},
	materialDensity: 600,
	guiTransformByType: {
		"*-cookedpartbaked": {
			rotate: false,
			translation: { x: 0.0, y: 0, z: 0 },
			rotation: { x: 171, y: -122, z: 28 },
			origin: { x: 0.43, y: 0.04, z: 0.53 },
			scale: 7
		},
		"*-cooked": {
			rotate: false,
			translation: { x: 0.0, y: 0, z: 0 },
			rotation: { x: 171, y: -122, z: 28 },
			origin: { x: 0.43, y: 0.04, z: 0.53 },
			scale: 7
		},
		"*-cookedcharred": {
			rotate: false,
			translation: { x: 0.0, y: 0, z: 0 },
			rotation: { x: 171, y: -122, z: 28 },
			origin: { x: 0.43, y: 0.04, z: 0.53 },
			scale: 7
		},
		"*-raw": {
			rotate: false,
			translation: { x: 0.0, y: 0, z: 0 },
			rotation: { x: 171, y: -122, z: 28 },
			origin: { x: 0.43, y: 0.04, z: 0.53 },
			scale: 7
		},
		"*-tenderpartbaked": {
			rotate: false,
			translation: { x: 0, y: 0, z: 0 },
			rotation: { x: -60, y: -158, z: -180 },
			origin: { x: 0.45, y: 0, z: 0.55 },
			scale: 1.54
		},
		"*-tender": {
			rotate: false,
			translation: { x: 0, y: 0, z: 0 },
			rotation: { x: -60, y: -158, z: -180 },
			origin: { x: 0.45, y: 0, z: 0.55 },
			scale: 1.54
		},
		"*-tendercharred": {
			rotate: false,
			translation: { x: 0, y: 0, z: 0 },
			rotation: { x: -60, y: -158, z: -180 },
			origin: { x: 0.45, y: 0, z: 0.55 },
			scale: 1.54
		},
		"*-smashed": {
			rotate: false,
			translation: { x: 0, y: 0, z: 0 },
			rotation: { x: -60, y: -158, z: -180 },
			origin: { x: 0.45, y: 0, z: 0.55 },
			scale: 1.54
		}
	},
	fpHandTransformByType: {
		"*-tenderpartbaked": {
			translation: { x: -0.06, y: 0.26, z: 0.13 },
			rotation: { x: 53, y: -5, z: -18 },
			origin: { x: 0.5, y: 0.1, z: 0.5 },
			scale: .8
		},
		"*-tender": {
			translation: { x: -0.06, y: 0.26, z: 0.13 },
			rotation: { x: 53, y: -5, z: -18 },
			origin: { x: 0.5, y: 0.1, z: 0.5 },
			scale: .8
		},
		"*-tendercharred": {
			translation: { x: -0.06, y: 0.26, z: 0.13 },
			rotation: { x: 53, y: -5, z: -18 },
			origin: { x: 0.5, y: 0.1, z: 0.5 },
			scale: .8
		},
		"*-smashed": {
			translation: { x: -0.06, y: 0.26, z: 0.13 },
			rotation: { x: 53, y: -5, z: -18 },
			origin: { x: 0.5, y: 0.1, z: 0.5 },
			scale: .8
		},
		"*": {
			translation: { x: -0.06, y: 0.36, z: 0.23 },
			rotation: { x: 0, y: -81, z: -35 },
			origin: { x: 0.5, y: 0.1, z: 0.5 },
			scale: 3
		},
	},
	tpHandTransformByType: {
		"*-tenderpartbaked": {
			translation: { x: 0, y: 0, z: 0 },
			rotation: { x: 0, y: 0, z: -13 },
			origin: { x: 0.13, y: 0, z: 0.14 },
			scale: 0.4	
		},
		"*-tender": {
			translation: { x: 0, y: 0, z: 0 },
			rotation: { x: 0, y: 0, z: -13 },
			origin: { x: 0.13, y: 0, z: 0.14 },
			scale: 0.4	
		},
		"*-tendercharred": {
			translation: { x: 0, y: 0, z: 0 },
			rotation: { x: 0, y: 0, z: -13 },
			origin: { x: 0.13, y: 0, z: 0.14 },
			scale: 0.4	
		},
		"*-smashed": {
			translation: { x: 0, y: 0, z: 0 },
			rotation: { x: 0, y: 0, z: -13 },
			origin: { x: 0.13, y: 0, z: 0.14 },
			scale: 0.4	
		},
		"*": {
			translation: { x: 0.05, y: -0.05, z: 0.1 },
			rotation: { x: 1, y: 9, z: -11 },
			origin: { x: 0.21, y: -0.2, z: 0.15 },
			scale: 1	
		},
	},
	groundTransformByType: {
		"*-tenderpartbaked": {
			translation: { x: 0, y: 0, z: 0 },
			rotation: { x: 0, y: 0, z: 0 },
			origin: { x: 0, y: 0, z: 0. },
			scale: 2		
		},
		"*-tender": {
			translation: { x: 0, y: 0, z: 0 },
			rotation: { x: 0, y: 0, z: 0 },
			origin: { x: 0, y: 0, z: 0. },
			scale: 2		
		},
		"*-tendercharred": {
			translation: { x: 0, y: 0, z: 0 },
			rotation: { x: 0, y: 0, z: 0 },
			origin: { x: 0, y: 0, z: 0. },
			scale: 2		
		},
		"*-smashed": {
			translation: { x: 0, y: 0, z: 0 },
			rotation: { x: 0, y: 0, z: 0 },
			origin: { x: 0, y: 0, z: 0. },
			scale: 2		
		},
		"*": {
			translation: { x: 0, y: 0, z: 0 },
			rotation: { x: 180, y: 33, z: -180 },
			origin: { x: 0.5, y: 0, z: 0.5 },
			scale: 5

		},
	},

	combustiblePropsByType: {
		"fishnugget-raw": {
			meltingPoint: 150,
			meltingDuration: 30,
			smeltedRatio: 1,
			smeltingType: "cook",
			smeltedStack: { type: "item", code: "fishnugget-cookedcharred" },
			requiresContainer: false
		},
		"fishnugget-smashed": {
			meltingPoint: 150,
			meltingDuration: 30,
			smeltedRatio: 1,
			smeltingType: "cook",
			smeltedStack: { type: "item", code: "fishnugget-tendercharred" },
			requiresContainer: false
		},
	}
}