{
	"editor": {
		"allAngles": false,
		"entityTextureMode": false
	},
	"textureWidth": 16,
	"textureHeight": 16,
	"textureSizes": {
	},
	"textures": {
        "stone": "game:block/stone/brick/granite",
		"wood": "game:block/wood/planks/wood"
	},
	"elements": [
		{
			"name": "FalseFace",
			"from": [ 0.0, 0.0, 0.0 ], 
			"to": [ 16.0, 16.0, 1.0 ], 
			"faces": {
				"north": { "texture": "#stone", "uv": [ 0.0, 0.0, 16.0, 16.0 ] },
				"east": { "texture": "#stone", "uv": [ 0.5, 0.0, 1.5, 16.0 ] },
				"south": { "texture": "#stone", "uv": [ 0.0, 0.0, 16.0, 16.0 ] },
				"west": { "texture": "#stone", "uv": [ 14.5, 0.0, 15.5, 16.0 ] },
				"up": { "texture": "#stone", "uv": [ 0.0, 3.5, 16.0, 4.5 ] },
				"down": { "texture": "#stone", "uv": [ 0.0, 10.5, 16.0, 11.5 ] }
			},
			"children": [
				{
					"name": "WoodSupport1",
					"from": [ 0.25, 1.0, 1.0 ], 
					"to": [ 15.75, 3.0, 2.0 ], 
					"rotationOrigin": [ 0.0, 1.0, 1.0 ],
					"faces": {
						"north": { "texture": "#wood", "uv": [ 0.0, 1.0, 15.5, 3.0 ] },
						"east": { "texture": "#wood", "uv": [ 0.0, 0.0, 1.0, 2.0 ] },
						"south": { "texture": "#wood", "uv": [ 0.0, 2.0, 15.5, 4.0 ] },
						"west": { "texture": "#wood", "uv": [ 0.0, 0.0, 1.0, 2.0 ] },
						"up": { "texture": "#wood", "uv": [ 0.0, 13.5, 15.5, 14.5 ] },
						"down": { "texture": "#wood", "uv": [ 0.0, 8.0, 15.5, 9.0 ] }
					}
				},
				{
					"name": "WoodSupport2",
					"from": [ 0.25, 13.0, 1.0 ], 
					"to": [ 15.75, 15.0, 2.0 ], 
					"rotationOrigin": [ 0.0, 0.0, 1.0 ],
					"faces": {
						"north": { "texture": "#wood", "uv": [ 0.0, 1.0, 15.5, 3.0 ] },
						"east": { "texture": "#wood", "uv": [ 0.0, 0.0, 1.0, 2.0 ] },
						"south": { "texture": "#wood", "uv": [ 0.0, 1.0, 15.5, 3.0 ] },
						"west": { "texture": "#wood", "uv": [ 0.0, 0.0, 1.0, 2.0 ] },
						"up": { "texture": "#wood", "uv": [ 0.0, 2.5, 15.5, 3.5 ] },
						"down": { "texture": "#wood", "uv": [ 0.0, 3.5, 15.5, 4.5 ] }
					}
				},
				{
					"name": "WoodSupport3",
					"from": [ 10.0, 1.0, 2.0 ], 
					"to": [ 12.0, 15.0, 3.0 ], 
					"rotationOrigin": [ 3.0, 0.0, 0.0 ],
					"faces": {
						"north": { "texture": "#wood", "uv": [ 0.5, 1.0, 14.5, 3.0 ], "rotation": 90 },
						"east": { "texture": "#wood", "uv": [ 1.0, 1.5, 15.0, 2.5 ], "rotation": 90 },
						"south": { "texture": "#wood", "uv": [ 1.0, 1.5, 15.0, 3.5 ], "rotation": 90 },
						"west": { "texture": "#wood", "uv": [ 1.0, 1.5, 15.0, 2.5 ], "rotation": 90 },
						"up": { "texture": "#wood", "uv": [ 1.5, 2.5, 3.5, 3.5 ] },
						"down": { "texture": "#wood", "uv": [ 2.0, 12.0, 4.0, 13.0 ] }
					},
					"children": [
						{
							"name": "Bolt1",
							"from": [ -2.75, 7.05, -0.95 ], 
							"to": [ 6.35, 9.05, -0.1 ], 
							"rotationOrigin": [ 0.0, 7.0, 0.0 ],
							"faces": {
								"north": { "texture": "#wood", "uv": [ 0.0, 0.0, 9.0, 2.0 ] },
								"east": { "texture": "#wood", "uv": [ 0.0, 0.0, 0.5, 2.0 ] },
								"south": { "texture": "#wood", "uv": [ 0.0, 0.0, 9.0, 2.0 ] },
								"west": { "texture": "#wood", "uv": [ 0.0, 0.0, 0.5, 2.0 ] },
								"up": { "texture": "#wood", "uv": [ 0.0, 0.0, 9.0, 0.5 ] },
								"down": { "texture": "#wood", "uv": [ 0.0, 0.0, 9.0, 0.5 ] }
							},
							"children": [
								{
									"name": "Bolt2",
									"from": [ 1.5, 0.5, 0.75 ], 
									"to": [ 2.35, 1.35, 3.75 ], 
									"faces": {
										"north": { "texture": "#wood", "uv": [ 0.0, 0.0, 0.5, 0.5 ] },
										"east": { "texture": "#wood", "uv": [ 0.0, 0.0, 3.0, 0.5 ] },
										"south": { "texture": "#wood", "uv": [ 0.0, 0.0, 0.5, 0.5 ] },
										"west": { "texture": "#wood", "uv": [ 0.0, 0.0, 3.0, 0.5 ] },
										"up": { "texture": "#wood", "uv": [ 0.0, 0.0, 0.5, 3.0 ] },
										"down": { "texture": "#wood", "uv": [ 0.0, 0.0, 0.5, 3.0 ] }
									}
								},
								{
									"name": "Bolt3",
									"from": [ 5.5, 0.5, 0.75 ], 
									"to": [ 6.35, 1.35, 3.75 ], 
									"rotationOrigin": [ 4.0, 0.0, -1.0 ],
									"faces": {
										"north": { "texture": "#wood", "uv": [ 0.0, 0.0, 0.5, 0.5 ] },
										"east": { "texture": "#wood", "uv": [ 0.0, 0.0, 3.0, 0.5 ] },
										"south": { "texture": "#wood", "uv": [ 0.0, 0.0, 0.5, 0.5 ] },
										"west": { "texture": "#wood", "uv": [ 0.0, 0.0, 3.0, 0.5 ] },
										"up": { "texture": "#wood", "uv": [ 0.0, 0.0, 0.5, 3.0 ] },
										"down": { "texture": "#wood", "uv": [ 0.0, 0.0, 0.5, 3.0 ] }
									}
								}
							]
						}
					]
				},
				{
					"name": "WoodSupport4",
					"from": [ 0.25, 6.0, 1.0 ], 
					"to": [ 15.75, 8.0, 2.0 ], 
					"rotationOrigin": [ 0.0, 6.0, 1.0 ],
					"faces": {
						"north": { "texture": "#wood", "uv": [ 0.0, 1.0, 15.5, 3.0 ] },
						"east": { "texture": "#wood", "uv": [ 0.0, 0.0, 1.0, 2.0 ] },
						"south": { "texture": "#wood", "uv": [ 0.0, 2.0, 15.5, 4.0 ] },
						"west": { "texture": "#wood", "uv": [ 0.0, 0.0, 1.0, 2.0 ] },
						"up": { "texture": "#wood", "uv": [ 0.0, 13.5, 15.5, 14.5 ] },
						"down": { "texture": "#wood", "uv": [ 0.0, 8.0, 15.5, 9.0 ] }
					}
				}
			]
		}
	]}