{
	"editor": {
		"allAngles": false,
		"entityTextureMode": false
	},
	"textureWidth": 16,
	"textureHeight": 16,
	"textureSizes": {
	},
	"textures": {
		"color": "block/tradegoods/seashell/plain",
		"skin": "block/coal/charcoal"
	},
	"elements": [
		{
			"name": "Body",
			"from": [ 5.0, 0.0, 7.0 ], 
			"to": [ 8.0, 1.0, 9.0 ], 
			"rotationOrigin": [ 5.0, 0.0, 7.0 ],
			"faces": {
				"north": { "texture": "#skin", "uv": [ 0.0, 0.0, 3.0, 1.0 ] },
				"east": { "texture": "#skin", "uv": [ 0.0, 0.0, 2.0, 1.0 ] },
				"south": { "texture": "#skin", "uv": [ 0.0, 0.0, 3.0, 1.0 ] },
				"west": { "texture": "#skin", "uv": [ 0.0, 0.0, 2.0, 1.0 ] },
				"up": { "texture": "#skin", "uv": [ 0.0, 0.0, 3.0, 2.0 ] },
				"down": { "texture": "#skin", "uv": [ 0.0, 0.0, 3.0, 2.0 ] }
			},
			"children": [
				{
					"name": "Tail",
					"from": [ 3.0, 0.0, 0.25 ], 
					"to": [ 5.0, 0.75, 1.75 ], 
					"rotationOrigin": [ 3.0, 0.0, 0.0 ],
					"faces": {
						"north": { "texture": "#skin", "uv": [ 0.0, 0.0, 2.0, 0.5 ] },
						"east": { "texture": "#skin", "uv": [ 0.0, 0.0, 1.5, 0.5 ] },
						"south": { "texture": "#skin", "uv": [ 0.0, 0.0, 2.0, 0.5 ] },
						"west": { "texture": "#skin", "uv": [ 0.0, 0.0, 1.5, 0.5 ] },
						"up": { "texture": "#skin", "uv": [ 0.0, 0.0, 2.0, 1.5 ] },
						"down": { "texture": "#skin", "uv": [ 0.0, 0.0, 2.0, 1.5 ] }
					},
					"children": [
						{
							"name": "Segment",
							"from": [ 2.0, 0.0, 0.25 ], 
							"to": [ 3.0, 0.25, 1.25 ], 
							"rotationOrigin": [ 2.0, 0.0, 0.0 ],
							"faces": {
								"north": { "texture": "#skin", "uv": [ 0.0, 0.0, 1.0, 0.5 ] },
								"east": { "texture": "#skin", "uv": [ 0.0, 0.0, 1.0, 0.5 ] },
								"south": { "texture": "#skin", "uv": [ 0.0, 0.0, 1.0, 0.5 ] },
								"west": { "texture": "#skin", "uv": [ 0.0, 0.0, 1.0, 0.5 ] },
								"up": { "texture": "#skin", "uv": [ 0.0, 0.0, 1.0, 1.0 ] },
								"down": { "texture": "#skin", "uv": [ 0.0, 0.0, 1.0, 1.0 ] }
							}
						}
					]
				},
				{
					"name": "Head",
					"from": [ -1.0, 0.0, 0.25 ], 
					"to": [ 0.0, 0.75, 1.75 ], 
					"rotationOrigin": [ -1.0, 0.0, 0.0 ],
					"faces": {
						"north": { "texture": "#skin", "uv": [ 0.0, 0.0, 1.0, 0.5 ] },
						"east": { "texture": "#skin", "uv": [ 0.0, 0.0, 1.5, 0.5 ] },
						"south": { "texture": "#skin", "uv": [ 0.0, 0.0, 1.0, 0.5 ] },
						"west": { "texture": "#skin", "uv": [ 0.0, 0.0, 1.5, 0.5 ] },
						"up": { "texture": "#skin", "uv": [ 0.0, 0.0, 1.0, 1.5 ] },
						"down": { "texture": "#skin", "uv": [ 0.0, 0.0, 1.0, 1.5 ] }
					},
					"children": [
						{
							"name": "EyeStalk",
							"from": [ 0.0, 0.25, 0.25 ], 
							"to": [ 0.1, 1.25, 0.35 ], 
							"rotationOrigin": [ 0.05, 0.85, 0.3 ],
							"rotationZ": 45.0,
							"faces": {
								"north": { "texture": "#skin", "uv": [ 0.0, 0.0, 0.5, 1.0 ] },
								"east": { "texture": "#skin", "uv": [ 0.0, 0.0, 0.5, 1.0 ] },
								"south": { "texture": "#skin", "uv": [ 0.0, 0.0, 0.5, 1.0 ] },
								"west": { "texture": "#skin", "uv": [ 0.0, 0.0, 0.5, 1.0 ] },
								"up": { "texture": "#skin", "uv": [ 0.0, 0.0, 0.5, 0.5 ] },
								"down": { "texture": "#skin", "uv": [ 0.0, 0.0, 0.5, 0.5 ] }
							},
							"children": [
								{
									"name": "Eye",
									"from": [ -0.05, 1.0, -0.05 ], 
									"to": [ 0.15, 1.2, 0.15 ], 
									"rotationOrigin": [ 0.0, 1.0, 0.0 ],
									"faces": {
										"north": { "texture": "#skin", "uv": [ 0.0, 0.0, 0.5, 0.5 ] },
										"east": { "texture": "#skin", "uv": [ 0.0, 0.0, 0.5, 0.5 ] },
										"south": { "texture": "#skin", "uv": [ 0.0, 0.0, 0.5, 0.5 ] },
										"west": { "texture": "#skin", "uv": [ 0.0, 0.0, 0.5, 0.5 ] },
										"up": { "texture": "#skin", "uv": [ 0.0, 0.0, 0.5, 0.5 ] },
										"down": { "texture": "#skin", "uv": [ 0.0, 0.0, 0.5, 0.5 ] }
									}
								}
							]
						},
						{
							"name": "Stalk1",
							"from": [ -0.25, 0.25, 0.25 ], 
							"to": [ 0.0, 0.35, 0.35 ], 
							"rotationOrigin": [ -2.0, 0.0, 0.0 ],
							"faces": {
								"north": { "texture": "#skin", "uv": [ 0.0, 0.0, 0.5, 0.5 ] },
								"east": { "texture": "#skin", "uv": [ 0.0, 0.0, 0.5, 0.5 ] },
								"south": { "texture": "#skin", "uv": [ 0.0, 0.0, 0.5, 0.5 ] },
								"west": { "texture": "#skin", "uv": [ 0.0, 0.0, 0.5, 0.5 ] },
								"up": { "texture": "#skin", "uv": [ 0.0, 0.0, 0.5, 0.5 ] },
								"down": { "texture": "#skin", "uv": [ 0.0, 0.0, 0.5, 0.5 ] }
							}
						},
						{
							"name": "Stalk2",
							"from": [ -0.25, 0.25, 1.25 ], 
							"to": [ 0.0, 0.35, 1.35 ], 
							"rotationOrigin": [ -2.0, 0.0, 1.0 ],
							"faces": {
								"north": { "texture": "#skin", "uv": [ 0.0, 0.0, 0.5, 0.5 ] },
								"east": { "texture": "#skin", "uv": [ 0.0, 0.0, 0.5, 0.5 ] },
								"south": { "texture": "#skin", "uv": [ 0.0, 0.0, 0.5, 0.5 ] },
								"west": { "texture": "#skin", "uv": [ 0.0, 0.0, 0.5, 0.5 ] },
								"up": { "texture": "#skin", "uv": [ 0.0, 0.0, 0.5, 0.5 ] },
								"down": { "texture": "#skin", "uv": [ 0.0, 0.0, 0.5, 0.5 ] }
							}
						},
						{
							"name": "EyeStalk9",
							"from": [ 0.0, 0.25, 1.25 ], 
							"to": [ 0.1, 1.25, 1.35 ], 
							"rotationOrigin": [ 0.05, 0.85, 1.3 ],
							"rotationZ": 45.0,
							"faces": {
								"north": { "texture": "#skin", "uv": [ 0.0, 0.0, 0.5, 1.0 ] },
								"east": { "texture": "#skin", "uv": [ 0.0, 0.0, 0.5, 1.0 ] },
								"south": { "texture": "#skin", "uv": [ 0.0, 0.0, 0.5, 1.0 ] },
								"west": { "texture": "#skin", "uv": [ 0.0, 0.0, 0.5, 1.0 ] },
								"up": { "texture": "#skin", "uv": [ 0.0, 0.0, 0.5, 0.5 ] },
								"down": { "texture": "#skin", "uv": [ 0.0, 0.0, 0.5, 0.5 ] }
							},
							"children": [
								{
									"name": "Eye10",
									"from": [ -0.05, 1.0, -0.05 ], 
									"to": [ 0.15, 1.2, 0.15 ], 
									"rotationOrigin": [ 0.0, 1.0, 0.0 ],
									"faces": {
										"north": { "texture": "#skin", "uv": [ 0.0, 0.0, 0.5, 0.5 ] },
										"east": { "texture": "#skin", "uv": [ 0.0, 0.0, 0.5, 0.5 ] },
										"south": { "texture": "#skin", "uv": [ 0.0, 0.0, 0.5, 0.5 ] },
										"west": { "texture": "#skin", "uv": [ 0.0, 0.0, 0.5, 0.5 ] },
										"up": { "texture": "#skin", "uv": [ 0.0, 0.0, 0.5, 0.5 ] },
										"down": { "texture": "#skin", "uv": [ 0.0, 0.0, 0.5, 0.5 ] }
									}
								}
							]
						}
					]
				}
			]
		},
		{
			"name": "Cube1",
			"from": [ 8.5, 1.0, 5.5 ], 
			"to": [ 11.5, 5.5, 10.0 ], 
			"rotationOrigin": [ 8.5, 1.0, 7.75 ],
			"rotationY": 180.0,
			"faces": {
				"north": { "texture": "#color", "uv": [ 9.5, 8.0, 12.5, 12.5 ] },
				"east": { "texture": "#color", "uv": [ 10.5, 2.5, 15.0, 7.0 ] },
				"south": { "texture": "#color", "uv": [ 5.5, 3.0, 8.5, 7.5 ] },
				"west": { "texture": "#color", "uv": [ 2.0, 11.0, 6.5, 15.5 ] },
				"up": { "texture": "#color", "uv": [ 0.0, 0.0, 3.0, 4.5 ] },
				"down": { "texture": "#color", "uv": [ 3.5, 3.0, 6.5, 7.5 ] }
			},
			"children": [
				{
					"name": "Cube2",
					"from": [ -1.35, 0.6, 0.6 ], 
					"to": [ 0.15, 3.6, 3.6 ], 
					"rotationOrigin": [ -1.35, 2.1, 2.1 ],
					"rotationX": -17.0,
					"rotationY": 3.0,
					"faces": {
						"north": { "texture": "#color", "uv": [ 7.0, 11.0, 8.5, 14.0 ] },
						"east": { "texture": "#color", "uv": [ 0.0, 0.0, 3.0, 3.0 ], "enabled": false },
						"south": { "texture": "#color", "uv": [ 7.0, 10.5, 8.5, 13.5 ] },
						"west": { "texture": "#color", "uv": [ 3.0, 11.5, 6.0, 14.5 ] },
						"up": { "texture": "#color", "uv": [ 7.0, 9.5, 8.5, 12.5 ] },
						"down": { "texture": "#color", "uv": [ 6.5, 10.0, 8.0, 13.0 ] }
					},
					"children": [
						{
							"name": "Cube4",
							"from": [ -1.095, 0.06, 0.225 ], 
							"to": [ 0.855, 2.46, 2.625 ], 
							"rotationOrigin": [ 0.0, 1.35, 1.5 ],
							"rotationX": -11.0,
							"rotationZ": 11.0,
							"faces": {
								"north": { "texture": "#color", "uv": [ 6.5, 12.5, 8.0, 14.75 ] },
								"east": { "texture": "#color", "uv": [ 0.0, 0.0, 2.25, 2.25 ], "enabled": false },
								"south": { "texture": "#color", "uv": [ 1.0, 12.0, 2.5, 14.25 ] },
								"west": { "texture": "#color", "uv": [ 3.5, 11.0, 5.75, 13.25 ] },
								"up": { "texture": "#color", "uv": [ 7.0, 9.5, 8.5, 11.75 ] },
								"down": { "texture": "#color", "uv": [ 0.5, 12.0, 2.0, 14.25 ] }
							},
							"children": [
								{
									"name": "Cube16",
									"from": [ -0.48, 0.195, 0.375 ], 
									"to": [ 1.32, 2.145, 2.325 ], 
									"rotationOrigin": [ 0.795, 0.69, 1.275 ],
									"rotationX": -6.0,
									"rotationY": -6.0,
									"rotationZ": 14.0,
									"faces": {
										"north": { "texture": "#color", "uv": [ 6.5, 12.5, 8.0, 14.0 ] },
										"east": { "texture": "#color", "uv": [ 0.0, 0.0, 1.5, 1.5 ], "enabled": false },
										"south": { "texture": "#color", "uv": [ 1.0, 12.0, 2.5, 13.5 ] },
										"west": { "texture": "#color", "uv": [ 3.5, 11.0, 5.0, 12.5 ] },
										"up": { "texture": "#color", "uv": [ 7.0, 9.5, 8.5, 11.0 ] },
										"down": { "texture": "#color", "uv": [ 0.5, 12.0, 2.0, 13.5 ] }
									}
								}
							]
						}
					]
				},
				{
					"name": "leg",
					"from": [ 1.5, 0.75, 0.0 ], 
					"to": [ 4.5, 2.85, 3.0 ], 
					"rotationOrigin": [ 3.0, 0.75, 1.5 ],
					"rotationX": 6.0,
					"rotationY": 6.0,
					"rotationZ": 17.0,
					"faces": {
						"north": { "texture": "#color", "uv": [ 3.5, 3.5, 6.5, 5.0 ] },
						"east": { "texture": "#color", "uv": [ 2.5, 4.0, 5.5, 5.5 ] },
						"south": { "texture": "#color", "uv": [ 3.5, 5.5, 6.5, 7.0 ] },
						"west": { "texture": "#color", "uv": [ 0.0, 0.0, 3.0, 1.5 ], "enabled": false },
						"up": { "texture": "#color", "uv": [ 2.5, 3.5, 5.5, 6.5 ] },
						"down": { "texture": "#color", "uv": [ 3.5, 11.0, 6.5, 14.0 ] }
					}
				},
				{
					"name": "Cube5",
					"from": [ 0.0, 3.75, 3.75 ], 
					"to": [ 0.75, 5.25, 4.5 ], 
					"rotationOrigin": [ 0.3, 4.2, 4.05 ],
					"rotationX": 45.0,
					"rotationZ": 45.0,
					"faces": {
						"north": { "texture": "#color", "uv": [ 0.0, 0.0, 0.75, 1.5 ] },
						"east": { "texture": "#color", "uv": [ 0.0, 0.0, 0.75, 1.5 ] },
						"south": { "texture": "#color", "uv": [ 0.0, 0.0, 0.75, 1.5 ] },
						"west": { "texture": "#color", "uv": [ 0.0, 0.0, 0.75, 1.5 ] },
						"up": { "texture": "#color", "uv": [ 0.0, 0.0, 0.75, 0.75 ] },
						"down": { "texture": "#color", "uv": [ 0.0, 0.0, 0.75, 0.75 ], "enabled": false }
					}
				},
				{
					"name": "Cube6",
					"from": [ 0.0, -0.75, 0.0 ], 
					"to": [ 0.75, 0.75, 0.75 ], 
					"rotationOrigin": [ 0.3, 0.45, 0.3 ],
					"rotationX": 45.0,
					"rotationZ": -45.0,
					"faces": {
						"north": { "texture": "#color", "uv": [ 0.0, 0.0, 0.75, 1.5 ] },
						"east": { "texture": "#color", "uv": [ 0.0, 0.0, 0.75, 1.5 ] },
						"south": { "texture": "#color", "uv": [ 0.0, 0.0, 0.75, 1.5 ] },
						"west": { "texture": "#color", "uv": [ 0.0, 0.0, 0.75, 1.5 ] },
						"up": { "texture": "#color", "uv": [ 0.0, 0.0, 0.75, 0.75 ], "enabled": false },
						"down": { "texture": "#color", "uv": [ 0.0, 0.0, 0.75, 0.75 ] }
					}
				},
				{
					"name": "Cube7",
					"from": [ 2.25, -0.75, 0.0 ], 
					"to": [ 3.0, 0.75, 0.75 ], 
					"rotationOrigin": [ 2.55, 0.45, 0.3 ],
					"rotationX": 45.0,
					"rotationZ": 22.5,
					"faces": {
						"north": { "texture": "#color", "uv": [ 0.0, 0.0, 0.75, 1.5 ] },
						"east": { "texture": "#color", "uv": [ 0.0, 0.0, 0.75, 1.5 ] },
						"south": { "texture": "#color", "uv": [ 0.0, 0.0, 0.75, 1.5 ] },
						"west": { "texture": "#color", "uv": [ 0.0, 0.0, 0.75, 1.5 ] },
						"up": { "texture": "#color", "uv": [ 0.0, 0.0, 0.75, 0.75 ], "enabled": false },
						"down": { "texture": "#color", "uv": [ 0.0, 0.0, 0.75, 0.75 ] }
					}
				},
				{
					"name": "Cube8",
					"from": [ 2.25, 3.9, 0.0 ], 
					"to": [ 3.0, 5.4, 0.75 ], 
					"rotationOrigin": [ 2.55, 4.05, 0.3 ],
					"rotationX": -45.0,
					"rotationZ": -45.0,
					"faces": {
						"north": { "texture": "#color", "uv": [ 0.0, 0.0, 0.75, 1.5 ] },
						"east": { "texture": "#color", "uv": [ 0.0, 0.0, 0.75, 1.5 ] },
						"south": { "texture": "#color", "uv": [ 0.0, 0.0, 0.75, 1.5 ] },
						"west": { "texture": "#color", "uv": [ 0.0, 0.0, 0.75, 1.5 ] },
						"up": { "texture": "#color", "uv": [ 0.0, 0.0, 0.75, 0.75 ] },
						"down": { "texture": "#color", "uv": [ 0.0, 0.0, 0.75, 0.75 ], "enabled": false }
					}
				},
				{
					"name": "Cube9",
					"from": [ 2.25, 4.05, 3.75 ], 
					"to": [ 3.0, 5.55, 4.5 ], 
					"rotationOrigin": [ 2.55, 4.2, 4.05 ],
					"rotationX": 45.0,
					"rotationZ": -45.0,
					"faces": {
						"north": { "texture": "#color", "uv": [ 0.0, 0.0, 0.75, 1.5 ] },
						"east": { "texture": "#color", "uv": [ 0.0, 0.0, 0.75, 1.5 ] },
						"south": { "texture": "#color", "uv": [ 0.0, 0.0, 0.75, 1.5 ] },
						"west": { "texture": "#color", "uv": [ 0.0, 0.0, 0.75, 1.5 ] },
						"up": { "texture": "#color", "uv": [ 0.0, 0.0, 0.75, 0.75 ] },
						"down": { "texture": "#color", "uv": [ 0.0, 0.0, 0.75, 0.75 ], "enabled": false }
					}
				},
				{
					"name": "Cube10",
					"from": [ 0.0, 3.75, 0.0 ], 
					"to": [ 0.75, 5.25, 0.75 ], 
					"rotationOrigin": [ 0.3, 4.05, 0.3 ],
					"rotationX": -45.0,
					"rotationZ": 45.0,
					"faces": {
						"north": { "texture": "#color", "uv": [ 0.0, 0.0, 0.75, 1.5 ] },
						"east": { "texture": "#color", "uv": [ 0.0, 0.0, 0.75, 1.5 ] },
						"south": { "texture": "#color", "uv": [ 0.0, 0.0, 0.75, 1.5 ] },
						"west": { "texture": "#color", "uv": [ 0.0, 0.0, 0.75, 1.5 ] },
						"up": { "texture": "#color", "uv": [ 0.0, 0.0, 0.75, 0.75 ] },
						"down": { "texture": "#color", "uv": [ 0.0, 0.0, 0.75, 0.75 ], "enabled": false }
					}
				},
				{
					"name": "Cube11",
					"from": [ 2.25, 2.25, 3.45 ], 
					"to": [ 3.0, 3.75, 4.2 ], 
					"rotationOrigin": [ 2.55, 2.25, 3.75 ],
					"rotationX": 90.0,
					"rotationZ": -45.0,
					"faces": {
						"north": { "texture": "#color", "uv": [ 0.0, 0.0, 0.75, 1.5 ] },
						"east": { "texture": "#color", "uv": [ 0.0, 0.0, 0.75, 1.5 ] },
						"south": { "texture": "#color", "uv": [ 0.0, 0.0, 0.75, 1.5 ] },
						"west": { "texture": "#color", "uv": [ 0.0, 0.0, 0.75, 1.5 ] },
						"up": { "texture": "#color", "uv": [ 0.0, 0.0, 0.75, 0.75 ] },
						"down": { "texture": "#color", "uv": [ 0.0, 0.0, 0.75, 0.75 ], "enabled": false }
					}
				},
				{
					"name": "Cube12",
					"from": [ 2.25, -1.05, 3.75 ], 
					"to": [ 3.0, 0.45, 4.5 ], 
					"rotationOrigin": [ 2.55, 0.6, 4.05 ],
					"rotationX": -45.0,
					"rotationZ": 45.0,
					"faces": {
						"north": { "texture": "#color", "uv": [ 0.0, 0.0, 0.75, 1.5 ] },
						"east": { "texture": "#color", "uv": [ 0.0, 0.0, 0.75, 1.5 ] },
						"south": { "texture": "#color", "uv": [ 0.0, 0.0, 0.75, 1.5 ] },
						"west": { "texture": "#color", "uv": [ 0.0, 0.0, 0.75, 1.5 ] },
						"up": { "texture": "#color", "uv": [ 0.0, 0.0, 0.75, 0.75 ], "enabled": false },
						"down": { "texture": "#color", "uv": [ 0.0, 0.0, 0.75, 0.75 ] }
					}
				},
				{
					"name": "Cube13",
					"from": [ 0.15, -1.35, 3.75 ], 
					"to": [ 0.9, 0.15, 4.5 ], 
					"rotationOrigin": [ 0.45, 0.15, 4.05 ],
					"rotationX": -45.0,
					"rotationZ": -45.0,
					"faces": {
						"north": { "texture": "#color", "uv": [ 0.0, 0.0, 0.75, 1.5 ] },
						"east": { "texture": "#color", "uv": [ 0.0, 0.0, 0.75, 1.5 ] },
						"south": { "texture": "#color", "uv": [ 0.0, 0.0, 0.75, 1.5 ] },
						"west": { "texture": "#color", "uv": [ 0.0, 0.0, 0.75, 1.5 ] },
						"up": { "texture": "#color", "uv": [ 0.0, 0.0, 0.75, 0.75 ], "enabled": false },
						"down": { "texture": "#color", "uv": [ 0.0, 0.0, 0.75, 0.75 ] }
					}
				},
				{
					"name": "Cube14",
					"from": [ 0.0, 2.4, 3.6 ], 
					"to": [ 0.75, 3.9, 4.35 ], 
					"rotationOrigin": [ 0.3, 2.4, 3.9 ],
					"rotationX": 90.0,
					"rotationZ": 22.5,
					"faces": {
						"north": { "texture": "#color", "uv": [ 0.0, 0.0, 0.75, 1.5 ] },
						"east": { "texture": "#color", "uv": [ 0.0, 0.0, 0.75, 1.5 ] },
						"south": { "texture": "#color", "uv": [ 0.0, 0.0, 0.75, 1.5 ] },
						"west": { "texture": "#color", "uv": [ 0.0, 0.0, 0.75, 1.5 ] },
						"up": { "texture": "#color", "uv": [ 0.0, 0.0, 0.75, 0.75 ] },
						"down": { "texture": "#color", "uv": [ 0.0, 0.0, 0.75, 0.75 ], "enabled": false }
					}
				},
				{
					"name": "Cube15",
					"from": [ 2.25, 4.05, 1.8 ], 
					"to": [ 3.0, 5.55, 2.55 ], 
					"rotationOrigin": [ 2.55, 4.2, 2.1 ],
					"rotationZ": -45.0,
					"faces": {
						"north": { "texture": "#color", "uv": [ 0.0, 0.0, 0.75, 1.5 ] },
						"east": { "texture": "#color", "uv": [ 0.0, 0.0, 0.75, 1.5 ] },
						"south": { "texture": "#color", "uv": [ 0.0, 0.0, 0.75, 1.5 ] },
						"west": { "texture": "#color", "uv": [ 0.0, 0.0, 0.75, 1.5 ] },
						"up": { "texture": "#color", "uv": [ 0.0, 0.0, 0.75, 0.75 ] },
						"down": { "texture": "#color", "uv": [ 0.0, 0.0, 0.75, 0.75 ], "enabled": false }
					}
				},
				{
					"name": "Cube17",
					"from": [ 0.15, 3.75, 1.95 ], 
					"to": [ 0.9, 5.25, 2.7 ], 
					"rotationOrigin": [ 0.45, 4.05, 2.25 ],
					"rotationZ": 45.0,
					"faces": {
						"north": { "texture": "#color", "uv": [ 0.0, 0.0, 0.75, 1.5 ] },
						"east": { "texture": "#color", "uv": [ 0.0, 0.0, 0.75, 1.5 ] },
						"south": { "texture": "#color", "uv": [ 0.0, 0.0, 0.75, 1.5 ] },
						"west": { "texture": "#color", "uv": [ 0.0, 0.0, 0.75, 1.5 ] },
						"up": { "texture": "#color", "uv": [ 0.0, 0.0, 0.75, 0.75 ] },
						"down": { "texture": "#color", "uv": [ 0.0, 0.0, 0.75, 0.75 ], "enabled": false }
					}
				},
				{
					"name": "Cube18",
					"from": [ 0.0, 1.8, 0.0 ], 
					"to": [ 0.75, 3.3, 0.75 ], 
					"rotationOrigin": [ 0.3, 2.1, 0.3 ],
					"rotationX": -90.0,
					"rotationZ": 45.0,
					"faces": {
						"north": { "texture": "#color", "uv": [ 0.0, 0.0, 0.75, 1.5 ] },
						"east": { "texture": "#color", "uv": [ 0.0, 0.0, 0.75, 1.5 ] },
						"south": { "texture": "#color", "uv": [ 0.0, 0.0, 0.75, 1.5 ] },
						"west": { "texture": "#color", "uv": [ 0.0, 0.0, 0.75, 1.5 ] },
						"up": { "texture": "#color", "uv": [ 0.0, 0.0, 0.75, 0.75 ] },
						"down": { "texture": "#color", "uv": [ 0.0, 0.0, 0.75, 0.75 ], "enabled": false }
					}
				},
				{
					"name": "Cube19",
					"from": [ 2.25, 1.8, 0.0 ], 
					"to": [ 3.0, 3.3, 0.75 ], 
					"rotationOrigin": [ 2.55, 2.1, 0.3 ],
					"rotationX": -90.0,
					"rotationZ": -45.0,
					"faces": {
						"north": { "texture": "#color", "uv": [ 0.0, 0.0, 0.75, 1.5 ] },
						"east": { "texture": "#color", "uv": [ 0.0, 0.0, 0.75, 1.5 ] },
						"south": { "texture": "#color", "uv": [ 0.0, 0.0, 0.75, 1.5 ] },
						"west": { "texture": "#color", "uv": [ 0.0, 0.0, 0.75, 1.5 ] },
						"up": { "texture": "#color", "uv": [ 0.0, 0.0, 0.75, 0.75 ] },
						"down": { "texture": "#color", "uv": [ 0.0, 0.0, 0.75, 0.75 ], "enabled": false }
					}
				}
			]
		}
	],
	"animations": [
		{
			"name": "Walk",
			"code": "walk",
			"quantityframes": 30,
			"onActivityStopped": "Rewind",
			"onAnimationEnd": "Repeat",
			"keyframes": [
				{
					"frame": 7,
					"elements": {
						"Body": {  },
						"Head": {  },
						"EyeStalk": { "rotationX": 0.0, "rotationY": 0.0, "rotationZ": 10.0 },
						"EyeStalk9": { "rotationX": 0.0, "rotationY": 0.0, "rotationZ": -10.0 }
					}
				},
				{
					"frame": 14,
					"elements": {
						"Body": {  },
						"Tail": { "offsetX": -0.5, "offsetY": 0.0, "offsetZ": 0.0 },
						"Head": { "offsetX": 0.25, "offsetY": 0.0, "offsetZ": 0.0 },
						"EyeStalk": { "rotationX": 0.0, "rotationY": 0.0, "rotationZ": 0.0 },
						"EyeStalk9": { "rotationX": 0.0, "rotationY": 0.0, "rotationZ": 0.0 }
					}
				},
				{
					"frame": 21,
					"elements": {
						"Body": {  },
						"Head": {  },
						"EyeStalk": { "rotationX": 0.0, "rotationY": 0.0, "rotationZ": -10.0 },
						"EyeStalk9": { "rotationX": 0.0, "rotationY": 0.0, "rotationZ": 10.0 }
					}
				},
				{
					"frame": 29,
					"elements": {
						"Body": {  },
						"Tail": { "offsetX": 0.0, "offsetY": 0.0, "offsetZ": 0.0 },
						"Head": { "offsetX": 0.0, "offsetY": 0.0, "offsetZ": 0.0 },
						"EyeStalk": { "rotationX": 0.0, "rotationY": 0.0, "rotationZ": 0.0 },
						"EyeStalk9": { "rotationX": 0.0, "rotationY": 0.0, "rotationZ": 0.0 }
					}
				}
			]
		},

		{
			"name": "Idle",
			"code": "idle",
			"quantityframes": 30,
			"onActivityStopped": "Rewind",
			"onAnimationEnd": "Repeat",
			"keyframes": [
				{
					"frame": 7,
					"elements": {
						"Body": {  },
						"Head": {  },
						"EyeStalk": { "rotationX": 0.0, "rotationY": 0.0, "rotationZ": 5.0 },
						"EyeStalk9": { "rotationX": 0.0, "rotationY": 0.0, "rotationZ": -5.0 }
					}
				},
				{
					"frame": 14,
					"elements": {
						"Body": {  },
						"Head": {  },
						"EyeStalk": { "rotationX": 0.0, "rotationY": 0.0, "rotationZ": 0.0 },
						"EyeStalk9": { "rotationX": 0.0, "rotationY": 0.0, "rotationZ": 0.0 }
					}
				},
				{
					"frame": 21,
					"elements": {
						"Body": {  },
						"Head": {  },
						"EyeStalk": { "rotationX": 0.0, "rotationY": 0.0, "rotationZ": -5.0 },
						"EyeStalk9": { "rotationX": 0.0, "rotationY": 0.0, "rotationZ": 5.0 }
					}
				},
				{
					"frame": 29,
					"elements": {
						"Body": {  },
						"Head": {  },
						"EyeStalk": { "rotationX": 0.0, "rotationY": 0.0, "rotationZ": 0.0 },
						"EyeStalk9": { "rotationX": 0.0, "rotationY": 0.0, "rotationZ": 0.0 }
					}
				}
			]
		},

		{
			"name": "Hurt",
			"code": "hurt",
			"quantityframes": 30,
			"onActivityStopped": "EaseOut",
			"onAnimationEnd": "Hold",
			"keyframes": [
				{
					"frame": 0,
					"elements": {
						"Body": {  },
						"Tail": { "offsetX": 0.0, "offsetY": 0.0, "offsetZ": 0.0 },
						"Segment": { "offsetX": 0.0, "offsetY": 0.0, "offsetZ": 0.0 },
						"Head": { "offsetX": 0.0, "offsetY": 0.0, "offsetZ": 0.0 },
						"EyeStalk": { "rotationX": 0.0, "rotationY": 0.0, "rotationZ": 0.0 },
						"EyeStalk9": { "rotationX": 0.0, "rotationY": 0.0, "rotationZ": 0.0 }
					}
				},
				{
					"frame": 29,
					"elements": {
						"Body": {  },
						"Tail": { "offsetX": -2.5, "offsetY": 0.0, "offsetZ": 0.0 },
						"Segment": { "offsetX": -1.0, "offsetY": 0.0, "offsetZ": 0.0 },
						"Head": { "offsetX": 2.0, "offsetY": 0.0, "offsetZ": 0.0 },
						"EyeStalk": { "rotationX": 0.0, "rotationY": 0.0, "rotationZ": 45.0 },
						"EyeStalk9": { "rotationX": 0.0, "rotationY": 0.0, "rotationZ": 45.0 }
					}
				}
			]
		}
	]
}