[
	{
    	ingredientPattern: "H,F,T",
		ingredients: {
			"H": { type: "block", code: "game:flower-cornflower-*" },
        	"F": { type: "block", code: "game:flower-orangemallow-*" },
        	"T": { type: "item", code: "alchemy:mortarpestle-*", isTool: true }
		},
		shapeless: true,
		width: 1,
		height: 3,
		output: { type: "item", code: "alchemy:potionbase-hunter-weak" }
	},
	{
		ingredientPattern: "H,F,T",
		ingredients: {
			"H": { type: "item", code: "alchemy:cuttings-cornflower-cooked" },
			"F": { type: "item", code: "alchemy:cuttings-orangemallow-cooked" },
			"T": { type: "item", code: "alchemy:mortarpestle-*", isTool: true }
		},
		shapeless: true,
		width: 1,
		height: 3,
		output: { type: "item", code: "alchemy:potionbase-hunter-strong" }
	},
	{
    	ingredientPattern: "H,F,T",
		ingredients: {
			"H": { type: "item", code: "wildcraft:herbs-chamomile" },
            "F": { type: "block", code: "game:flower-orangemallow-*" },
        	"T": { type: "item", code: "alchemy:mortarpestle-*", isTool: true }
		},
		shapeless: true,
		width: 1,
		height: 3,
		output: { type: "item", code: "alchemy:potionbase-hunter-weak" }
	},
	{
    	ingredientPattern: "H,F,T",
		ingredients: {
			"H": { type: "item", code: "game:herbbundle-chamomile" },
            "F": { type: "block", code: "game:flower-orangemallow-*" },
        	"T": { type: "item", code: "alchemy:mortarpestle-*", isTool: true }
		},
		shapeless: true,
		width: 1,
		height: 3,
		output: { type: "item", code: "alchemy:potionbase-hunter-weak" }
	},
	{
		ingredientPattern: "H,F,T",
		ingredients: {
			"H": { type: "item", code: "alchemy:cuttings-chamomile-cooked" },
			"F": { type: "item", code: "alchemy:cuttings-orangemallow-cooked" },
			"T": { type: "item", code: "alchemy:mortarpestle-*", isTool: true }
		},
		shapeless: true,
		width: 1,
		height: 3,
		output: { type: "item", code: "alchemy:potionbase-hunter-strong" }
	},
	{
    	ingredientPattern: "H,F,T",
		ingredients: {
			"H": { type: "item", code: "wildcraft:herbs-chamomile" },
			"F": { type: "block", code: "game:flower-cornflower-*" },
        	"T": { type: "item", code: "alchemy:mortarpestle-*", isTool: true }
		},
		shapeless: true,
		width: 1,
		height: 3,
		output: { type: "item", code: "alchemy:potionbase-hunter-weak" }
	},
	{
    	ingredientPattern: "H,F,T",
		ingredients: {
			"H": { type: "item", code: "game:herbbundle-chamomile" },
			"F": { type: "block", code: "game:flower-cornflower-*" },
        	"T": { type: "item", code: "alchemy:mortarpestle-*", isTool: true }
		},
		shapeless: true,
		width: 1,
		height: 3,
		output: { type: "item", code: "alchemy:potionbase-hunter-weak" }
	},
	{
		ingredientPattern: "H,F,T",
		ingredients: {
			"H": { type: "item", code: "alchemy:cuttings-chamomile-cooked" },
			"F": { type: "item", code: "alchemy:cuttings-cornflower-cooked" },
			"T": { type: "item", code: "alchemy:mortarpestle-*", isTool: true }
		},
		shapeless: true,
		width: 1,
		height: 3,
		output: { type: "item", code: "alchemy:potionbase-hunter-strong" }
	},
]