[
	{
		ingredientPattern: "H,F,T",
		ingredients: {
			"H": { type: "block", code: "game:flower-heather-*"},
			"F": { type: "block", code: "game:flower-forgetmenot-*" },
    	    "T": { type: "item", code: "alchemy:mortarpestle-*", isTool: true },
		},
		shapeless: true,
		width: 1,
		height: 3,
		output: { type: "item", code: "alchemy:potionbase-poison-weak"  }
	},
	{
		ingredientPattern: "H,F,T",
		ingredients: {
			"H": { type: "item", code: "alchemy:cuttings-heather-cooked"},
			"F": { type: "item", code: "alchemy:cuttings-forgetmenot-cooked" },
			"T": { type: "item", code: "alchemy:mortarpestle-*", isTool: true },
		},
		shapeless: true,
		width: 1,
		height: 3,
		output: { type: "item", code: "alchemy:potionbase-poison-strong"  }
	}
]