[
  {
    "op": "add",
    "path": "/attributes/herbrackable",
    "value": true,
    "file": "game:itemtypes/food/bushmeat.json",
    dependsOn: [{ "modid": "alchemy" }]
  },
  {
    "op": "add",
    "path": "/attributes/herbRackTransform",
    "value": {
      "translation": {
        "x": 0.04,
        "y": 0.35,
        "z": 0.03
      },
      "rotation": {
        "x": 0,
        "y": -90,
        "z": 90
      },
      "origin": {
        "x": 0.5,
        "y": 0,
        "z": 0.5
      },
      "scale": 1
    },
    "file": "game:itemtypes/food/bushmeat.json",
    dependsOn: [{ "modid": "alchemy" }]
  },
]