[
  {
	ingredientPattern: "K,P",
    recipeGroup: 1,
	ingredients: {
		"P": { 
			type: "item", 
			code: "acornpasta-flat", 
			name: "pasta",
		},
    		"K": {
        		type: "item",
        		code: "game:knife-*",
        		isTool: true
      		},
	},
	width: 2,
	height: 1,
    	"shapeless": true,
	output: { type: "item", code: "acornpasta-cut"  }
  },
  {
    "ingredientPattern": "SP",
    recipeGroup: 21,
    "ingredients": {
      "S": {
        type: "item",
        code: "game:cleaver-*",
        isTool: true
      },
      "P": {
        type: "item",
        code: "acornpasta-flat",
        name: "pasta",
      }
    },
    "width": 2,
    "height": 1,
    "shapeless": true,
    "output": { type: "item", code: "acornpasta-cut" }
   },
  {
	ingredientPattern: "R,M",
    recipeGroup: 3,
	ingredients: {
		"R": { 
			type: "item", 
			code: "game:stone-*"
		},
		"M": { 
			type: "item", 
			code: "acornpasta-dough", 
			name: "pasta",
		},
	},
	width: 1,
	height: 2,
	output: { type: "item", code: "acornpasta-flat"  }
  },
  {
	ingredientPattern: "H,M",
    recipeGroup: 4,
	ingredients: {
		"H": { 
			type: "item", 
			code: "game:hammer-*",
			isTool: true
		},
		"M": { 
			type: "item", 
			code: "acornpasta-dough", 
			name: "pasta",
		},
	},
	width: 1,
	height: 2,
	output: { type: "item", code: "acornpasta-flat"  }
  },
  {
	ingredientPattern: "H,M",
    recipeGroup: 5,
	ingredients: {
		"H": { 
			type: "item", 
			code: "acorns:mallet",
			isTool: true
		},
		"M": { 
			type: "item", 
			code: "acornpasta-dough", 
			name: "meat",
		},
	},
	width: 1,
	height: 2,
	name: "bushmeatsmash",
	output: { type: "item", code: "acornpasta-flat"  }
  },
  {
	ingredientPattern: "H,M",
	ingredients: {
		"H": { 
			type: "item", 
			code: "rollingpin-*",
       			isTool: true
		},
		"M": { 
			type: "item", 
			code: "acornpasta-dough", 
			name: "pasta",
		},
	},
	width: 1,
	height: 2,
	output: { type: "item", code: "acornpasta-flat"  }
  },
]
