{
	"editor": {
		"allAngles": false,
		"entityTextureMode": false
	},
	"textureWidth": 16,
	"textureHeight": 16,
	"textureSizes": {
	},
	"textures": {
	},
	"elements": [
		{
			"name": "left_door5",
			"from": [ 0.0, 0.0, 8.0 ], 
			"to": [ 8.0, 16.0, 9.0 ], 
			"rotationOrigin": [ 0.5, 7.0, 8.5 ],
			"rotationY": -22.5,
			"faces": {
				"north": { "texture": "#2", "uv": [ 0.0, 0.0, 14.0, 8.0 ], "rotation": 90, "autoUv": false },
				"east": { "texture": "#2", "uv": [ 0.0, 0.0, 14.0, 1.0 ], "rotation": 90, "autoUv": false },
				"south": { "texture": "#2", "uv": [ 0.0, 0.0, 14.0, 8.0 ], "rotation": 90, "autoUv": false },
				"west": { "texture": "#2", "uv": [ 0.0, 0.0, 14.0, 1.0 ], "rotation": 90, "autoUv": false },
				"up": { "texture": "#2", "uv": [ 0.0, 0.0, 2.0, 16.0 ], "rotation": 90, "autoUv": false },
				"down": { "texture": "#2", "uv": [ 0.0, 0.0, 2.0, 16.0 ], "rotation": 90, "autoUv": false }
			}
		},
		{
			"name": "right_door7",
			"from": [ 8.0, 0.0, 8.0 ], 
			"to": [ 16.0, 16.0, 9.0 ], 
			"rotationOrigin": [ 15.5, 7.0, 8.5 ],
			"rotationY": 22.5,
			"faces": {
				"north": { "texture": "#2", "uv": [ 0.0, 0.0, 16.0, 8.0 ], "rotation": 90, "autoUv": false },
				"east": { "texture": "#2", "uv": [ 0.0, 0.0, 14.0, 1.0 ], "rotation": 90, "autoUv": false },
				"south": { "texture": "#2", "uv": [ 0.0, 0.0, 14.0, 8.0 ], "rotation": 90, "autoUv": false },
				"west": { "texture": "#2", "uv": [ 0.0, 0.0, 14.0, 1.0 ], "rotation": 90, "autoUv": false },
				"up": { "texture": "#2", "uv": [ 0.0, 0.0, 2.0, 16.0 ], "rotation": 90, "autoUv": false },
				"down": { "texture": "#2", "uv": [ 0.0, 0.0, 2.0, 16.0 ], "rotation": 90, "autoUv": false }
			}
		}
	]}