{
	code: "wildstrongwineportion",
	class: "TransLiquid",
	matterState: "liquid",
	variantgroups: [
		{ code: "type", states: ["huckleberry", "snowberry", "brambleberry", "cloudberry", "dogrose", "elderberry", "gooseberry", "honeysuckle", "strawberry", "raspberry"] },
	],
	attributes: {
		"handbook": { "groupBy": [ "wildstrongwineportion-*" ] },
		nutritionPropsWhenInMealByType: {
			"*-cloudberry": { saturation: 405, health: 2, foodcategory: "Fruit" },
			"*-snowberry": { saturation: 210, health: -1, foodcategory: "Fruit" },
			"*-huckleberry": { saturation: 210, health: 2, foodcategory: "Fruit" },
			"*-dogrose": { saturation: 75, health: 2, foodcategory: "Fruit" },
			"*-elderberry": { saturation: 210, health: 1, foodcategory: "Fruit" },
			"*": { satiety: 270, health: 2, foodcategory: "Fruit" },
		},
		waterTightContainerProps: {
			containable: true,
			itemsPerLitre: 100,
	        texture: { base: "game:item/liquid/{type}wine", overlays: ["game:item/liquid/syrup"]},
			allowSpill: true,
			whenSpilled: {
				action: "DropContents",
				stack: { type: "item", code: "expandedfoods:wildstrongwineportion-{type}" }
			}
		}
	},
	transitionablePropsByType: {
		"*-huckleberry": [{
    			type: "Perish",
    			freshHours: { avg: 1568 },
    			transitionHours: { avg: 672 },
    			transitionedStack: { type: "item", code: "game:rot" },
    			transitionRatio: 0.25
			},
			{
    			type: "Cure",
    			freshHours: { avg: 1568 },
    			transitionHours: { avg: 4704 },
    			transitionedStack: { type: "item", code: "wildpotentwineportion-huckleberry" },
    			transitionRatio: 1
  			}],
		"*-snowberry": [{
    			type: "Perish",
    			freshHours: { avg: 1176 },
    			transitionHours: { avg: 504 },
    			transitionedStack: { type: "item", code: "game:rot" },
    			transitionRatio: 0.25
			},
			{
    			type: "Cure",
    			freshHours: { avg: 1176 },
    			transitionHours: { avg: 3528 },
    			transitionedStack: { type: "item", code: "wildpotentwineportion-snowberry" },
    			transitionRatio: 1
  			}],
		"*-cloudberry": [{
    			type: "Perish",
    			freshHours: { avg: 336 },
    			transitionHours: { avg: 144 },
    			transitionedStack: { type: "item", code: "game:rot" },
    			transitionRatio: 0.25
			},
			{
    			type: "Cure",
    			freshHours: { avg: 336 },
    			transitionHours: { avg: 1008 },
    			transitionedStack: { type: "item", code: "wildpotentwineportion-cloudberry" },
    			transitionRatio: 1
  			}],
		"*-dogrose": [{
    			type: "Perish",
    			freshHours: { avg: 4704 },
    			transitionHours: { avg: 2016 },
    			transitionedStack: { type: "item", code: "game:rot" },
    			transitionRatio: 0.25
			},
			{
    			type: "Cure",
    			freshHours: { avg: 4704 },
    			transitionHours: { avg: 14112 },
    			transitionedStack: { type: "item", code: "wildpotentwineportion-dogrose" },
    			transitionRatio: 1
  			}],
		"*-elderberry": [{
    			type: "Perish",
    			freshHours: { avg: 1176 },
    			transitionHours: { avg: 504 },
    			transitionedStack: { type: "item", code: "game:rot" },
    			transitionRatio: 0.25
			},
			{
    			type: "Cure",
    			freshHours: { avg: 1176 },
    			transitionHours: { avg: 3528 },
    			transitionedStack: { type: "item", code: "wildpotentwineportion-elderberry" },
    			transitionRatio: 1
  			}],
		"*-honeysuckle": [{
    			type: "Perish",
    			freshHours: { avg: 336 },
    			transitionHours: { avg: 144 },
    			transitionedStack: { type: "item", code: "game:rot" },
    			transitionRatio: 0.25
			},
			{
    			type: "Cure",
    			freshHours: { avg: 336 },
    			transitionHours: { avg: 1008 },
    			transitionedStack: { type: "item", code: "wildpotentwineportion-honeysuckle" },
    			transitionRatio: 1
  			}],
		"*-strawberry": [{
    			type: "Perish",
    			freshHours: { avg: 336 },
    			transitionHours: { avg: 144 },
    			transitionedStack: { type: "item", code: "game:rot" },
    			transitionRatio: 0.25
			},
			{
    			type: "Cure",
    			freshHours: { avg: 336 },
    			transitionHours: { avg: 1008 },
    			transitionedStack: { type: "item", code: "wildpotentwineportion-strawberry" },
    			transitionRatio: 1
  			}],
		"*": [{
    			type: "Perish",
    			freshHours: { avg: 672 },
    			transitionHours: { avg: 288 },
    			transitionedStack: { type: "item", code: "game:rot" },
    			transitionRatio: 0.25
			},
			{
    			type: "Cure",
    			freshHours: { avg: 672 },
    			transitionHours: { avg: 2016 },
    			transitionedStack: { type: "item", code: "wildpotentwineportion-{type}" },
    			transitionRatio: 1
  			}],
	},
	shape: { base: "game:item/liquid" },
	texture: { base: "game:item/liquid/{type}wine", overlays: ["game:item/liquid/syrup"]},
	creativeinventory: { "general": ["*"], "items": ["*"] },
	maxstacksize: 5000,
	materialDensity: 200,
	nutritionPropsByType: {
		"*-cloudberry": { saturation: 270, health: 2, foodcategory: "Fruit" },
		"*-snowberry": { saturation: 140, health: -1, foodcategory: "Fruit" },
		"*-huckleberry": { saturation: 140, health: 2, foodcategory: "Fruit" },
		"*-dogrose": { saturation: 50, health: 2, foodcategory: "Fruit" },
		"*-elderberry": { saturation: 140, health: 1, foodcategory: "Fruit" },
		"*": { saturation: 180, health: 2, foodcategory: "Fruit" },
	},
	guiTransform: {
		rotation: { x: 128, y: 40, z: 7 },
		origin: { x: 0.5, y: 0, z: 0.5 },
		scale: 1.4
	},
	fpHandTransform: {
		translation: { x: 0, y: 0, z: 0 },
		rotation: { x: 42, y: 129, z: -30 }
	},
	tpHandTransform: {
		translation: { x: -1.5, y: -1, z: -1.4 },
	},
}
