{
	
	code: "breadedfishnugget",
  	class: "ExpandedFood",
	maxstacksize: 64,
	variantgroups: [
		{ code: "type", states: ["flax", "rice", "rye", "spelt", "cassava", "amaranth", "sunflower"]},
		{ code: "state", states: ["smashed", "partbaked", "tender", "charred", "syruppartbaked", "syrups", "syrupcharred", "oiled"] },
	],
	attributes: {
		"handbook": { "groupBy": [ "breadedfishnugget-*" ] },
  		"expandedNutritionPropsByType": {
			"*-smashed": {
				"game:flour-flax": {saturation: 80, foodcategory: "Grain"},
				"game:flour-rye": {saturation: 150, foodcategory: "Grain"},
				"game:flour-spelt": {saturation: 150, foodcategory: "Grain"},
				"game:flour-rice": {saturation: 165, foodcategory: "Grain"},
				"game:flour-cassava": {saturation: 150, foodcategory: "Grain"},
				"game:flour-amaranth": {saturation: 150, foodcategory: "Grain"},
				"game:flour-sunflower": {saturation: 150, foodcategory: "Grain"},
				"acorns:flour-acorn": {saturation: 150, foodcategory: "Grain"},
				"expandedfoods:breadcrumbs-flax": {saturation: 80, foodcategory: "Grain"},
				"expandedfoods:breadcrumbs-rice": {saturation: 160, foodcategory: "Grain"},
				"expandedfoods:breadcrumbs-spelt": {saturation: 150, foodcategory: "Grain"},
				"expandedfoods:breadcrumbs-rye": {saturation: 150, foodcategory: "Grain"},
				"expandedfoods:breadcrumbs-cassava": {saturation: 150, foodcategory: "Grain"},
				"expandedfoods:breadcrumbs-amaranth": {saturation: 150, foodcategory: "Grain"},
				"expandedfoods:breadcrumbs-sunflower": {saturation: 150, foodcategory: "Grain"},
				"game:egg-chicken-raw": { saturation: 150, foodcategory: "Protein"},
				"game:salt": {saturation: 10, health: 0.5, foodcategory: "Protein"}
				},
			"*-syruppartbaked": {
      				"game:honeyportion" : { saturation: 60, health: 0.5, foodcategory: "Fruit" },
      				"expandedfoods:treesyrupportion-*" : { saturation: 80, health: 1, foodcategory: "Fruit" },
    				"expandedfoods:soysauce" : { saturation: 240, foodcategory: "Protein" },
				},
			"*-syrups": {
      				"game:honeyportion" : { saturation: 60, health: 0.5, foodcategory: "Fruit" },
      				"expandedfoods:treesyrupportion-*" : { saturation: 80, health: 1, foodcategory: "Fruit" },
    				"expandedfoods:soysauce" : { saturation: 240, foodcategory: "Protein" },
				},
			"*-syrupcharred": {
      				"game:honeyportion" : { saturation: 60, health: 0.5, foodcategory: "Fruit" },
      				"expandedfoods:treesyrupportion-*" : { saturation: 80, health: 1, foodcategory: "Fruit" },
    				"expandedfoods:soysauce" : { saturation: 240, foodcategory: "Protein" },
				},
			},
		renderIngredientsByType: {
			"*-oiled": 
				{
				"expandedfoods:fishnugget-smashed": "expandedfoods:shapes/item/food/primitivesurvival/fish-smash.json",
			},
			"*-smashed": 
				{
				"expandedfoods:fishnugget-smashed": "expandedfoods:shapes/item/food/primitivesurvival/fish-smash.json",
			},
			"*-partbaked": 
				{
				"expandedfoods:fishnugget-smashed": "expandedfoods:shapes/item/food/primitivesurvival/fish-tender.json",
			},
			"*-tender": 
				{
				"expandedfoods:fishnugget-smashed": "expandedfoods:shapes/item/food/primitivesurvival/fish-tender.json",
			},
			"*-charred": 
				{
				"expandedfoods:fishnugget-smashed": "expandedfoods:shapes/item/food/primitivesurvival/fish-tender.json",
			},
			"*-syruppartbaked": 
				{
				"expandedfoods:fishnugget-smashed": "expandedfoods:shapes/item/food/primitivesurvival/fish-tender.json",
			},
			"*-syrups": 
				{
				"expandedfoods:fishnugget-smashed": "expandedfoods:shapes/item/food/primitivesurvival/fish-tender.json",
			},
			"*-syrupcharred": 
				{
				"expandedfoods:fishnugget-smashed": "expandedfoods:shapes/item/food/primitivesurvival/fish-tender.json",
			},
		},
		bakingPropertiesByType: {
			"*-smashed": {
				temp: 150,
				levelFrom: 0.0,
				levelTo: 0.25,
				startScaleY: 1.0,
				endScaleY: 1.0,
				resultCode: "expandedfoods:breadedfishnugget-{type}-partbaked",
			},
			"*-oiled": {
				temp: 150,
				levelFrom: 0.0,
				levelTo: 0.25,
				startScaleY: 1.0,
				endScaleY: 1.0,
				resultCode: "expandedfoods:breadedfishnugget-{type}-partbaked",
			},
			"*-partbaked": {
				temp: 150,
				levelFrom: 0.25,
				levelTo: 0.5,
				startScaleY: 1.0,
				endScaleY: 1.0,
				resultCode: "expandedfoods:breadedfishnugget-{type}-tender",
				initialCode: "expandedfoods:breadedfishnugget-{type}-{smashed|oiled}",
			},
			"*-tender": {
				temp: 150,
				levelFrom: 0.5,
				levelTo: 0.75,
				startScaleY: 1.0,
				endScaleY: 1.0,
				resultCode: "expandedfoods:breadedfishnugget-{type}-charred",
				initialCode: "expandedfoods:breadedfishnugget-{type}-partbaked",
			},
			"*-charred": {
				temp: 150,
				levelFrom: 0.75,
				levelTo: 1.0,
				startScaleY: 1.0,
				endScaleY: 0.9,
				initialCode: "expandedfoods:breadedfishnugget-{type}-tender",
			},
			"*-syruppartbaked": {
				temp: 150,
				levelFrom: 0.25,
				levelTo: 0.5,
				startScaleY: 1.0,
				endScaleY: 1.0,
				resultCode: "expandedfoods:breadedfishnugget-{type}-syrups"
			},
			"*-syrups": {
				temp: 150,
				levelFrom: 0.5,
				levelTo: 0.75,
				startScaleY: 1.0,
				endScaleY: 1.0,
				resultCode: "expandedfoods:breadedfishnugget-{type}-syrupcharred",
				initialCode: "expandedfoods:breadedfishnugget-{type}-syruppartbaked",
			},
			"*-syrupcharred": {
				temp: 150,
				levelFrom: 0.75,
				levelTo: 1.0,
				startScaleY: 1.0,
				endScaleY: 0.9,
				initialCode: "expandedfoods:breadedfishnugget-{type}-syrups",
			},
		},
		onDisplayTransform: { 
			translation: { x: 0, y: -.375, z: 0 },
			scale: 0.25 
		},
		satMultByType: {
			"*-partbaked": 0.9,
			"*-cooked": 1,
			"*-charred": 0.8,
			"*-syruppartbaked": 0.9,
			"*-syrups": 1,
			"*-syrupcharred": 0.8
		},
	},
	shapebytype:	{
		"*-syruppartbaked": {base: "item/food/primitivesurvival/fish-tender"},
		"*-syrups": {base: "item/food/primitivesurvival/fish-tender"},
		"*-syrupcharred": {base: "item/food/primitivesurvival/fish-tender"},
		"*-partbaked": {base: "item/food/primitivesurvival/fish-tender"},
		"*-tender": {base: "item/food/primitivesurvival/fish-tender"},
		"*-charred": {base: "item/food/primitivesurvival/fish-tender"},
		"*-smashed": {base: "item/food/primitivesurvival/fish-smash"},
		"*-oiled": {base: "item/food/primitivesurvival/fish-smash"}
	},
	texturesbytype: {
		"*-oiled":	{

			"raw": {base: "expandedfoods:item/food/grain/breading/{type}-oiled" },
		},
		"*-syruppartbaked":	{

			"cooked": {base: "expandedfoods:item/food/grain/breading/{type}-fish" },
		},
		"*-syrups":	{

			"cooked": {base: "expandedfoods:item/food/grain/breading/{type}-fish" },
		},
		"*-syrupcharred":	{

			"cooked": {base: "expandedfoods:item/food/grain/breading/{type}-fish" },
		},
		"*-partbaked":	{

			"cooked": {base: "expandedfoods:item/food/grain/breading/{type}-partbaked" },
			"meat": {base: "expandedfoods:item/food/grain/breading/{type}-partbaked" },
		},
		"*-charred":	{

			"cooked": {base: "expandedfoods:item/food/grain/breading/{type}-charred" },
			"meat": {base: "expandedfoods:item/food/grain/breading/{type}-charred" },
		},
		"*":	{

			"cooked": {base: "expandedfoods:item/food/grain/breading/{type}-cooked" },
			"raw": {base: "expandedfoods:item/food/grain/breading/{type}-raw" },
		},
	},

	nutritionPropsByType: {
		"*-syrups": { satiety: 90, foodcategory: "Protein" },
		"*-tender": { satiety: 90, foodcategory: "Protein" },
		"*-syruppartbaked": { satiety: 80, foodcategory: "Protein" },
		"*-partbaked": { satiety: 80, foodcategory: "Protein" },
		"*-syrupcharred": { satiety: 70, foodcategory: "Protein" },
		"*-charred": { satiety: 70, foodcategory: "Protein" },

	},

	creativeinventory: { "general": ["*"], "items": ["*"] },
	materialDensity: 600,

	transitionablePropsByType: {

		"*-oiled": [
{
		
			type: "Perish",

			freshHours: { avg: 24 },
	
			transitionHours: { avg: 48 },
	
			transitionedStack: { type: "item", code: "game:rot" },

			transitionRatio: 1

			}

		],

		"*-smashed": [
{
		
			type: "Perish",

			freshHours: { avg: 24 },
	
			transitionHours: { avg: 48 },
	
			transitionedStack: { type: "item", code: "game:rot" },

			transitionRatio: 1

			}

		],

		"*-charred": [{

			type: "Perish",

			freshHours: { avg: 200 },

			transitionHours: { avg: 144 },

			transitionedStack: { type: "item", code: "game:rot" },

			transitionRatio: 1
		
		}],
		"*-syrupcharred": [{

			type: "Perish",

			freshHours: { avg: 200 },

			transitionHours: { avg: 144 },

			transitionedStack: { type: "item", code: "game:rot" },

			transitionRatio: 1
		
		}],
		"*": [{

			type: "Perish",

			freshHours: { avg: 100 },

			transitionHours: { avg: 72 },

			transitionedStack: { type: "item", code: "game:rot" },

			transitionRatio: 1
		
		}],
	},

	materialDensity: 600,

	guiTransformByType: {

		"*": {

			rotate: false,

			translation: { x: 0, y: 0, z: 0 },

			rotation: { x: -60, y: -158, z: -180 },
			origin: { x: 0.45, y: 0, z: 0.55 },

			scale: 1.54
		}
,
	},

	fpHandTransformByType: {
		"*": {

			translation: { x: -0.06, y: 0.26, z: 0.13 },

			rotation: { x: 53, y: -5, z: -18 },

			origin: { x: 0.5, y: 0.1, z: 0.5 },

			scale: .8
		},
	},

	tpHandTransformByType: {
		"*": {

			translation: { x: 0, y: 0, z: 0 },

			rotation: { x: 0, y: 0, z: -13 },

			origin: { x: 0.13, y: 0, z: 0.14 },

			scale: 0.4	
		},
	},

	groundTransformByType: {
		"*": {

			translation: { x: 0, y: 0, z: 0 },

			rotation: { x: 0, y: 0, z: 0 },

			origin: { x: 0, y: 0, z: 0. },

			scale: 2
		},
	},

	combustiblePropsByType: {
		"breadedfishnugget-*-oiled": {

			meltingPoint: 150,

			meltingDuration: 30,

			smeltedRatio: 1,

			smeltingType: "cook",

			smeltedStack: { type: "item", code: "breadedfishnugget-{type}-charred" },

			requiresContainer: false

		},
		"breadedfishnugget-*-smashed": {

			meltingPoint: 150,

			meltingDuration: 30,

			smeltedRatio: 1,

			smeltingType: "cook",

			smeltedStack: { type: "item", code: "breadedfishnugget-{type}-charred" },

			requiresContainer: false

		},
		"breadedfishnugget-*-partbaked": {

			meltingPoint: 150,

			meltingDuration: 30,

			smeltedRatio: 1,

			smeltingType: "cook",

			smeltedStack: { type: "item", code: "breadedfishnugget-{type}-charred" },

			requiresContainer: false

		},
		"breadedfishnugget-*-tender": {

			meltingPoint: 150,

			meltingDuration: 30,

			smeltedRatio: 1,

			smeltingType: "cook",

			smeltedStack: { type: "item", code: "breadedfishnugget-{type}-charred" },

			requiresContainer: false

		},
		"breadedfishnugget-*-syruppartbaked": {

			meltingPoint: 150,

			meltingDuration: 30,

			smeltedRatio: 1,

			smeltingType: "cook",

			smeltedStack: { type: "item", code: "breadedfishnugget-{type}-syrupcharred" },

			requiresContainer: false

		},
		"breadedfishnugget-*-syrups": {

			meltingPoint: 150,

			meltingDuration: 30,

			smeltedRatio: 1,

			smeltingType: "cook",

			smeltedStack: { type: "item", code: "breadedfishnugget-{type}-syrupcharred" },

			requiresContainer: false

		},
	}
}