{
	code: "snakepemmican",
	maxstacksize: 64,
  	class: "ExpandedFood",
	variantgroups: [
		{ code: "type", states: ["raw", "partbaked", "cooked", "charred"]}
	],
	attributes: {
		"handbook": { "groupBy": [ "snakepemmican-*" ] },
		displaycaseable: true,
		shelvable: true,
    		"expandedNutritionPropsByType": {
			"*-raw": {
				"game:fat" : {saturation: 100, foodcategory: "Protein"},
				"game:fruit-cranberry" : { saturation: 45, foodcategory: "Fruit" },
				"game:fruit-blueberry" : { saturation: 60, foodcategory: "Fruit" },
				"game:fruit-redcurrant" : { saturation: 60, foodcategory: "Fruit" },
				"game:fruit-whitecurrant" : { saturation: 60, foodcategory: "Fruit" },
				"game:fruit-blackcurrant" : { saturation: 60, foodcategory: "Fruit" },
				"game:fruit-pineapple" : { saturation: 60, foodcategory: "Fruit" },
				"expandedfoods:meatnugget-poultry-cured": {saturation: 95, foodcategory: "Protein"},
				"expandedfoods:meatnugget-redmeat-cured": {saturation: 130, foodcategory: "Protein"},
				"expandedfoods:meatnugget-bushmeat-cured": {saturation: 55, foodcategory: "Protein"},
				"expandedfoods:meatnugget-poultry-raw": {saturation: 120, foodcategory: "Protein"},
				"expandedfoods:meatnugget-redmeat-raw": {saturation: 170, foodcategory: "Protein"},
				"expandedfoods:meatnugget-bushmeat-raw": {saturation: 70, foodcategory: "Protein"},
				"expandedfoods:agedmeat-poultry-raw": {saturation: 170, foodcategory: "Protein"},
				"expandedfoods:agedmeat-redmeat-raw": {saturation: 235, foodcategory: "Protein"},
				"expandedfoods:agedmeat-bushmeat-raw": {saturation: 100, foodcategory: "Protein"},
				"expandedfoods:fishnugget-raw": {saturation: 70, foodcategory: "Protein"},
				"expandedfoods:crabnugget-raw": {saturation: 80, foodcategory: "Protein"},
				"expandedfoods:snakenugget-raw": {saturation: 90, foodcategory: "Protein"},
				"game:salt": {saturation: 10, health: 0.5, foodcategory: "Protein"},
			},
		},
     		renderIngredientsByType: {
			"*-raw": {
				"expandedfoods:snakenugget-raw": "expandedfoods:shapes/item/food/pemmican/snakepemmican-ball.json",
			},
			"*-partbaked": {
				"expandedfoods:snakenugget-raw": "expandedfoods:shapes/item/food/pemmican/snakepemmican-plain.json",
			},
			"*-cooked": {
				"expandedfoods:snakenugget-raw": "expandedfoods:shapes/item/food/pemmican/snakepemmican-plain.json",
			},
			"*-charred": {
				"expandedfoods:snakenugget-raw": "expandedfoods:shapes/item/food/pemmican/snakepemmican-plain.json",
			},
		},
		bakingPropertiesByType: {
			"*-raw": {
				temp: 110,
				levelFrom: 0.0,
				levelTo: 0.5,
				startScaleY: 1.0,
				endScaleY: 1.0,
				resultCode: "expandedfoods:snakepemmican-partbaked",
			},
			"*-partbaked": {
				temp: 110,
				levelFrom: 0.5,
				levelTo: 1.0,
				startScaleY: 1.0,
				endScaleY: 1.0,
				resultCode: "expandedfoods:snakepemmican-cooked",
				initialCode: "expandedfoods:snakepemmican-raw"
			},
			"*-cooked": {
				temp: 110,
				levelFrom: 1.0,
				levelTo: 1.5,
				startScaleY: 1.0,
				endScaleY: 1.0,
				resultCode: "expandedfoods:snakepemmican-charred",
				initialCode: "expandedfoods:snakepemmican-partbaked"
			},
			"*-charred": {
				temp: 110,
				levelFrom: 1.5,
				levelTo: 2.0,
				startScaleY: 1.0,
				endScaleY: 1.0,
				initialCode: "expandedfoods:snakepemmican-cooked"
			},
		},
		satMultByType: {
			"*-raw": 0.7,
			"*-partbaked": 0.9,
			"*-cooked": 1,
			"*-charred": 0.8
		},
	},
  	texturesByType: {
		"*-raw": {
			snake: { base: "item/food/pemmican/snake/pemmicansnake-ball"},
		},
		"*-partbaked": {
			snake: { base: "item/food/pemmican/snake/pemmicansnake-partbaked"},
		},
		"*-cooked": {
			snake: { base: "item/food/pemmican/snake/pemmicansnake-plain"},
		},
		"*-charred": {
			snake: { base: "item/food/pemmican/snake/pemmicansnake-charred"},
		},
  	},
	shapeByType:{
		"*-raw": { base: "item/food/pemmican/snakepemmican-ball"},
		"*-partbaked": { base: "item/food/pemmican/snakepemmican-plain"},
		"*-cooked": { base: "item/food/pemmican/snakepemmican-plain"},
		"*-charred": { base: "item/food/pemmican/snakepemmican-plain"},
	},
	nutritionPropsByType: {
		"*-raw": { saturation: 0, foodcategory: "Protein" },
		"*-partbaked": { saturation: 90, foodcategory: "Protein" },
		"*-cooked": { saturation: 100, foodcategory: "Protein" },
		"*-charred": { saturation: 80, foodcategory: "Protein" },
	},
	creativeinventory: { "general": ["*"], "items": ["*"] },
	materialDensity: 200,
	fpHandTransform: {
		translation: { x: 0, y: -0.1, z: 0 },
		rotation: { x: 180, y: 90, z: 22 }
	},
	combustiblePropsByType: {
		"*-raw": {
			meltingPoint: 110,
			meltingDuration: 20,
			smeltedRatio: 1,
			smeltingType: "cook",
			smeltedStack: { type: "item", code: "expandedfoods:snakepemmican-charred" },
			requiresContainer: false
		},
		"*-partbaked": {
			meltingPoint: 110,
			meltingDuration: 20,
			smeltedRatio: 1,
			smeltingType: "cook",
			smeltedStack: { type: "item", code: "expandedfoods:snakepemmican-charred" },
			requiresContainer: false
		},
		"*-cooked": {
			meltingPoint: 110,
			meltingDuration: 20,
			smeltedRatio: 1,
			smeltingType: "cook",
			smeltedStack: { type: "item", code: "expandedfoods:snakepemmican-charred" },
			requiresContainer: false
		},
	},
	transitionablePropsByType: {
		"*-charred": [{
			type: "Perish",
			freshHours: { avg: 6320 },
			transitionHours: { avg: 224 },
			transitionedStack: { type: "item", code: "game:rot" },
			transitionRatio: 1
		}],
		"*": [{
			type: "Perish",
			freshHours: { avg: 3160 },
			transitionHours: { avg: 112 },
			transitionedStack: { type: "item", code: "game:rot" },
			transitionRatio: 1
		}],
	},
	guiTransform: {
		translation: { x: 3, y: 0, z: 0 },
		rotation: { x: -28, y: 203, z: 180 },
		origin: { x: 0.5, y: 0.07, z: 0.5 },
		scale: 5
	},
	groundTransform: {
		translation: { x: 0, y: 0, z: 0 },
		rotation: { x: 0, y: 0, z: 1 },
		origin: { x: 0.5, y: 0, z: 0.5 },
		scale: 4.5
	},
	tpHandTransform: {
		translation: { x: -0.54, y: -0.16, z: -0.4 },
		rotation: { x: 44, y: -69, z: 2 },
		origin: { x: 0.5, y: 0.13, z: 0.5 },
		scale: 1
	},
	fpHandTransform: {
		translation: { x: 0, y: 0.24, z: 0.3 },
		rotation: { x: 104, y: 0, z: 71 },
		origin: { x: 0.5, y: 0.1, z: 0.5 },
		scale: 2.5
	}
}
