{
	code: "sausagesnake",
  	class: "ExpandedFood",
	maxstacksize: 32,
	variantgroups: [
		{ code: "type", states: ["normal", "cheese" ]},
		{ code: "state", states: ["raw", "dried", "partbaked", "cooked", "charred", "driedpartbaked", "driedcooked", "driedcharred" ]}
	],
	attributes: {
		"handbook": { "groupBy": [ "sausagesnake-*" ] },
		meathookable: true,
		meatHookTransform: {
  			translation: { x: 0.03, y: -0.295, z: 0.03 },
  			rotation: { x: 0, y: 90, z: 0 },
  			origin: { x: 0.5, y: 0, z: 0.5 },
  			scale: .75
		},
    		"expandedNutritionPropsByType": {
			"*-raw": {
				"expandedfoods:snakenugget-raw": {saturation: 160, foodcategory: "Protein"},
				"game:salt": {saturation: 10, health: 0.5, foodcategory: "Protein"},
				"game:fat": {saturation: 200, foodcategory: "Protein"},
				"game:cheese-cheddar-1slice" : { saturation: 240, foodcategory: "Dairy" },
				"game:cheese-blue-1slice" : {saturation: 200, foodcategory: "Dairy" },
			},
		},
    		renderIngredients: {
				"expandedfoods:snakenugget-raw": "expandedfoods:shapes/item/food/meat/sausage-poultry.json",
		},
    		inPiePropertiesByType: {
      			"*-raw": { texture: "game:block/food/pie/fill-snake", partType: 'Filling' },
      			"*-dried": { texture: "game:block/food/pie/fill-snake", partType: 'Filling' },
    		},
		bakingPropertiesByType: {
			"*-raw": {
				temp: 150,
				levelFrom: 0.0,
				levelTo: 0.25,
				startScaleY: 1,
				endScaleY: 1,
				resultCode: "expandedfoods:sausagesnake-{type}-partbaked",
			},
			"*-partbaked": {
				temp: 150,
				levelFrom: 0.25,
				levelTo: 0.5,
				startScaleY: 1.0,
				endScaleY: 1.0,
				resultCode: "expandedfoods:sausagesnake-{type}-cooked",
				initialCode: "expandedfoods:sausagesnake-{type}-raw"
			},
			"*-cooked": {
				temp: 150,
				levelFrom: 0.5,
				levelTo: 0.75,
				startScaleY: 1.0,
				endScaleY: 1.0,
				resultCode: "expandedfoods:sausagesnake-{type}-charred",
				initialCode: "expandedfoods:sausagesnake-{type}-partbaked"
			},
			"*-charred": {
				temp: 150,
				levelFrom: 0.75,
				levelTo: 1.0,
				startScaleY: 1.0,
				endScaleY: 0.9,
				initialCode: "expandedfoods:sausagesnake-{type}-cooked"
			},
			"*-dried": {
				temp: 150,
				levelFrom: 0.0,
				levelTo: 0.25,
				startScaleY: 1,
				endScaleY: 1,
				resultCode: "expandedfoods:sausagesnake-{type}-driedpartbaked",
			},
			"*-driedpartbaked": {
				temp: 150,
				levelFrom: 0.25,
				levelTo: 0.5,
				startScaleY: 1.0,
				endScaleY: 1.0,
				resultCode: "expandedfoods:sausagesnake-{type}-driedcooked",
				initialCode: "expandedfoods:sausagesnake-{type}-dried"
			},
			"*-driedcooked": {
				temp: 150,
				levelFrom: 0.5,
				levelTo: 0.75,
				startScaleY: 1.0,
				endScaleY: 1.0,
				resultCode: "expandedfoods:sausagesnake-{type}-driedcharred",
				initialCode: "expandedfoods:sausagesnake-{type}-driedpartbaked"
			},
			"*-driedcharred": {
				temp: 150,
				levelFrom: 0.75,
				levelTo: 1.0,
				startScaleY: 1.0,
				endScaleY: 0.9,
				initialCode: "expandedfoods:sausagesnake-{type}-driedcooked"
			},
		},
		satMultByType: {
			"*-partbaked": 0.9,
			"*-cooked": 1,
			"*-charred": 0.8,
			"*-driedpartbaked": 0.9,
			"*-driedcooked": 1,
			"*-driedcharred": 0.8
		},
		onDisplayTransform: {
			
			translation: { x: 0, y: -0.465, z: 0 },

			rotation: { x: 90, y: 0, z: 0 },
			scale: 0.5
		
		},
	},
	shape: { base: "expandedfoods:item/food/meat/sausage-poultry" },
  	texturesByType: {
		"*-normal-partbaked": {
    			"white1": {base: "game:block/cloth/wool/white1" },
    			"cured": {base: "primitivesurvival:item/snake/snakemeat-partbaked" },
		},
		"*-normal-cooked": {
    			"white1": {base: "game:block/cloth/wool/white1" },
    			"cured": {base: "primitivesurvival:item/snake/snakemeat-cooked" },
		},
		"*-normal-charred": {
    			"white1": {base: "game:block/cloth/wool/white1" },
    			"cured": {base: "primitivesurvival:item/snake/snakemeat-charred" },
		},
		"*-normal-driedpartbaked": {
    			"white1": {base: "game:block/cloth/wool/white1" },
    			"cured": {base: "primitivesurvival:item/snake/snakemeat-partbaked" },
		},
		"*-normal-driedcooked": {
    			"white1": {base: "game:block/cloth/wool/white1" },
    			"cured": {base: "primitivesurvival:item/snake/snakemeat-cooked" },
		},
		"*-normal-driedcharred": {
    			"white1": {base: "game:block/cloth/wool/white1" },
    			"cured": {base: "primitivesurvival:item/snake/snakemeat-charred" },
		},
		"*-normal-raw": {
    			"white1": {base: "game:block/cloth/wool/white1" },
    			"cured": {base: "primitivesurvival:item/snake/snakemeat-raw" },
		},
		"*-normal-dried": {
    			"white1": {base: "game:block/cloth/wool/white1" },
    			"cured": {base: "primitivesurvival:item/snake/snakemeat-raw" },
		},
		"*-cheese-partbaked": {
    			"white1": {base: "game:block/cloth/wool/white1" },
    			"cured": {base: "item/food/sausage/snake-cheese-partbaked" },
		},
		"*-cheese-cooked": {
    			"white1": {base: "game:block/cloth/wool/white1" },
    			"cured": {base: "item/food/sausage/snake-cheese-cooked" },
		},
		"*-cheese-charred": {
    			"white1": {base: "game:block/cloth/wool/white1" },
    			"cured": {base: "item/food/sausage/snake-cheese-charred" },
		},
		"*-cheese-driedpartbaked": {
    			"white1": {base: "game:block/cloth/wool/white1" },
    			"cured": {base: "item/food/sausage/snake-cheese-partbaked" },
		},
		"*-cheese-driedcooked": {
    			"white1": {base: "game:block/cloth/wool/white1" },
    			"cured": {base: "item/food/sausage/snake-cheese-cooked" },
		},
		"*-cheese-driedcharred": {
    			"white1": {base: "game:block/cloth/wool/white1" },
    			"cured": {base: "item/food/sausage/snake-cheese-charred" },
		},
		"*-cheese-raw": {
    			"white1": {base: "game:block/cloth/wool/white1" },
    			"cured": {base: "item/food/sausage/snake-cheese" },
		},
		"*-cheese-dried": {
    			"white1": {base: "game:block/cloth/wool/white1" },
    			"cured": {base: "item/food/sausage/snake-cheese" },
		},
		"*": {
    			"white1": {base: "game:block/cloth/wool/white1" },
    			"cured": {base: "primitivesurvival:item/snake/snakemeat-raw" },
		},
  	},
	nutritionPropsByType: {
		"*-partbaked": { saturation: 90, foodcategory: "Protein"},
		"*-cooked": { saturation: 100, foodcategory: "Protein"},
		"*-charred": { saturation: 80, foodcategory: "Protein"},
		"*-driedpartbaked": { saturation: 115, foodcategory: "Protein"},
		"*-driedcooked": { saturation: 125, foodcategory: "Protein"},
		"*-driedcharred": { saturation: 100, foodcategory: "Protein"},
	},
	creativeinventory: { "general": ["*"], "items": ["*"] },
	transitionablePropsByType: {
		"*-raw": [
            		{
        			type: "Cure",
        			freshHours: { avg: 350 },
        			transitionHours: { avg: 6 },
        			transitionedStack: { type: "item", code: "expandedfoods:sausagesnake-{type}-dried" },
        			transitionRatio: 1
      			},
            		{
        			type: "Perish",
        			freshHours: { avg: 48 },
        			transitionHours: { avg: 24 },
        			transitionedStack: { type: "item", code: "game:rot" },
        			transitionRatio: 1
      			},
		],
		"*-dried": [{
			type: "Perish",
			freshHours: { avg: 48 },
			transitionHours: { avg: 24 },
			transitionedStack: { type: "item", code: "game:rot" },
			transitionRatio: 1
		}],
		"*-charred": [{
			type: "Perish",
			freshHours: { avg: 384 },
			transitionHours: { avg: 48 },
			transitionedStack: { type: "item", code: "game:rot" },
			transitionRatio: 1
		}],
		"*-driedcharred": [{
			type: "Perish",
			freshHours: { avg: 384 },
			transitionHours: { avg: 48 },
			transitionedStack: { type: "item", code: "game:rot" },
			transitionRatio: 1
		}],
		"*": [{
			type: "Perish",
			freshHours: { avg: 192 },
			transitionHours: { avg: 24 },
			transitionedStack: { type: "item", code: "game:rot" },
			transitionRatio: 1
		}],
	},
	combustiblePropsByType: {
		"*-raw": {
			meltingPoint: 150,
			meltingDuration: 30,
			smeltedRatio: 1,
			smeltingType: "cook",
			smeltedStack: { type: "item", code: "expandedfoods:sausagesnake-{type}-charred" },
			requiresContainer: false
		},
		"*-partbaked": {
			meltingPoint: 150,
			meltingDuration: 30,
			smeltedRatio: 1,
			smeltingType: "cook",
			smeltedStack: { type: "item", code: "expandedfoods:sausagesnake-{type}-charred" },
			requiresContainer: false
		},
		"*-cooked": {
			meltingPoint: 150,
			meltingDuration: 30,
			smeltedRatio: 1,
			smeltingType: "cook",
			smeltedStack: { type: "item", code: "expandedfoods:sausagesnake-{type}-charred" },
			requiresContainer: false
		},
		"*-dried": {
			meltingPoint: 150,
			meltingDuration: 30,
			smeltedRatio: 1,
			smeltingType: "cook",
			smeltedStack: { type: "item", code: "expandedfoods:sausagesnake-{type}-driedcharred" },
			requiresContainer: false
		},
		"*-driedpartbaked": {
			meltingPoint: 150,
			meltingDuration: 30,
			smeltedRatio: 1,
			smeltingType: "cook",
			smeltedStack: { type: "item", code: "expandedfoods:sausagesnake-{type}-driedcharred" },
			requiresContainer: false
		},
		"*-driedcooked": {
			meltingPoint: 150,
			meltingDuration: 30,
			smeltedRatio: 1,
			smeltingType: "cook",
			smeltedStack: { type: "item", code: "expandedfoods:sausagesnake-{type}-driedcharred" },
			requiresContainer: false
		},
	},
	materialDensity: 600,
	guiTransform: {
 translation: { x: -4, y: 0, z: 0 },
 rotation: { x: -37, y: 150, z: -180 },
 origin: { x: 0.26, y: 0.24, z: 0.65 },
 scale: 2
 },
	fpHandTransform: {
 translation: { x: -0.06, y: 0, z: 0.23 },
 rotation: { x: 15, y: 0, z: 0 },
 origin: { x: 0.5, y: 0.1, z: 0.5 }
 },
	tpHandTransform: {
 translation: { x: -0.1, y: -0.8, z: -0.6 },
 rotation: { x: -2, y: 85, z: -11 },
 origin: { x: 0.23, y: 0, z: 0.13 },
 scale: 0.5
 },
	groundTransform: { translation: { x: 0, y: -0.18, z: 0 },
 rotation: { x: -90, y: 0, z: 0 }, origin: { x: 0, y: 0, z: 0 },
 scale: 2 }
}
