{
	"code": "dogarmor",
	"class": "ItemPetAccessory",
	"attributes": {
		"inventoryShape": "wolftaming:shapes/armor/torso/dogarmor-basic-inventory.json",
		"damageReduction": 0.4,
		"wearableAttachment": true,
		"cothingType": "BODY",
		"validPets": [
			"tame-wolf-male",
			"tame-wolf-female"
		]
	},
	"maxstacksize": 1,
	"variantgroups": [
		{
			"code": "type",
			"states": [
				"basic"
			]
		}
	],
	"shape": {
		"base": "armor/torso/dogarmor-{type}"
	},
	"texture": {
		"base": "armor/{type}"
	},
	"creativeinventory": {
		"general": [
			"*"
		],
		"items": [
			"*"
		],
		"clothing": [
			"*"
		]
	},
	"guiTransform": {
		"translation": {
			"x": 0.1,
			"y": -0.2,
			"z": 0
		},
		"rotation": {
			"x": 10,
			"y": 10,
			"z": 160
		},
		"origin": {
			"x": 0.1,
			"y": -0.2,
			"z": 0
		},
		"scale": 1.5
	},
	"groundTransform": {
		"translation": {
			"x": 0,
			"y": 0.45,
			"z": 0
		},
		"rotation": {
			"x": 0,
			"y": 0,
			"z": 0
		},
		"origin": {
			"x": 0,
			"y": 0,
			"z": 0
		},
		"scale": 3.5
	},
	"fpHandTransform": {
		"translation": {
			"x": 0,
			"y": 0,
			"z": 0
		},
		"rotation": {
			"x": 0,
			"y": 0,
			"z": -45
		},
		"origin": {
			"x": 0,
			"y": 0,
			"z": 0
		},
		"scale": 2.41
	},
	"tpHandTransform": {
		"translation": {
			"x": 0,
			"y": 0,
			"z": 0
		},
		"rotation": {
			"x": 0,
			"y": 0,
			"z": 0
		},
		"origin": {
			"x": 0,
			"y": 0,
			"z": 0
		},
		"scale": 0.4
	}
}