{
	"code": "doghelmet",
	"class": "ItemPetAccessory",
	"shape": {
		"base": "armor/helmet/doghelmet-{type}"
	},
	"attributes": {
		"damageReduction": 0.3,
		"wearableAttachment": true,
		"cothingType": "HEAD",
		"validPets": [
			"tame-wolf-male",
			"tame-wolf-female"
		]
	},
	"maxstacksize": 1,
	"variantgroups": [
		{
			"code": "type",
			"states": [
				"basic"
			]
		}
	],
	"texture": {
		"base": "armor/{type}"
	},
	"creativeinventory": {
		"general": [
			"*"
		],
		"items": [
			"*"
		],
		"clothing": [
			"*"
		]
	},
	"guiTransform": {
		"translation": {
			"x": 0.1,
			"y": 0.3,
			"z": 0.3
		},
		"rotation": {
			"x": 120,
			"y": 300,
			"z": -45
		},
		"origin": {
			"x": 0.1,
			"y": 0.3,
			"z": 0.3
		},
		"scale": 2
	},
	"groundTransform": {
		"translation": {
			"x": 0,
			"y": 0,
			"z": 0
		},
		"rotation": {
			"x": 0,
			"y": 0,
			"z": 270
		},
		"origin": {
			"x": 0,
			"y": 0,
			"z": 0
		},
		"scale": 3.5
	},
	"fpHandTransform": {
		"translation": {
			"x": 0,
			"y": 0,
			"z": 0
		},
		"rotation": {
			"x": 0,
			"y": 0,
			"z": -45
		},
		"origin": {
			"x": 0,
			"y": 0,
			"z": 0
		},
		"scale": 2.41
	},
	"tpHandTransform": {
		"translation": {
			"x": 0,
			"y": -0.5,
			"z": 0
		},
		"rotation": {
			"x": 1,
			"y": 57,
			"z": 18
		},
		"origin": {
			"x": 0,
			"y": 0,
			"z": 0
		},
		"scale": 0.65
	}
}