{
	code: "blowpipedart",
	class: "ItemPoisonArrow",
	variantgroups: [
		{ code: "coating", states: ["clean", "poison" ] },
	],
	maxstacksize: 64,
	storageFlags: 513,
	shapeByType: {
		"*-poison": { base: "poisondart" },
		"*": { base: "dart" }
	},
	creativeinventory: { "general": ["*"], "items": ["*"], "tools": ["*"] },
	guiTransform: {
		rotation: { x: -23, y: -45, z: -145 },
		origin: { x: 0.29, y: -0.53, z: 0 },
		scale: 3
	},
	fpHandTransform: {
		translation: { x: 0.35, y: 0, z: 0 },
		origin: { x: 0, y: 0.5, z: 0.2 },
		rotation: { x: 87, y: 90, z: -30 },
		scale: 3
	},
	tpHandTransform: {
		translation: { x: -1.75, y: -0.5, z: -0.96 },
		rotation: { x: 0, y: 2, z: 3 },
		scale: 0.48
	},
	groundTransform: {
		translation: { x: 0, y: 0, z: 0 },
		rotation: { x: 90, y: 0, z: 0 },
		origin: { x: 0.5, y: 0, z: 0.5 },
		scale: 2.64
	},
	attributes: {
		damage: 0,
		breakChanceOnImpact: 1,
		poisonDamageByType: {
			"*-clean": 0,
			"*-poison": 6
		},
		handbook: {
			groupBy: ["dart-*"]
		}
	},
}
