{
	code: "hand_cannon_barrel",
	shape: {  base: "handcannon-barrel" },
	variantgroups: [
		{ code: "material", states: ["brass", "bismuthbronze", "tinbronze", "blackbronze", "iron", "meteoriciron", "steel" ] }
	],
	texturesByType: {
		"*": {
			"brass": { base: "game:block/metal/ingot/{material}" }
		}
	},
	creativeinventory: { "general": ["*"], "items": ["*"], "tools": ["*"] },
	fpHandTransform: {
		translation: { x: 0, y: 0.5, z: 0 },
		rotation: { x: 0, y: 52, z: 0 },
		origin: { x: 0.2, y: 0.5, z: 1 },
		scale: 1.5
	},
	guiTransform: {
		translation: { x: 0, y: 0, z: 0 },
		rotation: { x: -129, y: 41, z: -37 },
		origin: { x: 0.45, y: 0.05, z: 0.47 },
		scale: 1.27
	},
	groundTransform: {
		translation: { x: 0, y: 0.09, z: 0 },
		rotation: { x: 0, y: 0, z: 90 },
		origin: { x: 0.45, y: 0, z: 0.5 },
		scale: 2
	},
	tpHandTransform: {
		translation: { x: -0.55, y: -0.15, z: -0.5 },
		rotation: { x: 90, y: 0, z: -90 },
		origin: { x: 0.5, y: -0.4, z: 0.2 },
		scale: 0.51
	}
}
