[ 
  {
    "op": "add",
    "path": "/enabled",
    "file": "backpackpackplus:recipes/grid/blackhole.json",
    "value": false,
    "dependsOn": [{ "modid": "backpackpackplus" }]
  },
  {
    "op": "add",
    "path": "/enabled",
    "file": "backpackpackplus:recipes/grid/core.json",
    "value": false,
    "dependsOn": [{ "modid": "backpackpackplus" }]
  },
  {
    "op": "replace",
    "path": "/enabled",
    "file": "locustmod:recipes/grid/blackhole2.json",
    "value": true,
    "dependsOn": [{ "modid": "backpackpackplus" }]
  },
  {
    "op": "replace",
    "path": "/enabled",
    "file": "locustmod:recipes/grid/core2.json",
    "value": true,
    "dependsOn": [{ "modid": "backpackpackplus" }]
  }
]