[ 
  {
    "op": "add",
    "path": "/enabled",
    "file": "backpackpackstandard:recipes/grid/blackhole.json",
    "value": false,
    "dependsOn": [{ "modid": "backpackpack" }]
  },
  {
    "op": "add",
    "path": "/enabled",
    "file": "backpackpackstandard:recipes/grid/core.json",
    "value": false,
    "dependsOn": [{ "modid": "backpackpack" }]
  },
  {
    "op": "replace",
    "path": "/enabled",
    "file": "locustmod:recipes/grid/blackhole.json",
    "value": true,
    "dependsOn": [{ "modid": "backpackpack" }]
  },
  {
    "op": "replace",
    "path": "/enabled",
    "file": "locustmod:recipes/grid/core.json",
    "value": true,
    "dependsOn": [{ "modid": "backpackpack" }]
  }
]