﻿[
  {
    "op": "add",
    "path": "/ingredients/1/validStacks/-",
    "value": {
      "type": "item",
      "code": "wildcraft:minerslettuce",
      "shapeElement": "bowl/null/*",
    },
    "file": "game:recipes/cooking/riceandbeans.json",
    dependsOn: [{ "modid": "wildcraft" }]
  },
  {
    "op": "add",
    "path": "/ingredients/2/validStacks/-",
    "value": {
      "type": "item",
      "code": "wildcraft:minerslettuce",
      "shapeElement": "bowl/vegetable 1/*",
      "textureMapping": [
        "vegetable",
        "group10"
      ]
    },
    "file": "game:recipes/cooking/riceandbeans.json",
    dependsOn: [{ "modid": "wildcraft" }]
  },
  {
    "op": "add",
    "path": "/ingredients/3/validStacks/-",
    "value": {
      "type": "item",
      "code": "wildcraft:minerslettuce",
      "shapeElement": "bowl/vegetable 2/*",
      "textureMapping": [
        "vegetable",
        "group10"
      ]
    },
    "file": "game:recipes/cooking/riceandbeans.json",
    dependsOn: [{ "modid": "wildcraft" }]
  },
]