﻿[
  {
    "op": "add",
    "path": "/texturesByType/*-bare-*",
    "value": {
		"group16-elderberry": { "base": "wildcraft:block/food/meal/group16-elderberry" },
		"group17-snowberry": { "base": "wildcraft:block/food/meal/group17-snowberry" },
		"group18-cloudberry": { "base": "wildcraft:block/food/meal/group18-cloudberry" },
		"group19-raspberry": { "base": "wildcraft:block/food/meal/group19-raspberry" },
		"group20-dogrose": { "base": "wildcraft:block/food/meal/group20-dogrose" },
		"group21-brambleberry": { "base": "wildcraft:block/food/meal/group21-brambleberry" },
		"group22-honeysuckle": { "base": "wildcraft:block/food/meal/group22-honeysuckle" },
		"group23-gooseberry": { "base": "wildcraft:block/food/meal/group23-gooseberry" },
		"group24-huckleberry": { "base": "wildcraft:block/food/meal/group24-huckleberry" },
		"group25-strawberry": { "base": "wildcraft:block/food/meal/group25-strawberry" },
    },
    "file": "expandedfoods:itemtypes/mixing/stuffedpepper.json",
    dependsOn: [{ "modid": "wildcraft", "invert": true }]
  },
  {
    "op": "add",
    "path": "/texturesByType/*-syruppartbaked",
    "value": {
		"group16-elderberry": { "base": "wildcraft:block/food/meal/group16-elderberry" },
		"group17-snowberry": { "base": "wildcraft:block/food/meal/group17-snowberry" },
		"group18-cloudberry": { "base": "wildcraft:block/food/meal/group18-cloudberry" },
		"group19-raspberry": { "base": "wildcraft:block/food/meal/group19-raspberry" },
		"group20-dogrose": { "base": "wildcraft:block/food/meal/group20-dogrose" },
		"group21-brambleberry": { "base": "wildcraft:block/food/meal/group21-brambleberry" },
		"group22-honeysuckle": { "base": "wildcraft:block/food/meal/group22-honeysuckle" },
		"group23-gooseberry": { "base": "wildcraft:block/food/meal/group23-gooseberry" },
		"group24-huckleberry": { "base": "wildcraft:block/food/meal/group24-huckleberry" },
		"group25-strawberry": { "base": "wildcraft:block/food/meal/group25-strawberry" },
    },
    "file": "expandedfoods:itemtypes/mixing/stuffedpepper.json",
    dependsOn: [{ "modid": "wildcraft", "invert": true }]
  },
  {
    "op": "add",
    "path": "/texturesByType/*-syrupcooked",
    "value": {
		"group16-elderberry": { "base": "wildcraft:block/food/meal/group16-elderberry" },
		"group17-snowberry": { "base": "wildcraft:block/food/meal/group17-snowberry" },
		"group18-cloudberry": { "base": "wildcraft:block/food/meal/group18-cloudberry" },
		"group19-raspberry": { "base": "wildcraft:block/food/meal/group19-raspberry" },
		"group20-dogrose": { "base": "wildcraft:block/food/meal/group20-dogrose" },
		"group21-brambleberry": { "base": "wildcraft:block/food/meal/group21-brambleberry" },
		"group22-honeysuckle": { "base": "wildcraft:block/food/meal/group22-honeysuckle" },
		"group23-gooseberry": { "base": "wildcraft:block/food/meal/group23-gooseberry" },
		"group24-huckleberry": { "base": "wildcraft:block/food/meal/group24-huckleberry" },
		"group25-strawberry": { "base": "wildcraft:block/food/meal/group25-strawberry" },
    },
    "file": "expandedfoods:itemtypes/mixing/stuffedpepper.json",
    dependsOn: [{ "modid": "wildcraft", "invert": true }]
  },
  {
    "op": "add",
    "path": "/texturesByType/*-syrupcharred",
    "value": {
		"group16-elderberry": { "base": "wildcraft:block/food/meal/group16-elderberry" },
		"group17-snowberry": { "base": "wildcraft:block/food/meal/group17-snowberry" },
		"group18-cloudberry": { "base": "wildcraft:block/food/meal/group18-cloudberry" },
		"group19-raspberry": { "base": "wildcraft:block/food/meal/group19-raspberry" },
		"group20-dogrose": { "base": "wildcraft:block/food/meal/group20-dogrose" },
		"group21-brambleberry": { "base": "wildcraft:block/food/meal/group21-brambleberry" },
		"group22-honeysuckle": { "base": "wildcraft:block/food/meal/group22-honeysuckle" },
		"group23-gooseberry": { "base": "wildcraft:block/food/meal/group23-gooseberry" },
		"group24-huckleberry": { "base": "wildcraft:block/food/meal/group24-huckleberry" },
		"group25-strawberry": { "base": "wildcraft:block/food/meal/group25-strawberry" },
    },
    "file": "expandedfoods:itemtypes/mixing/stuffedpepper.json",
    dependsOn: [{ "modid": "wildcraft", "invert": true }]
  },
  {
    "op": "add",
    "path": "/texturesByType/*-partbaked",
    "value": {
		"group16-elderberry": { "base": "wildcraft:block/food/meal/group16-elderberry" },
		"group17-snowberry": { "base": "wildcraft:block/food/meal/group17-snowberry" },
		"group18-cloudberry": { "base": "wildcraft:block/food/meal/group18-cloudberry" },
		"group19-raspberry": { "base": "wildcraft:block/food/meal/group19-raspberry" },
		"group20-dogrose": { "base": "wildcraft:block/food/meal/group20-dogrose" },
		"group21-brambleberry": { "base": "wildcraft:block/food/meal/group21-brambleberry" },
		"group22-honeysuckle": { "base": "wildcraft:block/food/meal/group22-honeysuckle" },
		"group23-gooseberry": { "base": "wildcraft:block/food/meal/group23-gooseberry" },
		"group24-huckleberry": { "base": "wildcraft:block/food/meal/group24-huckleberry" },
		"group25-strawberry": { "base": "wildcraft:block/food/meal/group25-strawberry" },
    },
    "file": "expandedfoods:itemtypes/mixing/stuffedpepper.json",
    dependsOn: [{ "modid": "wildcraft", "invert": true }]
  },
  {
    "op": "add",
    "path": "/texturesByType/*-cooked",
    "value": {
		"group16-elderberry": { "base": "wildcraft:block/food/meal/group16-elderberry" },
		"group17-snowberry": { "base": "wildcraft:block/food/meal/group17-snowberry" },
		"group18-cloudberry": { "base": "wildcraft:block/food/meal/group18-cloudberry" },
		"group19-raspberry": { "base": "wildcraft:block/food/meal/group19-raspberry" },
		"group20-dogrose": { "base": "wildcraft:block/food/meal/group20-dogrose" },
		"group21-brambleberry": { "base": "wildcraft:block/food/meal/group21-brambleberry" },
		"group22-honeysuckle": { "base": "wildcraft:block/food/meal/group22-honeysuckle" },
		"group23-gooseberry": { "base": "wildcraft:block/food/meal/group23-gooseberry" },
		"group24-huckleberry": { "base": "wildcraft:block/food/meal/group24-huckleberry" },
		"group25-strawberry": { "base": "wildcraft:block/food/meal/group25-strawberry" },
    },
    "file": "expandedfoods:itemtypes/mixing/stuffedpepper.json",
    dependsOn: [{ "modid": "wildcraft", "invert": true }]
  },
  {
    "op": "add",
    "path": "/texturesByType/*-charred",
    "value": {
		"group16-elderberry": { "base": "wildcraft:block/food/meal/group16-elderberry" },
		"group17-snowberry": { "base": "wildcraft:block/food/meal/group17-snowberry" },
		"group18-cloudberry": { "base": "wildcraft:block/food/meal/group18-cloudberry" },
		"group19-raspberry": { "base": "wildcraft:block/food/meal/group19-raspberry" },
		"group20-dogrose": { "base": "wildcraft:block/food/meal/group20-dogrose" },
		"group21-brambleberry": { "base": "wildcraft:block/food/meal/group21-brambleberry" },
		"group22-honeysuckle": { "base": "wildcraft:block/food/meal/group22-honeysuckle" },
		"group23-gooseberry": { "base": "wildcraft:block/food/meal/group23-gooseberry" },
		"group24-huckleberry": { "base": "wildcraft:block/food/meal/group24-huckleberry" },
		"group25-strawberry": { "base": "wildcraft:block/food/meal/group25-strawberry" },
    },
    "file": "expandedfoods:itemtypes/mixing/stuffedpepper.json",
    dependsOn: [{ "modid": "wildcraft", "invert": true }]
  },
  {
    "op": "add",
    "path": "/texturesByType/*-oiled",
    "value": {
		"group16-elderberry": { "base": "wildcraft:block/food/meal/group16-elderberry" },
		"group17-snowberry": { "base": "wildcraft:block/food/meal/group17-snowberry" },
		"group18-cloudberry": { "base": "wildcraft:block/food/meal/group18-cloudberry" },
		"group19-raspberry": { "base": "wildcraft:block/food/meal/group19-raspberry" },
		"group20-dogrose": { "base": "wildcraft:block/food/meal/group20-dogrose" },
		"group21-brambleberry": { "base": "wildcraft:block/food/meal/group21-brambleberry" },
		"group22-honeysuckle": { "base": "wildcraft:block/food/meal/group22-honeysuckle" },
		"group23-gooseberry": { "base": "wildcraft:block/food/meal/group23-gooseberry" },
		"group24-huckleberry": { "base": "wildcraft:block/food/meal/group24-huckleberry" },
		"group25-strawberry": { "base": "wildcraft:block/food/meal/group25-strawberry" },
    },
    "file": "expandedfoods:itemtypes/mixing/stuffedpepper.json",
    dependsOn: [{ "modid": "wildcraft", "invert": true }]
  },
  {
    "op": "add",
    "path": "/texturesByType/*-raw",
    "value": {
		"group16-elderberry": { "base": "wildcraft:block/food/meal/group16-elderberry" },
		"group17-snowberry": { "base": "wildcraft:block/food/meal/group17-snowberry" },
		"group18-cloudberry": { "base": "wildcraft:block/food/meal/group18-cloudberry" },
		"group19-raspberry": { "base": "wildcraft:block/food/meal/group19-raspberry" },
		"group20-dogrose": { "base": "wildcraft:block/food/meal/group20-dogrose" },
		"group21-brambleberry": { "base": "wildcraft:block/food/meal/group21-brambleberry" },
		"group22-honeysuckle": { "base": "wildcraft:block/food/meal/group22-honeysuckle" },
		"group23-gooseberry": { "base": "wildcraft:block/food/meal/group23-gooseberry" },
		"group24-huckleberry": { "base": "wildcraft:block/food/meal/group24-huckleberry" },
		"group25-strawberry": { "base": "wildcraft:block/food/meal/group25-strawberry" },
    },
    "file": "expandedfoods:itemtypes/mixing/stuffedpepper.json",
    dependsOn: [{ "modid": "wildcraft", "invert": true }]
  },
 {
   file: "expandedfoods:recipes/kneading/wildcraft/wildstuffedpepper.json",
    op: "add", 
    path: "/0/enabled", 
    value: "false",
    dependsOn: [{ "modid": "wildcraft", "invert": true }]
 },
 {
   file: "expandedfoods:recipes/kneading/wildcraft/wildstuffedpepper.json",
    op: "add", 
    path: "/1/enabled", 
    value: "false",
    dependsOn: [{ "modid": "wildcraft", "invert": true }]
 },
 {
   file: "expandedfoods:recipes/kneading/wildcraft/wildstuffedpepper.json",
    op: "add", 
    path: "/2/enabled", 
    value: "false",
    dependsOn: [{ "modid": "wildcraft", "invert": true }]
 },
 {
   file: "expandedfoods:recipes/kneading/wildcraft/wildstuffedpepper.json",
    op: "add", 
    path: "/3/enabled", 
    value: "false",
    dependsOn: [{ "modid": "wildcraft", "invert": true }]
 },
 {
   file: "expandedfoods:recipes/kneading/wildcraft/wildstuffedpepper.json",
    op: "add", 
    path: "/4/enabled", 
    value: "false",
    dependsOn: [{ "modid": "wildcraft", "invert": true }]
 },
 {
   file: "expandedfoods:recipes/kneading/wildcraft/wildstuffedpepper.json",
    op: "add", 
    path: "/5/enabled", 
    value: "false",
    dependsOn: [{ "modid": "wildcraft", "invert": true }]
 },
 {
   file: "expandedfoods:recipes/kneading/wildcraft/wildstuffedpepper.json",
    op: "add", 
    path: "/6/enabled", 
    value: "false",
    dependsOn: [{ "modid": "wildcraft", "invert": true }]
 },
 {
   file: "expandedfoods:recipes/kneading/wildcraft/wildstuffedpepper.json",
    op: "add", 
    path: "/7/enabled", 
    value: "false",
    dependsOn: [{ "modid": "wildcraft", "invert": true }]
 },
 {
   file: "expandedfoods:recipes/kneading/wildcraft/wildstuffedpepper.json",
    op: "add", 
    path: "/8/enabled", 
    value: "false",
    dependsOn: [{ "modid": "wildcraft", "invert": true }]
 },
 {
   file: "expandedfoods:recipes/kneading/wildcraft/wildstuffedpeppersyrup.json",
    op: "add", 
    path: "/0/enabled", 
    value: "false",
    dependsOn: [{ "modid": "wildcraft", "invert": true }]
 },
 {
   file: "expandedfoods:recipes/kneading/wildcraft/wildstuffedpeppersyrup.json",
    op: "add", 
    path: "/1/enabled", 
    value: "false",
    dependsOn: [{ "modid": "wildcraft", "invert": true }]
 },
 {
   file: "expandedfoods:recipes/kneading/wildcraft/wildstuffedpeppersyrup.json",
    op: "add", 
    path: "/2/enabled", 
    value: "false",
    dependsOn: [{ "modid": "wildcraft", "invert": true }]
 },
 {
   file: "expandedfoods:recipes/kneading/wildcraft/wildfishstuffedpepper.json",
    op: "add", 
    path: "/0/enabled", 
    value: "false",
    dependsOn: [{ "modid": "wildcraft", "invert": true }, { "modid": "primitivesurvival", "invert": true }]
 },
 {
   file: "expandedfoods:recipes/kneading/wildcraft/wildfishstuffedpepper.json",
    op: "add", 
    path: "/1/enabled", 
    value: "false",
    dependsOn: [{ "modid": "wildcraft", "invert": true }, { "modid": "primitivesurvival", "invert": true }]
 },
 {
   file: "expandedfoods:recipes/kneading/wildcraft/wildfishstuffedpepper.json",
    op: "add", 
    path: "/2/enabled", 
    value: "false",
    dependsOn: [{ "modid": "wildcraft", "invert": true }, { "modid": "primitivesurvival", "invert": true }]
 },
 {
   file: "expandedfoods:recipes/kneading/wildcraft/wildfishstuffedpepper.json",
    op: "add", 
    path: "/3/enabled", 
    value: "false",
    dependsOn: [{ "modid": "wildcraft", "invert": true }, { "modid": "primitivesurvival", "invert": true }]
 },
 {
   file: "expandedfoods:recipes/kneading/wildcraft/wildfishstuffedpepper.json",
    op: "add", 
    path: "/4/enabled", 
    value: "false",
    dependsOn: [{ "modid": "wildcraft", "invert": true }, { "modid": "primitivesurvival", "invert": true }]
 },
 {
   file: "expandedfoods:recipes/kneading/wildcraft/wildfishstuffedpepper.json",
    op: "add", 
    path: "/5/enabled", 
    value: "false",
    dependsOn: [{ "modid": "wildcraft", "invert": true }, { "modid": "primitivesurvival", "invert": true }]
 },
 {
   file: "expandedfoods:recipes/kneading/wildcraft/wildfishstuffedpepper.json",
    op: "add", 
    path: "/6/enabled", 
    value: "false",
    dependsOn: [{ "modid": "wildcraft", "invert": true }, { "modid": "primitivesurvival", "invert": true }]
 },
 {
   file: "expandedfoods:recipes/kneading/wildcraft/wildfishstuffedpepper.json",
    op: "add", 
    path: "/7/enabled", 
    value: "false",
    dependsOn: [{ "modid": "wildcraft", "invert": true }, { "modid": "primitivesurvival", "invert": true }]
 },
 {
   file: "expandedfoods:recipes/kneading/wildcraft/wildfishstuffedpepper.json",
    op: "add", 
    path: "/8/enabled", 
    value: "false",
    dependsOn: [{ "modid": "wildcraft", "invert": true }, { "modid": "primitivesurvival", "invert": true }]
 },
 {
   file: "expandedfoods:recipes/kneading/wildcraft/wildherbstuffedpepper.json",
    op: "replace", 
    path: "/0/enabled", 
    value: "true",
    dependsOn: [{ "modid": "wildcraft" }, { "modid": "wildfarming" }, { "modid": "acorns" }, { "modid": "primitivesurvival" }]
 },
 {
   file: "expandedfoods:recipes/kneading/wildcraft/wildherbstuffedpepper.json",
    op: "replace", 
    path: "/1/enabled", 
    value: "true",
    dependsOn: [{ "modid": "wildcraft" }, { "modid": "wildfarming" }, { "modid": "acorns" }, { "modid": "primitivesurvival" }]
 },
 {
   file: "expandedfoods:recipes/kneading/wildcraft/wildherbstuffedpepper.json",
    op: "replace", 
    path: "/2/enabled", 
    value: "true",
    dependsOn: [{ "modid": "wildcraft" }, { "modid": "wildfarming" }, { "modid": "acorns" }, { "modid": "primitivesurvival" }]
 },
 {
   file: "expandedfoods:recipes/kneading/wildcraft/wildherbstuffedpepper.json",
    op: "replace", 
    path: "/3/enabled", 
    value: "true",
    dependsOn: [{ "modid": "wildcraft" }, { "modid": "wildfarming" }, { "modid": "acorns" }, { "modid": "primitivesurvival" }]
 },
 {
   file: "expandedfoods:recipes/kneading/wildcraft/wildherbstuffedpepper.json",
    op: "replace", 
    path: "/4/enabled", 
    value: "true",
    dependsOn: [{ "modid": "wildcraft" }, { "modid": "wildfarming" }, { "modid": "acorns" }, { "modid": "primitivesurvival" }]
 },
 {
   file: "expandedfoods:recipes/kneading/wildcraft/wildherbstuffedpepper.json",
    op: "replace", 
    path: "/5/enabled", 
    value: "true",
    dependsOn: [{ "modid": "wildcraft" }, { "modid": "wildfarming" }, { "modid": "acorns" }, { "modid": "primitivesurvival" }]
 },
 {
   file: "expandedfoods:recipes/kneading/wildcraft/wildherbstuffedpepper.json",
    op: "replace", 
    path: "/6/enabled", 
    value: "true",
    dependsOn: [{ "modid": "wildcraft" }, { "modid": "wildfarming" }, { "modid": "primitivesurvival" }]
 },
 {
   file: "expandedfoods:recipes/kneading/wildcraft/wildherbstuffedpepper.json",
    op: "replace", 
    path: "/7/enabled", 
    value: "true",
    dependsOn: [{ "modid": "wildcraft" }, { "modid": "wildfarming" }, { "modid": "primitivesurvival" }]
 },
 {
   file: "expandedfoods:recipes/kneading/wildcraft/wildherbstuffedpepper.json",
    op: "replace", 
    path: "/8/enabled", 
    value: "true",
    dependsOn: [{ "modid": "wildcraft" }, { "modid": "wildfarming" }, { "modid": "primitivesurvival" }]
 },
 {
   file: "expandedfoods:recipes/kneading/wildcraft/wildherbstuffedpepper.json",
    op: "replace", 
    path: "/9/enabled", 
    value: "true",
    dependsOn: [{ "modid": "wildcraft" }, { "modid": "wildfarming" }, { "modid": "acorns" }, { "modid": "primitivesurvival" }]
 },
 {
   file: "expandedfoods:recipes/kneading/wildcraft/wildherbstuffedpepper.json",
    op: "replace", 
    path: "/10/enabled", 
    value: "true",
    dependsOn: [{ "modid": "wildcraft" }, { "modid": "wildfarming" }, { "modid": "acorns" }, { "modid": "primitivesurvival" }]
 },
 {
   file: "expandedfoods:recipes/kneading/wildcraft/wildherbstuffedpepper.json",
    op: "replace", 
    path: "/11/enabled", 
    value: "true",
    dependsOn: [{ "modid": "wildcraft" }, { "modid": "wildfarming" }, { "modid": "primitivesurvival" }]
 },
 {
   file: "expandedfoods:recipes/kneading/wildcraft/wildherbstuffedpepper.json",
    op: "replace", 
    path: "/12/enabled", 
    value: "true",
    dependsOn: [{ "modid": "wildcraft" }, { "modid": "wildfarming" }, { "modid": "primitivesurvival" }]
 },
 {
   file: "expandedfoods:recipes/kneading/wildcraft/wildherbstuffedpepper.json",
    op: "replace", 
    path: "/13/enabled", 
    value: "true",
    dependsOn: [{ "modid": "wildcraft" }, { "modid": "wildfarming" }, { "modid": "primitivesurvival" }]
 },
 {
   file: "expandedfoods:recipes/kneading/wildcraft/wildherbstuffedpepper.json",
    op: "replace", 
    path: "/14/enabled", 
    value: "true",
    dependsOn: [{ "modid": "wildcraft" }, { "modid": "wildfarming" }, { "modid": "acorns" }, { "modid": "primitivesurvival" }]
 },
]