﻿[
 {
   file: "expandedfoods:recipes/kneading/wildcraft/wildherbacornbreadsyrup.json",
    op: "replace", 
    path: "/0/enabled", 
    value: "true",
    dependsOn: [{ "modid": "wildcraft" }, { "modid": "wildfarming" }, { "modid": "acorns" }]
 },
 {
   file: "expandedfoods:recipes/kneading/wildcraft/wildherbacornbreadsyrup.json",
    op: "replace", 
    path: "/1/enabled", 
    value: "true",
    dependsOn: [{ "modid": "wildcraft" }, { "modid": "wildfarming" }, { "modid": "acorns" }]
 },
 {
   file: "expandedfoods:recipes/kneading/wildcraft/wildherbacornbreadsyrup.json",
    op: "replace", 
    path: "/2/enabled", 
    value: "true",
    dependsOn: [{ "modid": "wildcraft" }, { "modid": "wildfarming" }, { "modid": "acorns" }]
 },
]