﻿[
 {
    "file": "expandedfoods:itemtypes/liquid/wildcraft/wildfruitjuice.json",
    op: "add", 
    path: "/enabled", 
    value: "false",
    dependsOn: [{ "modid": "wildcraft", "invert": true }]
 },
 {
    "file": "expandedfoods:itemtypes/liquid/wildcraft/wildfruitsyrup.json",
    op: "add", 
    path: "/enabled", 
    value: "false",
    dependsOn: [{ "modid": "wildcraft", "invert": true }]
 },
 {
    "file": "expandedfoods:itemtypes/liquid/wildcraft/wildfruitwine.json",
    op: "add", 
    path: "/enabled", 
    value: "false",
    dependsOn: [{ "modid": "wildcraft", "invert": true }]
 },
 {
    "file": "expandedfoods:itemtypes/liquid/wildcraft/wildpotentwine.json",
    op: "add", 
    path: "/enabled", 
    value: "false",
    dependsOn: [{ "modid": "wildcraft", "invert": true }]
 },
 {
    "file": "expandedfoods:itemtypes/liquid/wildcraft/wildstrongwine.json",
    op: "add", 
    path: "/enabled", 
    value: "false",
    dependsOn: [{ "modid": "wildcraft", "invert": true }]
 },
]