﻿[
 {
   file: "expandedfoods:recipes/kneading/wildcraft/wildacornbreadedfishnugget.json",
    op: "replace", 
    path: "/0/enabled", 
    value: "true",
    dependsOn: [{ "modid": "wildcraft" }, { "modid": "acorns" }, { "modid": "primitivesurvival" }]
 },
 {
   file: "expandedfoods:recipes/kneading/wildcraft/wildacornbreadedfishnugget.json",
    op: "replace", 
    path: "/1/enabled", 
    value: "true",
    dependsOn: [{ "modid": "wildcraft" }, { "modid": "acorns" }, { "modid": "primitivesurvival" }]
 },
 {
   file: "expandedfoods:recipes/kneading/wildcraft/wildacornbreadedfishnugget.json",
    op: "replace", 
    path: "/2/enabled", 
    value: "true",
    dependsOn: [{ "modid": "wildcraft" }, { "modid": "acorns" }, { "modid": "primitivesurvival" }]
 },
 {
   file: "expandedfoods:recipes/kneading/wildcraft/wildacornbreadedfishnugget.json",
    op: "replace", 
    path: "/3/enabled", 
    value: "true",
    dependsOn: [{ "modid": "wildcraft" }, { "modid": "acorns" }, { "modid": "primitivesurvival" }]
 },
 {
   file: "expandedfoods:recipes/kneading/wildcraft/wildacornbreadedfishnuggetsyrup.json",
    op: "replace", 
    path: "/0/enabled", 
    value: "true",
    dependsOn: [{ "modid": "wildcraft" }, { "modid": "acorns" }, { "modid": "primitivesurvival" }]
 },
 {
   file: "expandedfoods:recipes/kneading/wildcraft/wildacornbreadedfishnuggetsyrup.json",
    op: "replace", 
    path: "/1/enabled", 
    value: "true",
    dependsOn: [{ "modid": "wildcraft" }, { "modid": "acorns" }, { "modid": "primitivesurvival" }]
 },
 {
   file: "expandedfoods:recipes/kneading/wildcraft/wildacornbreadedfishnuggetsyrup.json",
    op: "replace", 
    path: "/2/enabled", 
    value: "true",
    dependsOn: [{ "modid": "wildcraft" }, { "modid": "acorns" }, { "modid": "primitivesurvival" }]
 },
 {
   file: "expandedfoods:recipes/kneading/wildcraft/wildherbacornbreadedfishnugget.json",
    op: "replace", 
    path: "/0/enabled", 
    value: "true",
    dependsOn: [{ "modid": "wildcraft" }, { "modid": "acorns" }, { "modid": "wildfarming" }, { "modid": "primitivesurvival" }]
 },
 {
   file: "expandedfoods:recipes/kneading/wildcraft/wildherbacornbreadedfishnugget.json",
    op: "replace", 
    path: "/1/enabled", 
    value: "true",
    dependsOn: [{ "modid": "wildcraft" }, { "modid": "acorns" }, { "modid": "wildfarming" }, { "modid": "primitivesurvival" }]
 },
]