﻿[
 {
   file: "expandedfoods:recipes/kneading/wildcraft/wildacorndumpling.json",
    op: "replace", 
    path: "/0/enabled", 
    value: "true",
    dependsOn: [{ "modid": "wildcraft" }, { "modid": "acorns" }]
 },
 {
   file: "expandedfoods:recipes/kneading/wildcraft/wildacorndumpling.json",
    op: "replace", 
    path: "/1/enabled", 
    value: "true",
    dependsOn: [{ "modid": "wildcraft" }, { "modid": "acorns" }]
 },
 {
   file: "expandedfoods:recipes/kneading/wildcraft/wildherbacorndumpling.json",
    op: "replace", 
    path: "/0/enabled", 
    value: "false",
    dependsOn: [{ "modid": "wildcraft" }, { "modid": "acorns" }, { "modid": "wildfarming" }]
 },
 {
   file: "expandedfoods:recipes/kneading/wildcraft/wildherbacorndumpling.json",
    op: "replace", 
    path: "/1/enabled", 
    value: "false",
    dependsOn: [{ "modid": "wildcraft" }, { "modid": "acorns" }, { "modid": "wildfarming" }]
 },
]