﻿[
 {
   file: "expandedfoods:recipes/kneading/wildcraft/wildacornberrydough.json",
    op: "replace", 
    path: "/0/enabled", 
    value: "true",
    dependsOn: [{ "modid": "wildcraft" }, { "modid": "acorns" }]
 },
 {
   file: "expandedfoods:recipes/kneading/wildcraft/wildacornberrydough.json",
    op: "replace", 
    path: "/1/enabled", 
    value: "true",
    dependsOn: [{ "modid": "wildcraft" }, { "modid": "acorns" }]
 },
 {
   file: "expandedfoods:recipes/kneading/wildcraft/wildacornberrydough.json",
    op: "replace", 
    path: "/2/enabled", 
    value: "true",
    dependsOn: [{ "modid": "wildcraft" }, { "modid": "acorns" }]
 },
 {
   file: "expandedfoods:recipes/kneading/wildcraft/wildacornberrydough.json",
    op: "replace", 
    path: "/3/enabled", 
    value: "true",
    dependsOn: [{ "modid": "wildcraft" }, { "modid": "acorns" }]
 },
 {
   file: "expandedfoods:recipes/kneading/wildcraft/wildacornberrydough.json",
    op: "replace", 
    path: "/4/enabled", 
    value: "true",
    dependsOn: [{ "modid": "wildcraft" }, { "modid": "acorns" }]
 },
 {
   file: "expandedfoods:recipes/kneading/wildcraft/wildacornbreadsyrup.json",
    op: "replace", 
    path: "/0/enabled", 
    value: "true",
    dependsOn: [{ "modid": "wildcraft" }, { "modid": "acorns" }]
 },
 {
   file: "expandedfoods:recipes/kneading/wildcraft/wildacornbreadsyrup.json",
    op: "replace", 
    path: "/1/enabled", 
    value: "true",
    dependsOn: [{ "modid": "wildcraft" }, { "modid": "acorns" }]
 },
 {
   file: "expandedfoods:recipes/kneading/wildcraft/wildacornbreadsyrup.json",
    op: "replace", 
    path: "/2/enabled", 
    value: "true",
    dependsOn: [{ "modid": "wildcraft" }, { "modid": "acorns" }]
 },
]