﻿[
  {
    "op": "add",
    "path": "/ingredients/0/validStacks/-",
    "value": { type: "item", code: "expandedfoods:yogurt-huckleberry",  shapeElement: "bowl/yogurt/*", textureMapping: ["liquid", "yogurthuckleberry"]  },
    "file": "recipes/mixing/yogurtmeal.json",
    dependsOn: [{ "modid": "wildcraft" }]
  },
  {
    "op": "add",
    "path": "/ingredients/0/validStacks/-",
    "value": { type: "item", code: "expandedfoods:yogurt-brambleberry",  shapeElement: "bowl/yogurt/*", textureMapping: ["liquid", "yogurtbrambleberry"]  },
    "file": "recipes/mixing/yogurtmeal.json",
    dependsOn: [{ "modid": "wildcraft" }]
  },
  {
    "op": "add",
    "path": "/ingredients/0/validStacks/-",
    "value": { type: "item", code: "expandedfoods:yogurt-dogrose",  shapeElement: "bowl/yogurt/*", textureMapping: ["liquid", "yogurtdogrose"]  },
    "file": "recipes/mixing/yogurtmeal.json",
    dependsOn: [{ "modid": "wildcraft" }]
  },
  {
    "op": "add",
    "path": "/ingredients/0/validStacks/-",
    "value": { type: "item", code: "expandedfoods:yogurt-gooseberry",  shapeElement: "bowl/yogurt/*", textureMapping: ["liquid", "yogurtgooseberry"]  },
    "file": "recipes/mixing/yogurtmeal.json",
    dependsOn: [{ "modid": "wildcraft" }]
  },
  {
    "op": "add",
    "path": "/ingredients/0/validStacks/-",
    "value": { type: "item", code: "expandedfoods:yogurt-honeysuckle",  shapeElement: "bowl/yogurt/*", textureMapping: ["liquid", "yogurthoneysuckle"]  },
    "file": "recipes/mixing/yogurtmeal.json",
    dependsOn: [{ "modid": "wildcraft" }]
  },
  {
    "op": "add",
    "path": "/ingredients/0/validStacks/-",
    "value": { type: "item", code: "expandedfoods:yogurt-snowberry",  shapeElement: "bowl/yogurt/*", textureMapping: ["liquid", "yogurtsnowberry"]  },
    "file": "recipes/mixing/yogurtmeal.json",
    dependsOn: [{ "modid": "wildcraft" }]
  },
  {
    "op": "add",
    "path": "/ingredients/0/validStacks/-",
    "value": { type: "item", code: "expandedfoods:yogurt-elderberry",  shapeElement: "bowl/yogurt/*", textureMapping: ["liquid", "yogurtelderberry"]  },
    "file": "recipes/mixing/yogurtmeal.json",
    dependsOn: [{ "modid": "wildcraft" }]
  },
  {
    "op": "add",
    "path": "/ingredients/0/validStacks/-",
    "value": { type: "item", code: "expandedfoods:yogurt-strawberry",  shapeElement: "bowl/yogurt/*", textureMapping: ["liquid", "yogurtstrawberry"]  },
    "file": "recipes/mixing/yogurtmeal.json",
    dependsOn: [{ "modid": "wildcraft" }]
  },
  {
    "op": "add",
    "path": "/ingredients/0/validStacks/-",
    "value": { type: "item", code: "expandedfoods:yogurt-cloudberry",  shapeElement: "bowl/yogurt/*", textureMapping: ["liquid", "yogurtcloudberry"]  },
    "file": "recipes/mixing/yogurtmeal.json",
    dependsOn: [{ "modid": "wildcraft" }]
  },
  {
    "op": "add",
    "path": "/ingredients/0/validStacks/-",
    "value": { type: "item", code: "expandedfoods:yogurt-raspberry",  shapeElement: "bowl/yogurt/*", textureMapping: ["liquid", "yogurtraspberry"]  },
    "file": "recipes/mixing/yogurtmeal.json",
    dependsOn: [{ "modid": "wildcraft" }]
  },
  {
    "op": "add",
    "path": "/ingredients/1/validStacks/-",
    "value": { type: "item", code: "wildcraft:fruit-elderberry",  shapeElement: "bowl/fruit 1/*", textureMapping: ["fruit", "group16"] },
    "file": "recipes/mixing/yogurtmeal.json",
    dependsOn: [{ "modid": "wildcraft" }]
  },
  {
    "op": "add",
    "path": "/ingredients/1/validStacks/-",
    "value": { type: "item", code: "wildcraft:fruit-snowberry",  shapeElement: "bowl/fruit 1/*", textureMapping: ["fruit", "group17"] },
    "file": "recipes/mixing/yogurtmeal.json",
    dependsOn: [{ "modid": "wildcraft" }]
  },
  {
    "op": "add",
    "path": "/ingredients/1/validStacks/-",
    "value": { type: "item", code: "wildcraft:fruit-cloudberry",  shapeElement: "bowl/fruit 1/*", textureMapping: ["fruit", "group18"] },
    "file": "recipes/mixing/yogurtmeal.json",
    dependsOn: [{ "modid": "wildcraft" }]
  },
  {
    "op": "add",
    "path": "/ingredients/1/validStacks/-",
    "value": { type: "item", code: "wildcraft:fruit-raspberry",  shapeElement: "bowl/fruit 1/*", textureMapping: ["fruit", "group19"] },
    "file": "recipes/mixing/yogurtmeal.json",
    dependsOn: [{ "modid": "wildcraft" }]
  },
  {
    "op": "add",
    "path": "/ingredients/1/validStacks/-",
    "value": { type: "item", code: "wildcraft:fruit-dogrose",  shapeElement: "bowl/fruit 1/*", textureMapping: ["fruit", "group20"] },
    "file": "recipes/mixing/yogurtmeal.json",
    dependsOn: [{ "modid": "wildcraft" }]
  },
  {
    "op": "add",
    "path": "/ingredients/1/validStacks/-",
    "value": { type: "item", code: "wildcraft:fruit-brambleberry",  shapeElement: "bowl/fruit 1/*", textureMapping: ["fruit", "group21"] },
    "file": "recipes/mixing/yogurtmeal.json",
    dependsOn: [{ "modid": "wildcraft" }]
  },
  {
    "op": "add",
    "path": "/ingredients/1/validStacks/-",
    "value": { type: "item", code: "wildcraft:fruit-honeysuckle",  shapeElement: "bowl/fruit 1/*", textureMapping: ["fruit", "group22"] },
    "file": "recipes/mixing/yogurtmeal.json",
    dependsOn: [{ "modid": "wildcraft" }]
  },
  {
    "op": "add",
    "path": "/ingredients/1/validStacks/-",
    "value": { type: "item", code: "wildcraft:fruit-gooseberry",  shapeElement: "bowl/fruit 1/*", textureMapping: ["fruit", "group23"] },
    "file": "recipes/mixing/yogurtmeal.json",
    dependsOn: [{ "modid": "wildcraft" }]
  },
  {
    "op": "add",
    "path": "/ingredients/1/validStacks/-",
    "value": { type: "item", code: "wildcraft:fruit-huckleberry",  shapeElement: "bowl/fruit 1/*", textureMapping: ["fruit", "group24"] },
    "file": "recipes/mixing/yogurtmeal.json",
    dependsOn: [{ "modid": "wildcraft" }]
  },
  {
    "op": "add",
    "path": "/ingredients/1/validStacks/-",
    "value": { type: "item", code: "wildcraft:fruit-strawberry",  shapeElement: "bowl/fruit 1/*", textureMapping: ["fruit", "group25"] },
    "file": "recipes/mixing/yogurtmeal.json",
    dependsOn: [{ "modid": "wildcraft" }]
  },
  {
    "op": "add",
    "path": "/ingredients/1/validStacks/-",
    "value": { type: "item", code: "expandedfoods:wilddryfruit-elderberry",  shapeElement: "bowl/fruit 1/*", textureMapping: ["fruit", "group16"] }, 
    "file": "recipes/mixing/yogurtmeal.json",
    dependsOn: [{ "modid": "wildcraft" }]
  },
  {
    "op": "add",
    "path": "/ingredients/1/validStacks/-",
    "value": { type: "item", code: "expandedfoods:wilddryfruit-snowberry",  shapeElement: "bowl/fruit 1/*", textureMapping: ["fruit", "group17"] }, 
    "file": "recipes/mixing/yogurtmeal.json",
    dependsOn: [{ "modid": "wildcraft" }]
  },
  {
    "op": "add",
    "path": "/ingredients/1/validStacks/-",
    "value": { type: "item", code: "expandedfoods:wilddryfruit-cloudberry",  shapeElement: "bowl/fruit 1/*", textureMapping: ["fruit", "group18"] }, 
    "file": "recipes/mixing/yogurtmeal.json",
    dependsOn: [{ "modid": "wildcraft" }]
  },
  {
    "op": "add",
    "path": "/ingredients/1/validStacks/-",
    "value": { type: "item", code: "expandedfoods:wilddryfruit-raspberry",  shapeElement: "bowl/fruit 1/*", textureMapping: ["fruit", "group19"] }, 
    "file": "recipes/mixing/yogurtmeal.json",
    dependsOn: [{ "modid": "wildcraft" }]
  },
  {
    "op": "add",
    "path": "/ingredients/1/validStacks/-",
    "value": { type: "item", code: "expandedfoods:wilddryfruit-dogrose",  shapeElement: "bowl/fruit 1/*", textureMapping: ["fruit", "group20"] }, 
    "file": "recipes/mixing/yogurtmeal.json",
    dependsOn: [{ "modid": "wildcraft" }]
  },
  {
    "op": "add",
    "path": "/ingredients/1/validStacks/-",
    "value": { type: "item", code: "expandedfoods:wilddryfruit-brambleberry",  shapeElement: "bowl/fruit 1/*", textureMapping: ["fruit", "group21"] }, 
    "file": "recipes/mixing/yogurtmeal.json",
    dependsOn: [{ "modid": "wildcraft" }]
  },
  {
    "op": "add",
    "path": "/ingredients/1/validStacks/-",
    "value": { type: "item", code: "expandedfoods:wilddryfruit-honeysuckle",  shapeElement: "bowl/fruit 1/*", textureMapping: ["fruit", "group22"] }, 
    "file": "recipes/mixing/yogurtmeal.json",
    dependsOn: [{ "modid": "wildcraft" }]
  },
  {
    "op": "add",
    "path": "/ingredients/1/validStacks/-",
    "value": { type: "item", code: "expandedfoods:wilddryfruit-gooseberry",  shapeElement: "bowl/fruit 1/*", textureMapping: ["fruit", "group23"] }, 
    "file": "recipes/mixing/yogurtmeal.json",
    dependsOn: [{ "modid": "wildcraft" }]
  },
  {
    "op": "add",
    "path": "/ingredients/1/validStacks/-",
    "value": { type: "item", code: "expandedfoods:wilddryfruit-huckleberry",  shapeElement: "bowl/fruit 1/*", textureMapping: ["fruit", "group24"] }, 
    "file": "recipes/mixing/yogurtmeal.json",
    dependsOn: [{ "modid": "wildcraft" }]
  },
  {
    "op": "add",
    "path": "/ingredients/1/validStacks/-",
    "value": { type: "item", code: "expandedfoods:wilddryfruit-strawberry",  shapeElement: "bowl/fruit 1/*", textureMapping: ["fruit", "group25"] },
    "file": "recipes/mixing/yogurtmeal.json",
    dependsOn: [{ "modid": "wildcraft" }]
  },
  {
    "op": "add",
    "path": "/ingredients/2/validStacks/-",
    "value": { type: "item", code: "wildcraft:fruit-elderberry",  shapeElement: "bowl/fruit 2/*", textureMapping: ["fruit", "group16"] },
    "file": "recipes/mixing/yogurtmeal.json",
    dependsOn: [{ "modid": "wildcraft" }]
  },
  {
    "op": "add",
    "path": "/ingredients/2/validStacks/-",
    "value": { type: "item", code: "wildcraft:fruit-snowberry",  shapeElement: "bowl/fruit 2/*", textureMapping: ["fruit", "group17"] },
    "file": "recipes/mixing/yogurtmeal.json",
    dependsOn: [{ "modid": "wildcraft" }]
  },
  {
    "op": "add",
    "path": "/ingredients/2/validStacks/-",
    "value": { type: "item", code: "wildcraft:fruit-cloudberry",  shapeElement: "bowl/fruit 2/*", textureMapping: ["fruit", "group18"] },
    "file": "recipes/mixing/yogurtmeal.json",
    dependsOn: [{ "modid": "wildcraft" }]
  },
  {
    "op": "add",
    "path": "/ingredients/2/validStacks/-",
    "value": { type: "item", code: "wildcraft:fruit-raspberry",  shapeElement: "bowl/fruit 2/*", textureMapping: ["fruit", "group19"] },
    "file": "recipes/mixing/yogurtmeal.json",
    dependsOn: [{ "modid": "wildcraft" }]
  },
  {
    "op": "add",
    "path": "/ingredients/2/validStacks/-",
    "value": { type: "item", code: "wildcraft:fruit-dogrose",  shapeElement: "bowl/fruit 2/*", textureMapping: ["fruit", "group20"] },
    "file": "recipes/mixing/yogurtmeal.json",
    dependsOn: [{ "modid": "wildcraft" }]
  },
  {
    "op": "add",
    "path": "/ingredients/2/validStacks/-",
    "value": { type: "item", code: "wildcraft:fruit-brambleberry",  shapeElement: "bowl/fruit 2/*", textureMapping: ["fruit", "group21"] },
    "file": "recipes/mixing/yogurtmeal.json",
    dependsOn: [{ "modid": "wildcraft" }]
  },
  {
    "op": "add",
    "path": "/ingredients/2/validStacks/-",
    "value": { type: "item", code: "wildcraft:fruit-honeysuckle",  shapeElement: "bowl/fruit 2/*", textureMapping: ["fruit", "group22"] },
    "file": "recipes/mixing/yogurtmeal.json",
    dependsOn: [{ "modid": "wildcraft" }]
  },
  {
    "op": "add",
    "path": "/ingredients/2/validStacks/-",
    "value": { type: "item", code: "wildcraft:fruit-gooseberry",  shapeElement: "bowl/fruit 2/*", textureMapping: ["fruit", "group23"] },
    "file": "recipes/mixing/yogurtmeal.json",
    dependsOn: [{ "modid": "wildcraft" }]
  },
  {
    "op": "add",
    "path": "/ingredients/2/validStacks/-",
    "value": { type: "item", code: "wildcraft:fruit-huckleberry",  shapeElement: "bowl/fruit 2/*", textureMapping: ["fruit", "group24"] },
    "file": "recipes/mixing/yogurtmeal.json",
    dependsOn: [{ "modid": "wildcraft" }]
  },
  {
    "op": "add",
    "path": "/ingredients/2/validStacks/-",
    "value": { type: "item", code: "wildcraft:fruit-strawberry",  shapeElement: "bowl/fruit 2/*", textureMapping: ["fruit", "group25"] },
    "file": "recipes/mixing/yogurtmeal.json",
    dependsOn: [{ "modid": "wildcraft" }]
  },
  {
    "op": "add",
    "path": "/ingredients/2/validStacks/-",
    "value": { type: "item", code: "expandedfoods:wilddryfruit-elderberry",  shapeElement: "bowl/fruit 2/*", textureMapping: ["fruit", "group16"] }, 
    "file": "recipes/mixing/yogurtmeal.json",
    dependsOn: [{ "modid": "wildcraft" }]
  },
  {
    "op": "add",
    "path": "/ingredients/2/validStacks/-",
    "value": { type: "item", code: "expandedfoods:wilddryfruit-snowberry",  shapeElement: "bowl/fruit 2/*", textureMapping: ["fruit", "group17"] }, 
    "file": "recipes/mixing/yogurtmeal.json",
    dependsOn: [{ "modid": "wildcraft" }]
  },
  {
    "op": "add",
    "path": "/ingredients/2/validStacks/-",
    "value": { type: "item", code: "expandedfoods:wilddryfruit-cloudberry",  shapeElement: "bowl/fruit 2/*", textureMapping: ["fruit", "group18"] }, 
    "file": "recipes/mixing/yogurtmeal.json",
    dependsOn: [{ "modid": "wildcraft" }]
  },
  {
    "op": "add",
    "path": "/ingredients/2/validStacks/-",
    "value": { type: "item", code: "expandedfoods:wilddryfruit-raspberry",  shapeElement: "bowl/fruit 2/*", textureMapping: ["fruit", "group19"] }, 
    "file": "recipes/mixing/yogurtmeal.json",
    dependsOn: [{ "modid": "wildcraft" }]
  },
  {
    "op": "add",
    "path": "/ingredients/2/validStacks/-",
    "value": { type: "item", code: "expandedfoods:wilddryfruit-dogrose",  shapeElement: "bowl/fruit 2/*", textureMapping: ["fruit", "group20"] }, 
    "file": "recipes/mixing/yogurtmeal.json",
    dependsOn: [{ "modid": "wildcraft" }]
  },
  {
    "op": "add",
    "path": "/ingredients/2/validStacks/-",
    "value": { type: "item", code: "expandedfoods:wilddryfruit-brambleberry",  shapeElement: "bowl/fruit 2/*", textureMapping: ["fruit", "group21"] }, 
    "file": "recipes/mixing/yogurtmeal.json",
    dependsOn: [{ "modid": "wildcraft" }]
  },
  {
    "op": "add",
    "path": "/ingredients/2/validStacks/-",
    "value": { type: "item", code: "expandedfoods:wilddryfruit-honeysuckle",  shapeElement: "bowl/fruit 2/*", textureMapping: ["fruit", "group22"] }, 
    "file": "recipes/mixing/yogurtmeal.json",
    dependsOn: [{ "modid": "wildcraft" }]
  },
  {
    "op": "add",
    "path": "/ingredients/2/validStacks/-",
    "value": { type: "item", code: "expandedfoods:wilddryfruit-gooseberry",  shapeElement: "bowl/fruit 2/*", textureMapping: ["fruit", "group23"] }, 
    "file": "recipes/mixing/yogurtmeal.json",
    dependsOn: [{ "modid": "wildcraft" }]
  },
  {
    "op": "add",
    "path": "/ingredients/2/validStacks/-",
    "value": { type: "item", code: "expandedfoods:wilddryfruit-huckleberry",  shapeElement: "bowl/fruit 2/*", textureMapping: ["fruit", "group24"] }, 
    "file": "recipes/mixing/yogurtmeal.json",
    dependsOn: [{ "modid": "wildcraft" }]
  },
  {
    "op": "add",
    "path": "/ingredients/2/validStacks/-",
    "value": { type: "item", code: "expandedfoods:wilddryfruit-strawberry",  shapeElement: "bowl/fruit 2/*", textureMapping: ["fruit", "group25"] },
    "file": "recipes/mixing/yogurtmeal.json",
    dependsOn: [{ "modid": "wildcraft" }]
  },
  {
    "op": "add",
    "path": "/ingredients/3/validStacks/-",
    "value": { type: "item", code: "wildcraft:fruit-elderberry",  shapeElement: "bowl/fruit 3/*", textureMapping: ["fruit", "group16"] },
    "file": "recipes/mixing/yogurtmeal.json",
    dependsOn: [{ "modid": "wildcraft" }]
  },
  {
    "op": "add",
    "path": "/ingredients/3/validStacks/-",
    "value": { type: "item", code: "wildcraft:fruit-snowberry",  shapeElement: "bowl/fruit 3/*", textureMapping: ["fruit", "group17"] },
    "file": "recipes/mixing/yogurtmeal.json",
    dependsOn: [{ "modid": "wildcraft" }]
  },
  {
    "op": "add",
    "path": "/ingredients/3/validStacks/-",
    "value": { type: "item", code: "wildcraft:fruit-cloudberry",  shapeElement: "bowl/fruit 3/*", textureMapping: ["fruit", "group18"] },
    "file": "recipes/mixing/yogurtmeal.json",
    dependsOn: [{ "modid": "wildcraft" }]
  },
  {
    "op": "add",
    "path": "/ingredients/3/validStacks/-",
    "value": { type: "item", code: "wildcraft:fruit-raspberry",  shapeElement: "bowl/fruit 3/*", textureMapping: ["fruit", "group19"] },
    "file": "recipes/mixing/yogurtmeal.json",
    dependsOn: [{ "modid": "wildcraft" }]
  },
  {
    "op": "add",
    "path": "/ingredients/3/validStacks/-",
    "value": { type: "item", code: "wildcraft:fruit-dogrose",  shapeElement: "bowl/fruit 3/*", textureMapping: ["fruit", "group20"] },
    "file": "recipes/mixing/yogurtmeal.json",
    dependsOn: [{ "modid": "wildcraft" }]
  },
  {
    "op": "add",
    "path": "/ingredients/3/validStacks/-",
    "value": { type: "item", code: "wildcraft:fruit-brambleberry",  shapeElement: "bowl/fruit 3/*", textureMapping: ["fruit", "group21"] },
    "file": "recipes/mixing/yogurtmeal.json",
    dependsOn: [{ "modid": "wildcraft" }]
  },
  {
    "op": "add",
    "path": "/ingredients/3/validStacks/-",
    "value": { type: "item", code: "wildcraft:fruit-honeysuckle",  shapeElement: "bowl/fruit 3/*", textureMapping: ["fruit", "group22"] },
    "file": "recipes/mixing/yogurtmeal.json",
    dependsOn: [{ "modid": "wildcraft" }]
  },
  {
    "op": "add",
    "path": "/ingredients/3/validStacks/-",
    "value": { type: "item", code: "wildcraft:fruit-gooseberry",  shapeElement: "bowl/fruit 3/*", textureMapping: ["fruit", "group23"] },
    "file": "recipes/mixing/yogurtmeal.json",
    dependsOn: [{ "modid": "wildcraft" }]
  },
  {
    "op": "add",
    "path": "/ingredients/3/validStacks/-",
    "value": { type: "item", code: "wildcraft:fruit-huckleberry",  shapeElement: "bowl/fruit 3/*", textureMapping: ["fruit", "group24"] },
    "file": "recipes/mixing/yogurtmeal.json",
    dependsOn: [{ "modid": "wildcraft" }]
  },
  {
    "op": "add",
    "path": "/ingredients/3/validStacks/-",
    "value": { type: "item", code: "wildcraft:fruit-strawberry",  shapeElement: "bowl/fruit 3/*", textureMapping: ["fruit", "group25"] },
    "file": "recipes/mixing/yogurtmeal.json",
    dependsOn: [{ "modid": "wildcraft" }]
  },
  {
    "op": "add",
    "path": "/ingredients/3/validStacks/-",
    "value": { type: "item", code: "expandedfoods:wilddryfruit-elderberry",  shapeElement: "bowl/fruit 3/*", textureMapping: ["fruit", "group16"] }, 
    "file": "recipes/mixing/yogurtmeal.json",
    dependsOn: [{ "modid": "wildcraft" }]
  },
  {
    "op": "add",
    "path": "/ingredients/3/validStacks/-",
    "value": { type: "item", code: "expandedfoods:wilddryfruit-snowberry",  shapeElement: "bowl/fruit 3/*", textureMapping: ["fruit", "group17"] }, 
    "file": "recipes/mixing/yogurtmeal.json",
    dependsOn: [{ "modid": "wildcraft" }]
  },
  {
    "op": "add",
    "path": "/ingredients/3/validStacks/-",
    "value": { type: "item", code: "expandedfoods:wilddryfruit-cloudberry",  shapeElement: "bowl/fruit 3/*", textureMapping: ["fruit", "group18"] }, 
    "file": "recipes/mixing/yogurtmeal.json",
    dependsOn: [{ "modid": "wildcraft" }]
  },
  {
    "op": "add",
    "path": "/ingredients/3/validStacks/-",
    "value": { type: "item", code: "expandedfoods:wilddryfruit-raspberry",  shapeElement: "bowl/fruit 3/*", textureMapping: ["fruit", "group19"] }, 
    "file": "recipes/mixing/yogurtmeal.json",
    dependsOn: [{ "modid": "wildcraft" }]
  },
  {
    "op": "add",
    "path": "/ingredients/3/validStacks/-",
    "value": { type: "item", code: "expandedfoods:wilddryfruit-dogrose",  shapeElement: "bowl/fruit 3/*", textureMapping: ["fruit", "group20"] }, 
    "file": "recipes/mixing/yogurtmeal.json",
    dependsOn: [{ "modid": "wildcraft" }]
  },
  {
    "op": "add",
    "path": "/ingredients/3/validStacks/-",
    "value": { type: "item", code: "expandedfoods:wilddryfruit-brambleberry",  shapeElement: "bowl/fruit 3/*", textureMapping: ["fruit", "group21"] }, 
    "file": "recipes/mixing/yogurtmeal.json",
    dependsOn: [{ "modid": "wildcraft" }]
  },
  {
    "op": "add",
    "path": "/ingredients/3/validStacks/-",
    "value": { type: "item", code: "expandedfoods:wilddryfruit-honeysuckle",  shapeElement: "bowl/fruit 3/*", textureMapping: ["fruit", "group22"] }, 
    "file": "recipes/mixing/yogurtmeal.json",
    dependsOn: [{ "modid": "wildcraft" }]
  },
  {
    "op": "add",
    "path": "/ingredients/3/validStacks/-",
    "value": { type: "item", code: "expandedfoods:wilddryfruit-gooseberry",  shapeElement: "bowl/fruit 3/*", textureMapping: ["fruit", "group23"] }, 
    "file": "recipes/mixing/yogurtmeal.json",
    dependsOn: [{ "modid": "wildcraft" }]
  },
  {
    "op": "add",
    "path": "/ingredients/3/validStacks/-",
    "value": { type: "item", code: "expandedfoods:wilddryfruit-huckleberry",  shapeElement: "bowl/fruit 3/*", textureMapping: ["fruit", "group24"] }, 
    "file": "recipes/mixing/yogurtmeal.json",
    dependsOn: [{ "modid": "wildcraft" }]
  },
  {
    "op": "add",
    "path": "/ingredients/3/validStacks/-",
    "value": { type: "item", code: "expandedfoods:wilddryfruit-strawberry",  shapeElement: "bowl/fruit 3/*", textureMapping: ["fruit", "group25"] },
    "file": "recipes/mixing/yogurtmeal.json",
    dependsOn: [{ "modid": "wildcraft" }]
  },
  {
    "op": "add",
    "path": "/ingredients/4/validStacks/-",
    "value": { type: "item", code: "wildcraft:fruit-elderberry",  shapeElement: "bowl/fruit 4/*", textureMapping: ["fruit", "group16"] },
    "file": "recipes/mixing/yogurtmeal.json",
    dependsOn: [{ "modid": "wildcraft" }]
  },
  {
    "op": "add",
    "path": "/ingredients/4/validStacks/-",
    "value": { type: "item", code: "wildcraft:fruit-snowberry",  shapeElement: "bowl/fruit 4/*", textureMapping: ["fruit", "group17"] },
    "file": "recipes/mixing/yogurtmeal.json",
    dependsOn: [{ "modid": "wildcraft" }]
  },
  {
    "op": "add",
    "path": "/ingredients/4/validStacks/-",
    "value": { type: "item", code: "wildcraft:fruit-cloudberry",  shapeElement: "bowl/fruit 4/*", textureMapping: ["fruit", "group18"] },
    "file": "recipes/mixing/yogurtmeal.json",
    dependsOn: [{ "modid": "wildcraft" }]
  },
  {
    "op": "add",
    "path": "/ingredients/4/validStacks/-",
    "value": { type: "item", code: "wildcraft:fruit-raspberry",  shapeElement: "bowl/fruit 4/*", textureMapping: ["fruit", "group19"] },
    "file": "recipes/mixing/yogurtmeal.json",
    dependsOn: [{ "modid": "wildcraft" }]
  },
  {
    "op": "add",
    "path": "/ingredients/4/validStacks/-",
    "value": { type: "item", code: "wildcraft:fruit-dogrose",  shapeElement: "bowl/fruit 4/*", textureMapping: ["fruit", "group20"] },
    "file": "recipes/mixing/yogurtmeal.json",
    dependsOn: [{ "modid": "wildcraft" }]
  },
  {
    "op": "add",
    "path": "/ingredients/4/validStacks/-",
    "value": { type: "item", code: "wildcraft:fruit-brambleberry",  shapeElement: "bowl/fruit 4/*", textureMapping: ["fruit", "group21"] },
    "file": "recipes/mixing/yogurtmeal.json",
    dependsOn: [{ "modid": "wildcraft" }]
  },
  {
    "op": "add",
    "path": "/ingredients/4/validStacks/-",
    "value": { type: "item", code: "wildcraft:fruit-honeysuckle",  shapeElement: "bowl/fruit 4/*", textureMapping: ["fruit", "group22"] },
    "file": "recipes/mixing/yogurtmeal.json",
    dependsOn: [{ "modid": "wildcraft" }]
  },
  {
    "op": "add",
    "path": "/ingredients/4/validStacks/-",
    "value": { type: "item", code: "wildcraft:fruit-gooseberry",  shapeElement: "bowl/fruit 4/*", textureMapping: ["fruit", "group23"] },
    "file": "recipes/mixing/yogurtmeal.json",
    dependsOn: [{ "modid": "wildcraft" }]
  },
  {
    "op": "add",
    "path": "/ingredients/4/validStacks/-",
    "value": { type: "item", code: "wildcraft:fruit-huckleberry",  shapeElement: "bowl/fruit 4/*", textureMapping: ["fruit", "group24"] },
    "file": "recipes/mixing/yogurtmeal.json",
    dependsOn: [{ "modid": "wildcraft" }]
  },
  {
    "op": "add",
    "path": "/ingredients/4/validStacks/-",
    "value": { type: "item", code: "wildcraft:fruit-strawberry",  shapeElement: "bowl/fruit 4/*", textureMapping: ["fruit", "group25"] },
    "file": "recipes/mixing/yogurtmeal.json",
    dependsOn: [{ "modid": "wildcraft" }]
  },
  {
    "op": "add",
    "path": "/ingredients/4/validStacks/-",
    "value": { type: "item", code: "expandedfoods:wilddryfruit-elderberry",  shapeElement: "bowl/fruit 4/*", textureMapping: ["fruit", "group16"] }, 
    "file": "recipes/mixing/yogurtmeal.json",
    dependsOn: [{ "modid": "wildcraft" }]
  },
  {
    "op": "add",
    "path": "/ingredients/4/validStacks/-",
    "value": { type: "item", code: "expandedfoods:wilddryfruit-snowberry",  shapeElement: "bowl/fruit 4/*", textureMapping: ["fruit", "group17"] }, 
    "file": "recipes/mixing/yogurtmeal.json",
    dependsOn: [{ "modid": "wildcraft" }]
  },
  {
    "op": "add",
    "path": "/ingredients/4/validStacks/-",
    "value": { type: "item", code: "expandedfoods:wilddryfruit-cloudberry",  shapeElement: "bowl/fruit 4/*", textureMapping: ["fruit", "group18"] }, 
    "file": "recipes/mixing/yogurtmeal.json",
    dependsOn: [{ "modid": "wildcraft" }]
  },
  {
    "op": "add",
    "path": "/ingredients/4/validStacks/-",
    "value": { type: "item", code: "expandedfoods:wilddryfruit-raspberry",  shapeElement: "bowl/fruit 4/*", textureMapping: ["fruit", "group19"] }, 
    "file": "recipes/mixing/yogurtmeal.json",
    dependsOn: [{ "modid": "wildcraft" }]
  },
  {
    "op": "add",
    "path": "/ingredients/4/validStacks/-",
    "value": { type: "item", code: "expandedfoods:wilddryfruit-dogrose",  shapeElement: "bowl/fruit 4/*", textureMapping: ["fruit", "group20"] }, 
    "file": "recipes/mixing/yogurtmeal.json",
    dependsOn: [{ "modid": "wildcraft" }]
  },
  {
    "op": "add",
    "path": "/ingredients/4/validStacks/-",
    "value": { type: "item", code: "expandedfoods:wilddryfruit-brambleberry",  shapeElement: "bowl/fruit 4/*", textureMapping: ["fruit", "group21"] }, 
    "file": "recipes/mixing/yogurtmeal.json",
    dependsOn: [{ "modid": "wildcraft" }]
  },
  {
    "op": "add",
    "path": "/ingredients/4/validStacks/-",
    "value": { type: "item", code: "expandedfoods:wilddryfruit-honeysuckle",  shapeElement: "bowl/fruit 4/*", textureMapping: ["fruit", "group22"] }, 
    "file": "recipes/mixing/yogurtmeal.json",
    dependsOn: [{ "modid": "wildcraft" }]
  },
  {
    "op": "add",
    "path": "/ingredients/4/validStacks/-",
    "value": { type: "item", code: "expandedfoods:wilddryfruit-gooseberry",  shapeElement: "bowl/fruit 4/*", textureMapping: ["fruit", "group23"] }, 
    "file": "recipes/mixing/yogurtmeal.json",
    dependsOn: [{ "modid": "wildcraft" }]
  },
  {
    "op": "add",
    "path": "/ingredients/4/validStacks/-",
    "value": { type: "item", code: "expandedfoods:wilddryfruit-huckleberry",  shapeElement: "bowl/fruit 4/*", textureMapping: ["fruit", "group24"] }, 
    "file": "recipes/mixing/yogurtmeal.json",
    dependsOn: [{ "modid": "wildcraft" }]
  },
  {
    "op": "add",
    "path": "/ingredients/4/validStacks/-",
    "value": { type: "item", code: "expandedfoods:wilddryfruit-strawberry",  shapeElement: "bowl/fruit 4/*", textureMapping: ["fruit", "group25"] },
    "file": "recipes/mixing/yogurtmeal.json",
    dependsOn: [{ "modid": "wildcraft" }]
  },
  {
    "op": "add",
    "path": "/ingredients/7/validStacks/-",
    "value": { type: "item", code: "expandedfoods:wildfruitsyrupportion-huckleberry",  shapeElement: "bowl/topping/*", textureMapping: ["topping", "huckleberrysyrup"] }, 
    "file": "recipes/mixing/yogurtmeal.json",
    dependsOn: [{ "modid": "wildcraft" }]
  },
  {
    "op": "add",
    "path": "/ingredients/7/validStacks/-",
    "value": { type: "item", code: "expandedfoods:wildfruitsyrupportion-brambleberry",  shapeElement: "bowl/topping/*", textureMapping: ["topping", "brambleberrysyrup"] }, 
    "file": "recipes/mixing/yogurtmeal.json",
    dependsOn: [{ "modid": "wildcraft" }]
  },
  {
    "op": "add",
    "path": "/ingredients/7/validStacks/-",
    "value": { type: "item", code: "expandedfoods:wildfruitsyrupportion-dogrose",  shapeElement: "bowl/topping/*", textureMapping: ["topping", "dogrosesyrup"] }, 
    "file": "recipes/mixing/yogurtmeal.json",
    dependsOn: [{ "modid": "wildcraft" }]
  },
  {
    "op": "add",
    "path": "/ingredients/7/validStacks/-",
    "value": { type: "item", code: "expandedfoods:wildfruitsyrupportion-gooseberry",  shapeElement: "bowl/topping/*", textureMapping: ["topping", "gooseberrysyrup"] }, 
    "file": "recipes/mixing/yogurtmeal.json",
    dependsOn: [{ "modid": "wildcraft" }]
  },
  {
    "op": "add",
    "path": "/ingredients/7/validStacks/-",
    "value": { type: "item", code: "expandedfoods:wildfruitsyrupportion-honeysuckle",  shapeElement: "bowl/topping/*", textureMapping: ["topping", "honeysucklesyrup"] }, 
    "file": "recipes/mixing/yogurtmeal.json",
    dependsOn: [{ "modid": "wildcraft" }]
  },
  {
    "op": "add",
    "path": "/ingredients/7/validStacks/-",
    "value": { type: "item", code: "expandedfoods:wildfruitsyrupportion-snowberry",  shapeElement: "bowl/topping/*", textureMapping: ["topping", "snowberrysyrup"] }, 
    "file": "recipes/mixing/yogurtmeal.json",
    dependsOn: [{ "modid": "wildcraft" }]
  },
  {
    "op": "add",
    "path": "/ingredients/7/validStacks/-",
    "value": { type: "item", code: "expandedfoods:wildfruitsyrupportion-elderberry",  shapeElement: "bowl/topping/*", textureMapping: ["topping", "elderberrysyrup"] }, 
    "file": "recipes/mixing/yogurtmeal.json",
    dependsOn: [{ "modid": "wildcraft" }]
  },
  {
    "op": "add",
    "path": "/ingredients/7/validStacks/-",
    "value": { type: "item", code: "expandedfoods:wildfruitsyrupportion-strawberry",  shapeElement: "bowl/topping/*", textureMapping: ["topping", "strawberrysyrup"] }, 
    "file": "recipes/mixing/yogurtmeal.json",
    dependsOn: [{ "modid": "wildcraft" }]
  },
  {
    "op": "add",
    "path": "/ingredients/7/validStacks/-",
    "value": { type: "item", code: "expandedfoods:wildfruitsyrupportion-cloudberry",  shapeElement: "bowl/topping/*", textureMapping: ["topping", "cloudberrysyrup"] }, 
    "file": "recipes/mixing/yogurtmeal.json",
    dependsOn: [{ "modid": "wildcraft" }]
  },
  {
    "op": "add",
    "path": "/ingredients/7/validStacks/-",
    "value": { type: "item", code: "expandedfoods:wildfruitsyrupportion-raspberry",  shapeElement: "bowl/topping/*", textureMapping: ["topping", "raspberrysyrup"] }, 
    "file": "recipes/mixing/yogurtmeal.json",
    dependsOn: [{ "modid": "wildcraft" }]
  },
  {
    "op": "add",
    "path": "/ingredients/7/validStacks/-",
    "value": { type: "item", code: "expandedfoods:gelatin-elderberry",  shapeElement: "bowl/topping/*", textureMapping: ["topping", "gelatinelderberry"] },
    "file": "recipes/mixing/yogurtmeal.json",
    dependsOn: [{ "modid": "wildcraft" }]
  },
  {
    "op": "add",
    "path": "/ingredients/7/validStacks/-",
    "value": { type: "item", code: "expandedfoods:gelatin-snowberry",  shapeElement: "bowl/topping/*", textureMapping: ["topping", "gelatinsnowberry"] },
    "file": "recipes/mixing/yogurtmeal.json",
    dependsOn: [{ "modid": "wildcraft" }]
  },
  {
    "op": "add",
    "path": "/ingredients/7/validStacks/-",
    "value": { type: "item", code: "expandedfoods:gelatin-dogrose",  shapeElement: "bowl/topping/*", textureMapping: ["topping", "gelatindogrose"] },
    "file": "recipes/mixing/yogurtmeal.json",
    dependsOn: [{ "modid": "wildcraft" }]
  },
  {
    "op": "add",
    "path": "/ingredients/7/validStacks/-",
    "value": { type: "item", code: "expandedfoods:gelatin-cloudberry",  shapeElement: "bowl/topping/*", textureMapping: ["topping", "gelatincloudberry"] },
    "file": "recipes/mixing/yogurtmeal.json",
    dependsOn: [{ "modid": "wildcraft" }]
  },
  {
    "op": "add",
    "path": "/ingredients/7/validStacks/-",
    "value": { type: "item", code: "expandedfoods:gelatin-raspberry",  shapeElement: "bowl/topping/*", textureMapping: ["topping", "gelatinraspberry"] },
    "file": "recipes/mixing/yogurtmeal.json",
    dependsOn: [{ "modid": "wildcraft" }]
  },
  {
    "op": "add",
    "path": "/ingredients/7/validStacks/-",
    "value": { type: "item", code: "expandedfoods:gelatin-brambleberry",  shapeElement: "bowl/topping/*", textureMapping: ["topping", "gelatinbrambleberry"] },
    "file": "recipes/mixing/yogurtmeal.json",
    dependsOn: [{ "modid": "wildcraft" }]
  },
  {
    "op": "add",
    "path": "/ingredients/7/validStacks/-",
    "value": { type: "item", code: "expandedfoods:gelatin-honeysuckle",  shapeElement: "bowl/topping/*", textureMapping: ["topping", "gelatinhoneysuckle"] },
    "file": "recipes/mixing/yogurtmeal.json",
    dependsOn: [{ "modid": "wildcraft" }]
  },
  {
    "op": "add",
    "path": "/ingredients/7/validStacks/-",
    "value": { type: "item", code: "expandedfoods:gelatin-gooseberry",  shapeElement: "bowl/topping/*", textureMapping: ["topping", "gelatingooseberry"] },
    "file": "recipes/mixing/yogurtmeal.json",
    dependsOn: [{ "modid": "wildcraft" }]
  },
  {
    "op": "add",
    "path": "/ingredients/7/validStacks/-",
    "value": { type: "item", code: "expandedfoods:gelatin-huckleberry",  shapeElement: "bowl/topping/*", textureMapping: ["topping", "gelatinhuckleberry"] },
    "file": "recipes/mixing/yogurtmeal.json",
    dependsOn: [{ "modid": "wildcraft" }]
  },
  {
    "op": "add",
    "path": "/ingredients/7/validStacks/-",
    "value": { type: "item", code: "expandedfoods:gelatin-strawberry",  shapeElement: "bowl/topping/*", textureMapping: ["topping", "gelatinstrawberry"] },
    "file": "recipes/mixing/yogurtmeal.json",
    dependsOn: [{ "modid": "wildcraft" }]
  },
]