{
  "code": "rubblehammer",
  "class": "ItemSlabTool",
  "variantgroups": [
    {
      "code": "material",
      "states": [
        "copper",
        "tinbronze",
        "bismuthbronze",
        "blackbronze",
        "gold",
        "silver",
        "iron",
        "meteoriciron",
        "steel"
      ]
    }
  ],
  "attributes": {
    "handbook": { "groupBy": [ "rubblehammer-*" ] },
    "slabtool": {
      "type": "stone",
      "quantity": {
        "avg": 2.5,
        "var": 0.5
      }
    },
    "rubbleable": true,
    "rackable": true,
    "toolrackTransform": {
      "translation": {
        "x": 0.4,
        "y": 0.7,
        "z": 0.65
      },
      "scale": 1.35
    }
  },
  "damagedBy": [ "attacking" ],
  "attackRange": 2,
  "durabilityByType": {
    "*-copper": 300,
    "*-tinbronze": 450,
    "*-bismuthbronze": 500,
    "*-blackbronze": 550,
    "*-gold": 150,
    "*-silver": 175,
    "*-iron": 1000,
    "*-meteoriciron": 1300,
    "*-steel": 2500
  },
  "attackpowerByType": {
    "*-copper": 1.5,
    "*-tinbronze": 1.8,
    "*-bismuthbronze": 1.5,
    "*-blackbronze": 2,
    "*-gold": 1.5,
    "*-silver": 1.5,
    "*-iron": 2.3,
    "*-meteoriciron": 2.3,
    "*-steel": 2.5
  },
  "shape": { "base": "item/tool/rubblehammer" },
  "textures": {
    "metal": { "base": "game:block/metal/plate/{material}" },
    "wood": { "base": "game:block/wood/debarked/birch" }
  },
  "creativeinventory": {
    "general": [ "*" ],
    "stonequarry": [ "*" ]
  },
  "heldTpUseAnimation": "axechop",
  "heldTpHitAnimation": "axechop",
  "fpHandTransform": {
    "translation": {
      "x": 0,
      "y": 0.6,
      "z": 1.2
    },
    "rotation": {
      "x": 180,
      "y": 160,
      "z": -95
    },
    "origin": {
      "x": 0,
      "y": 0,
      "z": 0
    },
    "scale": 1.5
  },
  "tpHandTransform": {
    "translation": {
      "x": -0.167,
      "y": -0.09,
      "z": 0.037
    },
    "rotation": {
      "x": 90,
      "y": 25,
      "z": 9
    },
    "origin": {
      "x": 0,
      "y": 0,
      "z": 0
    },
    "scale": 0.85
  },
  "guiTransform": {
    "translation": {
      "x": 0,
      "y": 0,
      "z": 0
    },
    "rotation": {
      "x": 123,
      "y": -45,
      "z": 9
    },
    "origin": {
      "x": 0,
      "y": 0,
      "z": 0
    },
    "scale": 1.29
  },
  "groundTransform": {
    "translation": {
      "x": 0,
      "y": 0.5,
      "z": 0
    },
    "rotation": {
      "x": 0,
      "y": 0,
      "z": 0
    },
    "scale": 4
  }
}
