{
  "code": "wedgechisel",
  "class": "ItemSlabTool",
  "variantgroups": [
    {
      "code": "material",
      "states": [
        "copper",
        "tinbronze",
        "bismuthbronze",
        "blackbronze",
        "gold",
        "silver",
        "iron",
        "meteoriciron",
        "steel"
      ]
    }
  ],
  "attributes": {
    "handbook": { "groupBy": [ "wedgechisel-*" ] },
    "slabtool": {
      "type": "stonebrick",
      "quantity": {
        "avg": 8
      }
    },
    "rackable": true,
    "toolrackTransform": {
      "translation": {
        "x": 0.2,
        "y": 0.5,
        "z": 0.5
      },
      "origin": {
        "x": 0,
        "y": 0,
        "z": 0
      }
    }
  },
  "durabilityByType": {
    "*-copper": 300,
    "*-tinbronze": 450,
    "*-bismuthbronze": 500,
    "*-blackbronze": 550,
    "*-gold": 150,
    "*-silver": 175,
    "*-iron": 1000,
    "*-meteoriciron": 1300,
    "*-steel": 2500
  },
  "shape": { "base": "item/tool/wedgechisel" },
  "textures": {
    "metal": { "base": "game:block/metal/plate/{material}" },
    "wood": { "base": "game:block/wood/debarked/birch" }
  },
  "creativeinventory": {
    "general": [ "*" ],
    "stonequarry": [ "*" ]
  },
  "heldTpUseAnimation": "knap",
  "fpHandTransform": {
    "translation": {
      "x": -0.4,
      "y": 0.6,
      "z": 1
    },
    "rotation": {
      "x": 40,
      "y": 37,
      "z": 80
    },
    "origin": {
      "x": 0,
      "y": 0,
      "z": 0
    },
    "scale": 2.14
  },
  "tpHandTransform": {
    "translation": {
      "x": 0.25,
      "y": 0.04,
      "z": 0.05
    },
    "rotation": {
      "x": 90,
      "y": 0,
      "z": 7
    },
    "origin": {
      "x": 0,
      "y": 0,
      "z": 0
    },
    "scale": 0.63
  },
  "guiTransform": {
    "translation": {
      "x": 0,
      "y": 0,
      "z": 0
    },
    "rotation": {
      "x": -12,
      "y": 47,
      "z": -39
    },
    "origin": {
      "x": 0,
      "y": 0,
      "z": 0
    },
    "scale": 2.35
  },
  "groundTransform": {
    "translation": {
      "x": 0,
      "y": -0.34,
      "z": 0
    },
    "rotation": {
      "x": 90,
      "y": 0,
      "z": 0
    },
    "origin": {
      "x": 0.5,
      "y": 0.5,
      "z": 0.5299
    },
    "scale": 4
  }
}
