[
  {
    "op": "add",
    "path": "/attributes",
    "value": {
      "maxSaturation": 16,
      "maxBirths": 3,
      "nutrition" : 8
    },
    "file": "game:entities/land/sheep-bighorn-female.json"
  },

  {
    "op": "add",
    "path": "/client/behaviors/-",
    "value": {
      "code": "consume"
    },
    "file": "game:entities/land/sheep-bighorn-female.json"
  },

  {
    "op": "add",
    "path": "/server/behaviors/-",
    "value": {
      "code": "consume",
      "poopCodes": [
        "farmlife:poop-grazer-medium",
        "farmlife:poop-grazer-large"
      ]
    },
    "file": "game:entities/land/sheep-bighorn-female.json"
  },

  {
    "op": "replace",
    "path": "/client/behaviors/4/code",
    "value": "foodmultiply",
    "file": "game:entities/land/sheep-bighorn-female.json"
  },
  {
    "op": "replace",
    "path": "/server/behaviors/8",
    "value": {
      "code": "foodmultiply",
      "spawnEntityCode": "sheep-bighorn-lamb",
      "requiresNearbyEntityCode": "sheep-bighorn-male",
      "requiresNearbyEntityRange": 10,
      "spawnQuantityMin": 1,
      "spawnQuantityMax": 1,
      "pregnancyDays": 20,
      "multiplyCooldownDaysMin": 14,
      "multiplyCooldownDaysMax": 21,
      "portionsEatenForMultiply": 10
    },
    "file": "game:entities/land/sheep-bighorn-female.json"
  },

  {
    "op": "replace",
    "path": "/server/behaviors/10/aitasks/6",
    "value": {
      "code": "seekfoodandeat",
      "movespeed": 0.01,
      "priority": 1.5,
      "eatLooseItems": true,
      "eatItemCategories": [
        "Grain"
      ],
      "eatItemCodes": [
        "game:drygrass",
        "farmlife:animalfeed"
      ],
      "eatSound": "player/eat",
      "eatTime": 1.5,
      "animationSpeed": 1.4,
      "animation": "Walk",
      "eatAnimation": "Eat",
      "mincooldownHours": 0,
      "maxcooldownHours": 0
    },
    "file": "game:entities/land/sheep-bighorn-female.json"
  }
]
