[
	{
		"code": "dye-black-alum",
		"ingredients": [
			{ "type": "item", "code": "game:dilutedalumportion", "litres": 2 },
			{ "type": "item", "code": "bricklayers:powdered-magnetite", "quantity": 1 }
		],
		"output": { "type": "item", "code": "game:dye-black", "litres": 2 }
	},
	{
		"code": "dye-black-cassiterite",
		"ingredients": [
			{ "type": "item", "code": "game:dilutedcassiteriteportion", "litres": 1 },
			{ "type": "item", "code": "bricklayers:powdered-magnetite", "quantity": 1 }
		],
		"output": { "type": "item", "code": "game:dye-black", "litres": 1 }
	},
	{
		"code": "dye-black-chromite",
		"ingredients": [
			{ "type": "item", "code": "game:dilutedchromiteportion", "litres": 3 },
			{ "type": "item", "code": "bricklayers:powdered-magnetite", "quantity": 2 }
		],
		"output": { "type": "item", "code": "game:dye-black", "litres": 3 }
	}
]
