[
	{
		"code": "dye-green-alum",
		"ingredients": [
			{ "type": "item", "code": "game:dilutedalumportion", "litres": 2 },
			{ "type": "item", "code": "bricklayers:powdered-chromiumoxide", "quantity": 1 }
		],
		"output": { "type": "item", "code": "game:dye-green", "litres": 2 }
	},
	{
		"code": "dye-green-cassiterite",
		"ingredients": [
			{ "type": "item", "code": "game:dilutedcassiteriteportion", "litres": 1 },
			{ "type": "item", "code": "bricklayers:powdered-chromiumoxide", "quantity": 1 }
		],
		"output": { "type": "item", "code": "game:dye-green", "litres": 1 }
	},
	{
		"code": "dye-green-limewater",
		"ingredients": [
			{ "type": "item", "code": "game:limewaterportion", "litres": 1 },
			{ "type": "item", "code": "bricklayers:powdered-chromiumoxide", "quantity": 1 }
		],
		"output": { "type": "item", "code": "game:dye-green", "litres": 1 }
	},
	{
		"code": "dye-green-dilutedborax",
		"ingredients": [
			{ "type": "item", "code": "game:dilutedboraxportion", "litres": 1 },
			{ "type": "item", "code": "bricklayers:powdered-chromiumoxide", "quantity": 1 }
		],
		"output": { "type": "item", "code": "game:dye-green", "litres": 1 }
	}
]
