[
	{
		"code": "dye-pink-alum",
		"name": "dye-pink-rhodochrosite-alum",
		"ingredients": [
			{ "type": "item", "code": "game:dilutedalumportion", "litres": 2 },
			{ "type": "item", "code": "bricklayers:powdered-rhodochrosite", "quantity": 1 }
		],
		"output": { "type": "item", "code": "game:dye-pink", "litres": 2 }
	},
	{
		"code": "dye-pink-cassiterite",
		"name": "dye-pink-rhodochrosite-cassiterite",
		"ingredients": [
			{ "type": "item", "code": "game:dilutedcassiteriteportion", "litres": 1 },
			{ "type": "item", "code": "bricklayers:powdered-rhodochrosite", "quantity": 1 }
		],
		"output": { "type": "item", "code": "game:dye-pink", "litres": 1 }
	},
	{
		"code": "dye-pink-chromite",
		"name": "dye-pink-rhodochrosite-chromite",
		"ingredients": [
			{ "type": "item", "code": "game:dilutedchromiteportion", "litres": 3 },
			{ "type": "item", "code": "bricklayers:powdered-rhodochrosite", "quantity": 2 }
		],
		"output": { "type": "item", "code": "game:dye-pink", "litres": 3 }
	}
]
