[
	{
		"code": "dye-purple-red",
		"ingredients": [
			{ "type": "item", "code": "game:dye-red", "litres": 2 },
			{ "type": "item", "code": "bricklayers:powdered-nickel", "quantity": 1 }
		],
		"output": { "type": "item", "code": "game:dye-purple", "litres": 2 }
	},
	{
		"code": "dye-purple-red",
		"name": "dye-purple-red-lapis",
		"ingredients": [
			{ "type": "item", "code": "game:dye-red", "litres": 2 },
			{ "type": "item", "code": "bricklayers:powdered-lapislazuli", "quantity": 1 }
		],
		"output": { "type": "item", "code": "game:dye-purple", "litres": 2 }
	},
	{
		"code": "dye-purple-blue",
		"name": "dye-purple-blue-litharge",
		"ingredients": [
			{ "type": "item", "code": "game:dye-blue", "litres": 2 },
			{ "type": "item", "code": "bricklayers:powdered-litharge", "quantity": 1 }
		],
		"output": { "type": "item", "code": "game:dye-purple", "litres": 2 }
	},
	{
		"code": "dye-purple-blue",
		"name": "dye-purple-blue-hematite",
		"ingredients": [
			{ "type": "item", "code": "game:dye-blue", "litres": 2 },
			{ "type": "item", "code": "bricklayers:powdered-hematite", "quantity": 1 }
		],
		"output": { "type": "item", "code": "game:dye-purple", "litres": 2 }
	},
	{
		"code": "dye-purple-blue",
		"name": "dye-purple-blue-cinnabar",
		"ingredients": [
			{ "type": "item", "code": "game:dye-blue", "litres": 2 },
			{ "type": "item", "code": "bricklayers:powdered-cinnabar", "quantity": 1 }
		],
		"output": { "type": "item", "code": "game:dye-purple", "litres": 2 }
	}
]
