[
	{
		"code": "dye-red-alum",
		"name": "dye-red-litharge-alum",
		"ingredients": [
			{ "type": "item", "code": "game:dilutedalumportion", "litres": 1 },
			{ "type": "item", "code": "bricklayers:powdered-litharge", "quantity": 1 }
		],
		"output": { "type": "item", "code": "game:dye-red", "litres": 1 }
	},
	{
		"code": "dye-red-alum",
		"name": "dye-red-hematite-alum",
		"ingredients": [
			{ "type": "item", "code": "game:dilutedalumportion", "litres": 1 },
			{ "type": "item", "code": "bricklayers:powdered-hematite", "quantity": 1 }
		],
		"output": { "type": "item", "code": "game:dye-red", "litres": 1 }
	},
	{
		"code": "dye-red-alum",
		"name": "dye-red-cinnabar-alum",
		"ingredients": [
			{ "type": "item", "code": "game:dilutedalumportion", "litres": 1 },
			{ "type": "item", "code": "bricklayers:powdered-cinnabar", "quantity": 1 }
		],
		"output": { "type": "item", "code": "game:dye-red", "litres": 1 }
	},
	{
		"code": "dye-red-cassiterite",
		"name": "dye-red-litharge-cassiterite",
		"ingredients": [
			{ "type": "item", "code": "game:dilutedcassiteriteportion", "litres": 2 },
			{ "type": "item", "code": "bricklayers:powdered-litharge", "quantity": 1 }
		],
		"output": { "type": "item", "code": "game:dye-red", "litres": 2 }
	},
	{
		"code": "dye-red-cassiterite",
		"name": "dye-red-hematite-cassiterite",
		"ingredients": [
			{ "type": "item", "code": "game:dilutedcassiteriteportion", "litres": 2 },
			{ "type": "item", "code": "bricklayers:powdered-hematite", "quantity": 1 }
		],
		"output": { "type": "item", "code": "game:dye-red", "litres": 2 }
	},
	{
		"code": "dye-red-cassiterite",
		"name": "dye-red-cinnabar-cassiterite",
		"ingredients": [
			{ "type": "item", "code": "game:dilutedcassiteriteportion", "litres": 2 },
			{ "type": "item", "code": "bricklayers:powdered-cinnabar", "quantity": 1 }
		],
		"output": { "type": "item", "code": "game:dye-red", "litres": 2 }
	},
	{
		"code": "dye-red-chromite",
		"name": "dye-red-litharge-chromite",
		"ingredients": [
			{ "type": "item", "code": "game:dilutedchromiteportion", "litres": 3 },
			{ "type": "item", "code": "bricklayers:powdered-litharge", "quantity": 2 }
		],
		"output": { "type": "item", "code": "game:dye-red", "litres": 3 }
	},
	{
		"code": "dye-red-chromite",
		"name": "dye-red-hematite-chromite",
		"ingredients": [
			{ "type": "item", "code": "game:dilutedchromiteportion", "litres": 3 },
			{ "type": "item", "code": "bricklayers:powdered-hematite", "quantity": 2 }
		],
		"output": { "type": "item", "code": "game:dye-red", "litres": 3 }
	},
	{
		"code": "dye-red-chromite",
		"name": "dye-red-cinnabar-chromite",
		"ingredients": [
			{ "type": "item", "code": "game:dilutedchromiteportion", "litres": 3 },
			{ "type": "item", "code": "bricklayers:powdered-cinnabar", "quantity": 2 }
		],
		"output": { "type": "item", "code": "game:dye-red", "litres": 3 }
	}
]
