[
	{
		"code": "dye-yellow-alum",
		"ingredients": [
			{ "type": "item", "code": "game:dilutedalumportion", "litres": 1 },
			{ "type": "item", "code": "bricklayers:powdered-massicot", "quantity": 1 }
		],
		"output": { "type": "item", "code": "game:dye-yellow", "litres": 1 }
	},
	{
		"code": "dye-yellow-alum",
		"ingredients": [
			{ "type": "item", "code": "game:dilutedalumportion", "litres": 1 },
			{ "type": "item", "code": "bricklayers:powdered-limonite", "quantity": 1 }
		],
		"output": { "type": "item", "code": "game:dye-yellow", "litres": 1 }
	},
	{
		"code": "dye-yellow-cassiterite",
		"ingredients": [
			{ "type": "item", "code": "game:dilutedcassiteriteportion", "litres": 2 },
			{ "type": "item", "code": "bricklayers:powdered-massicot", "quantity": 1 }
		],
		"output": { "type": "item", "code": "game:dye-yellow", "litres": 2 }
	},
	{
		"code": "dye-yellow-cassiterite",
		"ingredients": [
			{ "type": "item", "code": "game:dilutedcassiteriteportion", "litres": 2 },
			{ "type": "item", "code": "bricklayers:powdered-limonite", "quantity": 1 }
		],
		"output": { "type": "item", "code": "game:dye-yellow", "litres": 2 }
	},
	{
		"code": "dye-yellow-chromite",
		"ingredients": [
			{ "type": "item", "code": "game:dilutedchromiteportion", "litres": 3 },
			{ "type": "item", "code": "bricklayers:powdered-massicot", "quantity": 2 }
		],
		"output": { "type": "item", "code": "game:dye-yellow", "litres": 3 }
	},
	{
		"code": "dye-yellow-chromite",
		"ingredients": [
			{ "type": "item", "code": "game:dilutedchromiteportion", "litres": 3 },
			{ "type": "item", "code": "bricklayers:powdered-limonite", "quantity": 2 }
		],
		"output": { "type": "item", "code": "game:dye-yellow", "litres": 3 }
	}
]
