{
    "ingredientPattern": "DTD,T_T,DTD",
    "ingredients": {
        "T": {
            "type": "item",
            "code": "game:flaxtwine"
        },
        "D": {
            "type": "item",
            "code": "game:dye-*",
            "name": "color",
            "allowedVariants": [
				"blue",
				"red",
				"orange",
				"green",
				"brown",
				"black",
				"purple",
				"pink",
				"yellow"
            ]
        }
    },
    "width": 3,
    "height": 3,
    "output": {
        "type": "item",
        "code": "dogscarf-{color}",
        "quantity": 1
    }
}