{
	"ingredient": { "type": "item", "code": "game:clay-*", "name": "color", "allowedVariants": [ "black", "blurple", "brown", "darkgrey", "fire", "green", "malachite", "orange", "pink", "purple", "red", "light", "yellow" ] },
	"pattern": [[
		"##############",
		"##############",
		"##############",
		"##############",
		"##############",
		"##############",
		"##############",
		"##############",
		"##############",
		"##############",
		"##############",
		"##############",
		"##############",
		"##############"
	],
	[
		"##############",
		"##############",
		"#######_######",
		"######___#####",
		"#####____#####",
		"####______####",
		"###_______####",
		"##_________###",
		"##__________##",
		"####________##",
		"######______##",
		"#######____###",
		"##############",
		"##############"
	]],
	"name": "Colored Axe Mold",
	"output": { "type": "block", "code": "bricklayers:toolmoldcolored-raw-{color}-axe" }
}
