{
	"ingredient": { "type": "item", "code": "game:clay-*", "name": "color", "allowedVariants": [ "black", "blurple", "brown", "darkgrey", "fire", "green", "malachite", "orange", "pink", "purple", "red", "light", "yellow" ] },
	"pattern": [[
		"#############",
		"#############",
		"#############",
		"#############",
		"#############",
		"#############",
		"#############",
		"#############",
		"#############",
		"#############",
		"#############",
		"#############",
		"#############"
	],
	[
		"#############",
		"#___#___#___#",
		"#___#___#___#",
		"#___#___#___#",
		"#############",
		"#___#___#___#",
		"#___#___#___#",
		"#___#___#___#",
		"#############",
		"#___#___#___#",
		"#___#___#___#",
		"#___#___#___#",
		"#############"
	]],
	"name": "Colored Lamellae Mold",
	"output": { "type": "block", "code": "bricklayers:toolmoldcolored-raw-{color}-lamellae" }
}
