{
	"ingredient": { "type": "item", "code": "game:clay-*", "name": "color", "allowedVariants": [ "black", "blurple", "brown", "darkgrey", "fire", "green", "malachite", "orange", "pink", "purple", "red", "light", "yellow" ] },
	"pattern": [[
		"##############",
		"##############",
		"##############",
		"##############",
		"##############",
		"##############",
		"##############",
		"##############",
		"##############",
		"##############",
		"##############",
		"##############",
		"##############",
		"##############"
	],
	[
		"##############",
		"##############",
		"######__######",
		"#####____#####",
		"####______####",
		"###________###",
		"###________###",
		"###________###",
		"###________###",
		"###________###",
		"###_######_###",
		"##############",
		"##############",
		"##############"
	]],
	"name": "Colored Shovel Mold",
	"output": { "type": "block", "code": "bricklayers:toolmoldcolored-raw-{color}-shovel" }
}
