{
	code: "antler-large",
	shape: { base: "item/antler-large" },
	behaviors: [{"name": "GroundStorable","properties": {"layout": "Quadrants"}}],
	creativeinventory: { "general": ["*"], "items": ["*"] },
	maxstacksize: 64,
	attributes: {
		displaycaseable: true, 
		shelvable: true,
		onDisplayTransform: {
			translation: { x: -0.30, y: -0.08, z: 0.06 },
			rotation: { x: 270, y: 0, z: 95 },
			origin: { x: 0.5, y: 0.22, z: 0.54 },
			scale: 1.9
		}
	},
	materialDensity: 900,
	heldTpHitAnimation: "breaktool",
	grindingProps: {
		grindedStack: { type: "item", code: "game:bonemeal" }
	},
	fpHandTransform: {
		translation: { x: 0, y: -0.5, z: -1.5 },
		rotation: { x: 180, y: 0, z: 90 },
		scale: 12
	},
	guiTransform: {
		translation: { x: -3, y: -3, z: 5 },
		rotation: { x: 0, y: 0, z: 90 },
		origin: { x: 0.5, y: 0.25, z: 0.5 },
		scale: 3.65
	},
	tpHandTransform: {
		translation: { x: -0.5, y: 0, z: -0.25 },
		rotation: { x: 0, y: -174, z: 0 },
		origin: { x: 0.5, y: 0.12, z: 0.5 },
		scale: 2
	},
	groundTransform: {
		translation: { x: 0, y: 0.15, z: 0 },
		rotation: { x: 90, y: 0, z: 180 },
		origin: { x: 0.5, y: 0.22, z: 0.54 },
		scale: 9
	},		
	attributes: {
	groundStorageTransform: {
			translation: { x: 0.6, y: -0.425, z: 0.5 },
			rotation: { x: 90, y: 180, z: -45 },
			origin: { x: 0, y: 0, z: 0 },
			scale: 1.53
	}
	

}