{
	code: "tine",
	shape: { base: "item/tine" },
	behaviors: [{"name": "GroundStorable","properties": {"layout": "Quadrants"}}],
	creativeinventory: { "general": ["*"], "items": ["*"] },
	maxstacksize: 64,
	attributes: {
		handbook: {
			groupBy: ["tine-*"]
		},
	},
	variantgroups: [
	{ code: "mat", states: ["antler", "albantler" ] },
	],
    textures: {
	"mat": { base: "item/{mat}" }
	},
	materialDensity: 900,
	heldTpHitAnimation: "breaktool",
	fpHandTransform: {
		translation: { x: 0.3, y: 0, z: -0.43 },
		rotation: { x: -57, y: 115, z: -59 },
		origin: { x: 0.5, y: 0.12, z: 0.5 },
		scale: 6
	},
	guiTransform: {
		translation: { x: 20, y: -12, z: 0 },
		rotation: { x: -180, y: -6, z: -71 },
		origin: { x: 0.5, y: 0.25, z: 0.5 },
		scale: 4.66
	},
	tpHandTransform: {
		translation: { x: -0.67, y: -0.1, z: -0.43 },
		rotation: { x: -16, y: 3, z: -167 },
		origin: { x: 0.5, y: 0.12, z: 0.5 },
		scale: 1.22
	},
	groundTransform: {
		translation: { x: 0, y: -0.03, z: 0 },
		rotation: { x: 91, y: 0, z: 0 },
		origin: { x: 0.5, y: 0.22, z: 0.54 },
		scale: 6
	},
	   attributes: {
        groundStorageTransform: {
            translation: { x: 0, y: 0.008, z: -0.05 },
            rotation: { x: 90, y: 0, z: 45 },
            origin: { x: 0.5, y: 0, z: 0.5 },
            scale: 1.1
    }

}