{
    "code": "bighook",
    "maxstacksize": 32,
    "attributes": {
        "handbook": {
            "excludeByType": {
                "@.*-(bismuth|bismuthbronze|blackbronze|blistersteel|brass|chromium|copper|gold|lead|iron|meteoriciron|molybdochalkos|platinum|rhodium|silver|stainlessteel|steel|tin|tinbronze|titanium|uranium|zinc)-.*": true
            }
        },
    },
    "variantgroups": [
        { "code": "metal", states: ["copper", "brass", "tinbronze", "blackbronze", "titanium", "steel"] }
    ],
    "shape": { "base": "item/bighook" },
    "textures": {
        "metal": { "base": "game:block/metal/ingot/{metal}" }
    },
    "creativeinventory": {
        "general": [ "*" ],
        "items": [ "*" ],
    },
    "materialDensityByType": {
        "*-copper": 8960,
        "*-brass": 8500,
        "*-tinbronze": 7600,
        "*-bismuthbronze": 7900,
        "*-blackbronze": 9000,
        "*-iron": 7870,
        "*-gold": 19300,
        "*-lead": 11300,
        "*-tin": 7260,
        "*-chromium": 7150,
        "*-platinum": 21500,
        "*-titanium": 4510,
        "*-zinc": 7140,
        "*-silver": 10500,
        "*-bismuth": 9790,
        "*-molybdochalkos": 9600
    },
	fpHandTransform: {
 translation: { x: -0.5, y: 0.4, z: 0.4 }, rotation: { x: 0, y: -180, z: -180 },
 origin: { x: 0.4, y: 0.1, z: 0.8 },
 scale: 1.75
 },
	guiTransform: {
 translation: { x: -6, y: -1.6, z: 0 },
 rotation: { x: 0, y: -90, z: 1 },
 origin: { x: 0.49, y: 0.03, z: 0.56 },
 scale: 4.5
 },
        groundTransform: {
 translation: { x: 0, y: 0, z: 0 },
 rotation: { x: 90, y: 0, z: 90 },
 origin: { x: 0.47, y: 0, z: 0.55 },
 scale: 7.5 },
	tpHandTransform: {
 translation: { x: -0.44, y: -0.86, z: -0.55 },
 rotation: { x: -14, y: -180, z: -73 },
 origin: { x: 0.8, y: 0.5, z: 0 },
 scale: 1
 },
}
