{
	code: "rollingpin",
	damagedby: ["blockbreaking", "attacking"],
	variantgroups: [
		{ code: "type", states: ["acacia", "aged", "baldcypress", "birch", "ebony", "kapok", "larch", "maple", "oak", "pine", "purpleheart", "redwood", "walnut",
																				"blackbronze", "copper", "iron", "meteoriciron", "steel", "tinbronze" ] },
	],
	shape: { base: "item/rollingpinshape" }, 
	heldTpHitAnimation: "breaktool",
	texturesByType: {
		"*-blackbronze": { "pin": { base: "game:block/metal/sheet/{type}1" } },
		"*-copper": { "pin": { base: "game:block/metal/sheet/{type}1" } },
		"*-iron": { "pin": { base: "game:block/metal/sheet/{type}1" } },
		"*-meteoriciron": { "pin": { base: "game:block/metal/sheet/{type}1" } },
		"*-steel": { "pin": { base: "game:block/metal/sheet/{type}1" } },
		"*-tinbronze": { "pin": { base: "game:block/metal/sheet/{type}1" } },
		"*": { "pin": { base: "game:block/wood/debarked/{type}" } },
	},
	attackRange: 2,
	attributes: {
		rackable: true,
		handbook: { "groupBy": ["rollingpin-*"] },
		toolrackTransformByType: {
			"*": { 
				scale: 1.5,
				translation: { x: 0, y: 0.5, z: 0 },
				rotation: { x: 0, y: 45, z: 180 },
				origin: { x: 0.5, y: 0, z: 0.5 }
			}
		}
	},
	durabilitybytype: {
		"rollingpin-steel": 5000,
		"rollingpin-meteoriciron": 2500,
		"rollingpin-iron": 2100,
		"rollingpin-blackbronze": 1300,
		"rollingpin-tinbronze": 900,
		"rollingpin-copper": 600,
		"rollingpin-*": 100,
	},
	attackpowerbytype: {
		"rollingpin-steel": 3,
		"rollingpin-meteoriciron": 3,
		"rollingpin-iron": 2.75,
		"rollingpin-blackbronze": 2.5,
		"rollingpin-tinbronze": 2.25,
		"rollingpin-copper": 2,
		"rollingpin-*": 1.5,
	},
	tooltierbytype: {
		"*-copper": 2,
		"*-tinbronze": 3,
		"*-iron": 4,
		"*-meteoriciron": 4,
		"*-steel": 5,
		"*": 1,
	},
	creativeinventory: { "general": ["*"], "items": ["*"], "tools": ["*"] },
	combustiblePropsByType: {
		"*-acacia": {
			burnTemperature: 600,
			burnDuration: 24,
		},
		"*-baldcypress": {
			burnTemperature: 600,
			burnDuration: 24,
		},
		"*-birch": {
			burnTemperature: 600,
			burnDuration: 24,
		},
		"*-ebony": {
			burnTemperature: 600,
			burnDuration: 24,
		},
		"*-kapok": {
			burnTemperature: 600,
			burnDuration: 24,
		},
		"*-larch": {
			burnTemperature: 600,
			burnDuration: 24,
		},
		"*-maple": {
			burnTemperature: 600,
			burnDuration: 24,
		},
		"*-oak": {
			burnTemperature: 600,
			burnDuration: 24,
		},
		"*-pine": {
			burnTemperature: 600,
			burnDuration: 24,
		},
		"*-purpleheart": {
			burnTemperature: 600,
			burnDuration: 24,
		},
		"*-redwood": {
			burnTemperature: 600,
			burnDuration: 24,
		},
		"*-walnut": {
			burnTemperature: 600,
			burnDuration: 24,
		},
	},	
	fpHandTransformByType: {
		"*":
			{
				translation: { x: 0, y: 0, z: 0 },
				rotation: { x: -45, y: 90, z: 90 },
				scale: 2.5
			}
	},
	guiTransformByType: {
		"*":
			{
				translation: { x: -5, y: -25, z: 0 },
				rotation: { x: 0, y: -19, z: 44 },
				origin: { x: 0, y: 0, z: 0 },
				scale: 2.5
			}
	},
	groundTransformByType: {
		"*": {
				translation: { x: 0, y: 0, z: 0 },
				rotation: { x: 0, y: 0, z: 0 },
				origin: { x: 0.5, y: 0, z: 0.5 },
				scale: 5
			}
	},
	tpHandTransformByType: {
		"*":
			{
				translation: { x: -0.99, y: -0.6, z: -0.2 },
				rotation: { x: 90, y: 1, z: 0 },
				scale: 0.85
			}
	}
}