{
	"editor": {
		"allAngles": false,
		"entityTextureMode": false
	},
	"textureWidth": 16,
	"textureHeight": 16,
	"textureSizes": {
	},
	"textures": {
		"stone": "block/stone/rock/stone",
		"birch": "game:block/wood/debarked/birch"
	},
	"elements": [
		{
			"name": "Cube1",
			"from": [ 4.0, 0.0, -1.0 ], 
			"to": [ 7.0, 3.0, 17.0 ], 
			"rotationOrigin": [ 4.0, 0.0, -1.0 ],
			"faces": {
				"north": { "texture": "#birch", "uv": [ 0.0, 0.0, 3.0, 3.0 ] },
				"east": { "texture": "#birch", "uv": [ 0.0, 0.0, 15.5, 3.0 ], "autoUv": false },
				"south": { "texture": "#birch", "uv": [ 0.0, 0.0, 3.0, 3.0 ] },
				"west": { "texture": "#birch", "uv": [ 0.0, 0.0, 15.0, 3.0 ], "autoUv": false },
				"up": { "texture": "#birch", "uv": [ 0.0, 0.0, 3.0, 16.0 ], "autoUv": false },
				"down": { "texture": "#birch", "uv": [ 0.0, 0.0, 3.5, 15.0 ], "autoUv": false }
			},
			"children": [
				{
					"name": "Cube2",
					"from": [ -3.0, 3.0, 1.0 ], 
					"to": [ 12.0, 16.0, 16.0 ], 
					"rotationOrigin": [ -3.0, 3.0, 1.0 ],
					"faces": {
						"north": { "texture": "#stone", "uv": [ 0.0, 0.0, 15.0, 13.0 ] },
						"east": { "texture": "#stone", "uv": [ 0.0, 0.0, 15.0, 13.0 ] },
						"south": { "texture": "#stone", "uv": [ 0.0, 0.0, 15.0, 13.0 ] },
						"west": { "texture": "#stone", "uv": [ 0.0, 0.0, 15.0, 13.0 ] },
						"up": { "texture": "#stone", "uv": [ 0.0, 0.0, 15.0, 15.0 ] },
						"down": { "texture": "#stone", "uv": [ 0.0, 0.0, 15.0, 15.0 ] }
					}
				}
			]
		}
	]}