{
	"editor": {
		"allAngles": false,
		"entityTextureMode": false
	},
	"textureWidth": 16,
	"textureHeight": 16,
	"textureSizes": {
	},
	"textures": {
		"material": "bricklayers:block/glass/opaque/{color}",
		"frame2": "game:block/glass/frame",
		"snowcover": "game:block/snow/normal1",
		"frame": "game:block/glass/frame-slab"
	},
	"elements": [
		{
			"name": "Frame",
			"from": [ 4.0, -8.0, 4.0 ],
			"to": [ 20.0, 0.0, 20.0 ],
			"renderPass": 2,
			"rotationOrigin": [ 8.0, 0.0, 4.0 ],
			"rotationX": -90.0,
			"zOffset": 2,
			"rotationZ": -90.0,
			"faces": {
				"north": { "texture": "#frame", "uv": [ 0.0, 8.0, 16.0, 16.0 ] },
				"east": { "texture": "#frame", "uv": [ 0.0, 8.0, 16.0, 16.0 ] },
				"south": { "texture": "#frame", "uv": [ 0.0, 8.0, 16.0, 16.0 ] },
				"west": { "texture": "#frame", "uv": [ 0.0, 8.0, 16.0, 16.0 ] },
				"up": { "texture": "#frame2", "uv": [ 0.0, 0.0, 16.0, 16.0 ] },
				"down": { "texture": "#frame2", "uv": [ 0.0, 0.0, 16.0, 16.0 ] }
			},
			"children": [
				{
					"name": "Opaque quartz",
					"from": [ 0.1, 0.1, 0.1 ],
					"to": [ 15.9, 7.9, 15.9 ],
					"reflective": true,
					"faces": {
						"north": { "texture": "#material", "uv": [ 0.0, 0.0, 15.5, 7.5 ] },
						"east": { "texture": "#material", "uv": [ 0.0, 0.0, 15.5, 7.5 ] },
						"south": { "texture": "#material", "uv": [ 0.0, 0.0, 15.5, 7.5 ] },
						"west": { "texture": "#material", "uv": [ 0.0, 0.0, 15.5, 7.5 ] },
						"up": { "texture": "#material", "uv": [ 0.0, 0.0, 15.5, 15.5 ] },
						"down": { "texture": "#material", "uv": [ 0.0, 0.0, 15.5, 15.5 ] }
					}
				},
				{
					"name": "Opaque quartz-snow",
					"from": [ 0.0, 16.0, 8.0 ],
					"to": [ 16.0, 18.0, 16.0 ],
					"renderPass": 0,
					"zOffset": 0,
					"rotationOrigin": [ 0.1, 8.0, 8.0 ],
					"rotationX": 90.0,
					"reflective": false,
					"faces": {
						"north": { "texture": "#snowcover", "uv": [ 0.0, 0.0, 16.0, 2.0 ] },
						"east": { "texture": "#snowcover", "uv": [ 0.0, 0.0, 8.0, 2.0 ] },
						"south": { "texture": "#snowcover", "uv": [ 0.0, 0.0, 16.0, 2.0 ] },
						"west": { "texture": "#snowcover", "uv": [ 0.0, 0.0, 8.0, 2.0 ] },
						"up": { "texture": "#snowcover", "uv": [ 0.0, 0.0, 16.0, 8.0 ] },
						"down": { "texture": "#snowcover", "uv": [ 0.0, 0.0, 16.0, 8.0 ] }
					}
				},
				{
					"name": "Opaque quartz-snow4",
					"from": [ 0.0, 24.0, -8.0 ],
					"to": [ 16.0, 26.0, 0.0 ],
					"renderPass": 0,
					"zOffset": 0,
					"rotationOrigin": [ 0.1, 16.0, -8.0 ],
					"rotationX": 90.0,
					"reflective": false,
					"faces": {
						"north": { "texture": "#snowcover", "uv": [ 0.0, 0.0, 16.0, 2.0 ] },
						"east": { "texture": "#snowcover", "uv": [ 0.0, 0.0, 8.0, 2.0 ] },
						"south": { "texture": "#snowcover", "uv": [ 0.0, 0.0, 16.0, 2.0 ] },
						"west": { "texture": "#snowcover", "uv": [ 0.0, 0.0, 8.0, 2.0 ] },
						"up": { "texture": "#snowcover", "uv": [ 0.0, 0.0, 16.0, 8.0 ] },
						"down": { "texture": "#snowcover", "uv": [ 0.0, 0.0, 16.0, 8.0 ] }
					}
				}
			]
		}
	]}
