{
	"editor": {
		"allAngles": false,
		"entityTextureMode": false
	},
	"textureWidth": 16,
	"textureHeight": 16,
	"textureSizes": {
	},
	"textures": {
		"egg": "game:block/henbox/egg"
	},
	"elements": [
		{
			"name": "Cube1",
			"from": [ 7.0, 0.1, 7.0 ], 
			"to": [ 10.5, 1.6, 10.5 ], 
			"rotationOrigin": [ 7.0, 0.1, 7.0 ],
			"rotationY": -22.5,
			"faces": {
				"north": { "texture": "#egg", "uv": [ 14.0, 1.0, 15.5, 2.5 ], "autoUv": false },
				"east": { "texture": "#egg", "uv": [ 10.0, 2.0, 13.5, 3.5 ], "enabled": false },
				"south": { "texture": "#egg", "uv": [ 12.0, 0.0, 14.5, 1.5 ], "autoUv": false },
				"west": { "texture": "#egg", "uv": [ 11.0, 2.0, 14.5, 3.5 ] },
				"up": { "texture": "#egg", "uv": [ 13.0, 0.0, 14.5, 2.0 ], "autoUv": false },
				"down": { "texture": "#egg", "uv": [ 14.0, 0.0, 16.0, 2.0 ], "autoUv": false }
			},
			"children": [
				{
					"name": "Cube2",
					"from": [ 0.0, 0.0, -0.5 ], 
					"to": [ 3.5, 1.5, 3.0 ], 
					"rotationOrigin": [ 2.0, 0.0, -0.5 ],
					"rotationY": 22.5,
					"faces": {
						"north": { "texture": "#egg", "uv": [ 12.0, 4.0, 15.5, 5.5 ] },
						"east": { "texture": "#egg", "uv": [ 12.0, 3.0, 15.5, 4.5 ] },
						"south": { "texture": "#egg", "uv": [ 14.0, 0.0, 16.0, 2.0 ], "autoUv": false },
						"west": { "texture": "#egg", "uv": [ 10.0, 3.0, 13.5, 4.5 ], "enabled": false },
						"up": { "texture": "#egg", "uv": [ 14.5, 0.0, 16.0, 2.0 ], "autoUv": false },
						"down": { "texture": "#egg", "uv": [ 13.0, 0.0, 16.0, 2.0 ], "autoUv": false }
					}
				}
			]
		}
	]}