[
  {
    "op": "add",
    "path": "/attributes/searchrangeByType/*-nickel-*",
    "value": 3,
    "file": "blocktypes/plugandfeather.json",
    "condition": {
      "when": "SQ_PlugSizesMoreMetals_Nickel",
      "useValue": "true"
    },
    "dependsOn": [ { "modid": "moremetals" } ]
  },
  {
    "op": "add",
    "path": "/attributes/searchrangeByType/*-monel-*",
    "value": 4,
    "file": "blocktypes/plugandfeather.json",
    "condition": {
      "when": "SQ_PlugSizesMoreMetals_Monel",
      "useValue": "true"
    },
    "dependsOn": [ { "modid": "moremetals" } ]
  },
  {
    "op": "add",
    "path": "/attributes/searchrangeByType/*-constantan-*",
    "value": 4,
    "file": "blocktypes/plugandfeather.json",
    "condition": {
      "when": "SQ_PlugSizesMoreMetals_Constantan",
      "useValue": "true"
    },
    "dependsOn": [ { "modid": "moremetals" } ]
  },
  {
    "op": "add",
    "path": "/attributes/searchrangeByType/*-cupronickel-*",
    "value": 5,
    "file": "blocktypes/plugandfeather.json",
    "condition": {
      "when": "SQ_PlugSizesMoreMetals_Cupronickel",
      "useValue": "true"
    },
    "dependsOn": [ { "modid": "moremetals" } ]
  },
  {
    "op": "add",
    "path": "/attributes/searchrangeByType/*-phosphorbronze-*",
    "value": 5,
    "file": "blocktypes/plugandfeather.json",
    "condition": {
      "when": "SQ_PlugSizesMoreMetals_Phosphorbronze",
      "useValue": "true"
    },
    "dependsOn": [ { "modid": "moremetals" } ]
  },
  {
    "op": "add",
    "path": "/attributes/searchrangeByType/*-nichrome-*",
    "value": 5,
    "file": "blocktypes/plugandfeather.json",
    "condition": {
      "when": "SQ_PlugSizesMoreMetals_Nichrome",
      "useValue": "true"
    },
    "dependsOn": [ { "modid": "moremetals" } ]
  },
  {
    "op": "add",
    "path": "/attributes/searchrangeByType/*-chromium-*",
    "value": 5,
    "file": "blocktypes/plugandfeather.json",
    "condition": {
      "when": "SQ_PlugSizesMoreMetals_Chromium",
      "useValue": "true"
    },
    "dependsOn": [ { "modid": "moremetals" } ]
  },
  {
    "op": "add",
    "path": "/attributes/searchrangeByType/*-zamak-*",
    "value": 6,
    "file": "blocktypes/plugandfeather.json",
    "condition": {
      "when": "SQ_PlugSizesMoreMetals_Zamak",
      "useValue": "true"
    },
    "dependsOn": [ { "modid": "moremetals" } ]
  },
  {
    "op": "add",
    "path": "/attributes/searchrangeByType/*-ferromagnesium-*",
    "value": 6,
    "file": "blocktypes/plugandfeather.json",
    "condition": {
      "when": "SQ_PlugSizesMoreMetals_Ferromagnesium",
      "useValue": "true"
    },
    "dependsOn": [ { "modid": "moremetals" } ]
  },
  {
    "op": "add",
    "path": "/attributes/searchrangeByType/*-alnico-*",
    "value": 6,
    "file": "blocktypes/plugandfeather.json",
    "condition": {
      "when": "SQ_PlugSizesMoreMetals_Alnico",
      "useValue": "true"
    },
    "dependsOn": [ { "modid": "moremetals" } ]
  },
  {
    "op": "add",
    "path": "/attributes/searchrangeByType/*-titanium-*",
    "value": 6,
    "file": "blocktypes/plugandfeather.json",
    "condition": {
      "when": "SQ_PlugSizesMoreMetals_Titanium",
      "useValue": "true"
    },
    "dependsOn": [ { "modid": "moremetals" } ]
  },
  {
    "op": "add",
    "path": "/attributes/searchrangeByType/*-titaniumgold-*",
    "value": 6,
    "file": "blocktypes/plugandfeather.json",
    "condition": {
      "when": "SQ_PlugSizesMoreMetals_TitaniumGold",
      "useValue": "true"
    },
    "dependsOn": [ { "modid": "moremetals" } ]
  },
  {
    "op": "add",
    "path": "/attributes/searchrangeByType/*-bluesteel-*",
    "value": 6,
    "file": "blocktypes/plugandfeather.json",
    "condition": {
      "when": "SQ_PlugSizesMoreMetals_BlueSteel",
      "useValue": "true"
    },
    "dependsOn": [ { "modid": "moremetals" } ]
  },
  {
    "op": "add",
    "path": "/attributes/searchrangeByType/*-kovar-*",
    "value": 5,
    "file": "blocktypes/plugandfeather.json",
    "condition": {
      "when": "SQ_PlugSizesMoreMetals_Kovar",
      "useValue": "true"
    },
    "dependsOn": [ { "modid": "moremetals" } ]
  },
  {
    "op": "add",
    "path": "/attributes/searchrangeByType/*-invar-*",
    "value": 6,
    "file": "blocktypes/plugandfeather.json",
    "condition": {
      "when": "SQ_PlugSizesMoreMetals_Invar",
      "useValue": "true"
    },
    "dependsOn": [ { "modid": "moremetals" } ]
  },
  {
    "op": "add",
    "path": "/attributes/searchrangeByType/*-talonite-*",
    "value": 6,
    "file": "blocktypes/plugandfeather.json",
    "condition": {
      "when": "SQ_PlugSizesMoreMetals_Talonite",
      "useValue": "true"
    },
    "dependsOn": [ { "modid": "moremetals" } ]
  },
  {
    "op": "add",
    "path": "/attributes/searchrangeByType/*-stainlesssteel-*",
    "value": 7,
    "file": "blocktypes/plugandfeather.json",
    "condition": {
      "when": "SQ_PlugSizesMoreMetals_StainlessSteel",
      "useValue": "true"
    },
    "dependsOn": [ { "modid": "moremetals" } ]
  },
  {
    "op": "add",
    "path": "/attributes/searchrangeByType/*-chromoly-*",
    "value": 7,
    "file": "blocktypes/plugandfeather.json",
    "condition": {
      "when": "SQ_PlugSizesMoreMetals_Chromoly",
      "useValue": "true"
    },
    "dependsOn": [ { "modid": "moremetals" } ]
  },
  {
    "op": "add",
    "path": "/attributes/searchrangeByType/*-wootzsteel-*",
    "value": 7,
    "file": "blocktypes/plugandfeather.json",
    "condition": {
      "when": "SQ_PlugSizesMoreMetals_Damascus",
      "useValue": "true"
    },
    "dependsOn": [ { "modid": "moremetals" } ]
  },
  {
    "op": "add",
    "path": "/attributes/searchrangeByType/*-toolsteel-*",
    "value": 7,
    "file": "blocktypes/plugandfeather.json",
    "condition": {
      "when": "SQ_PlugSizesMoreMetals_ToolSteel",
      "useValue": "true"
    },
    "dependsOn": [ { "modid": "moremetals" } ]
  }
]