﻿[
 {
   file: "expandedfoods:itemtypes/food/wildfarming/mixing/herbalacornhardtack.json",
    op: "replace", 
    path: "/enabled", 
    value: "true",
    dependsOn: [{ "modid": "wildfarming" }, { "modid": "acorns" }]
 },
 {
   file: "expandedfoods:recipes/kneading/wildfarming/herbalacornhardtack.json",
    op: "replace", 
    path: "/0/enabled", 
    value: "true",
    dependsOn: [{ "modid": "wildfarming" }, { "modid": "acorns" }]
 },
 {
   file: "expandedfoods:recipes/kneading/wildfarming/herbalacornhardtack.json",
    op: "replace", 
    path: "/1/enabled", 
    value: "true",
    dependsOn: [{ "modid": "wildfarming" }, { "modid": "acorns" }]
 },
 {
   file: "expandedfoods:recipes/kneading/wildfarming/herbalacornhardtack.json",
    op: "replace", 
    path: "/2/enabled", 
    value: "true",
    dependsOn: [{ "modid": "wildfarming" }, { "modid": "acorns" }]
 },
 {
   file: "expandedfoods:recipes/kneading/wildfarming/herbalacornhardtack.json",
    op: "replace", 
    path: "/3/enabled", 
    value: "true",
    dependsOn: [{ "modid": "wildfarming" }, { "modid": "acorns" }]
 },
 {
   file: "expandedfoods:recipes/kneading/wildfarming/herbalacornhardtack.json",
    op: "replace", 
    path: "/4/enabled", 
    value: "true",
    dependsOn: [{ "modid": "wildfarming" }, { "modid": "acorns" }]
 },
 {
   file: "expandedfoods:recipes/kneading/wildfarming/herbalacornhardtack.json",
    op: "replace", 
    path: "/5/enabled", 
    value: "true",
    dependsOn: [{ "modid": "wildfarming" }, { "modid": "acorns" }]
 },
 {
   file: "expandedfoods:recipes/kneading/wildfarming/herbalacornhardtack.json",
    op: "replace", 
    path: "/6/enabled", 
    value: "true",
    dependsOn: [{ "modid": "wildfarming" }, { "modid": "acorns" }]
 },
 {
   file: "expandedfoods:recipes/kneading/wildfarming/herbalacornhardtack.json",
    op: "replace", 
    path: "/7/enabled", 
    value: "true",
    dependsOn: [{ "modid": "wildfarming" }, { "modid": "acorns" }]
 },
 {
   file: "expandedfoods:recipes/kneading/wildfarming/herbalacornhardtack.json",
    op: "replace", 
    path: "/8/enabled", 
    value: "true",
    dependsOn: [{ "modid": "wildfarming" }, { "modid": "acorns" }]
 },
 {
   file: "expandedfoods:recipes/kneading/wildfarming/herbalacornhardtack.json",
    op: "replace", 
    path: "/9/enabled", 
    value: "true",
    dependsOn: [{ "modid": "wildfarming" }, { "modid": "acorns" }]
 },
 {
   file: "expandedfoods:recipes/kneading/wildfarming/herbalacornhardtack.json",
    op: "replace", 
    path: "/10/enabled", 
    value: "true",
    dependsOn: [{ "modid": "wildfarming" }, { "modid": "acorns" }]
 },
 {
   file: "expandedfoods:recipes/kneading/wildfarming/herbalacornhardtack.json",
    op: "replace", 
    path: "/11/enabled", 
    value: "true",
    dependsOn: [{ "modid": "wildfarming" }, { "modid": "acorns" }]
 },
 {
   file: "expandedfoods:recipes/kneading/wildfarming/herbalacornhardtack.json",
    op: "replace", 
    path: "/12/enabled", 
    value: "true",
    dependsOn: [{ "modid": "wildfarming" }, { "modid": "acorns" }]
 },
 {
   file: "expandedfoods:recipes/kneading/wildfarming/herbalacornhardtack.json",
    op: "replace", 
    path: "/13/enabled", 
    value: "true",
    dependsOn: [{ "modid": "wildfarming" }, { "modid": "acorns" }]
 },
]