﻿[
 {
   file: "expandedfoods:itemtypes/food/wildfarming/mixing/herbalacornbread.json",
    op: "replace", 
    path: "/enabled", 
    value: "true",
    dependsOn: [{ "modid": "wildfarming" }, { "modid": "acorns" }]
 },
 {
   file: "expandedfoods:recipes/kneading/wildfarming/herbalacornbread.json",
    op: "replace", 
    path: "/0/enabled", 
    value: "true",
    dependsOn: [{ "modid": "wildfarming" }, { "modid": "acorns" }]
 },
 {
   file: "expandedfoods:recipes/kneading/wildfarming/herbalacornbread.json",
    op: "replace", 
    path: "/1/enabled", 
    value: "true",
    dependsOn: [{ "modid": "wildfarming" }, { "modid": "acorns" }]
 },
 {
   file: "expandedfoods:recipes/kneading/wildfarming/herbalacornbread.json",
    op: "replace", 
    path: "/2/enabled", 
    value: "true",
    dependsOn: [{ "modid": "wildfarming" }, { "modid": "acorns" }]
 },
 {
   file: "expandedfoods:recipes/kneading/wildfarming/herbalacornbread.json",
    op: "replace", 
    path: "/3/enabled", 
    value: "true",
    dependsOn: [{ "modid": "wildfarming" }, { "modid": "acorns" }]
 },
 {
   file: "expandedfoods:recipes/kneading/wildfarming/herbalacornbread.json",
    op: "replace", 
    path: "/4/enabled", 
    value: "true",
    dependsOn: [{ "modid": "wildfarming" }, { "modid": "acorns" }]
 },
 {
   file: "expandedfoods:recipes/kneading/wildfarming/herbalacornbreadsyrup.json",
    op: "replace", 
    path: "/0/enabled", 
    value: "true",
    dependsOn: [{ "modid": "wildfarming" }, { "modid": "acorns" }]
 },
 {
   file: "expandedfoods:recipes/kneading/wildfarming/herbalacornbreadsyrup.json",
    op: "replace", 
    path: "/1/enabled", 
    value: "true",
    dependsOn: [{ "modid": "wildfarming" }, { "modid": "acorns" }]
 },
 {
   file: "expandedfoods:recipes/kneading/wildfarming/herbalacornbreadsyrup.json",
    op: "replace", 
    path: "/2/enabled", 
    value: "true",
    dependsOn: [{ "modid": "wildfarming" }, { "modid": "acorns" }]
 },
]