﻿[
 {
   file: "expandedfoods:itemtypes/food/wildfarming/mixing/herbalbread.json",
    op: "add", 
    path: "/enabled", 
    value: "false",
    dependsOn: [{ "modid": "wildfarming" , "invert": true}]
 },
 {
   file: "expandedfoods:recipes/kneading/wildfarming/herbalbread.json",
    op: "add", 
    path: "/0/enabled", 
    value: "false",
    dependsOn: [{ "modid": "wildfarming" , "invert": true}]
 },
 {
   file: "expandedfoods:recipes/kneading/wildfarming/herbalbread.json",
    op: "add", 
    path: "/1/enabled", 
    value: "false",
    dependsOn: [{ "modid": "wildfarming" , "invert": true}]
 },
 {
   file: "expandedfoods:recipes/kneading/wildfarming/herbalbread.json",
    op: "add", 
    path: "/2/enabled", 
    value: "false",
    dependsOn: [{ "modid": "wildfarming" , "invert": true}]
 },
 {
   file: "expandedfoods:recipes/kneading/wildfarming/herbalbread.json",
    op: "add", 
    path: "/3/enabled", 
    value: "false",
    dependsOn: [{ "modid": "wildfarming" , "invert": true}]
 },
 {
   file: "expandedfoods:recipes/kneading/wildfarming/herbalbread.json",
    op: "add", 
    path: "/4/enabled", 
    value: "false",
    dependsOn: [{ "modid": "wildfarming" , "invert": true}]
 },
 {
   file: "expandedfoods:recipes/kneading/wildfarming/herbalbreadsyrup.json",
    op: "add", 
    path: "/0/enabled", 
    value: "false",
    dependsOn: [{ "modid": "wildfarming" , "invert": true}]
 },
 {
   file: "expandedfoods:recipes/kneading/wildfarming/herbalbreadsyrup.json",
    op: "add", 
    path: "/1/enabled", 
    value: "false",
    dependsOn: [{ "modid": "wildfarming" , "invert": true}]
 },
 {
   file: "expandedfoods:recipes/kneading/wildfarming/herbalbreadsyrup.json",
    op: "add", 
    path: "/2/enabled", 
    value: "false",
    dependsOn: [{ "modid": "wildfarming" , "invert": true}]
 },
]