[
  {
    "op": "add",
    "path": "/attributes",
    "value": {
      "squeezeInto": "expandedfoods:foodoilportion-seed",
      "squeezeRatio": 4
    },
    "file": "wildfarming:itemtypes/wildseeds.json",
    dependsOn: [{ "modid": "wildfarming" }]
  },
  {
    "op": "add",
    "path": "/attributes",
    "value": {
      "squeezeInto": "expandedfoods:foodoilportion-seed",
      "squeezeRatio": 4
    },
    "file": "wildfarming:itemtypes/wildseeds-bigberrybush.json",
    dependsOn: [{ "modid": "wildfarming" }]
  },
  {
    "op": "add",
    "path": "/attributes",
    "value": {
      "squeezeInto": "expandedfoods:foodoilportion-seed",
      "squeezeRatio": 4
    },
    "file": "wildfarming:itemtypes/wildseeds-croton.json",
    dependsOn: [{ "modid": "wildfarming" }]
  },
  {
    "op": "add",
    "path": "/attributes",
    "value": {
      "squeezeInto": "expandedfoods:foodoilportion-seed",
      "squeezeRatio": 4
    },
    "file": "wildfarming:itemtypes/wildseeds-herb.json",
    dependsOn: [{ "modid": "wildfarming" }]
  },
  {
    "op": "add",
    "path": "/attributes",
    "value": {
      "squeezeInto": "expandedfoods:foodoilportion-seed",
      "squeezeRatio": 4
    },
    "file": "wildfarming:itemtypes/wildseeds-lupine.json",
    dependsOn: [{ "modid": "wildfarming" }]
  },
  {
    "op": "add",
    "path": "/attributes",
    "value": {
      "squeezeInto": "expandedfoods:foodoilportion-seed",
      "squeezeRatio": 4
    },
    "file": "wildfarming:itemtypes/wildseeds-rafflesia.json",
    dependsOn: [{ "modid": "wildfarming" }]
  },
  {
    "op": "add",
    "path": "/attributes",
    "value": {
      "squeezeInto": "expandedfoods:foodoilportion-seed",
      "squeezeRatio": 4
    },
    "file": "wildfarming:itemtypes/wildseeds-smallberrybush.json",
    dependsOn: [{ "modid": "wildfarming" }]
  },
  {
    "op": "add",
    "path": "/attributes",
    "value": {
      "squeezeInto": "expandedfoods:foodoilportion-seed",
      "squeezeRatio": 4
    },
    "file": "wildfarming:itemtypes/cactiseeds.json",
    dependsOn: [{ "modid": "wildfarming" }]
  },
]