[
  {
    "op": "add",
    "path": "/server/behaviors/9/dropsByType/*-corrupt/-",
    "value": {
      "type": "item",
      "code": "locustmod:temporalessence",
      "quantity": {
        "avg": 0.25,
        "var": 1.75
      }
    },
    "file": "game:entities/land/drifter.json"
  },
  {
    "op": "add",
    "path": "/server/behaviors/9/dropsByType/*-deep/-",
    "value": {
      "type": "item",
      "code": "locustmod:temporalessence",
      "quantity": {
        "avg": 0.1,
        "var": 0
      }
    },
    "file": "game:entities/land/drifter.json"
  },
  {
    "op": "add",
    "path": "/server/behaviors/9/dropsByType/*-nightmare/-",
    "value": {
      "type": "item",
      "code": "locustmod:temporalessence",
      "quantity": {
        "avg": 0.5,
        "var": 1.5
      }
    },
    "file": "game:entities/land/drifter.json"
  },
  {
    "op": "add",
    "path": "/server/behaviors/9/dropsByType/*-normal/-",
    "value": {
      "type": "item",
      "code": "locustmod:temporalessence",
      "quantity": {
        "avg": 0.08,
        "var": 0
      }
    },
    "file": "game:entities/land/drifter.json"
  },
  {
    "op": "add",
    "path": "/server/behaviors/9/dropsByType/*-tainted/-",
    "value": {
      "type": "item",
      "code": "locustmod:temporalessence",
      "quantity": {
        "avg": 0.15,
        "var": 0
      }
    },
    "file": "game:entities/land/drifter.json"
  }
]