{
	"editor": {
		"allAngles": false,
		"entityTextureMode": false
	},
	"textureWidth": 16,
	"textureHeight": 16,
	"textureSizes": {
	},
	"textures": {
	},
	"elements": [
		{
			"name": "origin",
			"from": [ -1.0, 3.0, 0.0 ], 
			"to": [ -1.0, 3.0, 0.0 ], 
			"rotationOrigin": [ -1.0, 3.0, 0.0 ],
			"faces": {
				"north": { "texture": "#firework", "uv": [ 0.0, 0.0, 0.5, 0.5 ], "enabled": false },
				"east": { "texture": "#firework", "uv": [ 0.0, 0.0, 0.5, 0.5 ], "enabled": false },
				"south": { "texture": "#firework", "uv": [ 0.0, 0.0, 0.5, 0.5 ], "enabled": false },
				"west": { "texture": "#firework", "uv": [ 0.0, 0.0, 0.5, 0.5 ], "enabled": false },
				"up": { "texture": "#firework", "uv": [ 0.0, 0.0, 0.5, 0.5 ], "enabled": false },
				"down": { "texture": "#firework", "uv": [ 0.0, 0.0, 0.5, 0.5 ], "enabled": false }
			},
			"children": [
				{
					"name": "stick",
					"from": [ 8.65, -4.0, 7.85 ], 
					"to": [ 9.3, 2.5, 8.45 ], 
					"rotationOrigin": [ 8.6, -4.0, 7.9 ],
					"rotationY": 25.0,
					"faces": {
						"north": { "texture": "#wood", "uv": [ 2.5, 1.0, 3.0, 7.5 ] },
						"east": { "texture": "#wood", "uv": [ 1.5, 3.5, 2.0, 10.0 ] },
						"south": { "texture": "#wood", "uv": [ 5.0, 3.0, 5.5, 9.5 ] },
						"west": { "texture": "#wood", "uv": [ 2.5, 3.0, 3.0, 9.5 ] },
						"up": { "texture": "#wood", "uv": [ 2.0, 1.5, 2.5, 2.0 ], "enabled": false },
						"down": { "texture": "#wood", "uv": [ 2.5, 2.0, 3.0, 2.5 ] }
					}
				},
				{
					"name": "origin10",
					"from": [ 0.0, 0.0, 0.0 ], 
					"to": [ 0.0, 0.0, 0.0 ], 
					"faces": {
						"north": { "texture": "#firework", "uv": [ 0.0, 0.0, 0.5, 0.5 ], "enabled": false },
						"east": { "texture": "#firework", "uv": [ 0.0, 0.0, 0.5, 0.5 ], "enabled": false },
						"south": { "texture": "#firework", "uv": [ 0.0, 0.0, 0.5, 0.5 ], "enabled": false },
						"west": { "texture": "#firework", "uv": [ 0.0, 0.0, 0.5, 0.5 ], "enabled": false },
						"up": { "texture": "#firework", "uv": [ 0.0, 0.0, 0.5, 0.5 ], "enabled": false },
						"down": { "texture": "#firework", "uv": [ 0.0, 0.0, 0.5, 0.5 ], "enabled": false }
					},
					"children": [
						{
							"name": "base12",
							"from": [ 7.4, 3.02, 6.7 ], 
							"to": [ 8.0, 4.52, 8.7 ], 
							"rotationOrigin": [ 7.4, 3.0, 6.7 ],
							"faces": {
								"north": { "texture": "#firework", "uv": [ 0.0, 0.0, 0.5, 1.5 ] },
								"east": { "texture": "#firework", "uv": [ 0.0, 0.0, 2.0, 1.5 ] },
								"south": { "texture": "#firework", "uv": [ 0.0, 0.0, 0.5, 1.5 ] },
								"west": { "texture": "#firework", "uv": [ 6.5, 0.0, 10.5, 3.5 ], "autoUv": false },
								"up": { "texture": "#firework", "uv": [ 0.0, 0.0, 0.5, 2.0 ] },
								"down": { "texture": "#firework", "uv": [ 0.0, 0.0, 0.5, 2.0 ] }
							}
						},
						{
							"name": "side13",
							"from": [ 7.4, 3.0, 6.7 ], 
							"to": [ 9.4, 4.5, 7.3 ], 
							"rotationOrigin": [ 7.4, 3.0, 6.7 ],
							"rotationY": 22.5,
							"faces": {
								"north": { "texture": "#firework", "uv": [ 6.5, 0.0, 10.5, 3.5 ], "autoUv": false },
								"east": { "texture": "#firework", "uv": [ 0.0, 0.0, 0.5, 1.5 ] },
								"south": { "texture": "#firework", "uv": [ 0.0, 0.0, 2.0, 1.5 ] },
								"west": { "texture": "#firework", "uv": [ 0.0, 0.0, 0.5, 1.5 ] },
								"up": { "texture": "#firework", "uv": [ 0.0, 0.0, 2.0, 0.5 ] },
								"down": { "texture": "#firework", "uv": [ 0.0, 0.0, 2.0, 0.5 ] }
							}
						},
						{
							"name": "side14",
							"from": [ 7.4, 3.0, 8.7 ], 
							"to": [ 8.0, 4.5, 10.7 ], 
							"rotationOrigin": [ 7.4, 3.0, 8.7 ],
							"rotationY": 45.0,
							"faces": {
								"north": { "texture": "#firework", "uv": [ 0.0, 0.0, 0.5, 1.5 ] },
								"east": { "texture": "#firework", "uv": [ 0.0, 0.0, 2.0, 1.5 ] },
								"south": { "texture": "#firework", "uv": [ 0.0, 0.0, 0.5, 1.5 ] },
								"west": { "texture": "#firework", "uv": [ 6.5, 0.0, 10.5, 3.5 ], "autoUv": false },
								"up": { "texture": "#firework", "uv": [ 0.0, 0.0, 0.5, 2.0 ] },
								"down": { "texture": "#firework", "uv": [ 0.0, 0.0, 0.5, 2.0 ] }
							}
						}
					]
				},
				{
					"name": "origin6",
					"from": [ 16.75, 0.0, 16.45 ], 
					"to": [ 16.75, 0.0, 16.45 ], 
					"rotationOrigin": [ 16.7, 0.0, 16.4 ],
					"rotationX": -179.99999011687993,
					"rotationY": 5.008955855952477E-6,
					"rotationZ": -179.99999011687993,
					"faces": {
						"north": { "texture": "#firework", "uv": [ 0.0, 0.0, 0.5, 0.5 ], "enabled": false },
						"east": { "texture": "#firework", "uv": [ 0.0, 0.0, 0.5, 0.5 ], "enabled": false },
						"south": { "texture": "#firework", "uv": [ 0.0, 0.0, 0.5, 0.5 ], "enabled": false },
						"west": { "texture": "#firework", "uv": [ 0.0, 0.0, 0.5, 0.5 ], "enabled": false },
						"up": { "texture": "#firework", "uv": [ 0.0, 0.0, 0.5, 0.5 ], "enabled": false },
						"down": { "texture": "#firework", "uv": [ 0.0, 0.0, 0.5, 0.5 ], "enabled": false }
					},
					"children": [
						{
							"name": "base8",
							"from": [ 6.0, 3.0, 7.0 ], 
							"to": [ 6.6, 4.5, 9.0 ], 
							"rotationOrigin": [ 6.0, 3.0, 7.0 ],
							"faces": {
								"north": { "texture": "#firework", "uv": [ 0.0, 0.0, 0.5, 1.5 ] },
								"east": { "texture": "#firework", "uv": [ 0.0, 0.0, 2.0, 1.5 ] },
								"south": { "texture": "#firework", "uv": [ 0.0, 0.0, 0.5, 1.5 ] },
								"west": { "texture": "#firework", "uv": [ 6.5, 0.0, 10.5, 3.5 ], "autoUv": false },
								"up": { "texture": "#firework", "uv": [ 0.0, 0.0, 0.5, 2.0 ] },
								"down": { "texture": "#firework", "uv": [ 0.0, 0.0, 0.5, 2.0 ] }
							}
						},
						{
							"name": "side9",
							"from": [ 6.0, 3.02, 7.0 ], 
							"to": [ 8.0, 4.52, 7.6 ], 
							"rotationOrigin": [ 6.0, 3.0, 7.0 ],
							"rotationY": 22.5,
							"faces": {
								"north": { "texture": "#firework", "uv": [ 6.5, 0.0, 10.5, 3.5 ], "autoUv": false },
								"east": { "texture": "#firework", "uv": [ 0.0, 0.0, 0.5, 1.5 ] },
								"south": { "texture": "#firework", "uv": [ 0.0, 0.0, 2.0, 1.5 ] },
								"west": { "texture": "#firework", "uv": [ 0.0, 0.0, 0.5, 1.5 ] },
								"up": { "texture": "#firework", "uv": [ 0.0, 0.0, 2.0, 0.5 ] },
								"down": { "texture": "#firework", "uv": [ 0.0, 0.0, 2.0, 0.5 ] }
							}
						},
						{
							"name": "side10",
							"from": [ 6.0, 3.02, 9.0 ], 
							"to": [ 6.6, 4.52, 11.0 ], 
							"rotationOrigin": [ 6.0, 3.0, 9.0 ],
							"rotationY": 45.0,
							"faces": {
								"north": { "texture": "#firework", "uv": [ 0.0, 0.0, 0.5, 1.5 ] },
								"east": { "texture": "#firework", "uv": [ 0.0, 0.0, 2.0, 1.5 ] },
								"south": { "texture": "#firework", "uv": [ 0.0, 0.0, 0.5, 1.5 ] },
								"west": { "texture": "#firework", "uv": [ 6.5, 0.0, 10.5, 3.5 ], "autoUv": false },
								"up": { "texture": "#firework", "uv": [ 0.0, 0.0, 0.5, 2.0 ] },
								"down": { "texture": "#firework", "uv": [ 0.0, 0.0, 0.5, 2.0 ] }
							}
						}
					]
				},
				{
					"name": "origin11",
					"from": [ 16.75, 4.0, 16.45 ], 
					"to": [ 16.75, 4.0, 16.45 ], 
					"rotationOrigin": [ 16.7, 4.0, 16.4 ],
					"rotationX": -179.99999011687993,
					"rotationY": 5.008955855952477E-6,
					"rotationZ": -179.99999011687993,
					"faces": {
						"north": { "texture": "#firework", "uv": [ 0.0, 0.0, 0.5, 0.5 ], "enabled": false },
						"east": { "texture": "#firework", "uv": [ 0.0, 0.0, 0.5, 0.5 ], "enabled": false },
						"south": { "texture": "#firework", "uv": [ 0.0, 0.0, 0.5, 0.5 ], "enabled": false },
						"west": { "texture": "#firework", "uv": [ 0.0, 0.0, 0.5, 0.5 ], "enabled": false },
						"up": { "texture": "#firework", "uv": [ 0.0, 0.0, 0.5, 0.5 ], "enabled": false },
						"down": { "texture": "#firework", "uv": [ 0.0, 0.0, 0.5, 0.5 ], "enabled": false }
					},
					"children": [
						{
							"name": "base13",
							"from": [ 6.0, 0.5, 7.0 ], 
							"to": [ 6.1, 2.2, 9.0 ], 
							"rotationOrigin": [ 6.0, 0.5, 7.0 ],
							"rotationZ": -45.0,
							"faces": {
								"north": { "texture": "#firework", "uv": [ 0.0, 0.0, 0.5, 1.5 ] },
								"east": { "texture": "#firework", "uv": [ 0.0, 0.0, 2.0, 1.5 ] },
								"south": { "texture": "#firework", "uv": [ 0.0, 0.0, 0.5, 1.5 ] },
								"west": { "texture": "#firework", "uv": [ 12.0, 12.0, 13.0, 16.0 ], "autoUv": false },
								"up": { "texture": "#firework", "uv": [ 0.0, 0.0, 0.5, 2.0 ] },
								"down": { "texture": "#firework", "uv": [ 0.0, 0.0, 0.5, 2.0 ] }
							}
						},
						{
							"name": "side15",
							"from": [ 6.0, 0.52, 7.0 ], 
							"to": [ 8.0, 1.52, 7.1 ], 
							"rotationOrigin": [ 6.0, 0.5, 7.0 ],
							"rotationX": 45.0,
							"rotationY": 18.0,
							"rotationZ": -16.0,
							"faces": {
								"north": { "texture": "#firework", "uv": [ 12.0, 12.0, 13.0, 16.0 ], "autoUv": false },
								"east": { "texture": "#firework", "uv": [ 0.0, 0.0, 0.5, 0.5 ] },
								"south": { "texture": "#firework", "uv": [ 0.0, 0.0, 2.0, 0.5 ] },
								"west": { "texture": "#firework", "uv": [ 0.0, 0.0, 0.5, 0.5 ] },
								"up": { "texture": "#firework", "uv": [ 0.0, 0.0, 2.0, 0.5 ] },
								"down": { "texture": "#firework", "uv": [ 0.0, 0.0, 2.0, 0.5 ] }
							}
						},
						{
							"name": "side15",
							"from": [ 6.0, 0.52, 9.0 ], 
							"to": [ 6.1, 2.22, 11.0 ], 
							"rotationOrigin": [ 6.0, 0.5, 9.0 ],
							"rotationY": 45.0,
							"rotationZ": -45.0,
							"faces": {
								"north": { "texture": "#firework", "uv": [ 0.0, 0.0, 0.5, 1.5 ] },
								"east": { "texture": "#firework", "uv": [ 0.0, 0.0, 2.0, 1.5 ] },
								"south": { "texture": "#firework", "uv": [ 0.0, 0.0, 0.5, 1.5 ] },
								"west": { "texture": "#firework", "uv": [ 12.0, 12.0, 13.0, 16.0 ], "autoUv": false },
								"up": { "texture": "#firework", "uv": [ 0.0, 0.0, 0.5, 2.0 ] },
								"down": { "texture": "#firework", "uv": [ 0.0, 0.0, 0.5, 2.0 ] }
							}
						}
					]
				},
				{
					"name": "origin15",
					"from": [ 0.0, 4.0, 0.0 ], 
					"to": [ 0.0, 4.0, 0.0 ], 
					"rotationOrigin": [ -0.1, 4.0, 0.0 ],
					"rotationX": -180.0,
					"rotationY": -180.0,
					"rotationZ": -179.99999011687993,
					"faces": {
						"north": { "texture": "#firework", "uv": [ 0.0, 0.0, 0.5, 0.5 ], "enabled": false },
						"east": { "texture": "#firework", "uv": [ 0.0, 0.0, 0.5, 0.5 ], "enabled": false },
						"south": { "texture": "#firework", "uv": [ 0.0, 0.0, 0.5, 0.5 ], "enabled": false },
						"west": { "texture": "#firework", "uv": [ 0.0, 0.0, 0.5, 0.5 ], "enabled": false },
						"up": { "texture": "#firework", "uv": [ 0.0, 0.0, 0.5, 0.5 ], "enabled": false },
						"down": { "texture": "#firework", "uv": [ 0.0, 0.0, 0.5, 0.5 ], "enabled": false }
					},
					"children": [
						{
							"name": "base16",
							"from": [ 7.4, 0.5, 6.7 ], 
							"to": [ 7.5, 2.2, 8.7 ], 
							"rotationOrigin": [ 7.4, 0.5, 6.7 ],
							"rotationZ": -45.0,
							"faces": {
								"north": { "texture": "#firework", "uv": [ 0.0, 0.0, 0.5, 1.5 ] },
								"east": { "texture": "#firework", "uv": [ 0.0, 0.0, 2.0, 1.5 ] },
								"south": { "texture": "#firework", "uv": [ 0.0, 0.0, 0.5, 1.5 ] },
								"west": { "texture": "#firework", "uv": [ 12.0, 12.0, 13.0, 16.0 ], "autoUv": false },
								"up": { "texture": "#firework", "uv": [ 0.0, 0.0, 0.5, 2.0 ] },
								"down": { "texture": "#firework", "uv": [ 0.0, 0.0, 0.5, 2.0 ] }
							}
						},
						{
							"name": "side17",
							"from": [ 7.4, 0.52, 6.7 ], 
							"to": [ 9.4, 1.52, 6.8 ], 
							"rotationOrigin": [ 7.4, 0.5, 6.7 ],
							"rotationX": 45.0,
							"rotationY": 18.0,
							"rotationZ": -16.0,
							"faces": {
								"north": { "texture": "#firework", "uv": [ 12.0, 12.0, 13.0, 16.0 ], "autoUv": false },
								"east": { "texture": "#firework", "uv": [ 0.0, 0.0, 0.5, 1.0 ] },
								"south": { "texture": "#firework", "uv": [ 0.0, 0.0, 2.0, 1.0 ] },
								"west": { "texture": "#firework", "uv": [ 0.0, 0.0, 0.5, 1.0 ] },
								"up": { "texture": "#firework", "uv": [ 0.0, 0.0, 2.0, 0.5 ] },
								"down": { "texture": "#firework", "uv": [ 0.0, 0.0, 2.0, 0.5 ] }
							}
						},
						{
							"name": "side18",
							"from": [ 7.4, 0.52, 8.7 ], 
							"to": [ 7.5, 2.22, 10.7 ], 
							"rotationOrigin": [ 7.4, 0.5, 8.7 ],
							"rotationY": 45.0,
							"rotationZ": -45.0,
							"faces": {
								"north": { "texture": "#firework", "uv": [ 0.0, 0.0, 0.5, 1.5 ] },
								"east": { "texture": "#firework", "uv": [ 0.0, 0.0, 2.0, 1.5 ] },
								"south": { "texture": "#firework", "uv": [ 0.0, 0.0, 0.5, 1.5 ] },
								"west": { "texture": "#firework", "uv": [ 12.0, 12.0, 13.0, 16.0 ], "autoUv": false },
								"up": { "texture": "#firework", "uv": [ 0.0, 0.0, 0.5, 2.0 ] },
								"down": { "texture": "#firework", "uv": [ 0.0, 0.0, 0.5, 2.0 ] }
							}
						}
					]
				},
				{
					"name": "origin19",
					"from": [ 0.0, -2.0, 0.0 ], 
					"to": [ 0.0, -2.0, 0.0 ], 
					"rotationOrigin": [ -0.1, -2.0, 0.0 ],
					"rotationX": -180.0,
					"rotationY": -180.0,
					"rotationZ": -179.99999011687993,
					"faces": {
						"north": { "texture": "#firework", "uv": [ 0.0, 0.0, 0.5, 0.5 ], "enabled": false },
						"east": { "texture": "#firework", "uv": [ 0.0, 0.0, 0.5, 0.5 ], "enabled": false },
						"south": { "texture": "#firework", "uv": [ 0.0, 0.0, 0.5, 0.5 ], "enabled": false },
						"west": { "texture": "#firework", "uv": [ 0.0, 0.0, 0.5, 0.5 ], "enabled": false },
						"up": { "texture": "#firework", "uv": [ 0.0, 0.0, 0.5, 0.5 ], "enabled": false },
						"down": { "texture": "#firework", "uv": [ 0.0, 0.0, 0.5, 0.5 ], "enabled": false }
					},
					"children": [
						{
							"name": "side21",
							"from": [ 8.1, 2.52, 7.5 ], 
							"to": [ 8.3, 4.52, 7.7 ], 
							"rotationOrigin": [ 8.1, 2.5, 7.5 ],
							"rotationX": 22.5,
							"rotationY": 22.5,
							"rotationZ": -11.0,
							"faces": {
								"north": { "texture": "#fuse", "uv": [ 0.0, 0.0, 0.5, 1.0 ] },
								"east": { "texture": "#fuse", "uv": [ 0.0, 0.0, 0.5, 1.0 ] },
								"south": { "texture": "#fuse", "uv": [ 0.0, 0.0, 0.5, 1.0 ] },
								"west": { "texture": "#fuse", "uv": [ 0.0, 0.0, 0.5, 1.0 ] },
								"up": { "texture": "#fuse", "uv": [ 0.0, 0.0, 0.5, 0.5 ], "enabled": false },
								"down": { "texture": "#fuse", "uv": [ 0.0, 0.0, 0.5, 0.5 ] }
							}
						},
						{
							"name": "side22",
							"from": [ 7.92, 1.7, 6.75 ], 
							"to": [ 8.12, 2.9, 6.95 ], 
							"rotationOrigin": [ 8.0, 1.7, 6.8 ],
							"rotationX": 45.0,
							"rotationY": 22.5,
							"rotationZ": -11.0,
							"faces": {
								"north": { "texture": "#fuse", "uv": [ 0.0, 0.0, 0.5, 1.0 ] },
								"east": { "texture": "#fuse", "uv": [ 0.0, 0.0, 0.5, 1.0 ] },
								"south": { "texture": "#fuse", "uv": [ 0.0, 0.0, 0.5, 1.0 ] },
								"west": { "texture": "#fuse", "uv": [ 0.0, 0.0, 0.5, 1.0 ] },
								"up": { "texture": "#fuse", "uv": [ 0.0, 0.0, 0.5, 0.5 ] },
								"down": { "texture": "#fuse", "uv": [ 0.0, 0.0, 0.5, 0.5 ] }
							}
						}
					]
				},
				{
					"name": "top23",
					"from": [ 8.33, 5.22, 8.4 ], 
					"to": [ 9.48, 5.42, 9.5 ], 
					"rotationOrigin": [ 8.3, 5.2, 8.4 ],
					"rotationY": 69.0,
					"faces": {
						"north": { "texture": "#firework", "uv": [ 0.0, 0.0, 1.0, 0.5 ] },
						"east": { "texture": "#firework", "uv": [ 0.0, 0.0, 1.0, 0.5 ] },
						"south": { "texture": "#firework", "uv": [ 0.0, 0.0, 1.0, 0.5 ] },
						"west": { "texture": "#firework", "uv": [ 0.0, 0.0, 1.0, 0.5 ] },
						"up": { "texture": "#firework", "uv": [ 14.5, 14.5, 15.5, 15.5 ], "autoUv": false },
						"down": { "texture": "#firework", "uv": [ 0.0, 0.0, 1.0, 1.0 ] }
					}
				}
			]
		},
		{
			"name": "origin24",
			"from": [ 7.3, 10.45, 20.1 ], 
			"to": [ 7.3, 10.45, 20.1 ], 
			"rotationOrigin": [ 7.3, 10.5, 20.1 ],
			"rotationX": -180.0,
			"rotationY": -45.0,
			"faces": {
				"north": { "texture": "#firework", "uv": [ 0.0, 0.0, 0.5, 0.5 ], "enabled": false },
				"east": { "texture": "#firework", "uv": [ 0.0, 0.0, 0.5, 0.5 ], "enabled": false },
				"south": { "texture": "#firework", "uv": [ 0.0, 0.0, 0.5, 0.5 ], "enabled": false },
				"west": { "texture": "#firework", "uv": [ 0.0, 0.0, 0.5, 0.5 ], "enabled": false },
				"up": { "texture": "#firework", "uv": [ 0.0, 0.0, 0.5, 0.5 ], "enabled": false },
				"down": { "texture": "#firework", "uv": [ 0.0, 0.0, 0.5, 0.5 ], "enabled": false }
			},
			"children": [
				{
					"name": "origin34",
					"from": [ 16.75, 4.0, 16.45 ], 
					"to": [ 16.75, 4.0, 16.45 ], 
					"rotationOrigin": [ 16.7, 4.0, 16.4 ],
					"rotationX": -179.99999011687993,
					"rotationY": 5.008955855952477E-6,
					"rotationZ": -179.99999011687993,
					"faces": {
						"north": { "texture": "#firework", "uv": [ 0.0, 0.0, 0.5, 0.5 ], "enabled": false },
						"east": { "texture": "#firework", "uv": [ 0.0, 0.0, 0.5, 0.5 ], "enabled": false },
						"south": { "texture": "#firework", "uv": [ 0.0, 0.0, 0.5, 0.5 ], "enabled": false },
						"west": { "texture": "#firework", "uv": [ 0.0, 0.0, 0.5, 0.5 ], "enabled": false },
						"up": { "texture": "#firework", "uv": [ 0.0, 0.0, 0.5, 0.5 ], "enabled": false },
						"down": { "texture": "#firework", "uv": [ 0.0, 0.0, 0.5, 0.5 ], "enabled": false }
					},
					"children": [
						{
							"name": "base35",
							"from": [ 6.0, 0.5, 7.0 ], 
							"to": [ 6.1, 2.2, 9.0 ], 
							"rotationOrigin": [ 6.0, 0.5, 7.0 ],
							"rotationZ": -45.0,
							"faces": {
								"north": { "texture": "#firework", "uv": [ 0.0, 0.0, 0.5, 1.5 ] },
								"east": { "texture": "#firework", "uv": [ 0.0, 0.0, 2.0, 1.5 ] },
								"south": { "texture": "#firework", "uv": [ 0.0, 0.0, 0.5, 1.5 ] },
								"west": { "texture": "#firework", "uv": [ 12.0, 12.0, 13.0, 16.0 ], "autoUv": false },
								"up": { "texture": "#firework", "uv": [ 0.0, 0.0, 0.5, 2.0 ] },
								"down": { "texture": "#firework", "uv": [ 0.0, 0.0, 0.5, 2.0 ] }
							}
						},
						{
							"name": "side36",
							"from": [ 6.0, 0.52, 7.0 ], 
							"to": [ 8.0, 1.52, 7.1 ], 
							"rotationOrigin": [ 6.0, 0.5, 7.0 ],
							"rotationX": 45.0,
							"rotationY": 17.0,
							"rotationZ": -16.0,
							"faces": {
								"north": { "texture": "#firework", "uv": [ 12.0, 12.0, 13.0, 16.0 ], "autoUv": false },
								"east": { "texture": "#firework", "uv": [ 0.0, 0.0, 0.5, 1.0 ] },
								"south": { "texture": "#firework", "uv": [ 0.0, 0.0, 2.0, 1.0 ] },
								"west": { "texture": "#firework", "uv": [ 0.0, 0.0, 0.5, 1.0 ] },
								"up": { "texture": "#firework", "uv": [ 0.0, 0.0, 2.0, 0.5 ] },
								"down": { "texture": "#firework", "uv": [ 0.0, 0.0, 2.0, 0.5 ] }
							}
						},
						{
							"name": "side37",
							"from": [ 6.0, 0.52, 9.0 ], 
							"to": [ 6.1, 2.22, 11.0 ], 
							"rotationOrigin": [ 6.0, 0.5, 9.0 ],
							"rotationY": 45.0,
							"rotationZ": -45.0,
							"faces": {
								"north": { "texture": "#firework", "uv": [ 0.0, 0.0, 0.5, 1.5 ] },
								"east": { "texture": "#firework", "uv": [ 0.0, 0.0, 2.0, 1.5 ] },
								"south": { "texture": "#firework", "uv": [ 0.0, 0.0, 0.5, 1.5 ] },
								"west": { "texture": "#firework", "uv": [ 12.0, 12.0, 13.0, 16.0 ], "autoUv": false },
								"up": { "texture": "#firework", "uv": [ 0.0, 0.0, 0.5, 2.0 ] },
								"down": { "texture": "#firework", "uv": [ 0.0, 0.0, 0.5, 2.0 ] }
							}
						}
					]
				},
				{
					"name": "origin38",
					"from": [ 0.0, 4.0, 0.0 ], 
					"to": [ 0.0, 4.0, 0.0 ], 
					"rotationOrigin": [ -0.1, 4.0, 0.0 ],
					"rotationX": -180.0,
					"rotationY": -180.0,
					"rotationZ": -179.99999011687993,
					"faces": {
						"north": { "texture": "#firework", "uv": [ 0.0, 0.0, 0.5, 0.5 ], "enabled": false },
						"east": { "texture": "#firework", "uv": [ 0.0, 0.0, 0.5, 0.5 ], "enabled": false },
						"south": { "texture": "#firework", "uv": [ 0.0, 0.0, 0.5, 0.5 ], "enabled": false },
						"west": { "texture": "#firework", "uv": [ 0.0, 0.0, 0.5, 0.5 ], "enabled": false },
						"up": { "texture": "#firework", "uv": [ 0.0, 0.0, 0.5, 0.5 ], "enabled": false },
						"down": { "texture": "#firework", "uv": [ 0.0, 0.0, 0.5, 0.5 ], "enabled": false }
					},
					"children": [
						{
							"name": "base39",
							"from": [ 7.4, 0.5, 6.7 ], 
							"to": [ 7.5, 2.2, 8.7 ], 
							"rotationOrigin": [ 7.4, 0.5, 6.7 ],
							"rotationZ": -45.0,
							"faces": {
								"north": { "texture": "#firework", "uv": [ 0.0, 0.0, 0.5, 1.5 ] },
								"east": { "texture": "#firework", "uv": [ 0.0, 0.0, 2.0, 1.5 ] },
								"south": { "texture": "#firework", "uv": [ 0.0, 0.0, 0.5, 1.5 ] },
								"west": { "texture": "#firework", "uv": [ 12.0, 12.0, 13.0, 16.0 ], "autoUv": false },
								"up": { "texture": "#firework", "uv": [ 0.0, 0.0, 0.5, 2.0 ] },
								"down": { "texture": "#firework", "uv": [ 0.0, 0.0, 0.5, 2.0 ] }
							}
						},
						{
							"name": "side40",
							"from": [ 7.4, 0.52, 6.7 ], 
							"to": [ 9.4, 1.52, 6.8 ], 
							"rotationOrigin": [ 7.4, 0.5, 6.7 ],
							"rotationX": 45.0,
							"rotationY": 16.0,
							"rotationZ": -15.0,
							"faces": {
								"north": { "texture": "#firework", "uv": [ 12.0, 12.0, 13.0, 16.0 ], "autoUv": false },
								"east": { "texture": "#firework", "uv": [ 0.0, 0.0, 0.5, 1.0 ] },
								"south": { "texture": "#firework", "uv": [ 0.0, 0.0, 2.0, 1.0 ] },
								"west": { "texture": "#firework", "uv": [ 0.0, 0.0, 0.5, 1.0 ] },
								"up": { "texture": "#firework", "uv": [ 0.0, 0.0, 2.0, 0.5 ] },
								"down": { "texture": "#firework", "uv": [ 0.0, 0.0, 2.0, 0.5 ] }
							}
						},
						{
							"name": "side41",
							"from": [ 7.4, 0.52, 8.7 ], 
							"to": [ 7.5, 2.22, 10.7 ], 
							"rotationOrigin": [ 7.4, 0.5, 8.7 ],
							"rotationY": 45.0,
							"rotationZ": -45.0,
							"faces": {
								"north": { "texture": "#firework", "uv": [ 0.0, 0.0, 0.5, 1.5 ] },
								"east": { "texture": "#firework", "uv": [ 0.0, 0.0, 2.0, 1.5 ] },
								"south": { "texture": "#firework", "uv": [ 0.0, 0.0, 0.5, 1.5 ] },
								"west": { "texture": "#firework", "uv": [ 12.0, 12.0, 13.0, 16.0 ], "autoUv": false },
								"up": { "texture": "#firework", "uv": [ 0.0, 0.0, 0.5, 2.0 ] },
								"down": { "texture": "#firework", "uv": [ 0.0, 0.0, 0.5, 2.0 ] }
							}
						}
					]
				},
				{
					"name": "origin42",
					"from": [ 0.0, -2.0, 0.0 ], 
					"to": [ 0.0, -2.0, 0.0 ], 
					"rotationOrigin": [ -0.1, -2.0, 0.0 ],
					"rotationX": -180.0,
					"rotationY": -180.0,
					"rotationZ": -179.99999011687993,
					"faces": {
						"north": { "texture": "#firework", "uv": [ 0.0, 0.0, 0.5, 0.5 ], "enabled": false },
						"east": { "texture": "#firework", "uv": [ 0.0, 0.0, 0.5, 0.5 ], "enabled": false },
						"south": { "texture": "#firework", "uv": [ 0.0, 0.0, 0.5, 0.5 ], "enabled": false },
						"west": { "texture": "#firework", "uv": [ 0.0, 0.0, 0.5, 0.5 ], "enabled": false },
						"up": { "texture": "#firework", "uv": [ 0.0, 0.0, 0.5, 0.5 ], "enabled": false },
						"down": { "texture": "#firework", "uv": [ 0.0, 0.0, 0.5, 0.5 ], "enabled": false }
					}
				},
				{
					"name": "top46",
					"from": [ 8.33, 5.22, 8.4 ], 
					"to": [ 9.48, 5.42, 9.5 ], 
					"rotationOrigin": [ 8.3, 5.2, 8.4 ],
					"rotationY": 69.0,
					"faces": {
						"north": { "texture": "#firework", "uv": [ 0.0, 0.0, 1.0, 0.5 ] },
						"east": { "texture": "#firework", "uv": [ 0.0, 0.0, 1.0, 0.5 ] },
						"south": { "texture": "#firework", "uv": [ 0.0, 0.0, 1.0, 0.5 ] },
						"west": { "texture": "#firework", "uv": [ 0.0, 0.0, 1.0, 0.5 ] },
						"up": { "texture": "#firework", "uv": [ 14.5, 14.5, 15.5, 15.5 ], "autoUv": false },
						"down": { "texture": "#firework", "uv": [ 0.0, 0.0, 1.0, 1.0 ] }
					}
				}
			]
		}
	]}