[
  {
    "op": "add",
    "path": "/entityBehaviors/-",
    "value": {
        "name": "BurningProduces"
      },
    "file": "game:blocktypes/fire.json",
    "condition": { "when": "GAgasesEnabled", "isValue": "true" }
  },
  {
    "op": "add",
    "path": "/entityBehaviors",
    "value": [
      {
        "name": "BurningProduces"
      }
    ],
    "file": "game:blocktypes/charcoalpit.json",
    "condition": { "when": "GAgasesEnabled", "isValue": "true" }
  },
  {
    "op": "add",
    "path": "/entityBehaviors/-",
    "value": {
        "name": "BurningProduces"
      },
    "file": "game:blocktypes/wood/pitkiln.json",
    "condition": { "when": "GAgasesEnabled", "isValue": "true" }
  },
  {
    "op": "add",
    "path": "/entityBehaviors",
    "value": [
      {
        "name": "BurningProduces"
      }
    ],
    "file": "game:blocktypes/clay/bloomerybase.json",
    "condition": { "when": "GAgasesEnabled", "isValue": "true" }
  },
  {
    "op": "add",
    "path": "/entityBehaviors",
    "value": [
      {
        "name": "BurningProduces"
      }
    ],
    "file": "game:blocktypes/coalpile.json",
    "condition": { "when": "GAgasesEnabled", "isValue": "true" }
  },
  {
    "op": "add",
    "path": "/entityBehaviors",
    "value": [
      {
        "name": "BurningProduces"
      }
    ],
    "file": "game:blocktypes/stone/generic/forge.json",
    "condition": { "when": "GAgasesEnabled", "isValue": "true" }
  },
  {
    "op": "add",
    "path": "/entityBehaviors",
    "value": [
      {
        "name": "BurningProduces",
        "properties": {
          "produceGas": { "carbondioxide": 0.05, "carbonmonoxide": 0.02 }
        }
      }
    ],
    "file": "game:blocktypes/wood/torch.json",
    "condition": { "when": "GAgasesEnabled", "isValue": "true" }
  },
  {
    "op": "add",
    "path": "/entityBehaviors/-",
    "value":
      {
        "name": "BurningProduces"
      },
    "file": "game:blocktypes/wood/firepit.json",
    "condition": { "when": "GAgasesEnabled", "isValue": "true" }
  },
  {
    "op": "add",
    "path": "/entityBehaviors/-",
    "value":
      {
        "name": "BurningProduces"
      },
    "file": "game:blocktypes/metal/verticalboiler.json",
    "condition": { "when": "GAgasesEnabled", "isValue": "true" }
  },
  {
    "op": "add",
    "path": "/entityBehaviors",
    "value": [
      {
        "name": "BurningProduces",
        "properties": {
          "produceGas": { "carbondioxide": 0.05, "carbonmonoxide": 0.02 }
        }
      }
    ],
    "condition": { "when": "GAgasesEnabled", "isValue": "true" },
    "file": "game:blocktypes/metal/torchholder.json"
  },
  {
    "op": "add",
    "path": "/entityBehaviors",
    "value": [
      {
        "name": "BurningProduces",
        "properties": {
          "produceGas": { "carbondioxide": 0.05, "carbonmonoxide": 0.02 }
        }
      }
    ],
    "condition": { "when": "GAgasesEnabled", "isValue": "true" },
    "file": "game:blocktypes/clay/oillamp.json"
  }
]
