{
	"code": "cage",
	"class": "XSkillsCage",
	"entityClass": "XSkillsBECage",
	"behaviors": [ {name: "HorizontalOrientable", "properties": { "dropBlockFace": "north" }}],
	"variantgroups": [
		{ code: "type", states: ["wooden"] },
		{ code: "side", loadFromProperties: "abstract/horizontalorientation" }
	],
	"shapebytype": {
		"*-north": { base: "game:block/wood/cage/closed", rotateY: 90 },
		"*-east": { base: "game:block/wood/cage/closed", rotateY: 0 },
		"*-south": { base: "game:block/wood/cage/closed", rotateY: 270 },
		"*-west": { base: "game:block/wood/cage/closed", rotateY: 180 },
	},
	"maxstacksize": 1,
	creativeinventory: { "general": ["*-north"], "decorative": ["*-north"] },
	blockmaterial: "Wood",
	replaceable: 900,
	resistance: 1.5,
	lightAbsorption: 0,
	sidesolid: {
		all: false
	},
	sideopaque: {
		all: false
	},
	sounds: {
		"place": "game:block/planks",
		"hit": "game:block/planks",
		"break": "game:block/planks",
		"walk": "game:walk/wood"
	},
	materialDensity: 600,
	heldTpIdleAnimation: "holdbothhandslarge", heldTpUseAnimation: "twohandplaceblock",

	tpHandTransform: {
		translation: { x: -1.2, y: -1.1, z: -0.8 },
		rotation: { x: -2, y: 25, z: -78 },
		scale: 0.37
	},
}