{
	"editor": {
		"allAngles": false,
		"entityTextureMode": false
	},
	"textureWidth": 16,
	"textureHeight": 16,
	"textureSizes": {
	},
	"textures": {
		"iron": "game:item/tool/material/iron",
		"linen": "game:block/linen",
		"fire": "game:block/fire",
		"wood": "game:item/tool/material/wood"
	},
	"elements": [
		{
			"name": "Barrel",
			"from": [ 7.7, -6.0, 1.0 ], 
			"to": [ 8.5, -5.2, 13.0 ], 
			"rotationOrigin": [ 8.2, -6.0, 13.0 ],
			"rotationX": 90.0,
			"faces": {
				"north": { "texture": "#iron", "uv": [ 0.0, 0.0, 0.75, 0.5 ], "enabled": false },
				"east": { "texture": "#iron", "uv": [ 0.0, 0.0, 12.0, 0.5 ] },
				"south": { "texture": "#iron", "uv": [ 0.0, 0.0, 0.75, 0.5 ] },
				"west": { "texture": "#iron", "uv": [ 0.0, 0.0, 12.0, 0.5 ] },
				"up": { "texture": "#iron", "uv": [ 0.0, 0.0, 0.75, 12.0 ] },
				"down": { "texture": "#iron", "uv": [ 0.0, 0.0, 0.75, 12.0 ] }
			},
			"children": [
				{
					"name": "UnderBarrel",
					"from": [ 0.0, -0.7, 1.0 ], 
					"to": [ 0.8, 0.0, 12.0 ], 
					"rotationOrigin": [ 0.5, -0.7, 1.0 ],
					"faces": {
						"north": { "texture": "#wood", "uv": [ 0.0, 0.0, 0.75, 0.5 ] },
						"east": { "texture": "#wood", "uv": [ 0.0, 0.0, 11.0, 0.5 ] },
						"south": { "texture": "#wood", "uv": [ 0.0, 0.0, 0.75, 0.5 ] },
						"west": { "texture": "#wood", "uv": [ 0.0, 0.0, 11.0, 0.5 ] },
						"up": { "texture": "#wood", "uv": [ 0.0, 0.0, 0.75, 11.0 ], "enabled": false },
						"down": { "texture": "#wood", "uv": [ 0.0, 0.0, 0.75, 11.0 ] }
					}
				},
				{
					"name": "Handle",
					"from": [ -0.1, -1.0, 11.2 ], 
					"to": [ 0.9, 1.0, 16.2 ], 
					"rotationOrigin": [ 0.4, -1.0, 11.2 ],
					"rotationX": 22.5,
					"faces": {
						"north": { "texture": "#wood", "uv": [ 0.0, 0.0, 1.0, 2.0 ] },
						"east": { "texture": "#wood", "uv": [ 4.25, 6.5, 9.25, 8.5 ] },
						"south": { "texture": "#wood", "uv": [ 0.0, 0.0, 1.0, 2.0 ] },
						"west": { "texture": "#wood", "uv": [ 4.5, 6.5, 9.5, 8.5 ] },
						"up": { "texture": "#wood", "uv": [ 13.5, 0.0, 14.5, 5.0 ] },
						"down": { "texture": "#wood", "uv": [ 10.0, 5.0, 11.0, 10.0 ] }
					}
				},
				{
					"name": "Serpentine",
					"from": [ 0.8, 0.3, 10.0 ], 
					"to": [ 1.2, 1.8, 10.4 ], 
					"rotationOrigin": [ 0.8, 0.3, 10.0 ],
					"rotationX": -45.0,
					"faces": {
						"north": { "texture": "#iron", "uv": [ 0.0, 0.0, 0.25, 1.5 ] },
						"east": { "texture": "#iron", "uv": [ 0.0, 0.0, 0.25, 1.5 ] },
						"south": { "texture": "#iron", "uv": [ 0.0, 0.0, 0.25, 1.5 ] },
						"west": { "texture": "#iron", "uv": [ 0.0, 0.0, 0.25, 1.5 ] },
						"up": { "texture": "#iron", "uv": [ 0.0, 0.0, 0.25, 0.5 ] },
						"down": { "texture": "#iron", "uv": [ 0.0, 0.0, 0.25, 0.5 ] }
					},
					"children": [
						{
							"name": "FuseHolder",
							"from": [ 0.0, 1.0, 0.0 ], 
							"to": [ 0.4, 1.5, 1.2 ], 
							"rotationOrigin": [ 0.0, 1.0, 0.0 ],
							"faces": {
								"north": { "texture": "#iron", "uv": [ 0.0, 0.0, 0.25, 0.5 ] },
								"east": { "texture": "#iron", "uv": [ 0.0, 0.0, 1.0, 0.5 ] },
								"south": { "texture": "#iron", "uv": [ 0.0, 0.0, 0.25, 0.5 ] },
								"west": { "texture": "#iron", "uv": [ 0.0, 0.0, 1.0, 0.5 ] },
								"up": { "texture": "#iron", "uv": [ 0.0, 0.0, 0.25, 1.0 ] },
								"down": { "texture": "#iron", "uv": [ 0.0, 0.0, 0.25, 1.0 ] }
							}
						}
					]
				},
				{
					"name": "Trigger",
					"from": [ 0.2, -1.6, 10.5 ], 
					"to": [ 0.6, -0.6, 10.6 ], 
					"rotationOrigin": [ 0.2, -1.6, 10.5 ],
					"faces": {
						"north": { "texture": "#iron", "uv": [ 0.0, 0.0, 0.25, 1.0 ] },
						"east": { "texture": "#iron", "uv": [ 0.0, 0.0, 0.25, 1.0 ] },
						"south": { "texture": "#iron", "uv": [ 0.0, 0.0, 0.25, 1.0 ] },
						"west": { "texture": "#iron", "uv": [ 0.0, 0.0, 0.25, 1.0 ] },
						"up": { "texture": "#iron", "uv": [ 0.0, 0.0, 0.25, 0.5 ] },
						"down": { "texture": "#iron", "uv": [ 0.0, 0.0, 0.25, 0.5 ] }
					},
					"children": [
						{
							"name": "Trigger38",
							"from": [ 0.0, 0.1, 0.15 ], 
							"to": [ 0.4, 1.1, 0.25 ], 
							"rotationOrigin": [ 0.0, 0.1, 0.1 ],
							"rotationX": 135.0,
							"faces": {
								"north": { "texture": "#iron", "uv": [ 0.0, 0.0, 0.25, 1.0 ] },
								"east": { "texture": "#iron", "uv": [ 0.0, 0.0, 0.25, 1.0 ] },
								"south": { "texture": "#iron", "uv": [ 0.0, 0.0, 0.25, 1.0 ] },
								"west": { "texture": "#iron", "uv": [ 0.0, 0.0, 0.25, 1.0 ] },
								"up": { "texture": "#iron", "uv": [ 0.0, 0.0, 0.25, 0.5 ] },
								"down": { "texture": "#iron", "uv": [ 0.0, 0.0, 0.25, 0.5 ] }
							}
						}
					]
				}
			]
		}
	]}
