{
	"editor": {
		"allAngles": false,
		"entityTextureMode": false
	},
	"textureWidth": 16,
	"textureHeight": 16,
	"textureSizes": {
	},
	"textures": {
		"brownshoots": "game:block/plant/bamboo/brownshoots",
		"oak-h": "game:block/wood/bark/dead/oak-h"
	},
	"elements": [
		{
			"name": "Pipe",
			"from": [ 7.75, 0.0, 0.0 ], 
			"to": [ 8.25, 0.5, 16.0 ], 
			"rotationOrigin": [ 8.0, 0.0, 0.0 ],
			"faces": {
				"north": { "texture": "#brownshoots", "uv": [ 0.0, 0.0, 0.5, 0.5 ], "enabled": false },
				"east": { "texture": "#brownshoots", "uv": [ 12.0, 0.0, 12.5, 16.0 ], "rotation": 90 },
				"south": { "texture": "#brownshoots", "uv": [ 0.0, 0.0, 0.5, 0.5 ], "enabled": false },
				"west": { "texture": "#brownshoots", "uv": [ 5.0, 0.0, 5.5, 16.0 ], "rotation": 90 },
				"up": { "texture": "#brownshoots", "uv": [ 0.0, 0.0, 0.5, 16.0 ] },
				"down": { "texture": "#brownshoots", "uv": [ 9.0, 0.0, 9.5, 16.0 ] }
			},
			"children": [
				{
					"name": "Grip1",
					"from": [ -0.1, -0.1, 15.0 ], 
					"to": [ 0.6, 0.6, 15.2 ], 
					"rotationOrigin": [ 0.25, 0.0, 14.0 ],
					"faces": {
						"north": { "texture": "#brownshoots", "uv": [ 0.0, 0.0, 0.5, 0.5 ] },
						"east": { "texture": "#brownshoots", "uv": [ 12.0, 0.0, 12.5, 0.5 ], "rotation": 90 },
						"south": { "texture": "#brownshoots", "uv": [ 0.0, 0.0, 0.5, 0.5 ] },
						"west": { "texture": "#brownshoots", "uv": [ 5.0, 0.0, 5.5, 0.5 ], "rotation": 90 },
						"up": { "texture": "#brownshoots", "uv": [ 0.0, 0.0, 0.5, 0.5 ] },
						"down": { "texture": "#brownshoots", "uv": [ 9.0, 0.0, 9.5, 0.5 ] }
					}
				},
				{
					"name": "Grip3",
					"from": [ -0.1, -0.1, 14.5 ], 
					"to": [ 0.6, 0.6, 14.7 ], 
					"rotationOrigin": [ 0.25, 0.0, 13.5 ],
					"faces": {
						"north": { "texture": "#brownshoots", "uv": [ 0.0, 0.0, 0.5, 0.5 ] },
						"east": { "texture": "#brownshoots", "uv": [ 12.0, 0.0, 12.5, 0.5 ], "rotation": 90 },
						"south": { "texture": "#brownshoots", "uv": [ 0.0, 0.0, 0.5, 0.5 ] },
						"west": { "texture": "#brownshoots", "uv": [ 5.0, 0.0, 5.5, 0.5 ], "rotation": 90 },
						"up": { "texture": "#brownshoots", "uv": [ 0.0, 0.0, 0.5, 0.5 ] },
						"down": { "texture": "#brownshoots", "uv": [ 9.0, 0.0, 9.5, 0.5 ] }
					}
				},
				{
					"name": "Grip4",
					"from": [ -0.1, -0.1, 14.0 ], 
					"to": [ 0.6, 0.6, 14.2 ], 
					"rotationOrigin": [ 0.25, 0.0, 13.0 ],
					"faces": {
						"north": { "texture": "#brownshoots", "uv": [ 0.0, 0.0, 0.5, 0.5 ] },
						"east": { "texture": "#brownshoots", "uv": [ 12.0, 0.0, 12.5, 0.5 ], "rotation": 90 },
						"south": { "texture": "#brownshoots", "uv": [ 0.0, 0.0, 0.5, 0.5 ] },
						"west": { "texture": "#brownshoots", "uv": [ 5.0, 0.0, 5.5, 0.5 ], "rotation": 90 },
						"up": { "texture": "#brownshoots", "uv": [ 0.0, 0.0, 0.5, 0.5 ] },
						"down": { "texture": "#brownshoots", "uv": [ 9.0, 0.0, 9.5, 0.5 ] }
					}
				},
				{
					"name": "Inside",
					"from": [ 0.01, 0.01, 15.5 ], 
					"to": [ 0.49, 0.49, 16.0 ], 
					"rotationOrigin": [ 1.35, 0.1, 14.5 ],
					"faces": {
						"north": { "texture": "#oak-h", "uv": [ 7.5, 5.5, 8.0, 6.0 ] },
						"east": { "texture": "#oak-h", "uv": [ 14.5, 13.5, 15.0, 14.0 ], "rotation": 90 },
						"south": { "texture": "#oak-h", "uv": [ 0.0, 0.0, 0.5, 0.5 ], "enabled": false },
						"west": { "texture": "#oak-h", "uv": [ 7.5, 0.0, 8.0, 0.5 ], "rotation": 90 },
						"up": { "texture": "#oak-h", "uv": [ 13.5, 15.5, 14.0, 16.0 ] },
						"down": { "texture": "#oak-h", "uv": [ 6.5, 5.5, 7.0, 6.0 ] }
					}
				}
			]
		}
	]}
