{
	"editor": {
		"allAngles": false,
		"entityTextureMode": false
	},
	"textureWidth": 16,
	"textureHeight": 16,
	"textureSizes": {
	},
	"textures": {
		"material": "textures/block/metal/plate/lead"
	},
	"elements": [
		{
			"name": "Cube",
			"from": [ 7.5, 0.0, 7.5 ], 
			"to": [ 8.5, 1.0, 8.5 ], 
			"rotationOrigin": [ 8.0, 0.0, 8.0 ],
			"faces": {
				"north": { "texture": "#material", "uv": [ 0.0, 8.0, 1.0, 9.0 ] },
				"east": { "texture": "#material", "uv": [ 10.0, 13.0, 11.0, 14.0 ] },
				"south": { "texture": "#material", "uv": [ 2.0, 10.0, 3.0, 11.0 ] },
				"west": { "texture": "#material", "uv": [ 7.0, 5.0, 8.0, 6.0 ] },
				"up": { "texture": "#material", "uv": [ 5.0, 7.0, 6.0, 8.0 ] },
				"down": { "texture": "#material", "uv": [ 7.0, 2.0, 8.0, 3.0 ] }
			}
		}
	]}