[
 {
	"enabled":  false,
	ingredients: [
		{inputs: [{ type: "item", code: "game:honeyportion",  quantity: 1 }, { type: "item", code: "game:egg-chicken-raw",  quantity: 1 }, { type: "item", code: "expandedfoods:foodoilportion-*",  quantity: 1 }, { type: "item", code: "expandedfoods:treesyrupportion-*",  quantity: 1 }, { type: "item", code: "expandedfoods:fruitsyrupportion-*",  quantity: 1 }, { type: "item", code: "expandedfoods:lard",  quantity: 1 }, { type: "item", code: "expandedfoods:peanutliquid-butter",  quantity: 1 }, { type: "item", code: "expandedfoods:peanutliquid-sauce",  quantity: 1 },]},
		{inputs: [{ type: "item", code: "expandedfoods:acornbreadcrumbs-*", quantity: 1 }]},
		{inputs: [{ type: "item", code: "game:flour-*", quantity: 1 }, { type: "item", code: "acorns:flour-acorn", quantity: 1 }]},
		{inputs: [{ type: "item", code: "game:vegetable-*", allowedVariants: ["carrot", "onion", "turnip", "parsnip", "pumpkin"], quantity: 1, name: "veggie" }]},
		{inputs: [{ type: "item", code: "game:herbbundle-*",  quantity: 1 }]},
	],
	output: { type: "item", code: "expandedfoods:acornbreadedvegetable-{veggie}-raw", stackSize: 1}
 },
 {
	"enabled":  false,
	ingredients: [
		{inputs: [{ type: "item", code: "game:honeyportion",  quantity: 1 }, { type: "item", code: "game:egg-chicken-raw",  quantity: 1 }, { type: "item", code: "expandedfoods:foodoilportion-*",  quantity: 1 }, { type: "item", code: "expandedfoods:treesyrupportion-*",  quantity: 1 }, { type: "item", code: "expandedfoods:fruitsyrupportion-*",  quantity: 1 }, { type: "item", code: "expandedfoods:lard",  quantity: 1 }, { type: "item", code: "expandedfoods:peanutliquid-butter",  quantity: 1 }, { type: "item", code: "expandedfoods:peanutliquid-sauce",  quantity: 1 },]},
		{inputs: [{ type: "item", code: "expandedfoods:acornbreadcrumbs-*", quantity: 1 }]},
		{inputs: [{ type: "item", code: "game:flour-*", quantity: 1 }, { type: "item", code: "acorns:flour-acorn", quantity: 1 }]},
		{inputs: [{ type: "block", code: "game:mushroom-*-normal-free", allowedVariants: ["bolete", "fieldmushroom", "flyagaric"], quantity: 1, name: "veggie" }]},
		{inputs: [{ type: "item", code: "game:herbbundle-*",  quantity: 1 }]},
	],
	output: { type: "item", code: "expandedfoods:acornbreadedvegetable-{veggie}-raw", stackSize: 1}
 },
 {
	"enabled":  false,
	ingredients: [
		{inputs: [{ type: "item", code: "game:honeyportion",  quantity: 1 }, { type: "item", code: "game:egg-chicken-raw",  quantity: 1 }, { type: "item", code: "expandedfoods:foodoilportion-*",  quantity: 1 }, { type: "item", code: "expandedfoods:treesyrupportion-*",  quantity: 1 }, { type: "item", code: "expandedfoods:fruitsyrupportion-*",  quantity: 1 }, { type: "item", code: "expandedfoods:lard",  quantity: 1 }, { type: "item", code: "expandedfoods:peanutliquid-butter",  quantity: 1 }, { type: "item", code: "expandedfoods:peanutliquid-sauce",  quantity: 1 },]},
		{inputs: [{ type: "item", code: "expandedfoods:acornbreadcrumbs-*", quantity: 1 }]},
		{inputs: [{ type: "item", code: "game:flour-*", quantity: 1 }, { type: "item", code: "acorns:flour-acorn", quantity: 1 }]},
		{inputs: [{ type: "item", code: "game:pickledvegetable-*", allowedVariants: ["carrot", "onion", "turnip", "parsnip", "pumpkin"], quantity: 1, name: "veggie" }]},
		{inputs: [{ type: "item", code: "game:herbbundle-*",  quantity: 1 }]},
	],
	output: { type: "item", code: "expandedfoods:acornbreadedvegetable-pickled{veggie}-raw", stackSize: 1}
 },
 {
	"enabled":  false,
	ingredients: [
		{inputs: [{ type: "item", code: "game:honeyportion",  quantity: 1 }, { type: "item", code: "game:egg-chicken-raw",  quantity: 1 }, { type: "item", code: "expandedfoods:foodoilportion-*",  quantity: 1 }, { type: "item", code: "expandedfoods:treesyrupportion-*",  quantity: 1 }, { type: "item", code: "expandedfoods:fruitsyrupportion-*",  quantity: 1 }, { type: "item", code: "expandedfoods:lard",  quantity: 1 }, { type: "item", code: "expandedfoods:peanutliquid-butter",  quantity: 1 }, { type: "item", code: "expandedfoods:peanutliquid-sauce",  quantity: 1 },]},
		{inputs: [{ type: "item", code: "expandedfoods:acornbreadcrumbs-*", quantity: 1 }]},
		{inputs: [{ type: "item", code: "game:flour-*", quantity: 1 }, { type: "item", code: "acorns:flour-acorn", quantity: 1 }]},
		{inputs: [{ type: "item", code: "game:vegetable-*", allowedVariants: ["carrot", "onion", "turnip", "parsnip", "pumpkin"], quantity: 1, name: "veggie" }]},
		{inputs: [{ type: "item", code: "game:herbbundle-*",  quantity: 1 }]},
		{inputs: [{ type: "item", code: "game:salt", quantity: 1 }]}
	],
	output: { type: "item", code: "expandedfoods:acornbreadedvegetable-{veggie}-raw", stackSize: 1}
 },
 {
	"enabled":  false,
	ingredients: [
		{inputs: [{ type: "item", code: "game:honeyportion",  quantity: 1 }, { type: "item", code: "game:egg-chicken-raw",  quantity: 1 }, { type: "item", code: "expandedfoods:foodoilportion-*",  quantity: 1 }, { type: "item", code: "expandedfoods:treesyrupportion-*",  quantity: 1 }, { type: "item", code: "expandedfoods:fruitsyrupportion-*",  quantity: 1 }, { type: "item", code: "expandedfoods:lard",  quantity: 1 }, { type: "item", code: "expandedfoods:peanutliquid-butter",  quantity: 1 }, { type: "item", code: "expandedfoods:peanutliquid-sauce",  quantity: 1 },]},
		{inputs: [{ type: "item", code: "expandedfoods:acornbreadcrumbs-*", quantity: 1 }]},
		{inputs: [{ type: "item", code: "game:flour-*", quantity: 1 }, { type: "item", code: "acorns:flour-acorn", quantity: 1 }]},
		{inputs: [{ type: "block", code: "game:mushroom-*-normal-free", allowedVariants: ["bolete", "fieldmushroom", "flyagaric"], quantity: 1, name: "veggie" }]},
		{inputs: [{ type: "item", code: "game:herbbundle-*",  quantity: 1 }]},
		{inputs: [{ type: "item", code: "game:salt", quantity: 1 }]}
	],
	output: { type: "item", code: "expandedfoods:acornbreadedvegetable-{veggie}-raw", stackSize: 1}
 },
 {
	"enabled":  false,
	ingredients: [
		{inputs: [{ type: "item", code: "game:honeyportion",  quantity: 1 }, { type: "item", code: "game:egg-chicken-raw",  quantity: 1 }, { type: "item", code: "expandedfoods:foodoilportion-*",  quantity: 1 }, { type: "item", code: "expandedfoods:treesyrupportion-*",  quantity: 1 }, { type: "item", code: "expandedfoods:fruitsyrupportion-*",  quantity: 1 }, { type: "item", code: "expandedfoods:lard",  quantity: 1 }, { type: "item", code: "expandedfoods:peanutliquid-butter",  quantity: 1 }, { type: "item", code: "expandedfoods:peanutliquid-sauce",  quantity: 1 },]},
		{inputs: [{ type: "item", code: "expandedfoods:acornbreadcrumbs-*", quantity: 1 }]},
		{inputs: [{ type: "item", code: "game:flour-*", quantity: 1 }, { type: "item", code: "acorns:flour-acorn", quantity: 1 }]},
		{inputs: [{ type: "item", code: "game:pickledvegetable-*", allowedVariants: ["carrot", "onion", "turnip", "parsnip", "pumpkin"], quantity: 1, name: "veggie" }]},
		{inputs: [{ type: "item", code: "game:herbbundle-*",  quantity: 1 }]},
		{inputs: [{ type: "item", code: "game:salt", quantity: 1 }]}
	],
	output: { type: "item", code: "expandedfoods:acornbreadedvegetable-pickled{veggie}-raw", stackSize: 1}
 }
]

