[
 {
	"enabled":  false,
	ingredients: [
		{inputs: [{ type: "item", code: "game:waterportion",  quantity: 1 }, { type: "item", code: "expandedfoods:brothportion-bone",  quantity: 1 }]},
		{inputs: [{ type: "item", code: "game:flour-flax", quantity: 1 }]},
		{inputs: [{ type: "item", code: "acorns:flour-acorn", quantity: 1 }]},
		{inputs: [{ type: "item", code: "game:salt", quantity: 1 }]},
		{inputs: [{ type: "item", code: "game:herbbundle-*",  quantity: 1 }]},
	],
	output: { type: "item", code: "expandedfoods:herbalacornhardtack-flax-raw", stackSize: 2}
 }, 
 {
	"enabled":  false,
	ingredients: [
		{inputs: [{ type: "item", code: "game:waterportion",  quantity: 1 }, { type: "item", code: "expandedfoods:brothportion-bone",  quantity: 1 }]},
		{inputs: [{ type: "item", code: "game:flour-rice", quantity: 1 }]},
		{inputs: [{ type: "item", code: "acorns:flour-acorn", quantity: 1 }]},
		{inputs: [{ type: "item", code: "game:salt", quantity: 1 }]},
		{inputs: [{ type: "item", code: "game:herbbundle-*",  quantity: 1 }]},
	],
	output: { type: "item", code: "expandedfoods:herbalacornhardtack-rice-raw", stackSize: 2}
 }, 
 {
	"enabled":  false,
	ingredients: [
		{inputs: [{ type: "item", code: "game:waterportion",  quantity: 1 }, { type: "item", code: "expandedfoods:brothportion-bone",  quantity: 1 }]},
		{inputs: [{ type: "item", code: "game:flour-rye", quantity: 1 }]},
		{inputs: [{ type: "item", code: "acorns:flour-acorn", quantity: 1 }]},
		{inputs: [{ type: "item", code: "game:salt", quantity: 1 }]},
		{inputs: [{ type: "item", code: "game:herbbundle-*",  quantity: 1 }]},
	],
	output: { type: "item", code: "expandedfoods:herbalacornhardtack-rye-raw", stackSize: 2}
 }, 
 {
	"enabled":  false,
	ingredients: [
		{inputs: [{ type: "item", code: "game:waterportion",  quantity: 1 }, { type: "item", code: "expandedfoods:brothportion-bone",  quantity: 1 }]},
		{inputs: [{ type: "item", code: "game:flour-spelt", quantity: 1 }]},
		{inputs: [{ type: "item", code: "acorns:flour-acorn", quantity: 1 }]},
		{inputs: [{ type: "item", code: "game:salt", quantity: 1 }]},
		{inputs: [{ type: "item", code: "game:herbbundle-*",  quantity: 1 }]},
	],
	output: { type: "item", code: "expandedfoods:herbalacornhardtack-spelt-raw", stackSize: 2}
 }, 
 {
	"enabled":  false,
	ingredients: [
		{inputs: [{ type: "item", code: "game:waterportion",  quantity: 1 }, { type: "item", code: "expandedfoods:brothportion-bone",  quantity: 1 }]},
		{inputs: [{ type: "item", code: "game:flour-cassava", quantity: 1 }]},
		{inputs: [{ type: "item", code: "acorns:flour-acorn", quantity: 1 }]},
		{inputs: [{ type: "item", code: "game:salt", quantity: 1 }]},
		{inputs: [{ type: "item", code: "game:herbbundle-*",  quantity: 1 }]},
	],
	output: { type: "item", code: "expandedfoods:herbalacornhardtack-cassava-raw", stackSize: 2}
 }, 
 {
	"enabled":  false,
	ingredients: [
		{inputs: [{ type: "item", code: "game:waterportion",  quantity: 1 }, { type: "item", code: "expandedfoods:brothportion-bone",  quantity: 1 }]},
		{inputs: [{ type: "item", code: "game:flour-amaranth", quantity: 1 }]},
		{inputs: [{ type: "item", code: "acorns:flour-acorn", quantity: 1 }]},
		{inputs: [{ type: "item", code: "game:salt", quantity: 1 }]},
		{inputs: [{ type: "item", code: "game:herbbundle-*",  quantity: 1 }]},
	],
	output: { type: "item", code: "expandedfoods:herbalacornhardtack-amaranth-raw", stackSize: 2}
 }, 
 {
	"enabled":  false,
	ingredients: [
		{inputs: [{ type: "item", code: "game:waterportion",  quantity: 1 }, { type: "item", code: "expandedfoods:brothportion-bone",  quantity: 1 }]},
		{inputs: [{ type: "item", code: "game:flour-sunflower", quantity: 1 }]},
		{inputs: [{ type: "item", code: "acorns:flour-acorn", quantity: 1 }]},
		{inputs: [{ type: "item", code: "game:salt", quantity: 1 }]},
		{inputs: [{ type: "item", code: "game:herbbundle-*",  quantity: 1 }]},
	],
	output: { type: "item", code: "expandedfoods:herbalacornhardtack-sunflower-raw", stackSize: 2}
 },  
 {
	"enabled":  false,
	ingredients: [
		{inputs: [{ type: "item", code: "game:waterportion",  quantity: 1 }, { type: "item", code: "expandedfoods:brothportion-bone",  quantity: 1 }]},
		{inputs: [{ type: "item", code: "game:flour-flax", quantity: 1 }]},
		{inputs: [{ type: "item", code: "acorns:flour-acorn", quantity: 1 }]},
		{inputs: [{ type: "item", code: "game:salt", quantity: 1 }]},
		{inputs: [{ type: "item", code: "game:egg-chicken-raw", quantity: 1 }]},
		{inputs: [{ type: "item", code: "game:herbbundle-*",  quantity: 1 }]},
	],
	output: { type: "item", code: "expandedfoods:herbalacornhardtack-flax-raw", stackSize: 2}
 }, 
 {
	"enabled":  false,
	ingredients: [
		{inputs: [{ type: "item", code: "game:waterportion",  quantity: 1 }, { type: "item", code: "expandedfoods:brothportion-bone",  quantity: 1 }]},
		{inputs: [{ type: "item", code: "game:flour-rice", quantity: 1 }]},
		{inputs: [{ type: "item", code: "acorns:flour-acorn", quantity: 1 }]},
		{inputs: [{ type: "item", code: "game:salt", quantity: 1 }]},
		{inputs: [{ type: "item", code: "game:egg-chicken-raw", quantity: 1 }]},
		{inputs: [{ type: "item", code: "game:herbbundle-*",  quantity: 1 }]},
	],
	output: { type: "item", code: "expandedfoods:herbalacornhardtack-rice-raw", stackSize: 2}
 }, 
 {
	"enabled":  false,
	ingredients: [
		{inputs: [{ type: "item", code: "game:waterportion",  quantity: 1 }, { type: "item", code: "expandedfoods:brothportion-bone",  quantity: 1 }]},
		{inputs: [{ type: "item", code: "game:flour-rye", quantity: 1 }]},
		{inputs: [{ type: "item", code: "acorns:flour-acorn", quantity: 1 }]},
		{inputs: [{ type: "item", code: "game:salt", quantity: 1 }]},
		{inputs: [{ type: "item", code: "game:egg-chicken-raw", quantity: 1 }]},
		{inputs: [{ type: "item", code: "game:herbbundle-*",  quantity: 1 }]},
	],
	output: { type: "item", code: "expandedfoods:herbalacornhardtack-rye-raw", stackSize: 2}
 }, 
 {
	"enabled":  false,
	ingredients: [
		{inputs: [{ type: "item", code: "game:waterportion",  quantity: 1 }, { type: "item", code: "expandedfoods:brothportion-bone",  quantity: 1 }]},
		{inputs: [{ type: "item", code: "game:flour-spelt", quantity: 1 }]},
		{inputs: [{ type: "item", code: "acorns:flour-acorn", quantity: 1 }]},
		{inputs: [{ type: "item", code: "game:salt", quantity: 1 }]},
		{inputs: [{ type: "item", code: "game:egg-chicken-raw", quantity: 1 }]},
		{inputs: [{ type: "item", code: "game:herbbundle-*",  quantity: 1 }]},
	],
	output: { type: "item", code: "expandedfoods:herbalacornhardtack-spelt-raw", stackSize: 2}
 }, 
 {
	"enabled":  false,
	ingredients: [
		{inputs: [{ type: "item", code: "game:waterportion",  quantity: 1 }, { type: "item", code: "expandedfoods:brothportion-bone",  quantity: 1 }]},
		{inputs: [{ type: "item", code: "game:flour-cassava", quantity: 1 }]},
		{inputs: [{ type: "item", code: "acorns:flour-acorn", quantity: 1 }]},
		{inputs: [{ type: "item", code: "game:salt", quantity: 1 }]},
		{inputs: [{ type: "item", code: "game:egg-chicken-raw", quantity: 1 }]},
		{inputs: [{ type: "item", code: "game:herbbundle-*",  quantity: 1 }]},
	],
	output: { type: "item", code: "expandedfoods:herbalacornhardtack-cassava-raw", stackSize: 2}
 }, 
 {
	"enabled":  false,
	ingredients: [
		{inputs: [{ type: "item", code: "game:waterportion",  quantity: 1 }, { type: "item", code: "expandedfoods:brothportion-bone",  quantity: 1 }]},
		{inputs: [{ type: "item", code: "game:flour-amaranth", quantity: 1 }]},
		{inputs: [{ type: "item", code: "acorns:flour-acorn", quantity: 1 }]},
		{inputs: [{ type: "item", code: "game:salt", quantity: 1 }]},
		{inputs: [{ type: "item", code: "game:egg-chicken-raw", quantity: 1 }]},
		{inputs: [{ type: "item", code: "game:herbbundle-*",  quantity: 1 }]},
	],
	output: { type: "item", code: "expandedfoods:herbalacornhardtack-amaranth-raw", stackSize: 2}
 }, 
 {
	"enabled":  false,
	ingredients: [
		{inputs: [{ type: "item", code: "game:waterportion",  quantity: 1 }, { type: "item", code: "expandedfoods:brothportion-bone",  quantity: 1 }]},
		{inputs: [{ type: "item", code: "game:flour-sunflower", quantity: 1 }]},
		{inputs: [{ type: "item", code: "acorns:flour-acorn", quantity: 1 }]},
		{inputs: [{ type: "item", code: "game:salt", quantity: 1 }]},
		{inputs: [{ type: "item", code: "game:egg-chicken-raw", quantity: 1 }]},
		{inputs: [{ type: "item", code: "game:herbbundle-*",  quantity: 1 }]},
	],
	output: { type: "item", code: "expandedfoods:herbalacornhardtack-sunflower-raw", stackSize: 2}
 }, 
]