[
 {
	"enabled":  false,
	ingredients: [
		{inputs: [{ type: "item", code: "game:dough-*", allowedVariants: ["acornspelt", "acornrye", "acornrice", "acornflax", "acorncassava", "acornamaranth", "acornsunflower"], quantity: 1 }]},
		{inputs: [{ type: "item", code: "game:herbbundle-*", allowedVariants: ["basil", "chamomile", "cilantro", "lavender", "marjoram", "mint", "saffron", "sage", "thyme" ], quantity: 1 }]}
	],
	output: { type: "item", code: "expandedfoods:herbalacornbread-dough", stackSize: 1}
 },
 {
	"enabled":  false,
	ingredients: [
		{inputs: [{ type: "item", code: "game:dough-*", allowedVariants: ["acornspelt", "acornrye", "acornrice", "acornflax", "acorncassava", "acornamaranth", "acornsunflower"], quantity: 1 }]},
		{inputs: [{ type: "item", code: "game:herbbundle-*", allowedVariants: ["basil", "chamomile", "cilantro", "lavender", "marjoram", "mint", "saffron", "sage", "thyme" ], quantity: 1 }]},
		{inputs: [{ type: "item", code: "game:herbbundle-*", allowedVariants: ["basil", "chamomile", "cilantro", "lavender", "marjoram", "mint", "saffron", "sage", "thyme" ], quantity: 1 }]}
	],
	output: { type: "item", code: "expandedfoods:herbalacornbread-dough", stackSize: 1}
 },
 {
	"enabled":  false,
	ingredients: [
		{inputs: [{ type: "item", code: "game:dough-*", allowedVariants: ["acornspelt", "acornrye", "acornrice", "acornflax", "acorncassava", "acornamaranth", "acornsunflower"], quantity: 1 }]},
		{inputs: [{ type: "item", code: "game:herbbundle-*", allowedVariants: ["basil", "chamomile", "cilantro", "lavender", "marjoram", "mint", "saffron", "sage", "thyme" ], quantity: 1 }]},
		{inputs: [{ type: "item", code: "game:herbbundle-*", allowedVariants: ["basil", "chamomile", "cilantro", "lavender", "marjoram", "mint", "saffron", "sage", "thyme" ], quantity: 1 }]},
		{inputs: [{ type: "item", code: "game:herbbundle-*", allowedVariants: ["basil", "chamomile", "cilantro", "lavender", "marjoram", "mint", "saffron", "sage", "thyme" ], quantity: 1 }]}
	],
	output: { type: "item", code: "expandedfoods:herbalacornbread-dough", stackSize: 1}
 },
 {
	"enabled":  false,
	ingredients: [
		{inputs: [{ type: "item", code: "game:dough-*", allowedVariants: ["acornspelt", "acornrye", "acornrice", "acornflax", "acorncassava", "acornamaranth", "acornsunflower"], quantity: 1 }]},
		{inputs: [{ type: "item", code: "game:herbbundle-*", allowedVariants: ["basil", "chamomile", "cilantro", "lavender", "marjoram", "mint", "saffron", "sage", "thyme" ], quantity: 1 }]},
		{inputs: [{ type: "item", code: "game:herbbundle-*", allowedVariants: ["basil", "chamomile", "cilantro", "lavender", "marjoram", "mint", "saffron", "sage", "thyme" ], quantity: 1 }]},
		{inputs: [{ type: "item", code: "game:herbbundle-*", allowedVariants: ["basil", "chamomile", "cilantro", "lavender", "marjoram", "mint", "saffron", "sage", "thyme" ], quantity: 1 }]},
		{inputs: [{ type: "item", code: "game:herbbundle-*", allowedVariants: ["basil", "chamomile", "cilantro", "lavender", "marjoram", "mint", "saffron", "sage", "thyme" ], quantity: 1 }]}
	],
	output: { type: "item", code: "expandedfoods:herbalacornbread-dough", stackSize: 1}
 },
 {
	"enabled":  false,
	ingredients: [
		{inputs: [{ type: "item", code: "game:dough-*", allowedVariants: ["acornspelt", "acornrye", "acornrice", "acornflax", "acorncassava", "acornamaranth", "acornsunflower"], quantity: 1 }]},
		{inputs: [{ type: "item", code: "game:herbbundle-*", allowedVariants: ["basil", "chamomile", "cilantro", "lavender", "marjoram", "mint", "saffron", "sage", "thyme" ], quantity: 1 }]},
		{inputs: [{ type: "item", code: "game:herbbundle-*", allowedVariants: ["basil", "chamomile", "cilantro", "lavender", "marjoram", "mint", "saffron", "sage", "thyme" ], quantity: 1 }]},
		{inputs: [{ type: "item", code: "game:herbbundle-*", allowedVariants: ["basil", "chamomile", "cilantro", "lavender", "marjoram", "mint", "saffron", "sage", "thyme" ], quantity: 1 }]},
		{inputs: [{ type: "item", code: "game:herbbundle-*", allowedVariants: ["basil", "chamomile", "cilantro", "lavender", "marjoram", "mint", "saffron", "sage", "thyme" ], quantity: 1 }]},
		{inputs: [{ type: "item", code: "game:herbbundle-*", allowedVariants: ["basil", "chamomile", "cilantro", "lavender", "marjoram", "mint", "saffron", "sage", "thyme" ], quantity: 1 }]}
	],
	output: { type: "item", code: "expandedfoods:herbalacornbread-dough", stackSize: 1}
 }
]