{
	code: "icepickhead",
	variantgroups: [
		{ code: "metal", states: ["copper", "tinbronze", "bismuthbronze", "blackbronze", "iron", "meteoriciron", "steel" ] },
	],
	shape: { base: "item/icepick" },
	attributes: {
		handbook: {
			createdBy: "metalmolding"
		}
	},
	textures: {
		"metal": { base: "game:block/metal/ingot/{metal}" },
		"string": { base: "game:block/transparent" },
		"handle": { base: "game:block/transparent" },
	},
	creativeinventory: { "general": ["*"], "items": ["*"], "zeekea": ["*"] },
	fpHandTransform: {
		translation: { x: 0.2, y: -0.2, z: 0 },
		rotation: { x: 15, y: 15, z: 90 },
		scale: 2.5
	},
	guiTransform: {
		translation: { x: 0, y: 0, z: 0 },
		rotation: { x: -89, y: 47, z: 33 },
		origin: { x: 1, y: 0.2, z: 0.45 },
		scale: 2.3
	},
	fpHandTransform: {
		translation: { x: -0.5, y: -0.2, z: 0 },
		rotation: { x: 26, y: 15, z: 90 },
		origin: { x: 1, y: 0.4, z: 0.5 },
		scale: 3.4
	},
	groundTransform: {
		translation: { x: 0, y: 0, z: 0 },
		rotation: { x: 0, y: 0, z: 0 },
		origin: { x: 1, y: 0, z: 0.5 },
		scale: 4.17
	},
	tpHandTransform: {
		translation: { x: -1.47, y: -0.01, z: -0.56 },
		rotation: { x: -95, y: 66, z: 0 },
		origin: { x: 1, y: 0, z: 0.5 },
		scale: 0.8
	}
}