{
	code: "icepick",
	class: "icepick", 
	shape: { base: "item/icepick" },
	creativeinventory: { "general": ["*"], "items": ["*"], "tools": ["*"], "zeekea": ["*"]},
	attributes: {
		handbook: {
			groupBy: ["icepick-*"]
		},
		rackable: true,
		toolrackTransform: {
			translation: { x: -0.1, y: 0.59 },
			scale: 1.25,
		},
		sharpenable: true,
		onGrindstoneTransform: {
			translation: { x: -0.15, y: 0.45, z: 0.35 },
			rotation: { x: 40, y: 0, z: 0 },
			origin: { x: 0.5, y: 0.1, z: 0.5 },
			scale: 1
		}
	},
	
	variantgroups: [
		{ code: "metal", states: ["copper", "tinbronze", "bismuthbronze", "blackbronze", "iron", "meteoriciron", "steel" ] },
	],
	textures: {
		"metal": { base: "game:block/metal/ingot/{metal}" }
	},
	
	damagedby: ["blockbreaking", "attacking"],
	
	heldTpHitAnimation: "smithing",
	
	attackpowerbytype: {
		"icepick-copper": 1.25,
		"icepick-bismuthbronze": 1.5,
		"icepick-tinbronze": 1.75,
		"icepick-blackbronze": 2,
		"icepick-iron": 2.25,
		"icepick-meteoriciron": 2.4,
		"icepick-steel": 2.4
	},

	durabilitybytype: {
		"icepick-copper": 150,
		"icepick-tinbronze": 300,
		"icepick-bismuthbronze": 350,
		"icepick-blackbronze": 450,
		"icepick-iron": 600,
		"icepick-meteoriciron": 900,
		"icepick-steel": 2000
	},
	
	guiTransform: {
		translation: { x: 0, y: -3, z: 0 },
		rotation: { x: -89, y: 47, z: 33 },
		origin: { x: 0.59, y: 0, z: 0.44 },
		scale: 1.75
	},
	fpHandTransform: {
		translation: { x: -0.2, y: -0.2, z: 0 },
		rotation: { x: 15, y: 15, z: 90 },
		scale: 2.45
	},
	groundTransform: {
		translation: { x: 0, y: 0, z: 0 },
		rotation: { x: 0, y: 0, z: 0 },
		origin: { x: 0.5, y: 0, z: 0.5 },
		scale: 3.4
	},
	tpHandTransform: {
		translation: { x: -1.07, y: 0.09, z: -0.66 },
		rotation: { x: 112, y: -2, z: -2 },
		origin: { x: 0.5, y: 0, z: 0.5 },
		scale: 0.8
	}
}