[
{
    "file": "entities/land/cochineal.json",
    "op": "add",
    "path": "/enabled",
    "value": false,
    "condition": {"when": "CochinealEnabled", "isValue": "false"}
},
{
    "file": "entities/water/crawfish.json",
    "op": "add",
    "path": "/enabled",
    "value": false,
    "condition": {"when": "CrawfishEnabled", "isValue": "false"}
},
{
    "file": "entities/land/cricket.json",
    "op": "add",
    "path": "/enabled",
    "value": false,
    "condition": {"when": "CricketEnabled", "isValue": "false"}
},
{
    "file": "entities/air/dragonfly.json",
    "op": "add",
    "path": "/enabled",
    "value": false,
    "condition": {"when": "DragonflyEnabled", "isValue": "false"}
},
{
    "file": "entities/land/gardensnail.json",
    "op": "add",
    "path": "/enabled",
    "value": false,
    "condition": {"when": "GardenSnailEnabled", "isValue": "false"}
},
{
    "file": "entities/land/glowworm.json",
    "op": "add",
    "path": "/enabled",
    "value": false,
    "condition": {"when": "GlowwormEnabled", "isValue": "false"}
},
{
    "file": "entities/land/grasshopper.json",
    "op": "add",
    "path": "/enabled",
    "value": false,
    "condition": {"when": "GrasshopperEnabled", "isValue": "false"}
},
{
    "file": "entities/air/hummingbird.json",
    "op": "add",
    "path": "/enabled",
    "value": false,
    "condition": {"when": "HummingbirdEnabled", "isValue": "false"}
},
{
    "file": "entities/land/kiwi-baby.json",
    "op": "add",
    "path": "/enabled",
    "value": false,
    "condition": {"when": "KiwiEnabled", "isValue": "false"}
},
{
    "file": "entities/land/kiwi-hen.json",
    "op": "add",
    "path": "/enabled",
    "value": false,
    "condition": {"when": "KiwiEnabled", "isValue": "false"}
},
{
    "file": "entities/land/kiwi-henpoult.json",
    "op": "add",
    "path": "/enabled",
    "value": false,
    "condition": {"when": "KiwiEnabled", "isValue": "false"}
},
{
    "file": "entities/land/kiwi-rooster.json",
    "op": "add",
    "path": "/enabled",
    "value": false,
    "condition": {"when": "KiwiEnabled", "isValue": "false"}
},
{
    "file": "entities/land/kiwi-roosterpoult.json",
    "op": "add",
    "path": "/enabled",
    "value": false,
    "condition": {"when": "KiwiEnabled", "isValue": "false"}
},
{
    "file": "entities/water/seasnail.json",
    "op": "add",
    "path": "/enabled",
    "value": false,
    "condition": {"when": "SeaSnailEnabled", "isValue": "false"}
},
{
    "file": "entities/land/slug.json",
    "op": "add",
    "path": "/enabled",
    "value": false,
    "condition": {"when": "SlugEnabled", "isValue": "false"}
},
{
    "file": "entities/land/Squirrel-male.json",
    "op": "add",
    "path": "/enabled",
    "value": false,
    "condition": {"when": "SquirrelEnabled", "isValue": "false"}
},
{
    "file": "entities/land/Squirrel-female.json",
    "op": "add",
    "path": "/enabled",
    "value": false,
    "condition": {"when": "SquirrelEnabled", "isValue": "false"}
},
{
    "file": "entities/land/Squirrel-baby.json",
    "op": "add",
    "path": "/enabled",
    "value": false,
    "condition": {"when": "SquirrelEnabled", "isValue": "false"}
},
{
    "file": "entities/water/Starfish.json",
    "op": "add",
    "path": "/enabled",
    "value": false,
    "condition": {"when": "StarfishEnabled", "isValue": "false"}
},
{
    "file": "entities/land/tortoise-male.json",
    "op": "add",
    "path": "/enabled",
    "value": false,
    "condition": {"when": "TortoiseEnabled", "isValue": "false"}
},
{
    "file": "entities/land/tortoise-female.json",
    "op": "add",
    "path": "/enabled",
    "value": false,
    "condition": {"when": "TortoiseEnabled", "isValue": "false"}
},
{
    "file": "entities/land/tortoise-baby.json",
    "op": "add",
    "path": "/enabled",
    "value": false,
    "condition": {"when": "TortoiseEnabled", "isValue": "false"}
}
]