[
  {
    "op": "remove",
    "path": "/guiTransform",
    "file": "itemtypes/tool/shield.json"
  },
  {
    "op": "add",
    "path": "/guiTransformByType",
    "value": {
      "*": {
        "translation": {
          "x": 0,
          "y": 0,
          "z": 0
        },
        "rotation": {
          "x": 34,
          "y": 32,
          "z": -163
        },
        "origin": {
          "x": 0.52,
          "y": 0.1,
          "z": 0.47
        },
        "scale": 1.8
      },
      "shield-reinforced-tortoise-wood": {
        "translation": {
          "x": 0,
          "y": 0,
          "z": 0
        },
        "rotation": {
          "x": 34,
          "y": 32,
          "z": -163
        },
        "origin": {
          "x": 0.52,
          "y": 0.1,
          "z": 0.47
        },
        "scale": 5
      }
    },
    "file": "itemtypes/tool/shield.json"
  },
  {
    "op": "add",
    "path": "/allowedVariants/3",
    "value": "*-reinforced-tortoise-wood",
    "file": "itemtypes/tool/shield.json"
  },
  {
    "op": "add",
    "path": "/attributes/shield/damageAbsorptionByType/*-tortoise-*",
    "value": {
      "passive": 2,
      "active": 3
    },
    "file": "itemtypes/tool/shield.json"
  },
  {
    "op": "add",
    "path": "/durabilitybytype/*-tortoise-*",
    "value": 250,
    "file": "itemtypes/tool/shield.json"
  },
  {
    "op": "add",
    "path": "/shapeByType/*-tortoise-*",
    "value": {
      "base": "game:tortoiseshellshield"
    },
    "file": "itemtypes/tool/shield.json"
  },
  {
    "op": "add",
    "path": "/variantgroups/1/states/2",
    "value": "tortoise",
    "file": "itemtypes/tool/shield.json"
  }
]