{
	"code": "roots",
	"maxstacksize": 64,
	"attributesByType": {
		"*": {
		}
	},
	"variantgroups": [
		{ "code": "type", "states": ["bearleek", "marshmallow", "burdock"] }
	],
	"shapebytype": {
        "*-bearleek": { "base": "wildcraft:block/food/bearleek_bulb" },
		"*": { "base": "game:item/food/vegetable/cattailsroot-cooked" }
	},
	"texturebytype": {
        "*-bearleek-*": { 
            "bearleek_bulb": { "base": "wildcraft:block/plant/leafygroundvegetable/bearleek_bulb" }
        },
		"*-marshmallow": {  "base": "game:item/resource/reeds" },
		"*-burdock": { "base": "game:item/resource/reeds" }
	},
	"creativeinventory": { "general": ["*"], "items": ["*"] },
	"nutritionPropsByType": {
		"*": { "satiety": 100, "foodcategory": "Vegetable" },
	},
	"transitionablePropsByType": {
		"*": [{
			"type": "Perish",
			"freshHours": { "avg":  504 },
			"transitionHours": { "avg": 96 },
			"transitionedStack": { "type": "item", "code": "game:rot" },
			"transitionRatio": 0.5
		}]
	},
	"materialDensity": 600,
	"guiTransformByType": {
		"*-bearleek": {
			"translation": { x: 0, y: 0, z: 0 },
			"rotation": { x: -37, y: 135, z: -155 },
			"origin": { x: 0.5, y: 0.15, z: 0.5 },
			"scale": 4.85
		},
		"*": {
			"translation": { x: 0, y: 0, z: 0 },
			"rotation": { x: 43, y: 166, z: 98 },
			"origin": { x: 0.53, y: 0.43, z: 0.55 },
			"scale": 2.64
		}
	},
	"fpHandTransformByType": {
		"*-bearleek": {
			"translation": { x: 0, y: 0, z: 0 },
			"rotation": { x: 45, y: 47, z: -30 },
			"origin": { x: 0.5, y: 0.3, z: 0.5 },
			"scale": 1.9
		},
		"*": {
			"translation": { x: 0.15, y: -0.2, z: 0 },
			"rotation": { x: 155, y: -87, z: -30 },
			"scale": 1.2
		}
	},
	"tpHandTransformByType": {
		"*-bearleek": {
			"translation": { x: -0.6, y: -0.18, z: -0.6 },
			"rotation": { x: 0, y: 0, z: -42 },
			"origin": { x: 0.5, y: 0.1, z: 0.5 },
			"scale": 0.8
		},
		"*": {
			"translation": { x: -1, y: -1.1, z: -1 },
			"rotation": { x: 180, y: 9, z: 50 },
			"scale": 0.48
		}
	},
	"groundTransformByType": {
		"*-bearleek": {
			"translation": { "x": 0, "y": 0, "z": 0 },
			"rotation": { "x": 0, "y": 0, "z": 83 },
			"origin": { "x": 0.47, "y": 0, "z": 0.5 },
			"scale": 4.3
		},
		"*": {
			"scale": 2.5
		}
	}
}