{
  "editor": {
    "allAngles": false,
    "entityTextureMode": false
  },
  "textureWidth": 16,
  "textureHeight": 16,
  "textureSizes": {
  },
  "textures": {
    "fat": "game:block/fat",
    "bone": "game:block/bone"
  },
  "elements": [
    {
      "name": "GroupDown",
      "from": [ 0.0, 0.1, 0.0 ],
      "to": [ 0.0, 0.1, 0.0 ],
      "rotationOrigin": [ 8.0, 0.1, 8.0 ],
      "faces": {
        "north": {
          "texture": "#fat",
          "uv": [ 0.0, 0.0, 0.5, 0.5 ],
          "enabled": false
        },
        "east": {
          "texture": "#fat",
          "uv": [ 0.0, 0.0, 0.5, 0.5 ],
          "enabled": false
        },
        "south": {
          "texture": "#fat",
          "uv": [ 0.0, 0.0, 0.5, 0.5 ],
          "enabled": false
        },
        "west": {
          "texture": "#fat",
          "uv": [ 0.0, 0.0, 0.5, 0.5 ],
          "enabled": false
        },
        "up": {
          "texture": "#fat",
          "uv": [ 0.0, 0.0, 0.5, 0.5 ],
          "enabled": false
        },
        "down": {
          "texture": "#fat",
          "uv": [ 0.0, 0.0, 0.5, 0.5 ],
          "enabled": false
        }
      },
      "children": [
        {
          "name": "Face",
          "from": [ 3.0, 0.0, 3.0 ],
          "to": [ 8.0, 1.0, 16.0 ],
          "rotationOrigin": [ 3.0, 0.0, 3.0 ],
          "rotationY": 22.50000022689532,
          "faces": {
            "north": {
              "texture": "#fat",
              "uv": [ 0.0, 0.0, 5.0, 1.0 ],
              "enabled": false
            },
            "east": {
              "texture": "#fat",
              "uv": [ 0.0, 0.0, 13.0, 1.0 ],
              "enabled": false
            },
            "south": {
              "texture": "#fat",
              "uv": [ 0.0, 0.0, 5.0, 1.0 ],
              "enabled": false
            },
            "west": {
              "texture": "#fat",
              "uv": [ 0.0, 0.0, 13.0, 1.0 ],
              "enabled": false
            },
            "up": {
              "texture": "#fat",
              "uv": [ 0.0, 0.0, 5.0, 13.0 ],
              "enabled": false
            },
            "down": {
              "texture": "#fat",
              "uv": [ 0.0, 0.0, 5.0, 13.0 ]
            }
          }
        },
        {
          "name": "Face10",
          "from": [ 8.0, 0.0, 4.1 ],
          "to": [ 9.0, 1.0, 14.9 ],
          "rotationOrigin": [ 3.0, 0.0, 3.0 ],
          "rotationY": 22.50000022689532,
          "faces": {
            "north": {
              "texture": "#fat",
              "uv": [ 0.0, 0.0, 1.0, 1.0 ],
              "enabled": false
            },
            "east": {
              "texture": "#fat",
              "uv": [ 0.0, 0.0, 10.5, 1.0 ],
              "enabled": false
            },
            "south": {
              "texture": "#fat",
              "uv": [ 0.0, 0.0, 1.0, 1.0 ],
              "enabled": false
            },
            "west": {
              "texture": "#fat",
              "uv": [ 0.0, 0.0, 10.5, 1.0 ],
              "enabled": false
            },
            "up": {
              "texture": "#fat",
              "uv": [ 0.0, 0.0, 1.0, 10.5 ],
              "enabled": false
            },
            "down": {
              "texture": "#fat",
              "uv": [ 0.0, 0.0, 1.0, 10.5 ]
            }
          }
        },
        {
          "name": "Face11",
          "from": [ 2.0, 0.0, 4.1 ],
          "to": [ 3.0, 1.0, 14.9 ],
          "rotationOrigin": [ 3.0, 0.0, 3.0 ],
          "rotationY": 22.50000022689532,
          "faces": {
            "north": {
              "texture": "#fat",
              "uv": [ 0.0, 0.0, 1.0, 1.0 ],
              "enabled": false
            },
            "east": {
              "texture": "#fat",
              "uv": [ 0.0, 0.0, 10.5, 1.0 ],
              "enabled": false
            },
            "south": {
              "texture": "#fat",
              "uv": [ 0.0, 0.0, 1.0, 1.0 ],
              "enabled": false
            },
            "west": {
              "texture": "#fat",
              "uv": [ 0.0, 0.0, 10.5, 1.0 ],
              "enabled": false
            },
            "up": {
              "texture": "#fat",
              "uv": [ 0.0, 0.0, 1.0, 10.5 ],
              "enabled": false
            },
            "down": {
              "texture": "#fat",
              "uv": [ 0.0, 0.0, 1.0, 10.5 ]
            }
          }
        },
        {
          "name": "Face12",
          "from": [ 1.0, 0.0, 5.1 ],
          "to": [ 2.0, 1.0, 13.9 ],
          "rotationOrigin": [ 3.0, 0.0, 3.0 ],
          "rotationY": 22.50000022689532,
          "faces": {
            "north": {
              "texture": "#fat",
              "uv": [ 0.0, 0.0, 1.0, 1.0 ],
              "enabled": false
            },
            "east": {
              "texture": "#fat",
              "uv": [ 0.0, 0.0, 8.5, 1.0 ],
              "enabled": false
            },
            "south": {
              "texture": "#fat",
              "uv": [ 0.0, 0.0, 1.0, 1.0 ],
              "enabled": false
            },
            "west": {
              "texture": "#fat",
              "uv": [ 0.0, 0.0, 8.5, 1.0 ],
              "enabled": false
            },
            "up": {
              "texture": "#fat",
              "uv": [ 0.0, 0.0, 1.0, 8.5 ],
              "enabled": false
            },
            "down": {
              "texture": "#fat",
              "uv": [ 0.0, 0.0, 1.0, 8.5 ]
            }
          }
        },
        {
          "name": "Face13",
          "from": [ 9.0, 0.0, 5.1 ],
          "to": [ 10.0, 1.0, 13.9 ],
          "rotationOrigin": [ 3.0, 0.0, 3.0 ],
          "rotationY": 22.50000022689532,
          "faces": {
            "north": {
              "texture": "#fat",
              "uv": [ 0.0, 0.0, 1.0, 1.0 ],
              "enabled": false
            },
            "east": {
              "texture": "#fat",
              "uv": [ 0.0, 0.0, 8.5, 1.0 ],
              "enabled": false
            },
            "south": {
              "texture": "#fat",
              "uv": [ 0.0, 0.0, 1.0, 1.0 ],
              "enabled": false
            },
            "west": {
              "texture": "#fat",
              "uv": [ 0.0, 0.0, 8.5, 1.0 ],
              "enabled": false
            },
            "up": {
              "texture": "#fat",
              "uv": [ 0.0, 0.0, 1.0, 8.5 ],
              "enabled": false
            },
            "down": {
              "texture": "#fat",
              "uv": [ 0.0, 0.0, 1.0, 8.5 ]
            }
          }
        },
        {
          "name": "Face14",
          "from": [ 10.0, 0.0, 6.0 ],
          "to": [ 11.4, 1.0, 13.0 ],
          "rotationOrigin": [ 3.0, 0.0, 3.0 ],
          "rotationY": 22.50000022689532,
          "faces": {
            "north": {
              "texture": "#fat",
              "uv": [ 0.0, 0.0, 1.0, 1.0 ],
              "enabled": false
            },
            "east": {
              "texture": "#fat",
              "uv": [ 0.0, 0.0, 7.0, 1.0 ],
              "enabled": false
            },
            "south": {
              "texture": "#fat",
              "uv": [ 0.0, 0.0, 1.0, 1.0 ],
              "enabled": false
            },
            "west": {
              "texture": "#fat",
              "uv": [ 0.0, 0.0, 7.0, 1.0 ],
              "enabled": false
            },
            "up": {
              "texture": "#fat",
              "uv": [ 0.0, 0.0, 1.0, 7.0 ],
              "enabled": false
            },
            "down": {
              "texture": "#fat",
              "uv": [ 0.0, 0.0, 1.0, 7.0 ]
            }
          }
        },
        {
          "name": "Face15",
          "from": [ 0.0, 0.0, 6.0 ],
          "to": [ 1.4, 1.0, 13.0 ],
          "rotationOrigin": [ 3.0, 0.0, 3.0 ],
          "rotationY": 22.50000022689532,
          "faces": {
            "north": {
              "texture": "#fat",
              "uv": [ 0.0, 0.0, 1.0, 1.0 ],
              "enabled": false
            },
            "east": {
              "texture": "#fat",
              "uv": [ 0.0, 0.0, 7.0, 1.0 ],
              "enabled": false
            },
            "south": {
              "texture": "#fat",
              "uv": [ 0.0, 0.0, 1.0, 1.0 ],
              "enabled": false
            },
            "west": {
              "texture": "#fat",
              "uv": [ 0.0, 0.0, 7.0, 1.0 ],
              "enabled": false
            },
            "up": {
              "texture": "#fat",
              "uv": [ 0.0, 0.0, 1.0, 7.0 ],
              "enabled": false
            },
            "down": {
              "texture": "#fat",
              "uv": [ 0.0, 0.0, 1.0, 7.0 ]
            }
          }
        }
      ]
    },
    {
      "name": "GroupUp",
      "from": [ 0.0, 0.3, 0.0 ],
      "to": [ 0.0, 0.3, 0.0 ],
      "rotationOrigin": [ 8.0, 0.3, 8.0 ],
      "rotationX": -180.0,
      "faces": {
        "north": {
          "texture": "#fat",
          "uv": [ 0.0, 0.0, 0.5, 0.5 ],
          "enabled": false
        },
        "east": {
          "texture": "#fat",
          "uv": [ 0.0, 0.0, 0.5, 0.5 ],
          "enabled": false
        },
        "south": {
          "texture": "#fat",
          "uv": [ 0.0, 0.0, 0.5, 0.5 ],
          "enabled": false
        },
        "west": {
          "texture": "#fat",
          "uv": [ 0.0, 0.0, 0.5, 0.5 ],
          "enabled": false
        },
        "up": {
          "texture": "#fat",
          "uv": [ 0.0, 0.0, 0.5, 0.5 ],
          "enabled": false
        },
        "down": {
          "texture": "#fat",
          "uv": [ 0.0, 0.0, 0.5, 0.5 ],
          "enabled": false
        }
      },
      "children": [
        {
          "name": "Face18",
          "from": [ 3.0, 0.0, 3.0 ],
          "to": [ 8.0, 1.0, 16.0 ],
          "rotationOrigin": [ 3.0, 0.0, 3.0 ],
          "rotationY": 22.50000022689532,
          "faces": {
            "north": {
              "texture": "#fat",
              "uv": [ 0.0, 0.0, 5.0, 1.0 ],
              "enabled": false
            },
            "east": {
              "texture": "#fat",
              "uv": [ 0.0, 0.0, 13.0, 1.0 ],
              "enabled": false
            },
            "south": {
              "texture": "#fat",
              "uv": [ 0.0, 0.0, 5.0, 1.0 ],
              "enabled": false
            },
            "west": {
              "texture": "#fat",
              "uv": [ 0.0, 0.0, 13.0, 1.0 ],
              "enabled": false
            },
            "up": {
              "texture": "#fat",
              "uv": [ 0.0, 0.0, 5.0, 13.0 ],
              "enabled": false
            },
            "down": {
              "texture": "#fat",
              "uv": [ 0.0, 0.0, 5.0, 13.0 ]
            }
          }
        },
        {
          "name": "Face19",
          "from": [ 8.0, 0.0, 4.1 ],
          "to": [ 9.0, 1.0, 14.9 ],
          "rotationOrigin": [ 3.0, 0.0, 3.0 ],
          "rotationY": 22.50000022689532,
          "faces": {
            "north": {
              "texture": "#fat",
              "uv": [ 0.0, 0.0, 1.0, 1.0 ],
              "enabled": false
            },
            "east": {
              "texture": "#fat",
              "uv": [ 0.0, 0.0, 10.5, 1.0 ],
              "enabled": false
            },
            "south": {
              "texture": "#fat",
              "uv": [ 0.0, 0.0, 1.0, 1.0 ],
              "enabled": false
            },
            "west": {
              "texture": "#fat",
              "uv": [ 0.0, 0.0, 10.5, 1.0 ],
              "enabled": false
            },
            "up": {
              "texture": "#fat",
              "uv": [ 0.0, 0.0, 1.0, 10.5 ],
              "enabled": false
            },
            "down": {
              "texture": "#fat",
              "uv": [ 0.0, 0.0, 1.0, 10.5 ]
            }
          }
        },
        {
          "name": "Face20",
          "from": [ 2.0, 0.0, 4.1 ],
          "to": [ 3.0, 1.0, 14.9 ],
          "rotationOrigin": [ 3.0, 0.0, 3.0 ],
          "rotationY": 22.50000022689532,
          "faces": {
            "north": {
              "texture": "#fat",
              "uv": [ 0.0, 0.0, 1.0, 1.0 ],
              "enabled": false
            },
            "east": {
              "texture": "#fat",
              "uv": [ 0.0, 0.0, 10.5, 1.0 ],
              "enabled": false
            },
            "south": {
              "texture": "#fat",
              "uv": [ 0.0, 0.0, 1.0, 1.0 ],
              "enabled": false
            },
            "west": {
              "texture": "#fat",
              "uv": [ 0.0, 0.0, 10.5, 1.0 ],
              "enabled": false
            },
            "up": {
              "texture": "#fat",
              "uv": [ 0.0, 0.0, 1.0, 10.5 ],
              "enabled": false
            },
            "down": {
              "texture": "#fat",
              "uv": [ 0.0, 0.0, 1.0, 10.5 ]
            }
          }
        },
        {
          "name": "Face21",
          "from": [ 1.0, 0.0, 5.1 ],
          "to": [ 2.0, 1.0, 13.9 ],
          "rotationOrigin": [ 3.0, 0.0, 3.0 ],
          "rotationY": 22.50000022689532,
          "faces": {
            "north": {
              "texture": "#fat",
              "uv": [ 0.0, 0.0, 1.0, 1.0 ],
              "enabled": false
            },
            "east": {
              "texture": "#fat",
              "uv": [ 0.0, 0.0, 8.5, 1.0 ],
              "enabled": false
            },
            "south": {
              "texture": "#fat",
              "uv": [ 0.0, 0.0, 1.0, 1.0 ],
              "enabled": false
            },
            "west": {
              "texture": "#fat",
              "uv": [ 0.0, 0.0, 8.5, 1.0 ],
              "enabled": false
            },
            "up": {
              "texture": "#fat",
              "uv": [ 0.0, 0.0, 1.0, 8.5 ],
              "enabled": false
            },
            "down": {
              "texture": "#fat",
              "uv": [ 0.0, 0.0, 1.0, 8.5 ]
            }
          }
        },
        {
          "name": "Face22",
          "from": [ 9.0, 0.0, 5.1 ],
          "to": [ 10.0, 1.0, 13.9 ],
          "rotationOrigin": [ 3.0, 0.0, 3.0 ],
          "rotationY": 22.50000022689532,
          "faces": {
            "north": {
              "texture": "#fat",
              "uv": [ 0.0, 0.0, 1.0, 1.0 ],
              "enabled": false
            },
            "east": {
              "texture": "#fat",
              "uv": [ 0.0, 0.0, 8.5, 1.0 ],
              "enabled": false
            },
            "south": {
              "texture": "#fat",
              "uv": [ 0.0, 0.0, 1.0, 1.0 ],
              "enabled": false
            },
            "west": {
              "texture": "#fat",
              "uv": [ 0.0, 0.0, 8.5, 1.0 ],
              "enabled": false
            },
            "up": {
              "texture": "#fat",
              "uv": [ 0.0, 0.0, 1.0, 8.5 ],
              "enabled": false
            },
            "down": {
              "texture": "#fat",
              "uv": [ 0.0, 0.0, 1.0, 8.5 ]
            }
          }
        },
        {
          "name": "Face23",
          "from": [ 10.0, 0.0, 6.0 ],
          "to": [ 11.4, 1.0, 13.0 ],
          "rotationOrigin": [ 3.0, 0.0, 3.0 ],
          "rotationY": 22.50000022689532,
          "faces": {
            "north": {
              "texture": "#fat",
              "uv": [ 0.0, 0.0, 1.0, 1.0 ],
              "enabled": false
            },
            "east": {
              "texture": "#fat",
              "uv": [ 0.0, 0.0, 7.0, 1.0 ],
              "enabled": false
            },
            "south": {
              "texture": "#fat",
              "uv": [ 0.0, 0.0, 1.0, 1.0 ],
              "enabled": false
            },
            "west": {
              "texture": "#fat",
              "uv": [ 0.0, 0.0, 7.0, 1.0 ],
              "enabled": false
            },
            "up": {
              "texture": "#fat",
              "uv": [ 0.0, 0.0, 1.0, 7.0 ],
              "enabled": false
            },
            "down": {
              "texture": "#fat",
              "uv": [ 0.0, 0.0, 1.0, 7.0 ]
            }
          }
        },
        {
          "name": "Face24",
          "from": [ 0.0, 0.0, 6.0 ],
          "to": [ 1.4, 1.0, 13.0 ],
          "rotationOrigin": [ 3.0, 0.0, 3.0 ],
          "rotationY": 22.50000022689532,
          "faces": {
            "north": {
              "texture": "#fat",
              "uv": [ 0.0, 0.0, 1.0, 1.0 ],
              "enabled": false
            },
            "east": {
              "texture": "#fat",
              "uv": [ 0.0, 0.0, 7.0, 1.0 ],
              "enabled": false
            },
            "south": {
              "texture": "#fat",
              "uv": [ 0.0, 0.0, 1.0, 1.0 ],
              "enabled": false
            },
            "west": {
              "texture": "#fat",
              "uv": [ 0.0, 0.0, 7.0, 1.0 ],
              "enabled": false
            },
            "up": {
              "texture": "#fat",
              "uv": [ 0.0, 0.0, 1.0, 7.0 ],
              "enabled": false
            },
            "down": {
              "texture": "#fat",
              "uv": [ 0.0, 0.0, 1.0, 7.0 ]
            }
          }
        }
      ]
    },
    {
      "name": "Arrow",
      "from": [ 7.75, 0.2, 3.4 ],
      "to": [ 8.25, 0.7, 8.4 ],
      "rotationOrigin": [ 8.0, 0.3, 8.0 ],
      "faces": {
        "north": {
          "texture": "#bone",
          "uv": [ 0.0, 0.0, 0.5, 0.5 ]
        },
        "east": {
          "texture": "#bone",
          "uv": [ 0.0, 0.0, 5.0, 0.5 ]
        },
        "south": {
          "texture": "#bone",
          "uv": [ 0.0, 0.0, 0.5, 0.5 ]
        },
        "west": {
          "texture": "#bone",
          "uv": [ 0.0, 0.0, 5.0, 0.5 ]
        },
        "up": {
          "texture": "#bone",
          "uv": [ 0.0, 0.0, 0.5, 5.0 ]
        },
        "down": {
          "texture": "#bone",
          "uv": [ 0.0, 0.0, 0.5, 5.0 ]
        }
      }
    },
    {
      "name": "GroupFrame",
      "from": [ 0.0, 0.0, 0.0 ],
      "to": [ 0.0, 0.0, 0.0 ],
      "rotationOrigin": [ 8.0, 0.0, 8.0 ],
      "faces": {
        "north": {
          "texture": "#bone",
          "uv": [ 0.0, 0.0, 0.5, 0.5 ],
          "enabled": false
        },
        "east": {
          "texture": "#bone",
          "uv": [ 0.0, 0.0, 0.5, 0.5 ],
          "enabled": false
        },
        "south": {
          "texture": "#bone",
          "uv": [ 0.0, 0.0, 0.5, 0.5 ],
          "enabled": false
        },
        "west": {
          "texture": "#bone",
          "uv": [ 0.0, 0.0, 0.5, 0.5 ],
          "enabled": false
        },
        "up": {
          "texture": "#bone",
          "uv": [ 0.0, 0.0, 0.5, 0.5 ],
          "enabled": false
        },
        "down": {
          "texture": "#bone",
          "uv": [ 0.0, 0.0, 0.5, 0.5 ],
          "enabled": false
        }
      },
      "children": [
        {
          "name": "Cube1",
          "from": [ 3.0, 0.0, 3.0 ],
          "to": [ 8.4, 1.0, 4.0 ],
          "rotationOrigin": [ 3.0, 0.0, 3.0 ],
          "rotationY": 22.50000022689532,
          "faces": {
            "north": {
              "texture": "#bone",
              "uv": [ 0.0, 0.0, 5.0, 1.0 ]
            },
            "east": {
              "texture": "#bone",
              "uv": [ 0.0, 0.0, 1.0, 1.0 ]
            },
            "south": {
              "texture": "#bone",
              "uv": [ 0.0, 0.0, 5.0, 1.0 ]
            },
            "west": {
              "texture": "#bone",
              "uv": [ 0.0, 0.0, 1.0, 1.0 ]
            },
            "up": {
              "texture": "#bone",
              "uv": [ 0.0, 0.0, 5.0, 1.0 ]
            },
            "down": {
              "texture": "#bone",
              "uv": [ 0.0, 0.0, 5.0, 1.0 ]
            }
          }
        },
        {
          "name": "Cube2",
          "from": [ 8.0, 0.0, 1.0 ],
          "to": [ 13.4, 1.0, 2.0 ],
          "rotationOrigin": [ 8.0, 0.0, 1.0 ],
          "rotationY": -22.50000022689532,
          "faces": {
            "north": {
              "texture": "#bone",
              "uv": [ 0.0, 0.0, 5.0, 1.0 ]
            },
            "east": {
              "texture": "#bone",
              "uv": [ 0.0, 0.0, 1.0, 1.0 ]
            },
            "south": {
              "texture": "#bone",
              "uv": [ 0.0, 0.0, 5.0, 1.0 ]
            },
            "west": {
              "texture": "#bone",
              "uv": [ 0.0, 0.0, 1.0, 1.0 ]
            },
            "up": {
              "texture": "#bone",
              "uv": [ 0.0, 0.0, 5.0, 1.0 ]
            },
            "down": {
              "texture": "#bone",
              "uv": [ 0.0, 0.0, 5.0, 1.0 ]
            }
          }
        },
        {
          "name": "Cube3",
          "from": [ 13.0, 0.0, 3.0 ],
          "to": [ 18.4, 1.0, 4.0 ],
          "rotationOrigin": [ 13.0, 0.0, 3.0 ],
          "rotationY": -67.49998313153391,
          "faces": {
            "north": {
              "texture": "#bone",
              "uv": [ 0.0, 0.0, 5.0, 1.0 ]
            },
            "east": {
              "texture": "#bone",
              "uv": [ 0.0, 0.0, 1.0, 1.0 ]
            },
            "south": {
              "texture": "#bone",
              "uv": [ 0.0, 0.0, 5.0, 1.0 ]
            },
            "west": {
              "texture": "#bone",
              "uv": [ 0.0, 0.0, 1.0, 1.0 ]
            },
            "up": {
              "texture": "#bone",
              "uv": [ 0.0, 0.0, 5.0, 1.0 ]
            },
            "down": {
              "texture": "#bone",
              "uv": [ 0.0, 0.0, 5.0, 1.0 ]
            }
          }
        },
        {
          "name": "Cube4",
          "from": [ 15.0, 0.0, 8.0 ],
          "to": [ 20.4, 1.0, 9.0 ],
          "rotationOrigin": [ 15.0, 0.0, 8.0 ],
          "rotationX": -179.99999011687993,
          "rotationY": -67.49999205560236,
          "rotationZ": -179.99999011687993,
          "faces": {
            "north": {
              "texture": "#bone",
              "uv": [ 0.0, 0.0, 5.0, 1.0 ]
            },
            "east": {
              "texture": "#bone",
              "uv": [ 0.0, 0.0, 1.0, 1.0 ]
            },
            "south": {
              "texture": "#bone",
              "uv": [ 0.0, 0.0, 5.0, 1.0 ]
            },
            "west": {
              "texture": "#bone",
              "uv": [ 0.0, 0.0, 1.0, 1.0 ]
            },
            "up": {
              "texture": "#bone",
              "uv": [ 0.0, 0.0, 5.0, 1.0 ]
            },
            "down": {
              "texture": "#bone",
              "uv": [ 0.0, 0.0, 5.0, 1.0 ]
            }
          }
        },
        {
          "name": "Cube5",
          "from": [ 13.0, 0.0, 13.0 ],
          "to": [ 18.4, 1.0, 14.0 ],
          "rotationOrigin": [ 13.0, 0.0, 13.0 ],
          "rotationX": -179.99999011687993,
          "rotationY": -22.50000207513112,
          "rotationZ": -179.99999011687993,
          "faces": {
            "north": {
              "texture": "#bone",
              "uv": [ 0.0, 0.0, 5.0, 1.0 ]
            },
            "east": {
              "texture": "#bone",
              "uv": [ 0.0, 0.0, 1.0, 1.0 ]
            },
            "south": {
              "texture": "#bone",
              "uv": [ 0.0, 0.0, 5.0, 1.0 ]
            },
            "west": {
              "texture": "#bone",
              "uv": [ 0.0, 0.0, 1.0, 1.0 ]
            },
            "up": {
              "texture": "#bone",
              "uv": [ 0.0, 0.0, 5.0, 1.0 ]
            },
            "down": {
              "texture": "#bone",
              "uv": [ 0.0, 0.0, 5.0, 1.0 ]
            }
          }
        },
        {
          "name": "Cube6",
          "from": [ 8.0, 0.0, 15.0 ],
          "to": [ 13.4, 1.0, 16.0 ],
          "rotationOrigin": [ 8.0, 0.0, 15.0 ],
          "rotationX": -179.99999011687993,
          "rotationY": 22.50000207513112,
          "rotationZ": -179.99999011687993,
          "faces": {
            "north": {
              "texture": "#bone",
              "uv": [ 0.0, 0.0, 5.0, 1.0 ]
            },
            "east": {
              "texture": "#bone",
              "uv": [ 0.0, 0.0, 1.0, 1.0 ]
            },
            "south": {
              "texture": "#bone",
              "uv": [ 0.0, 0.0, 5.0, 1.0 ]
            },
            "west": {
              "texture": "#bone",
              "uv": [ 0.0, 0.0, 1.0, 1.0 ]
            },
            "up": {
              "texture": "#bone",
              "uv": [ 0.0, 0.0, 5.0, 1.0 ]
            },
            "down": {
              "texture": "#bone",
              "uv": [ 0.0, 0.0, 5.0, 1.0 ]
            }
          }
        },
        {
          "name": "Cube7",
          "from": [ 3.0, 0.0, 13.0 ],
          "to": [ 8.4, 1.0, 14.0 ],
          "rotationOrigin": [ 3.0, 0.0, 13.0 ],
          "rotationX": -179.99999011687993,
          "rotationY": 67.49999205560236,
          "rotationZ": -179.99999011687993,
          "faces": {
            "north": {
              "texture": "#bone",
              "uv": [ 0.0, 0.0, 5.0, 1.0 ]
            },
            "east": {
              "texture": "#bone",
              "uv": [ 0.0, 0.0, 1.0, 1.0 ]
            },
            "south": {
              "texture": "#bone",
              "uv": [ 0.0, 0.0, 5.0, 1.0 ]
            },
            "west": {
              "texture": "#bone",
              "uv": [ 0.0, 0.0, 1.0, 1.0 ]
            },
            "up": {
              "texture": "#bone",
              "uv": [ 0.0, 0.0, 5.0, 1.0 ]
            },
            "down": {
              "texture": "#bone",
              "uv": [ 0.0, 0.0, 5.0, 1.0 ]
            }
          }
        },
        {
          "name": "Cube8",
          "from": [ 1.0, 0.0, 8.0 ],
          "to": [ 6.4, 1.0, 9.0 ],
          "rotationOrigin": [ 1.0, 0.0, 8.0 ],
          "rotationY": 67.49998313153391,
          "faces": {
            "north": {
              "texture": "#bone",
              "uv": [ 0.0, 0.0, 5.0, 1.0 ]
            },
            "east": {
              "texture": "#bone",
              "uv": [ 0.0, 0.0, 1.0, 1.0 ]
            },
            "south": {
              "texture": "#bone",
              "uv": [ 0.0, 0.0, 5.0, 1.0 ]
            },
            "west": {
              "texture": "#bone",
              "uv": [ 0.0, 0.0, 1.0, 1.0 ]
            },
            "up": {
              "texture": "#bone",
              "uv": [ 0.0, 0.0, 5.0, 1.0 ]
            },
            "down": {
              "texture": "#bone",
              "uv": [ 0.0, 0.0, 5.0, 1.0 ]
            }
          }
        }
      ]
    },
    {
      "name": "Pin",
      "from": [ 7.5, 0.0, 7.5 ],
      "to": [ 8.5, 1.0, 8.5 ],
      "rotationOrigin": [ 8.0, 0.0, 8.0 ],
      "faces": {
        "north": {
          "texture": "#bone",
          "uv": [ 0.0, 0.0, 1.0, 1.0 ]
        },
        "east": {
          "texture": "#bone",
          "uv": [ 0.0, 0.0, 1.0, 1.0 ]
        },
        "south": {
          "texture": "#bone",
          "uv": [ 0.0, 0.0, 1.0, 1.0 ]
        },
        "west": {
          "texture": "#bone",
          "uv": [ 0.0, 0.0, 1.0, 1.0 ]
        },
        "up": {
          "texture": "#bone",
          "uv": [ 0.0, 0.0, 1.0, 1.0 ]
        },
        "down": {
          "texture": "#bone",
          "uv": [ 0.0, 0.0, 1.0, 1.0 ]
        }
      }
    }
  ]
}