[
	{
	"code": "glassbatch-opaque",
	"ingredientPattern": "MQ,BB",
	"ingredients": {
		"M": { "type": "item", "code": "bricklayers:powdered-magnetite", "quantity": 2 },
		"Q": { "type": "item", "code": "bricklayers:powdered-quartz", "quantity": 2 },
		"B": { "type": "item", "code": "bricklayers:glassbatch-plain-*", "quantity": 1, "name": "color",
			"allowedVariants": [ "blue", "brown", "green", "orange", "pink", "violet", "red", "yellow", "black"] }
	},
	"width": 2,
	"height": 2,
	"output": { "type": "item", "code": "bricklayers:glassbatch-opaque-{color}", "quantity": 4 }
	},
	{
	"code": "glassbatch-opaque",
	"ingredientPattern": "NQ,BB",
	"ingredients": {
		"N": { "type": "item", "code": "bricklayers:powdered-nickel", "quantity": 2 },
		"Q": { "type": "item", "code": "bricklayers:powdered-quartz", "quantity": 2 },
		"B": { "type": "item", "code": "bricklayers:glassbatch-plain-*", "quantity": 1, "name": "color",
			"allowedVariants": [ "blue", "brown", "green", "orange", "pink", "violet", "red", "yellow", "black"] }
	},
	"width": 2,
	"height": 2,
	"output": { "type": "item", "code": "bricklayers:glassbatch-opaque-{color}", "quantity": 4 }
	},
	{
	"code": "glassbatch-opaque-red",
	"ingredientPattern": "CC,BB",
	"ingredients": {
		"C": { "type": "item", "code": "bricklayers:powdered-copper", "quantity": 2 },
		"B": { "type": "item", "code": "bricklayers:glassbatch-plain-*", "quantity": 1, "name": "color",
			"allowedVariants": [ "red" ] }
	},
	"width": 2,
	"height": 2,
	"output": { "type": "item", "code": "bricklayers:glassbatch-opaque-{color}", "quantity": 4 }
	},
	{
	"code": "glassbatch-opaque-green",
	"ingredientPattern": "NQ,BB",
	"ingredients": {
		"N": { "type": "item", "code": "bricklayers:powdered-chromite", "quantity": 2 },
		"Q": { "type": "item", "code": "bricklayers:powdered-quartz", "quantity": 2 },
		"B": { "type": "item", "code": "bricklayers:glassbatch-plain-*", "quantity": 1, "name": "color",
			"allowedVariants": [ "green" ] }
	},
	"width": 2,
	"height": 2,
	"output": { "type": "item", "code": "bricklayers:glassbatch-opaque-{color}", "quantity": 4 }
	},
	{
	"code": "glassbatch-opaque-white",
	"ingredientPattern": "MQ,BB",
	"ingredients": {
		"M": { "type": "item", "code": "bricklayers:powdered-cassiterite", "quantity": 1 },
		"Q": { "type": "item", "code": "bricklayers:powdered-quartz", "quantity": 2 },
		"B": { "type": "item", "code": "bricklayers:glassbatch-milky-smoky", "quantity": 1 }
	},
	"width": 2,
	"height": 2,
	"output": { "type": "item", "code": "bricklayers:glassbatch-opaque-white", "quantity": 4 }
	},
	{
	"code": "glassbatch-opaque-white",
	"ingredientPattern": "MQ,BB",
	"ingredients": {
		"M": { "type": "item", "code": "bricklayers:powdered-boneash", "quantity": 2 },
		"Q": { "type": "item", "code": "bricklayers:powdered-quartz", "quantity": 2 },
		"B": { "type": "item", "code": "bricklayers:glassbatch-milky-smoky", "quantity": 1 }
	},
	"width": 2,
	"height": 2,
	"output": { "type": "item", "code": "bricklayers:glassbatch-opaque-white", "quantity": 4 }
	}
]
