[
	{
	"ingredientPattern": "SBS,_L_",
	"ingredients": {
		"B": { "type": "block",
			"code": "bricklayers:glazedbowl-burnt-clear-black-plain",
			"name": "color",
			"returnedStack": { "type": "block", "code": "bricklayers:glazedbowl-burnt-clear-black-plain" },
			"attributes": { "liquidContainerProps": { "requiresContent": { "type": "item", "code": "game:honeyportion" }, "requiresLitres": 0.25 } }
		},
		"S": { "type": "item", "code": "game:powderedsulfur" },
		"L": { "type": "block", "code": "game:linen-*-down" }
	},
	"width": 3,
	"height": 2,
	"output": { "type": "item", "code": "game:poultice-linen-honey-sulfur", "quantity": 4 }
	},
	{
	"ingredientPattern": "SBS,_C_",
	"ingredients": {
		"B": { "type": "block", "code": "bricklayers:glazedbowl-burnt-clear-black-plain",
			"returnedStack": { "type": "block", "code": "bricklayers:glazedbowl-burnt-clear-black-plain" },
			"attributes": { "liquidContainerProps": { "requiresContent": { "type": "item", "code": "game:honeyportion" }, "requiresLitres": 0.25 } }
		},
		"S": { "type": "item", "code": "game:powderedsulfur" },
		"C": { "type": "item", "code": "game:cattailtops", "quantity": 2 }
	},
	"width": 3,
	"height": 2,
	"output": { "type": "item", "code": "game:poultice-reed-honey-sulfur", "quantity": 4 }
	},

	{
	"ingredientPattern": "SBS,_L_",
	"ingredients": {
		"B": { "type": "block", "code": "bricklayers:glazedbowl-burnt-milky-black-plain",
			"returnedStack": { "type": "block", "code": "bricklayers:glazedbowl-burnt-milky-black-plain" },
			"attributes": { "liquidContainerProps": { "requiresContent": { "type": "item", "code": "game:honeyportion" }, "requiresLitres": 0.25 } }
		},
		"S": { "type": "item", "code": "game:powderedsulfur" },
		"L": { "type": "block", "code": "game:linen-*-down" }
	},
	"width": 3,
	"height": 2,
	"output": { "type": "item", "code": "game:poultice-linen-honey-sulfur", "quantity": 4 }
	},
	{
	"ingredientPattern": "SBS,_C_",
	"ingredients": {
		"B": { "type": "block", "code": "bricklayers:glazedbowl-burnt-milky-black-plain",
			"returnedStack": { "type": "block", "code": "bricklayers:glazedbowl-burnt-milky-black-plain" },
			"attributes": { "liquidContainerProps": { "requiresContent": { "type": "item", "code": "game:honeyportion" }, "requiresLitres": 0.25 } }
		},
		"S": { "type": "item", "code": "game:powderedsulfur" },
		"C": { "type": "item", "code": "game:cattailtops", "quantity": 2 }
	},
	"width": 3,
	"height": 2,
	"output": { "type": "item", "code": "game:poultice-reed-honey-sulfur", "quantity": 4 }
	},

	{
	"ingredientPattern": "SBS,_L_",
	"ingredients": {
		"B": { "type": "block",
			"code": "bricklayers:glazedbowl-burnt-clear-blue-plain",
			"name": "color",
			"returnedStack": { "type": "block", "code": "bricklayers:glazedbowl-burnt-clear-blue-plain" },
			"attributes": { "liquidContainerProps": { "requiresContent": { "type": "item", "code": "game:honeyportion" }, "requiresLitres": 0.25 } }
		},
		"S": { "type": "item", "code": "game:powderedsulfur" },
		"L": { "type": "block", "code": "game:linen-*-down" }
	},
	"width": 3,
	"height": 2,
	"output": { "type": "item", "code": "game:poultice-linen-honey-sulfur", "quantity": 4 }
	},
	{
	"ingredientPattern": "SBS,_C_",
	"ingredients": {
		"B": { "type": "block", "code": "bricklayers:glazedbowl-burnt-clear-blue-plain",
			"returnedStack": { "type": "block", "code": "bricklayers:glazedbowl-burnt-clear-blue-plain" },
			"attributes": { "liquidContainerProps": { "requiresContent": { "type": "item", "code": "game:honeyportion" }, "requiresLitres": 0.25 } }
		},
		"S": { "type": "item", "code": "game:powderedsulfur" },
		"C": { "type": "item", "code": "game:cattailtops", "quantity": 2 }
	},
	"width": 3,
	"height": 2,
	"output": { "type": "item", "code": "game:poultice-reed-honey-sulfur", "quantity": 4 }
	},

	{
	"ingredientPattern": "SBS,_L_",
	"ingredients": {
		"B": { "type": "block", "code": "bricklayers:glazedbowl-burnt-milky-blue-plain",
			"returnedStack": { "type": "block", "code": "bricklayers:glazedbowl-burnt-milky-blue-plain" },
			"attributes": { "liquidContainerProps": { "requiresContent": { "type": "item", "code": "game:honeyportion" }, "requiresLitres": 0.25 } }
		},
		"S": { "type": "item", "code": "game:powderedsulfur" },
		"L": { "type": "block", "code": "game:linen-*-down" }
	},
	"width": 3,
	"height": 2,
	"output": { "type": "item", "code": "game:poultice-linen-honey-sulfur", "quantity": 4 }
	},
	{
	"ingredientPattern": "SBS,_C_",
	"ingredients": {
		"B": { "type": "block", "code": "bricklayers:glazedbowl-burnt-milky-blue-plain",
			"returnedStack": { "type": "block", "code": "bricklayers:glazedbowl-burnt-milky-blue-plain" },
			"attributes": { "liquidContainerProps": { "requiresContent": { "type": "item", "code": "game:honeyportion" }, "requiresLitres": 0.25 } }
		},
		"S": { "type": "item", "code": "game:powderedsulfur" },
		"C": { "type": "item", "code": "game:cattailtops", "quantity": 2 }
	},
	"width": 3,
	"height": 2,
	"output": { "type": "item", "code": "game:poultice-reed-honey-sulfur", "quantity": 4 }
	},

	{
	"ingredientPattern": "SBS,_L_",
	"ingredients": {
		"B": { "type": "block",
			"code": "bricklayers:glazedbowl-burnt-clear-brown-plain",
			"name": "color",
			"returnedStack": { "type": "block", "code": "bricklayers:glazedbowl-burnt-clear-brown-plain" },
			"attributes": { "liquidContainerProps": { "requiresContent": { "type": "item", "code": "game:honeyportion" }, "requiresLitres": 0.25 } }
		},
		"S": { "type": "item", "code": "game:powderedsulfur" },
		"L": { "type": "block", "code": "game:linen-*-down" }
	},
	"width": 3,
	"height": 2,
	"output": { "type": "item", "code": "game:poultice-linen-honey-sulfur", "quantity": 4 }
	},
	{
	"ingredientPattern": "SBS,_C_",
	"ingredients": {
		"B": { "type": "block", "code": "bricklayers:glazedbowl-burnt-clear-brown-plain",
			"returnedStack": { "type": "block", "code": "bricklayers:glazedbowl-burnt-clear-brown-plain" },
			"attributes": { "liquidContainerProps": { "requiresContent": { "type": "item", "code": "game:honeyportion" }, "requiresLitres": 0.25 } }
		},
		"S": { "type": "item", "code": "game:powderedsulfur" },
		"C": { "type": "item", "code": "game:cattailtops", "quantity": 2 }
	},
	"width": 3,
	"height": 2,
	"output": { "type": "item", "code": "game:poultice-reed-honey-sulfur", "quantity": 4 }
	},

	{
	"ingredientPattern": "SBS,_L_",
	"ingredients": {
		"B": { "type": "block", "code": "bricklayers:glazedbowl-burnt-milky-brown-plain",
			"returnedStack": { "type": "block", "code": "bricklayers:glazedbowl-burnt-milky-brown-plain" },
			"attributes": { "liquidContainerProps": { "requiresContent": { "type": "item", "code": "game:honeyportion" }, "requiresLitres": 0.25 } }
		},
		"S": { "type": "item", "code": "game:powderedsulfur" },
		"L": { "type": "block", "code": "game:linen-*-down" }
	},
	"width": 3,
	"height": 2,
	"output": { "type": "item", "code": "game:poultice-linen-honey-sulfur", "quantity": 4 }
	},
	{
	"ingredientPattern": "SBS,_C_",
	"ingredients": {
		"B": { "type": "block", "code": "bricklayers:glazedbowl-burnt-milky-brown-plain",
			"returnedStack": { "type": "block", "code": "bricklayers:glazedbowl-burnt-milky-brown-plain" },
			"attributes": { "liquidContainerProps": { "requiresContent": { "type": "item", "code": "game:honeyportion" }, "requiresLitres": 0.25 } }
		},
		"S": { "type": "item", "code": "game:powderedsulfur" },
		"C": { "type": "item", "code": "game:cattailtops", "quantity": 2 }
	},
	"width": 3,
	"height": 2,
	"output": { "type": "item", "code": "game:poultice-reed-honey-sulfur", "quantity": 4 }
	},

	{
	"ingredientPattern": "SBS,_L_",
	"ingredients": {
		"B": { "type": "block",
			"code": "bricklayers:glazedbowl-burnt-clear-gold-plain",
			"name": "color",
			"returnedStack": { "type": "block", "code": "bricklayers:glazedbowl-burnt-clear-gold-plain" },
			"attributes": { "liquidContainerProps": { "requiresContent": { "type": "item", "code": "game:honeyportion" }, "requiresLitres": 0.25 } }
		},
		"S": { "type": "item", "code": "game:powderedsulfur" },
		"L": { "type": "block", "code": "game:linen-*-down" }
	},
	"width": 3,
	"height": 2,
	"output": { "type": "item", "code": "game:poultice-linen-honey-sulfur", "quantity": 4 }
	},
	{
	"ingredientPattern": "SBS,_C_",
	"ingredients": {
		"B": { "type": "block", "code": "bricklayers:glazedbowl-burnt-clear-gold-plain",
			"returnedStack": { "type": "block", "code": "bricklayers:glazedbowl-burnt-clear-gold-plain" },
			"attributes": { "liquidContainerProps": { "requiresContent": { "type": "item", "code": "game:honeyportion" }, "requiresLitres": 0.25 } }
		},
		"S": { "type": "item", "code": "game:powderedsulfur" },
		"C": { "type": "item", "code": "game:cattailtops", "quantity": 2 }
	},
	"width": 3,
	"height": 2,
	"output": { "type": "item", "code": "game:poultice-reed-honey-sulfur", "quantity": 4 }
	},

	{
	"ingredientPattern": "SBS,_L_",
	"ingredients": {
		"B": { "type": "block", "code": "bricklayers:glazedbowl-burnt-milky-gold-plain",
			"returnedStack": { "type": "block", "code": "bricklayers:glazedbowl-burnt-milky-gold-plain" },
			"attributes": { "liquidContainerProps": { "requiresContent": { "type": "item", "code": "game:honeyportion" }, "requiresLitres": 0.25 } }
		},
		"S": { "type": "item", "code": "game:powderedsulfur" },
		"L": { "type": "block", "code": "game:linen-*-down" }
	},
	"width": 3,
	"height": 2,
	"output": { "type": "item", "code": "game:poultice-linen-honey-sulfur", "quantity": 4 }
	},
	{
	"ingredientPattern": "SBS,_C_",
	"ingredients": {
		"B": { "type": "block", "code": "bricklayers:glazedbowl-burnt-milky-gold-plain",
			"returnedStack": { "type": "block", "code": "bricklayers:glazedbowl-burnt-milky-gold-plain" },
			"attributes": { "liquidContainerProps": { "requiresContent": { "type": "item", "code": "game:honeyportion" }, "requiresLitres": 0.25 } }
		},
		"S": { "type": "item", "code": "game:powderedsulfur" },
		"C": { "type": "item", "code": "game:cattailtops", "quantity": 2 }
	},
	"width": 3,
	"height": 2,
	"output": { "type": "item", "code": "game:poultice-reed-honey-sulfur", "quantity": 4 }
	},

	{
	"ingredientPattern": "SBS,_L_",
	"ingredients": {
		"B": { "type": "block",
			"code": "bricklayers:glazedbowl-burnt-clear-green-plain",
			"name": "color",
			"returnedStack": { "type": "block", "code": "bricklayers:glazedbowl-burnt-clear-green-plain" },
			"attributes": { "liquidContainerProps": { "requiresContent": { "type": "item", "code": "game:honeyportion" }, "requiresLitres": 0.25 } }
		},
		"S": { "type": "item", "code": "game:powderedsulfur" },
		"L": { "type": "block", "code": "game:linen-*-down" }
	},
	"width": 3,
	"height": 2,
	"output": { "type": "item", "code": "game:poultice-linen-honey-sulfur", "quantity": 4 }
	},
	{
	"ingredientPattern": "SBS,_C_",
	"ingredients": {
		"B": { "type": "block", "code": "bricklayers:glazedbowl-burnt-clear-green-plain",
			"returnedStack": { "type": "block", "code": "bricklayers:glazedbowl-burnt-clear-green-plain" },
			"attributes": { "liquidContainerProps": { "requiresContent": { "type": "item", "code": "game:honeyportion" }, "requiresLitres": 0.25 } }
		},
		"S": { "type": "item", "code": "game:powderedsulfur" },
		"C": { "type": "item", "code": "game:cattailtops", "quantity": 2 }
	},
	"width": 3,
	"height": 2,
	"output": { "type": "item", "code": "game:poultice-reed-honey-sulfur", "quantity": 4 }
	},

	{
	"ingredientPattern": "SBS,_L_",
	"ingredients": {
		"B": { "type": "block", "code": "bricklayers:glazedbowl-burnt-milky-green-plain",
			"returnedStack": { "type": "block", "code": "bricklayers:glazedbowl-burnt-milky-green-plain" },
			"attributes": { "liquidContainerProps": { "requiresContent": { "type": "item", "code": "game:honeyportion" }, "requiresLitres": 0.25 } }
		},
		"S": { "type": "item", "code": "game:powderedsulfur" },
		"L": { "type": "block", "code": "game:linen-*-down" }
	},
	"width": 3,
	"height": 2,
	"output": { "type": "item", "code": "game:poultice-linen-honey-sulfur", "quantity": 4 }
	},
	{
	"ingredientPattern": "SBS,_C_",
	"ingredients": {
		"B": { "type": "block", "code": "bricklayers:glazedbowl-burnt-milky-green-plain",
			"returnedStack": { "type": "block", "code": "bricklayers:glazedbowl-burnt-milky-green-plain" },
			"attributes": { "liquidContainerProps": { "requiresContent": { "type": "item", "code": "game:honeyportion" }, "requiresLitres": 0.25 } }
		},
		"S": { "type": "item", "code": "game:powderedsulfur" },
		"C": { "type": "item", "code": "game:cattailtops", "quantity": 2 }
	},
	"width": 3,
	"height": 2,
	"output": { "type": "item", "code": "game:poultice-reed-honey-sulfur", "quantity": 4 }
	},

	{
	"ingredientPattern": "SBS,_L_",
	"ingredients": {
		"B": { "type": "block",
			"code": "bricklayers:glazedbowl-burnt-clear-greenblue-plain",
			"name": "color",
			"returnedStack": { "type": "block", "code": "bricklayers:glazedbowl-burnt-clear-greenblue-plain" },
			"attributes": { "liquidContainerProps": { "requiresContent": { "type": "item", "code": "game:honeyportion" }, "requiresLitres": 0.25 } }
		},
		"S": { "type": "item", "code": "game:powderedsulfur" },
		"L": { "type": "block", "code": "game:linen-*-down" }
	},
	"width": 3,
	"height": 2,
	"output": { "type": "item", "code": "game:poultice-linen-honey-sulfur", "quantity": 4 }
	},
	{
	"ingredientPattern": "SBS,_C_",
	"ingredients": {
		"B": { "type": "block", "code": "bricklayers:glazedbowl-burnt-clear-greenblue-plain",
			"returnedStack": { "type": "block", "code": "bricklayers:glazedbowl-burnt-clear-greenblue-plain" },
			"attributes": { "liquidContainerProps": { "requiresContent": { "type": "item", "code": "game:honeyportion" }, "requiresLitres": 0.25 } }
		},
		"S": { "type": "item", "code": "game:powderedsulfur" },
		"C": { "type": "item", "code": "game:cattailtops", "quantity": 2 }
	},
	"width": 3,
	"height": 2,
	"output": { "type": "item", "code": "game:poultice-reed-honey-sulfur", "quantity": 4 }
	},

	{
	"ingredientPattern": "SBS,_L_",
	"ingredients": {
		"B": { "type": "block", "code": "bricklayers:glazedbowl-burnt-milky-greenblue-plain",
			"returnedStack": { "type": "block", "code": "bricklayers:glazedbowl-burnt-milky-greenblue-plain" },
			"attributes": { "liquidContainerProps": { "requiresContent": { "type": "item", "code": "game:honeyportion" }, "requiresLitres": 0.25 } }
		},
		"S": { "type": "item", "code": "game:powderedsulfur" },
		"L": { "type": "block", "code": "game:linen-*-down" }
	},
	"width": 3,
	"height": 2,
	"output": { "type": "item", "code": "game:poultice-linen-honey-sulfur", "quantity": 4 }
	},
	{
	"ingredientPattern": "SBS,_C_",
	"ingredients": {
		"B": { "type": "block", "code": "bricklayers:glazedbowl-burnt-milky-greenblue-plain",
			"returnedStack": { "type": "block", "code": "bricklayers:glazedbowl-burnt-milky-greenblue-plain" },
			"attributes": { "liquidContainerProps": { "requiresContent": { "type": "item", "code": "game:honeyportion" }, "requiresLitres": 0.25 } }
		},
		"S": { "type": "item", "code": "game:powderedsulfur" },
		"C": { "type": "item", "code": "game:cattailtops", "quantity": 2 }
	},
	"width": 3,
	"height": 2,
	"output": { "type": "item", "code": "game:poultice-reed-honey-sulfur", "quantity": 4 }
	},

	{
	"ingredientPattern": "SBS,_L_",
	"ingredients": {
		"B": { "type": "block",
			"code": "bricklayers:glazedbowl-burnt-clear-lapislazuli-plain",
			"name": "color",
			"returnedStack": { "type": "block", "code": "bricklayers:glazedbowl-burnt-clear-lapislazuli-plain" },
			"attributes": { "liquidContainerProps": { "requiresContent": { "type": "item", "code": "game:honeyportion" }, "requiresLitres": 0.25 } }
		},
		"S": { "type": "item", "code": "game:powderedsulfur" },
		"L": { "type": "block", "code": "game:linen-*-down" }
	},
	"width": 3,
	"height": 2,
	"output": { "type": "item", "code": "game:poultice-linen-honey-sulfur", "quantity": 4 }
	},
	{
	"ingredientPattern": "SBS,_C_",
	"ingredients": {
		"B": { "type": "block", "code": "bricklayers:glazedbowl-burnt-clear-lapislazuli-plain",
			"returnedStack": { "type": "block", "code": "bricklayers:glazedbowl-burnt-clear-lapislazuli-plain" },
			"attributes": { "liquidContainerProps": { "requiresContent": { "type": "item", "code": "game:honeyportion" }, "requiresLitres": 0.25 } }
		},
		"S": { "type": "item", "code": "game:powderedsulfur" },
		"C": { "type": "item", "code": "game:cattailtops", "quantity": 2 }
	},
	"width": 3,
	"height": 2,
	"output": { "type": "item", "code": "game:poultice-reed-honey-sulfur", "quantity": 4 }
	},

	{
	"ingredientPattern": "SBS,_L_",
	"ingredients": {
		"B": { "type": "block", "code": "bricklayers:glazedbowl-burnt-milky-lapislazuli-plain",
			"returnedStack": { "type": "block", "code": "bricklayers:glazedbowl-burnt-milky-lapislazuli-plain" },
			"attributes": { "liquidContainerProps": { "requiresContent": { "type": "item", "code": "game:honeyportion" }, "requiresLitres": 0.25 } }
		},
		"S": { "type": "item", "code": "game:powderedsulfur" },
		"L": { "type": "block", "code": "game:linen-*-down" }
	},
	"width": 3,
	"height": 2,
	"output": { "type": "item", "code": "game:poultice-linen-honey-sulfur", "quantity": 4 }
	},
	{
	"ingredientPattern": "SBS,_C_",
	"ingredients": {
		"B": { "type": "block", "code": "bricklayers:glazedbowl-burnt-milky-lapislazuli-plain",
			"returnedStack": { "type": "block", "code": "bricklayers:glazedbowl-burnt-milky-lapislazuli-plain" },
			"attributes": { "liquidContainerProps": { "requiresContent": { "type": "item", "code": "game:honeyportion" }, "requiresLitres": 0.25 } }
		},
		"S": { "type": "item", "code": "game:powderedsulfur" },
		"C": { "type": "item", "code": "game:cattailtops", "quantity": 2 }
	},
	"width": 3,
	"height": 2,
	"output": { "type": "item", "code": "game:poultice-reed-honey-sulfur", "quantity": 4 }
	},

	{
	"ingredientPattern": "SBS,_L_",
	"ingredients": {
		"B": { "type": "block",
			"code": "bricklayers:glazedbowl-burnt-clear-malachite-plain",
			"name": "color",
			"returnedStack": { "type": "block", "code": "bricklayers:glazedbowl-burnt-clear-malachite-plain" },
			"attributes": { "liquidContainerProps": { "requiresContent": { "type": "item", "code": "game:honeyportion" }, "requiresLitres": 0.25 } }
		},
		"S": { "type": "item", "code": "game:powderedsulfur" },
		"L": { "type": "block", "code": "game:linen-*-down" }
	},
	"width": 3,
	"height": 2,
	"output": { "type": "item", "code": "game:poultice-linen-honey-sulfur", "quantity": 4 }
	},
	{
	"ingredientPattern": "SBS,_C_",
	"ingredients": {
		"B": { "type": "block", "code": "bricklayers:glazedbowl-burnt-clear-malachite-plain",
			"returnedStack": { "type": "block", "code": "bricklayers:glazedbowl-burnt-clear-malachite-plain" },
			"attributes": { "liquidContainerProps": { "requiresContent": { "type": "item", "code": "game:honeyportion" }, "requiresLitres": 0.25 } }
		},
		"S": { "type": "item", "code": "game:powderedsulfur" },
		"C": { "type": "item", "code": "game:cattailtops", "quantity": 2 }
	},
	"width": 3,
	"height": 2,
	"output": { "type": "item", "code": "game:poultice-reed-honey-sulfur", "quantity": 4 }
	},

	{
	"ingredientPattern": "SBS,_L_",
	"ingredients": {
		"B": { "type": "block", "code": "bricklayers:glazedbowl-burnt-milky-malachite-plain",
			"returnedStack": { "type": "block", "code": "bricklayers:glazedbowl-burnt-milky-malachite-plain" },
			"attributes": { "liquidContainerProps": { "requiresContent": { "type": "item", "code": "game:honeyportion" }, "requiresLitres": 0.25 } }
		},
		"S": { "type": "item", "code": "game:powderedsulfur" },
		"L": { "type": "block", "code": "game:linen-*-down" }
	},
	"width": 3,
	"height": 2,
	"output": { "type": "item", "code": "game:poultice-linen-honey-sulfur", "quantity": 4 }
	},
	{
	"ingredientPattern": "SBS,_C_",
	"ingredients": {
		"B": { "type": "block", "code": "bricklayers:glazedbowl-burnt-milky-malachite-plain",
			"returnedStack": { "type": "block", "code": "bricklayers:glazedbowl-burnt-milky-malachite-plain" },
			"attributes": { "liquidContainerProps": { "requiresContent": { "type": "item", "code": "game:honeyportion" }, "requiresLitres": 0.25 } }
		},
		"S": { "type": "item", "code": "game:powderedsulfur" },
		"C": { "type": "item", "code": "game:cattailtops", "quantity": 2 }
	},
	"width": 3,
	"height": 2,
	"output": { "type": "item", "code": "game:poultice-reed-honey-sulfur", "quantity": 4 }
	},

	{
	"ingredientPattern": "SBS,_L_",
	"ingredients": {
		"B": { "type": "block",
			"code": "bricklayers:glazedbowl-burnt-clear-orange-plain",
			"name": "color",
			"returnedStack": { "type": "block", "code": "bricklayers:glazedbowl-burnt-clear-orange-plain" },
			"attributes": { "liquidContainerProps": { "requiresContent": { "type": "item", "code": "game:honeyportion" }, "requiresLitres": 0.25 } }
		},
		"S": { "type": "item", "code": "game:powderedsulfur" },
		"L": { "type": "block", "code": "game:linen-*-down" }
	},
	"width": 3,
	"height": 2,
	"output": { "type": "item", "code": "game:poultice-linen-honey-sulfur", "quantity": 4 }
	},
	{
	"ingredientPattern": "SBS,_C_",
	"ingredients": {
		"B": { "type": "block", "code": "bricklayers:glazedbowl-burnt-clear-orange-plain",
			"returnedStack": { "type": "block", "code": "bricklayers:glazedbowl-burnt-clear-orange-plain" },
			"attributes": { "liquidContainerProps": { "requiresContent": { "type": "item", "code": "game:honeyportion" }, "requiresLitres": 0.25 } }
		},
		"S": { "type": "item", "code": "game:powderedsulfur" },
		"C": { "type": "item", "code": "game:cattailtops", "quantity": 2 }
	},
	"width": 3,
	"height": 2,
	"output": { "type": "item", "code": "game:poultice-reed-honey-sulfur", "quantity": 4 }
	},

	{
	"ingredientPattern": "SBS,_L_",
	"ingredients": {
		"B": { "type": "block", "code": "bricklayers:glazedbowl-burnt-milky-orange-plain",
			"returnedStack": { "type": "block", "code": "bricklayers:glazedbowl-burnt-milky-orange-plain" },
			"attributes": { "liquidContainerProps": { "requiresContent": { "type": "item", "code": "game:honeyportion" }, "requiresLitres": 0.25 } }
		},
		"S": { "type": "item", "code": "game:powderedsulfur" },
		"L": { "type": "block", "code": "game:linen-*-down" }
	},
	"width": 3,
	"height": 2,
	"output": { "type": "item", "code": "game:poultice-linen-honey-sulfur", "quantity": 4 }
	},
	{
	"ingredientPattern": "SBS,_C_",
	"ingredients": {
		"B": { "type": "block", "code": "bricklayers:glazedbowl-burnt-milky-orange-plain",
			"returnedStack": { "type": "block", "code": "bricklayers:glazedbowl-burnt-milky-orange-plain" },
			"attributes": { "liquidContainerProps": { "requiresContent": { "type": "item", "code": "game:honeyportion" }, "requiresLitres": 0.25 } }
		},
		"S": { "type": "item", "code": "game:powderedsulfur" },
		"C": { "type": "item", "code": "game:cattailtops", "quantity": 2 }
	},
	"width": 3,
	"height": 2,
	"output": { "type": "item", "code": "game:poultice-reed-honey-sulfur", "quantity": 4 }
	},

	{
	"ingredientPattern": "SBS,_L_",
	"ingredients": {
		"B": { "type": "block",
			"code": "bricklayers:glazedbowl-burnt-clear-pink-plain",
			"name": "color",
			"returnedStack": { "type": "block", "code": "bricklayers:glazedbowl-burnt-clear-pink-plain" },
			"attributes": { "liquidContainerProps": { "requiresContent": { "type": "item", "code": "game:honeyportion" }, "requiresLitres": 0.25 } }
		},
		"S": { "type": "item", "code": "game:powderedsulfur" },
		"L": { "type": "block", "code": "game:linen-*-down" }
	},
	"width": 3,
	"height": 2,
	"output": { "type": "item", "code": "game:poultice-linen-honey-sulfur", "quantity": 4 }
	},
	{
	"ingredientPattern": "SBS,_C_",
	"ingredients": {
		"B": { "type": "block", "code": "bricklayers:glazedbowl-burnt-clear-pink-plain",
			"returnedStack": { "type": "block", "code": "bricklayers:glazedbowl-burnt-clear-pink-plain" },
			"attributes": { "liquidContainerProps": { "requiresContent": { "type": "item", "code": "game:honeyportion" }, "requiresLitres": 0.25 } }
		},
		"S": { "type": "item", "code": "game:powderedsulfur" },
		"C": { "type": "item", "code": "game:cattailtops", "quantity": 2 }
	},
	"width": 3,
	"height": 2,
	"output": { "type": "item", "code": "game:poultice-reed-honey-sulfur", "quantity": 4 }
	},

	{
	"ingredientPattern": "SBS,_L_",
	"ingredients": {
		"B": { "type": "block", "code": "bricklayers:glazedbowl-burnt-milky-pink-plain",
			"returnedStack": { "type": "block", "code": "bricklayers:glazedbowl-burnt-milky-pink-plain" },
			"attributes": { "liquidContainerProps": { "requiresContent": { "type": "item", "code": "game:honeyportion" }, "requiresLitres": 0.25 } }
		},
		"S": { "type": "item", "code": "game:powderedsulfur" },
		"L": { "type": "block", "code": "game:linen-*-down" }
	},
	"width": 3,
	"height": 2,
	"output": { "type": "item", "code": "game:poultice-linen-honey-sulfur", "quantity": 4 }
	},
	{
	"ingredientPattern": "SBS,_C_",
	"ingredients": {
		"B": { "type": "block", "code": "bricklayers:glazedbowl-burnt-milky-pink-plain",
			"returnedStack": { "type": "block", "code": "bricklayers:glazedbowl-burnt-milky-pink-plain" },
			"attributes": { "liquidContainerProps": { "requiresContent": { "type": "item", "code": "game:honeyportion" }, "requiresLitres": 0.25 } }
		},
		"S": { "type": "item", "code": "game:powderedsulfur" },
		"C": { "type": "item", "code": "game:cattailtops", "quantity": 2 }
	},
	"width": 3,
	"height": 2,
	"output": { "type": "item", "code": "game:poultice-reed-honey-sulfur", "quantity": 4 }
	},

	{
	"ingredientPattern": "SBS,_L_",
	"ingredients": {
		"B": { "type": "block",
			"code": "bricklayers:glazedbowl-burnt-clear-purple-plain",
			"name": "color",
			"returnedStack": { "type": "block", "code": "bricklayers:glazedbowl-burnt-clear-purple-plain" },
			"attributes": { "liquidContainerProps": { "requiresContent": { "type": "item", "code": "game:honeyportion" }, "requiresLitres": 0.25 } }
		},
		"S": { "type": "item", "code": "game:powderedsulfur" },
		"L": { "type": "block", "code": "game:linen-*-down" }
	},
	"width": 3,
	"height": 2,
	"output": { "type": "item", "code": "game:poultice-linen-honey-sulfur", "quantity": 4 }
	},
	{
	"ingredientPattern": "SBS,_C_",
	"ingredients": {
		"B": { "type": "block", "code": "bricklayers:glazedbowl-burnt-clear-purple-plain",
			"returnedStack": { "type": "block", "code": "bricklayers:glazedbowl-burnt-clear-purple-plain" },
			"attributes": { "liquidContainerProps": { "requiresContent": { "type": "item", "code": "game:honeyportion" }, "requiresLitres": 0.25 } }
		},
		"S": { "type": "item", "code": "game:powderedsulfur" },
		"C": { "type": "item", "code": "game:cattailtops", "quantity": 2 }
	},
	"width": 3,
	"height": 2,
	"output": { "type": "item", "code": "game:poultice-reed-honey-sulfur", "quantity": 4 }
	},

	{
	"ingredientPattern": "SBS,_L_",
	"ingredients": {
		"B": { "type": "block", "code": "bricklayers:glazedbowl-burnt-milky-purple-plain",
			"returnedStack": { "type": "block", "code": "bricklayers:glazedbowl-burnt-milky-purple-plain" },
			"attributes": { "liquidContainerProps": { "requiresContent": { "type": "item", "code": "game:honeyportion" }, "requiresLitres": 0.25 } }
		},
		"S": { "type": "item", "code": "game:powderedsulfur" },
		"L": { "type": "block", "code": "game:linen-*-down" }
	},
	"width": 3,
	"height": 2,
	"output": { "type": "item", "code": "game:poultice-linen-honey-sulfur", "quantity": 4 }
	},
	{
	"ingredientPattern": "SBS,_C_",
	"ingredients": {
		"B": { "type": "block", "code": "bricklayers:glazedbowl-burnt-milky-purple-plain",
			"returnedStack": { "type": "block", "code": "bricklayers:glazedbowl-burnt-milky-purple-plain" },
			"attributes": { "liquidContainerProps": { "requiresContent": { "type": "item", "code": "game:honeyportion" }, "requiresLitres": 0.25 } }
		},
		"S": { "type": "item", "code": "game:powderedsulfur" },
		"C": { "type": "item", "code": "game:cattailtops", "quantity": 2 }
	},
	"width": 3,
	"height": 2,
	"output": { "type": "item", "code": "game:poultice-reed-honey-sulfur", "quantity": 4 }
	},

	{
	"ingredientPattern": "SBS,_L_",
	"ingredients": {
		"B": { "type": "block",
			"code": "bricklayers:glazedbowl-burnt-clear-red-plain",
			"name": "color",
			"returnedStack": { "type": "block", "code": "bricklayers:glazedbowl-burnt-clear-red-plain" },
			"attributes": { "liquidContainerProps": { "requiresContent": { "type": "item", "code": "game:honeyportion" }, "requiresLitres": 0.25 } }
		},
		"S": { "type": "item", "code": "game:powderedsulfur" },
		"L": { "type": "block", "code": "game:linen-*-down" }
	},
	"width": 3,
	"height": 2,
	"output": { "type": "item", "code": "game:poultice-linen-honey-sulfur", "quantity": 4 }
	},
	{
	"ingredientPattern": "SBS,_C_",
	"ingredients": {
		"B": { "type": "block", "code": "bricklayers:glazedbowl-burnt-clear-red-plain",
			"returnedStack": { "type": "block", "code": "bricklayers:glazedbowl-burnt-clear-red-plain" },
			"attributes": { "liquidContainerProps": { "requiresContent": { "type": "item", "code": "game:honeyportion" }, "requiresLitres": 0.25 } }
		},
		"S": { "type": "item", "code": "game:powderedsulfur" },
		"C": { "type": "item", "code": "game:cattailtops", "quantity": 2 }
	},
	"width": 3,
	"height": 2,
	"output": { "type": "item", "code": "game:poultice-reed-honey-sulfur", "quantity": 4 }
	},

	{
	"ingredientPattern": "SBS,_L_",
	"ingredients": {
		"B": { "type": "block", "code": "bricklayers:glazedbowl-burnt-milky-red-plain",
			"returnedStack": { "type": "block", "code": "bricklayers:glazedbowl-burnt-milky-red-plain" },
			"attributes": { "liquidContainerProps": { "requiresContent": { "type": "item", "code": "game:honeyportion" }, "requiresLitres": 0.25 } }
		},
		"S": { "type": "item", "code": "game:powderedsulfur" },
		"L": { "type": "block", "code": "game:linen-*-down" }
	},
	"width": 3,
	"height": 2,
	"output": { "type": "item", "code": "game:poultice-linen-honey-sulfur", "quantity": 4 }
	},
	{
	"ingredientPattern": "SBS,_C_",
	"ingredients": {
		"B": { "type": "block", "code": "bricklayers:glazedbowl-burnt-milky-red-plain",
			"returnedStack": { "type": "block", "code": "bricklayers:glazedbowl-burnt-milky-red-plain" },
			"attributes": { "liquidContainerProps": { "requiresContent": { "type": "item", "code": "game:honeyportion" }, "requiresLitres": 0.25 } }
		},
		"S": { "type": "item", "code": "game:powderedsulfur" },
		"C": { "type": "item", "code": "game:cattailtops", "quantity": 2 }
	},
	"width": 3,
	"height": 2,
	"output": { "type": "item", "code": "game:poultice-reed-honey-sulfur", "quantity": 4 }
	},

	{
	"ingredientPattern": "SBS,_L_",
	"ingredients": {
		"B": { "type": "block",
			"code": "bricklayers:glazedbowl-burnt-clear-redbrown-plain",
			"name": "color",
			"returnedStack": { "type": "block", "code": "bricklayers:glazedbowl-burnt-clear-redbrown-plain" },
			"attributes": { "liquidContainerProps": { "requiresContent": { "type": "item", "code": "game:honeyportion" }, "requiresLitres": 0.25 } }
		},
		"S": { "type": "item", "code": "game:powderedsulfur" },
		"L": { "type": "block", "code": "game:linen-*-down" }
	},
	"width": 3,
	"height": 2,
	"output": { "type": "item", "code": "game:poultice-linen-honey-sulfur", "quantity": 4 }
	},
	{
	"ingredientPattern": "SBS,_C_",
	"ingredients": {
		"B": { "type": "block", "code": "bricklayers:glazedbowl-burnt-clear-redbrown-plain",
			"returnedStack": { "type": "block", "code": "bricklayers:glazedbowl-burnt-clear-redbrown-plain" },
			"attributes": { "liquidContainerProps": { "requiresContent": { "type": "item", "code": "game:honeyportion" }, "requiresLitres": 0.25 } }
		},
		"S": { "type": "item", "code": "game:powderedsulfur" },
		"C": { "type": "item", "code": "game:cattailtops", "quantity": 2 }
	},
	"width": 3,
	"height": 2,
	"output": { "type": "item", "code": "game:poultice-reed-honey-sulfur", "quantity": 4 }
	},

	{
	"ingredientPattern": "SBS,_L_",
	"ingredients": {
		"B": { "type": "block", "code": "bricklayers:glazedbowl-burnt-milky-redbrown-plain",
			"returnedStack": { "type": "block", "code": "bricklayers:glazedbowl-burnt-milky-redbrown-plain" },
			"attributes": { "liquidContainerProps": { "requiresContent": { "type": "item", "code": "game:honeyportion" }, "requiresLitres": 0.25 } }
		},
		"S": { "type": "item", "code": "game:powderedsulfur" },
		"L": { "type": "block", "code": "game:linen-*-down" }
	},
	"width": 3,
	"height": 2,
	"output": { "type": "item", "code": "game:poultice-linen-honey-sulfur", "quantity": 4 }
	},
	{
	"ingredientPattern": "SBS,_C_",
	"ingredients": {
		"B": { "type": "block", "code": "bricklayers:glazedbowl-burnt-milky-redbrown-plain",
			"returnedStack": { "type": "block", "code": "bricklayers:glazedbowl-burnt-milky-redbrown-plain" },
			"attributes": { "liquidContainerProps": { "requiresContent": { "type": "item", "code": "game:honeyportion" }, "requiresLitres": 0.25 } }
		},
		"S": { "type": "item", "code": "game:powderedsulfur" },
		"C": { "type": "item", "code": "game:cattailtops", "quantity": 2 }
	},
	"width": 3,
	"height": 2,
	"output": { "type": "item", "code": "game:poultice-reed-honey-sulfur", "quantity": 4 }
	},

	{
	"ingredientPattern": "SBS,_L_",
	"ingredients": {
		"B": { "type": "block",
			"code": "bricklayers:glazedbowl-burnt-clear-white-plain",
			"name": "color",
			"returnedStack": { "type": "block", "code": "bricklayers:glazedbowl-burnt-clear-white-plain" },
			"attributes": { "liquidContainerProps": { "requiresContent": { "type": "item", "code": "game:honeyportion" }, "requiresLitres": 0.25 } }
		},
		"S": { "type": "item", "code": "game:powderedsulfur" },
		"L": { "type": "block", "code": "game:linen-*-down" }
	},
	"width": 3,
	"height": 2,
	"output": { "type": "item", "code": "game:poultice-linen-honey-sulfur", "quantity": 4 }
	},
	{
	"ingredientPattern": "SBS,_C_",
	"ingredients": {
		"B": { "type": "block", "code": "bricklayers:glazedbowl-burnt-clear-white-plain",
			"returnedStack": { "type": "block", "code": "bricklayers:glazedbowl-burnt-clear-white-plain" },
			"attributes": { "liquidContainerProps": { "requiresContent": { "type": "item", "code": "game:honeyportion" }, "requiresLitres": 0.25 } }
		},
		"S": { "type": "item", "code": "game:powderedsulfur" },
		"C": { "type": "item", "code": "game:cattailtops", "quantity": 2 }
	},
	"width": 3,
	"height": 2,
	"output": { "type": "item", "code": "game:poultice-reed-honey-sulfur", "quantity": 4 }
	},

	{
	"ingredientPattern": "SBS,_L_",
	"ingredients": {
		"B": { "type": "block", "code": "bricklayers:glazedbowl-burnt-milky-white-plain",
			"returnedStack": { "type": "block", "code": "bricklayers:glazedbowl-burnt-milky-white-plain" },
			"attributes": { "liquidContainerProps": { "requiresContent": { "type": "item", "code": "game:honeyportion" }, "requiresLitres": 0.25 } }
		},
		"S": { "type": "item", "code": "game:powderedsulfur" },
		"L": { "type": "block", "code": "game:linen-*-down" }
	},
	"width": 3,
	"height": 2,
	"output": { "type": "item", "code": "game:poultice-linen-honey-sulfur", "quantity": 4 }
	},
	{
	"ingredientPattern": "SBS,_C_",
	"ingredients": {
		"B": { "type": "block", "code": "bricklayers:glazedbowl-burnt-milky-white-plain",
			"returnedStack": { "type": "block", "code": "bricklayers:glazedbowl-burnt-milky-white-plain" },
			"attributes": { "liquidContainerProps": { "requiresContent": { "type": "item", "code": "game:honeyportion" }, "requiresLitres": 0.25 } }
		},
		"S": { "type": "item", "code": "game:powderedsulfur" },
		"C": { "type": "item", "code": "game:cattailtops", "quantity": 2 }
	},
	"width": 3,
	"height": 2,
	"output": { "type": "item", "code": "game:poultice-reed-honey-sulfur", "quantity": 4 }
	},

	{
	"ingredientPattern": "SBS,_L_",
	"ingredients": {
		"B": { "type": "block",
			"code": "bricklayers:glazedbowl-burnt-clear-yellow-plain",
			"name": "color",
			"returnedStack": { "type": "block", "code": "bricklayers:glazedbowl-burnt-clear-yellow-plain" },
			"attributes": { "liquidContainerProps": { "requiresContent": { "type": "item", "code": "game:honeyportion" }, "requiresLitres": 0.25 } }
		},
		"S": { "type": "item", "code": "game:powderedsulfur" },
		"L": { "type": "block", "code": "game:linen-*-down" }
	},
	"width": 3,
	"height": 2,
	"output": { "type": "item", "code": "game:poultice-linen-honey-sulfur", "quantity": 4 }
	},
	{
	"ingredientPattern": "SBS,_C_",
	"ingredients": {
		"B": { "type": "block", "code": "bricklayers:glazedbowl-burnt-clear-yellow-plain",
			"returnedStack": { "type": "block", "code": "bricklayers:glazedbowl-burnt-clear-yellow-plain" },
			"attributes": { "liquidContainerProps": { "requiresContent": { "type": "item", "code": "game:honeyportion" }, "requiresLitres": 0.25 } }
		},
		"S": { "type": "item", "code": "game:powderedsulfur" },
		"C": { "type": "item", "code": "game:cattailtops", "quantity": 2 }
	},
	"width": 3,
	"height": 2,
	"output": { "type": "item", "code": "game:poultice-reed-honey-sulfur", "quantity": 4 }
	},

	{
	"ingredientPattern": "SBS,_L_",
	"ingredients": {
		"B": { "type": "block", "code": "bricklayers:glazedbowl-burnt-milky-yellow-plain",
			"returnedStack": { "type": "block", "code": "bricklayers:glazedbowl-burnt-milky-yellow-plain" },
			"attributes": { "liquidContainerProps": { "requiresContent": { "type": "item", "code": "game:honeyportion" }, "requiresLitres": 0.25 } }
		},
		"S": { "type": "item", "code": "game:powderedsulfur" },
		"L": { "type": "block", "code": "game:linen-*-down" }
	},
	"width": 3,
	"height": 2,
	"output": { "type": "item", "code": "game:poultice-linen-honey-sulfur", "quantity": 4 }
	},
	{
	"ingredientPattern": "SBS,_C_",
	"ingredients": {
		"B": { "type": "block", "code": "bricklayers:glazedbowl-burnt-milky-yellow-plain",
			"returnedStack": { "type": "block", "code": "bricklayers:glazedbowl-burnt-milky-yellow-plain" },
			"attributes": { "liquidContainerProps": { "requiresContent": { "type": "item", "code": "game:honeyportion" }, "requiresLitres": 0.25 } }
		},
		"S": { "type": "item", "code": "game:powderedsulfur" },
		"C": { "type": "item", "code": "game:cattailtops", "quantity": 2 }
	},
	"width": 3,
	"height": 2,
	"output": { "type": "item", "code": "game:poultice-reed-honey-sulfur", "quantity": 4 }
	}
]
