[
  {
    "op": "add",
    "path": "/client/shapeByType/arrow-antler",
    "value": {
      "base": "game:entity/arrow/stone"
    },
    "file": "game:entities/arrow.json"
  },
	
  {
    "op": "add",
    "path": "/client/texturesByType/arrow-antler",
    "value": {
      "material": {
        "base": "game:block/bonesrotten"
      }
    },
    "file": "game:entities/arrow.json"
  },

  {
    "op": "add",
    "path": "/variantgroups/0/states/11",
    "value": "antler",
    "file": "game:entities/arrow.json"
	},
  
  {
    "op": "move",
    "frompath": "/client/shapeByType/*",
	 "path": "/hax",
    "file": "game:entities/arrow.json"
  },
  {
    "op": "move",
    "frompath": "/hax",
	 "path": "/client/shapeByType/*",
    "file": "game:entities/arrow.json"
  },
  
    {
    "op": "move",
    "frompath": "/client/texturesByType/*",
	 "path": "/hax",
    "file": "game:entities/arrow.json"
  },
  {
    "op": "move",
    "frompath": "/hax",
	 "path": "/client/texturesByType/*",
    "file": "game:entities/arrow.json"
  }
  
  
]