{
	code: "locust",
	variantgroups: [ 
		{ code: "type", states: [ "bronze", "corrupt" ] },
		{ code: "state", states: [ "hacked" ] },
	],
	class: "EntityLocust",
	canClimb: true,
	canClimbAnywhere: true,
	climbTouchDistance: 0.2,
	rotateModelOnClimb: true,
	fallDamage: false,
	hitboxSize: { x: 0.5, y: 0.35 },
	deadHitboxSize: { x: 0.65, y: 0.5 },
	eyeHeight: 0.3,
	attributes: {
		spawnDamageParticles: true,
		isMechanical: true
	},
	dropsByType: {
		"locust-bronze-hacked": [
					{
						type: "item",
						code: "locustmod:locustframe-bronze",
						quantity: { avg: 1, var: 0 }
					}
				],
		"locust-corrupt-hacked": [
					{
						type: "item",
						code: "locustmod:locustframe-corrupt",
						quantity: { avg: 1, var: 0 }
					}
				]
	},
	client: {
		renderer: "Shape",
		shape: { base: "entity/land/locust-{type}" },
		glowLevel: 32,
		textures: {
			"skin": { base: "entity/locust/{type}-hacked" }
		},
		behaviors: [
			{ code: "repulseagents" }, 
			{ code: "controlledphysics", stepHeight: 0 },
			{ code: "floatupwhenstuck", onlyWhenDead: true },
			{ code: "interpolateposition" },
			{ code: "commandable" }
		],
		animations: [
			{
				code: "hurt",
				animation: "hurt",
				animationSpeed: 2.2,
				weight: 5,
				blendMode: "AddAverage"
			},
			{
				code: "die",
				animation: "die", 
				animationSpeed: 1.25,
				weight: 10,
				blendMode: "Average",
				triggeredBy: { onControls: ["dead"] }
			},
			{ 
				code: "idle", 
				animation: "idle",
				blendMode: "Average", 
				triggeredBy: { defaultAnim: true },
			}
		]
	},
	server: {
		behaviors: [
			{ code: "repulseagents" }, 
			{ code: "controlledphysics", stepHeight: 1.1251 },
			{ code: "health", 
				currenthealthByType: {
					"*-bronze-*": 30, 
					"*-corrupt-*": 60,
					"*-corrupt-sawblade-*": 140
				},
				maxhealthByType: {
					"*-bronze-*": 30, 
					"*-corrupt-*": 60,
					"*-corrupt-sawblade-*": 140
				}
			},
			{ code: "deaddecay", hoursToDecay: 0 },
			{ code: "floatupwhenstuck", onlyWhenDead: true },
			{
				code: "emotionstates",
				states: [ 
					{ code: "fleeondamage", duration: 10, chance: 0, slot: 0, priority: 1, accumType: "max" } 
				]
			},
			{ code: "commandable" },
			{
				code: "taskai",
				aitasks: [
					{
						code: "meleeattacktargetingentity",
						priority: 3,
						entityCodes: ["*"],
						damageByType: {
							"*-bronze-*": 8,
							"*-corrupt-*": 16,
							"*-corrupt-sawblade-*": 14,
						},
						damageTierByType: {
							"*-bronze-*": 2,
							"*-corrupt-*": 3,
							"*-corrupt-sawblade-*": 3,
						},
						mincooldown: 800,
						maxcooldown: 1200,
						damageTypeByType: {
							"*-bronze-*": "PiercingAttack",
							"*-corrupt-*": "PiercingAttack",
							"*-corrupt-sawblade-*": "SlashingAttack"
						},
						damagePlayerAtMs: 500,
						attackDurationMs: 800,
						animation: "attack",
						animationSpeed: 1.8,
						soundByType: {
							"*-corrupt-sawblade-*": "creature/locust/saw"
						},
						soundStartMs: 1000
					},
					{
						code: "jealousmeleeattack",
						priority: 2.5,
						entityCodes: ["locust-*"],
						damageByType: {
							"*-bronze-*": 10,
							"*-corrupt-*": 20,
							"*-corrupt-sawblade-*": 20,
						},
						damageTierByType: {
							"*-bronze-*": 2,
							"*-corrupt-*": 3,
							"*-corrupt-sawblade-*": 3,
						},
						mincooldown: 800,
						maxcooldown: 1200,
						damageTypeByType: {
							"*-bronze-*": "PiercingAttack",
							"*-corrupt-*": "PiercingAttack",
							"*-corrupt-sawblade-*": "SlashingAttack"
						},
						damagePlayerAtMs: 500,
						attackDurationMs: 800,
						animation: "attack",
						animationSpeed: 1.8,
						soundByType: {
							"*-corrupt-sawblade-*": "creature/locust/saw"
						},
						soundStartMs: 1000
					},
					{
						code: "stayclosetoguardedentity",
						priority: 2,
						entityCode: "locust",
						movespeed: 0.038,
						maxDistance: 8,
						searchRange: 999,
						animation: "run",
						animationSpeed: 8,
						allowTeleport: true
					},
					{
						code: "seektargetingentity",
						entityCodes: ["*"],
						priority: 2.2,
						mincooldown: 500,
						maxcooldown: 1000,
						movespeed: 0.038,
						seekingRange: 15,
						maxFollowTime: 15,
						animationSpeed: 8,
						leapAtTarget: true,
						leapAnimation: "jump",
						animation: "rundrill"
					},
					{
						code: "jealousseekentity",
						entityCodes: ["locust-*"],
						priority: 1.4,
						mincooldown: 500,
						maxcooldown: 1000,
						movespeed: 0.025,
						seekingRange: 15,
						maxFollowTime: 20,
						animationSpeed: 7,
						leapAtTarget: true,
						leapAnimation: "jump",
						animation: "rundrill"
					},	
					{
						code: "idle",
						priority: 1.2,
						priorityForCancel: 1.35,
						minduration: 2500,
						maxduration: 2500,
						mincooldown: 6000,
						maxcooldown: 20000,
						animation: "idletwitch",
						teleportWhenOutOfRange: true,
						teleportInGameHours: 0.25,
						maxDistanceToSpawn: 3,
						animationSpeed: 1.25
					},
					{
						code: "idle",
						priority: 1.2,
						priorityForCancel: 1.25,
						minduration: 2500,
						maxduration: 2500,
						mincooldown: 6000,
						maxcooldown: 20000,
						animation: "idlecalm",
						teleportWhenOutOfRange: true,
						teleportInGameHours: 0.25,
						maxDistanceToSpawn: 3,
						animationSpeed: 1.25
					},
					{
						code: "lookaround",
						priority: 0.5,
						animation: "breathecalm",
						teleportWhenOutOfRange: true,
						teleportInGameHours: 0.25,
						maxDistanceToSpawn: 3,
						animationSpeed: 1.25
					}
				]
			}
		]
	},
	sounds: {
		hurt: "creature/locust/hurt",
		death: "player/hackingspearhit",
		idle: "creature/locust/idle"
	},
	idleSoundChance: 0
}