{
	code: "acorndoughball",
	maxstacksize: 32,
  	classByType: {
		"*-dough": "ExpandedDough",
		"*": "ExpandedFood",
	},
	variantgroups: [
		{code: "type", states: ["dough", "partbaked", "bread", "charred"]},
	],
	attributes: {
		"handbook": { "groupBy": [ "acorndoughball-*" ] },
		displaycaseable: true,
		shelvable: true,
		inPiePropertiesByType: {
			"*-dough": { texture: "game:block/food/pie/acornflax{bakeLevel}", partType: 'Crust'  },
		},
    		"expandedNutritionPropsByType": {
			"*-dough": {
      				"game:milkportion" : { saturation: 60, foodcategory: "Dairy" },
      				"expandedfoods:pasteurizedmilkportion" : { saturation: 45, health: 1, foodcategory: "Dairy" },
      				"game:flour-rice" : { saturation: 170, foodcategory: "Grain" },
      				"game:flour-rye" : { saturation: 140, foodcategory: "Grain" },
      				"game:flour-spelt" : { saturation: 140, foodcategory: "Grain" },
				"game:flour-cassava": {saturation: 140, foodcategory: "Grain"},
				"game:flour-amaranth": {saturation: 140, foodcategory: "Grain"},
				"game:flour-sunflower": {saturation: 140, foodcategory: "Grain"},
      				"acorns:flour-acorn" : { saturation: 140, foodcategory: "Grain" },
				"game:egg-chicken-raw": { saturation: 150, foodcategory: "Protein"},
				"expandedfoods:breadstarter-wild": { saturation: 25, health: 1, foodcategory: "Grain"}
			},
		},
  		renderIngredientsByType: {
			"*-dough": {
				"acorns:flour-acorn": "expandedfoods:shapes/item/food/bread/acornbread-doughball.json",
      				"game:flour-*" : "expandedfoods:shapes/item/food/bread/acornbread-doughball.json",
			},
			"*-partbaked": {
				"acorns:flour-acorn": "expandedfoods:shapes/item/food/bread/acornbread-partbakedball.json",
      				"game:flour-*" : "expandedfoods:shapes/item/food/bread/acornbread-partbakedball.json",
			},
			"*-bread": {
				"acorns:flour-acorn": "expandedfoods:shapes/item/food/bread/acornbread-breadball.json",
      				"game:flour-*" : "expandedfoods:shapes/item/food/bread/acornbread-breadball.json",
			},
			"*-charred": {
				"acorns:flour-acorn": "expandedfoods:shapes/item/food/bread/acornbread-charredball.json",
      				"game:flour-*" : "expandedfoods:shapes/item/food/bread/acornbread-charredball.json",
			},
		},
		bakingPropertiesByType: {
			"*-dough": {
				temp: 160,
				levelFrom: 0.0,
				levelTo: 0.25,
				startScaleY: 0.90,
				endScaleY: 0.95,
				resultCode: "expandedfoods:acorndoughball-partbaked",
			},
			"*-partbaked": {
				temp: 160,
				levelFrom: 0.25,
				levelTo: 0.5,
				startScaleY: 0.95,
				endScaleY: 1.10,
				resultCode: "expandedfoods:acorndoughball-bread",
				initialCode: "expandedfoods:acorndoughball-dough"
			},
			"*-bread": {
				temp: 160,
				levelFrom: 0.5,
				levelTo: 0.75,
				startScaleY: 1.10,
				endScaleY: 1.13,
				resultCode: "expandedfoods:acorndoughball-charred",
				initialCode: "expandedfoods:acorndoughball-partbaked"
			},
			"*-charred": {
				temp: 160,
				levelFrom: 0.75,
				levelTo: 1.0,
				startScaleY: 1.13,
				endScaleY: 1.10,
				initialCode: "expandedfoods:acorndoughball-bread"
			},
		},
		satMultByType: {
			"*-partbaked": 0.9,
			"*-bread": 1,
			"*-charred": 0.8
		},
	},
	textures: {
		"acornflaxbread": {base: "game:item/food/grain/acornflaxbread"},
		"acornflaxbread1": {base: "game:item/food/grain/acornflaxbread1"},
		"acornflaxbread2": {base: "game:item/food/grain/acornflaxbread2"},
  	},
	shape: { base: "expandedfoods:item/food/bread/acornbread-{type}ball" },
	creativeinventory: { "general": ["*"], "items": ["*"] },
	materialDensity: 200,
	nutritionPropsByType: {
		"*-partbaked": { satiety: 145, foodcategory: "Grain" },
		"*-bread": { satiety: 160, foodcategory: "Grain" },
		"*-charred": { satiety: 130, foodcategory: "Grain" },

	},

	combustiblePropsByType: {
		"*-dough": {
			meltingPoint: 200,
			meltingDuration: 15,
			smeltedRatio: 1,
			smeltingType: "bake",
			smeltedStack: { type: "item", code: "expandedfoods:acorndoughball-charred" },
			requiresContainer: false
		},
		"*-partbaked": {
			meltingPoint: 200,
			meltingDuration: 15,
			smeltedRatio: 1,
			smeltingType: "bake",
			smeltedStack: { type: "item", code: "expandedfoods:acorndoughball-charred" },
			requiresContainer: false
		},
		"*-cooked": {
			meltingPoint: 200,
			meltingDuration: 15,
			smeltedRatio: 1,
			smeltingType: "bake",
			smeltedStack: { type: "item", code: "expandedfoods:acorndoughball-charred" },
			requiresContainer: false
		},
	},
	guiTransform: {
		translation: { x: -4.5, y: -3.5, z: 0 },

		rotation: { x: 179, y: -127, z: 38 },

		origin: { x: 0.57, y: 0.07, z: 0.5 },
		scale: 5
	},
	groundTransform: {
		translation: { x: 0, y: 0, z: 0 },
		rotation: { x: 0, y: 0, z: 1 },
		origin: { x: 0.5, y: 0, z: 0.5 },
		scale: 5
	},
	fpHandTransform: {
		translation: { x: 0, y: 0.22, z: 0.2 },
		rotation: { x: 47, y: 1, z: -17 },
		origin: { x: 0.5, y: 0.1, z: 0.5 },
		scale: 2
	},
	tpHandTransform: {
		translation: { x: 0.2, y: 0, z: 0 },

		rotation: { x: 5, y: 31, z: -21 },

		origin: { x: 0.23, y: 0, z: 0.13 },

		scale: 0.7
	},
	transitionablePropsByType: {
		"*-dough": [{
			type: "Perish",
			freshHours: { avg: 72 },
			transitionHours: { avg: 36 },
			transitionedStack: { type: "item", code: "game:rot" },
			transitionRatio: 1
		}],
		"*-charred": [{
			type: "Perish",
			freshHours: { avg: 1080 },
			transitionHours: { avg: 258 },
			transitionedStack: { type: "item", code: "game:rot" },
			transitionRatio: 1
		}],
		"*": [{
			type: "Perish",
			freshHours: { avg: 540 },
			transitionHours: { avg: 124 },
			transitionedStack: { type: "item", code: "game:rot" },
			transitionRatio: 1
		}],
	}
}
