{
	code: "acornmuffin",
  	class: "ExpandedFood",
	maxstacksize: 32,
	variantgroups: [
		{code: "state", states: ["dough", "partbaked", "cooked", "charred", "syruppartbaked", "syrup", "syrupcharred"]}
	],
	attributes: {
		"handbook": { "groupBy": [ "acornmuffin-*" ] },
		displaycaseable: true,
		shelvable: true,
    		expandedNutritionPropsByType: {
			"*-dough": {
      				"game:milkportion" : { saturation: 60, foodcategory: "Dairy" },
      				"expandedfoods:pasteurizedmilkportion" : { saturation: 45, health: 1, foodcategory: "Dairy" },
				"game:fruit-cranberry" : { saturation: 90, foodcategory: "Fruit" },
				"game:fruit-blueberry" : { saturation: 120, foodcategory: "Fruit" },
				"game:fruit-redcurrant" : { saturation: 120, foodcategory: "Fruit" },
				"game:fruit-whitecurrant" : { saturation: 120, foodcategory: "Fruit" },
				"game:fruit-blackcurrant" : { saturation: 120, foodcategory: "Fruit" },
				"game:fruit-pineapple" : { saturation: 120, foodcategory: "Fruit" },
				"expandedfoods:dryfruit-cranberry" : { saturation: 75, foodcategory: "Fruit" },
				"expandedfoods:dryfruit-blueberry" : { saturation: 105, foodcategory: "Fruit" },
				"expandedfoods:dryfruit-redcurrant" : { saturation: 105, foodcategory: "Fruit" },
				"expandedfoods:dryfruit-whitecurrant" : { saturation: 105, foodcategory: "Fruit" },
				"expandedfoods:dryfruit-blackcurrant" : { saturation: 105, foodcategory: "Fruit" },
				"expandedfoods:dryfruit-pineapple" : { saturation: 105, foodcategory: "Fruit" },
      				"game:flour-rice" : { saturation: 170, foodcategory: "Grain" },
      				"game:flour-rye" : { saturation: 140, foodcategory: "Grain" },
      				"game:flour-spelt" : { saturation: 140, foodcategory: "Grain" },
      				"game:flour-cassava" : { saturation: 140, foodcategory: "Grain" },
      				"game:flour-amaranth" : { saturation: 140, foodcategory: "Grain" },
      				"game:flour-sunflower" : { saturation: 140, foodcategory: "Grain" },
      				"acorns:flour-acorn" : { saturation: 140, foodcategory: "Grain" },
				"game:egg-chicken-raw": { saturation: 150, foodcategory: "Protein"},
				"wildcraft:fruit-huckleberry" : { saturation: 90, foodcategory: "Fruit" },
				"wildcraft:fruit-brambleberry" : { saturation: 120, foodcategory: "Fruit" },
				"wildcraft:fruit-dogrose" : { saturation: 30, foodcategory: "Fruit" },
				"wildcraft:fruit-gooseberry" : { saturation: 120, foodcategory: "Fruit" },
				"wildcraft:fruit-honeysuckle" : { saturation: 120, foodcategory: "Fruit" },
				"wildcraft:fruit-snowberry" : { saturation: 90, health: -5, foodcategory: "Fruit" },
				"wildcraft:fruit-elderberry" : { saturation: 90, health: -0.5, foodcategory: "Fruit" },
				"wildcraft:fruit-strawberry" : { saturation: 120, foodcategory: "Fruit" },
				"wildcraft:fruit-cloudberry" : { saturation: 180, foodcategory: "Fruit" },
				"wildcraft:fruit-raspberry" : { saturation: 120, foodcategory: "Fruit" },
				"expandedfoods:dryfruit-huckleberry" : { saturation: 65, foodcategory: "Fruit" },
				"expandedfoods:dryfruit-brambleberry" : { saturation: 90, foodcategory: "Fruit" },
				"expandedfoods:dryfruit-dogrose" : { saturation: 24, foodcategory: "Fruit" },
				"expandedfoods:dryfruit-gooseberry" : { saturation: 90, foodcategory: "Fruit" },
				"expandedfoods:dryfruit-honeysuckle" : { saturation: 90, foodcategory: "Fruit" },
				"expandedfoods:dryfruit-snowberry" : { saturation: 65, health: -5, foodcategory: "Fruit" },
				"expandedfoods:dryfruit-elderberry" : { saturation: 65, health: -0.5, foodcategory: "Fruit" },
				"expandedfoods:dryfruit-strawberry" : { saturation: 90, foodcategory: "Fruit" },
				"expandedfoods:dryfruit-cloudberry" : { saturation: 130, foodcategory: "Fruit" },
				"expandedfoods:dryfruit-raspberry" : { saturation: 90, foodcategory: "Fruit" },
			},
			"*-syrup": {
      				"game:honeyportion" : { saturation: 60, health: 0.5, foodcategory: "Fruit" },
      				"expandedfoods:fruitsyrupportion-mix" : { saturation: 210, health: 4, foodcategory: "Fruit" },
      				"expandedfoods:fruitsyrupportion-saguaro" : { saturation: 180, health: 3, foodcategory: "Fruit" },
      				"expandedfoods:fruitsyrupportion-*" : { saturation: 180, health: 2, foodcategory: "Fruit" },
      				"expandedfoods:treesyrupportion-*" : { saturation: 80, health: 1, foodcategory: "Fruit" },
      				"expandedfoods:wildfruitsyrupportion-cloudberry" : { saturation: 270, health: 2, foodcategory: "Fruit" },
      				"expandedfoods:wildfruitsyrupportion-snowberry" : { saturation: 140, health: 0, foodcategory: "Fruit" },
      				"expandedfoods:wildfruitsyrupportion-huckleberry" : { saturation: 140, health: 2, foodcategory: "Fruit" },
      				"expandedfoods:wildfruitsyrupportion-dogrose" : { saturation: 50, health: 2, foodcategory: "Fruit" },
      				"expandedfoods:wildfruitsyrupportion-elderberry" : { saturation: 140, health: 1, foodcategory: "Fruit" },
      				"expandedfoods:wildfruitsyrupportion-*" : { saturation: 180, health: 2, foodcategory: "Fruit" },
			},
		},
  		renderIngredientsByType: {
			"*-partbaked": {
      				"game:flour-*" : "expandedfoods:shapes/item/food/bread/muffins/acornmuffin-partbaked.json",
				"game:fruit-cranberry" : "expandedfoods:shapes/item/food/bread/overlays/muffincranberry.json",
				"game:fruit-blueberry" : "expandedfoods:shapes/item/food/bread/overlays/muffinblueberry.json",
				"game:fruit-redcurrant" : "expandedfoods:shapes/item/food/bread/overlays/muffinredcurrant.json",
				"game:fruit-blackcurrant" : "expandedfoods:shapes/item/food/bread/overlays/muffinblackcurrant.json",
				"game:fruit-whitecurrant" : "expandedfoods:shapes/item/food/bread/overlays/muffinwhitecurrant.json",
				"game:fruit-pineapple" : "expandedfoods:shapes/item/food/bread/overlays/muffinpineapple.json",
				"expandedfoods:dryfruit-cranberry" : "expandedfoods:shapes/item/food/bread/overlays/muffincranberry.json",
				"expandedfoods:dryfruit-blueberry" : "expandedfoods:shapes/item/food/bread/overlays/muffinblueberry.json",
				"expandedfoods:dryfruit-redcurrant" : "expandedfoods:shapes/item/food/bread/overlays/muffinredcurrant.json",
				"expandedfoods:dryfruit-blackcurrant" : "expandedfoods:shapes/item/food/bread/overlays/muffinblackcurrant.json",
				"expandedfoods:dryfruit-whitecurrant" : "expandedfoods:shapes/item/food/bread/overlays/muffinwhitecurrant.json",
				"expandedfoods:dryfruit-pineapple" : "expandedfoods:shapes/item/food/bread/overlays/muffinpineapple.json",
					"wildcraft:fruit-huckleberry" : "expandedfoods:shapes/item/food/bread/overlays/muffinhuckleberry.json",
					"wildcraft:fruit-snowberry" : "expandedfoods:shapes/item/food/bread/overlays/muffinsnowberry.json",
					"wildcraft:fruit-brambleberry" : "expandedfoods:shapes/item/food/bread/overlays/muffinbrambleberry.json",
					"wildcraft:fruit-cloudberry" : "expandedfoods:shapes/item/food/bread/overlays/muffincloudberry.json",
					"wildcraft:fruit-dogrose" : "expandedfoods:shapes/item/food/bread/overlays/muffindogrose.json",
					"wildcraft:fruit-elderberry" : "expandedfoods:shapes/item/food/bread/overlays/muffinelderberry.json",
					"wildcraft:fruit-gooseberry" : "expandedfoods:shapes/item/food/bread/overlays/muffingooseberry.json",
					"wildcraft:fruit-honeysuckle" : "expandedfoods:shapes/item/food/bread/overlays/muffinhoneysuckle.json",
					"wildcraft:fruit-strawberry" : "expandedfoods:shapes/item/food/bread/overlays/muffinstrawberry.json",
					"wildcraft:fruit-raspberry" : "expandedfoods:shapes/item/food/bread/overlays/muffinraspberry.json",
					"expandedfoods:wilddryfruit-huckleberry" : "expandedfoods:shapes/item/food/bread/overlays/muffinhuckleberry.json",
					"expandedfoods:wilddryfruit-snowberry" : "expandedfoods:shapes/item/food/bread/overlays/muffinsnowberry.json",
					"expandedfoods:wilddryfruit-brambleberry" : "expandedfoods:shapes/item/food/bread/overlays/muffinbrambleberry.json",
					"expandedfoods:wilddryfruit-cloudberry" : "expandedfoods:shapes/item/food/bread/overlays/muffincloudberry.json",
					"expandedfoods:wilddryfruit-dogrose" : "expandedfoods:shapes/item/food/bread/overlays/muffindogrose.json",
					"expandedfoods:wilddryfruit-elderberry" : "expandedfoods:shapes/item/food/bread/overlays/muffinelderberry.json",
					"expandedfoods:wilddryfruit-gooseberry" : "expandedfoods:shapes/item/food/bread/overlays/muffingooseberry.json",
					"expandedfoods:wilddryfruit-honeysuckle" : "expandedfoods:shapes/item/food/bread/overlays/muffinhoneysuckle.json",
					"expandedfoods:wilddryfruit-strawberry" : "expandedfoods:shapes/item/food/bread/overlays/muffinstrawberry.json",
					"expandedfoods:wilddryfruit-raspberry" : "expandedfoods:shapes/item/food/bread/overlays/muffinraspberry.json",
			},
			"*-cooked": {
      				"game:flour-*" : "expandedfoods:shapes/item/food/bread/muffins/acornmuffin.json",
				"game:fruit-cranberry" : "expandedfoods:shapes/item/food/bread/overlays/muffincranberry.json",
				"game:fruit-blueberry" : "expandedfoods:shapes/item/food/bread/overlays/muffinblueberry.json",
				"game:fruit-redcurrant" : "expandedfoods:shapes/item/food/bread/overlays/muffinredcurrant.json",
				"game:fruit-blackcurrant" : "expandedfoods:shapes/item/food/bread/overlays/muffinblackcurrant.json",
				"game:fruit-whitecurrant" : "expandedfoods:shapes/item/food/bread/overlays/muffinwhitecurrant.json",
				"game:fruit-pineapple" : "expandedfoods:shapes/item/food/bread/overlays/muffinpineapple.json",
				"expandedfoods:dryfruit-cranberry" : "expandedfoods:shapes/item/food/bread/overlays/muffincranberry.json",
				"expandedfoods:dryfruit-blueberry" : "expandedfoods:shapes/item/food/bread/overlays/muffinblueberry.json",
				"expandedfoods:dryfruit-redcurrant" : "expandedfoods:shapes/item/food/bread/overlays/muffinredcurrant.json",
				"expandedfoods:dryfruit-blackcurrant" : "expandedfoods:shapes/item/food/bread/overlays/muffinblackcurrant.json",
				"expandedfoods:dryfruit-whitecurrant" : "expandedfoods:shapes/item/food/bread/overlays/muffinwhitecurrant.json",
				"expandedfoods:dryfruit-pineapple" : "expandedfoods:shapes/item/food/bread/overlays/muffinpineapple.json",
					"wildcraft:fruit-huckleberry" : "expandedfoods:shapes/item/food/bread/overlays/muffinhuckleberry.json",
					"wildcraft:fruit-snowberry" : "expandedfoods:shapes/item/food/bread/overlays/muffinsnowberry.json",
					"wildcraft:fruit-brambleberry" : "expandedfoods:shapes/item/food/bread/overlays/muffinbrambleberry.json",
					"wildcraft:fruit-cloudberry" : "expandedfoods:shapes/item/food/bread/overlays/muffincloudberry.json",
					"wildcraft:fruit-dogrose" : "expandedfoods:shapes/item/food/bread/overlays/muffindogrose.json",
					"wildcraft:fruit-elderberry" : "expandedfoods:shapes/item/food/bread/overlays/muffinelderberry.json",
					"wildcraft:fruit-gooseberry" : "expandedfoods:shapes/item/food/bread/overlays/muffingooseberry.json",
					"wildcraft:fruit-honeysuckle" : "expandedfoods:shapes/item/food/bread/overlays/muffinhoneysuckle.json",
					"wildcraft:fruit-strawberry" : "expandedfoods:shapes/item/food/bread/overlays/muffinstrawberry.json",
					"wildcraft:fruit-raspberry" : "expandedfoods:shapes/item/food/bread/overlays/muffinraspberry.json",
					"expandedfoods:wilddryfruit-huckleberry" : "expandedfoods:shapes/item/food/bread/overlays/muffinhuckleberry.json",
					"expandedfoods:wilddryfruit-snowberry" : "expandedfoods:shapes/item/food/bread/overlays/muffinsnowberry.json",
					"expandedfoods:wilddryfruit-brambleberry" : "expandedfoods:shapes/item/food/bread/overlays/muffinbrambleberry.json",
					"expandedfoods:wilddryfruit-cloudberry" : "expandedfoods:shapes/item/food/bread/overlays/muffincloudberry.json",
					"expandedfoods:wilddryfruit-dogrose" : "expandedfoods:shapes/item/food/bread/overlays/muffindogrose.json",
					"expandedfoods:wilddryfruit-elderberry" : "expandedfoods:shapes/item/food/bread/overlays/muffinelderberry.json",
					"expandedfoods:wilddryfruit-gooseberry" : "expandedfoods:shapes/item/food/bread/overlays/muffingooseberry.json",
					"expandedfoods:wilddryfruit-honeysuckle" : "expandedfoods:shapes/item/food/bread/overlays/muffinhoneysuckle.json",
					"expandedfoods:wilddryfruit-strawberry" : "expandedfoods:shapes/item/food/bread/overlays/muffinstrawberry.json",
					"expandedfoods:wilddryfruit-raspberry" : "expandedfoods:shapes/item/food/bread/overlays/muffinraspberry.json",
			},
			"*-charred": {
      				"game:flour-*" : "expandedfoods:shapes/item/food/bread/muffins/acornmuffin-charred.json",
				"game:fruit-cranberry" : "expandedfoods:shapes/item/food/bread/overlays/muffincranberry.json",
				"game:fruit-blueberry" : "expandedfoods:shapes/item/food/bread/overlays/muffinblueberry.json",
				"game:fruit-redcurrant" : "expandedfoods:shapes/item/food/bread/overlays/muffinredcurrant.json",
				"game:fruit-blackcurrant" : "expandedfoods:shapes/item/food/bread/overlays/muffinblackcurrant.json",
				"game:fruit-whitecurrant" : "expandedfoods:shapes/item/food/bread/overlays/muffinwhitecurrant.json",
				"game:fruit-pineapple" : "expandedfoods:shapes/item/food/bread/overlays/muffinpineapple.json",
				"expandedfoods:dryfruit-cranberry" : "expandedfoods:shapes/item/food/bread/overlays/muffincranberry.json",
				"expandedfoods:dryfruit-blueberry" : "expandedfoods:shapes/item/food/bread/overlays/muffinblueberry.json",
				"expandedfoods:dryfruit-redcurrant" : "expandedfoods:shapes/item/food/bread/overlays/muffinredcurrant.json",
				"expandedfoods:dryfruit-blackcurrant" : "expandedfoods:shapes/item/food/bread/overlays/muffinblackcurrant.json",
				"expandedfoods:dryfruit-whitecurrant" : "expandedfoods:shapes/item/food/bread/overlays/muffinwhitecurrant.json",
				"expandedfoods:dryfruit-pineapple" : "expandedfoods:shapes/item/food/bread/overlays/muffinpineapple.json",
					"wildcraft:fruit-huckleberry" : "expandedfoods:shapes/item/food/bread/overlays/muffinhuckleberry.json",
					"wildcraft:fruit-snowberry" : "expandedfoods:shapes/item/food/bread/overlays/muffinsnowberry.json",
					"wildcraft:fruit-brambleberry" : "expandedfoods:shapes/item/food/bread/overlays/muffinbrambleberry.json",
					"wildcraft:fruit-cloudberry" : "expandedfoods:shapes/item/food/bread/overlays/muffincloudberry.json",
					"wildcraft:fruit-dogrose" : "expandedfoods:shapes/item/food/bread/overlays/muffindogrose.json",
					"wildcraft:fruit-elderberry" : "expandedfoods:shapes/item/food/bread/overlays/muffinelderberry.json",
					"wildcraft:fruit-gooseberry" : "expandedfoods:shapes/item/food/bread/overlays/muffingooseberry.json",
					"wildcraft:fruit-honeysuckle" : "expandedfoods:shapes/item/food/bread/overlays/muffinhoneysuckle.json",
					"wildcraft:fruit-strawberry" : "expandedfoods:shapes/item/food/bread/overlays/muffinstrawberry.json",
					"wildcraft:fruit-raspberry" : "expandedfoods:shapes/item/food/bread/overlays/muffinraspberry.json",
					"expandedfoods:wilddryfruit-huckleberry" : "expandedfoods:shapes/item/food/bread/overlays/muffinhuckleberry.json",
					"expandedfoods:wilddryfruit-snowberry" : "expandedfoods:shapes/item/food/bread/overlays/muffinsnowberry.json",
					"expandedfoods:wilddryfruit-brambleberry" : "expandedfoods:shapes/item/food/bread/overlays/muffinbrambleberry.json",
					"expandedfoods:wilddryfruit-cloudberry" : "expandedfoods:shapes/item/food/bread/overlays/muffincloudberry.json",
					"expandedfoods:wilddryfruit-dogrose" : "expandedfoods:shapes/item/food/bread/overlays/muffindogrose.json",
					"expandedfoods:wilddryfruit-elderberry" : "expandedfoods:shapes/item/food/bread/overlays/muffinelderberry.json",
					"expandedfoods:wilddryfruit-gooseberry" : "expandedfoods:shapes/item/food/bread/overlays/muffingooseberry.json",
					"expandedfoods:wilddryfruit-honeysuckle" : "expandedfoods:shapes/item/food/bread/overlays/muffinhoneysuckle.json",
					"expandedfoods:wilddryfruit-strawberry" : "expandedfoods:shapes/item/food/bread/overlays/muffinstrawberry.json",
					"expandedfoods:wilddryfruit-raspberry" : "expandedfoods:shapes/item/food/bread/overlays/muffinraspberry.json",
			},
			"*-dough": {
      				"game:flour-*" : "expandedfoods:shapes/item/food/bread/muffins/acornmuffin-dough.json",
				"game:fruit-cranberry" : "expandedfoods:shapes/item/food/bread/overlays/muffincranberry.json",
				"game:fruit-blueberry" : "expandedfoods:shapes/item/food/bread/overlays/muffinblueberry.json",
				"game:fruit-redcurrant" : "expandedfoods:shapes/item/food/bread/overlays/muffinredcurrant.json",
				"game:fruit-blackcurrant" : "expandedfoods:shapes/item/food/bread/overlays/muffinblackcurrant.json",
				"game:fruit-whitecurrant" : "expandedfoods:shapes/item/food/bread/overlays/muffinwhitecurrant.json",
				"game:fruit-pineapple" : "expandedfoods:shapes/item/food/bread/overlays/muffinpineapple.json",
				"expandedfoods:dryfruit-cranberry" : "expandedfoods:shapes/item/food/bread/overlays/muffincranberry.json",
				"expandedfoods:dryfruit-blueberry" : "expandedfoods:shapes/item/food/bread/overlays/muffinblueberry.json",
				"expandedfoods:dryfruit-redcurrant" : "expandedfoods:shapes/item/food/bread/overlays/muffinredcurrant.json",
				"expandedfoods:dryfruit-blackcurrant" : "expandedfoods:shapes/item/food/bread/overlays/muffinblackcurrant.json",
				"expandedfoods:dryfruit-whitecurrant" : "expandedfoods:shapes/item/food/bread/overlays/muffinwhitecurrant.json",
				"expandedfoods:dryfruit-pineapple" : "expandedfoods:shapes/item/food/bread/overlays/muffinpineapple.json",
					"wildcraft:fruit-huckleberry" : "expandedfoods:shapes/item/food/bread/overlays/muffinhuckleberry.json",
					"wildcraft:fruit-snowberry" : "expandedfoods:shapes/item/food/bread/overlays/muffinsnowberry.json",
					"wildcraft:fruit-brambleberry" : "expandedfoods:shapes/item/food/bread/overlays/muffinbrambleberry.json",
					"wildcraft:fruit-cloudberry" : "expandedfoods:shapes/item/food/bread/overlays/muffincloudberry.json",
					"wildcraft:fruit-dogrose" : "expandedfoods:shapes/item/food/bread/overlays/muffindogrose.json",
					"wildcraft:fruit-elderberry" : "expandedfoods:shapes/item/food/bread/overlays/muffinelderberry.json",
					"wildcraft:fruit-gooseberry" : "expandedfoods:shapes/item/food/bread/overlays/muffingooseberry.json",
					"wildcraft:fruit-honeysuckle" : "expandedfoods:shapes/item/food/bread/overlays/muffinhoneysuckle.json",
					"wildcraft:fruit-strawberry" : "expandedfoods:shapes/item/food/bread/overlays/muffinstrawberry.json",
					"wildcraft:fruit-raspberry" : "expandedfoods:shapes/item/food/bread/overlays/muffinraspberry.json",
					"expandedfoods:wilddryfruit-huckleberry" : "expandedfoods:shapes/item/food/bread/overlays/muffinhuckleberry.json",
					"expandedfoods:wilddryfruit-snowberry" : "expandedfoods:shapes/item/food/bread/overlays/muffinsnowberry.json",
					"expandedfoods:wilddryfruit-brambleberry" : "expandedfoods:shapes/item/food/bread/overlays/muffinbrambleberry.json",
					"expandedfoods:wilddryfruit-cloudberry" : "expandedfoods:shapes/item/food/bread/overlays/muffincloudberry.json",
					"expandedfoods:wilddryfruit-dogrose" : "expandedfoods:shapes/item/food/bread/overlays/muffindogrose.json",
					"expandedfoods:wilddryfruit-elderberry" : "expandedfoods:shapes/item/food/bread/overlays/muffinelderberry.json",
					"expandedfoods:wilddryfruit-gooseberry" : "expandedfoods:shapes/item/food/bread/overlays/muffingooseberry.json",
					"expandedfoods:wilddryfruit-honeysuckle" : "expandedfoods:shapes/item/food/bread/overlays/muffinhoneysuckle.json",
					"expandedfoods:wilddryfruit-strawberry" : "expandedfoods:shapes/item/food/bread/overlays/muffinstrawberry.json",
					"expandedfoods:wilddryfruit-raspberry" : "expandedfoods:shapes/item/food/bread/overlays/muffinraspberry.json",
			},
			"*-syruppartbaked": {
      				"game:flour-*" : "expandedfoods:shapes/item/food/bread/muffins/acornmuffin-partbaked.json",
				"game:fruit-cranberry" : "expandedfoods:shapes/item/food/bread/overlays/muffincranberry.json",
				"game:fruit-blueberry" : "expandedfoods:shapes/item/food/bread/overlays/muffinblueberry.json",
				"game:fruit-redcurrant" : "expandedfoods:shapes/item/food/bread/overlays/muffinredcurrant.json",
				"game:fruit-blackcurrant" : "expandedfoods:shapes/item/food/bread/overlays/muffinblackcurrant.json",
				"game:fruit-whitecurrant" : "expandedfoods:shapes/item/food/bread/overlays/muffinwhitecurrant.json",
				"game:fruit-pineapple" : "expandedfoods:shapes/item/food/bread/overlays/muffinpineapple.json",
				"expandedfoods:dryfruit-cranberry" : "expandedfoods:shapes/item/food/bread/overlays/muffincranberry.json",
				"expandedfoods:dryfruit-blueberry" : "expandedfoods:shapes/item/food/bread/overlays/muffinblueberry.json",
				"expandedfoods:dryfruit-redcurrant" : "expandedfoods:shapes/item/food/bread/overlays/muffinredcurrant.json",
				"expandedfoods:dryfruit-blackcurrant" : "expandedfoods:shapes/item/food/bread/overlays/muffinblackcurrant.json",
				"expandedfoods:dryfruit-whitecurrant" : "expandedfoods:shapes/item/food/bread/overlays/muffinwhitecurrant.json",
				"expandedfoods:dryfruit-pineapple" : "expandedfoods:shapes/item/food/bread/overlays/muffinpineapple.json",
					"wildcraft:fruit-huckleberry" : "expandedfoods:shapes/item/food/bread/overlays/muffinhuckleberry.json",
					"wildcraft:fruit-snowberry" : "expandedfoods:shapes/item/food/bread/overlays/muffinsnowberry.json",
					"wildcraft:fruit-brambleberry" : "expandedfoods:shapes/item/food/bread/overlays/muffinbrambleberry.json",
					"wildcraft:fruit-cloudberry" : "expandedfoods:shapes/item/food/bread/overlays/muffincloudberry.json",
					"wildcraft:fruit-dogrose" : "expandedfoods:shapes/item/food/bread/overlays/muffindogrose.json",
					"wildcraft:fruit-elderberry" : "expandedfoods:shapes/item/food/bread/overlays/muffinelderberry.json",
					"wildcraft:fruit-gooseberry" : "expandedfoods:shapes/item/food/bread/overlays/muffingooseberry.json",
					"wildcraft:fruit-honeysuckle" : "expandedfoods:shapes/item/food/bread/overlays/muffinhoneysuckle.json",
					"wildcraft:fruit-strawberry" : "expandedfoods:shapes/item/food/bread/overlays/muffinstrawberry.json",
					"wildcraft:fruit-raspberry" : "expandedfoods:shapes/item/food/bread/overlays/muffinraspberry.json",
					"expandedfoods:wilddryfruit-huckleberry" : "expandedfoods:shapes/item/food/bread/overlays/muffinhuckleberry.json",
					"expandedfoods:wilddryfruit-snowberry" : "expandedfoods:shapes/item/food/bread/overlays/muffinsnowberry.json",
					"expandedfoods:wilddryfruit-brambleberry" : "expandedfoods:shapes/item/food/bread/overlays/muffinbrambleberry.json",
					"expandedfoods:wilddryfruit-cloudberry" : "expandedfoods:shapes/item/food/bread/overlays/muffincloudberry.json",
					"expandedfoods:wilddryfruit-dogrose" : "expandedfoods:shapes/item/food/bread/overlays/muffindogrose.json",
					"expandedfoods:wilddryfruit-elderberry" : "expandedfoods:shapes/item/food/bread/overlays/muffinelderberry.json",
					"expandedfoods:wilddryfruit-gooseberry" : "expandedfoods:shapes/item/food/bread/overlays/muffingooseberry.json",
					"expandedfoods:wilddryfruit-honeysuckle" : "expandedfoods:shapes/item/food/bread/overlays/muffinhoneysuckle.json",
					"expandedfoods:wilddryfruit-strawberry" : "expandedfoods:shapes/item/food/bread/overlays/muffinstrawberry.json",
					"expandedfoods:wilddryfruit-raspberry" : "expandedfoods:shapes/item/food/bread/overlays/muffinraspberry.json",
				"expandedfoods:peanutliquid-paste": "expandedfoods:shapes/item/food/bread/overlays/syrup/muffinpeanutbutter.json",
				"expandedfoods:treesyrupportion-birch": "expandedfoods:shapes/item/food/bread/overlays/syrup/muffinbirchsyrup.json",
				"expandedfoods:treesyrupportion-maple": "expandedfoods:shapes/item/food/bread/overlays/syrup/muffinmaplesyrup.json",
				"expandedfoods:fruitsyrupportion-blueberry": "expandedfoods:shapes/item/food/bread/overlays/syrup/muffinblueberrysyrup.json",
      				"expandedfoods:fruitsyrupportion-cranberry": "expandedfoods:shapes/item/food/bread/overlays/syrup/muffincranberrysyrup.json",
      				"expandedfoods:fruitsyrupportion-redcurrant": "expandedfoods:shapes/item/food/bread/overlays/syrup/muffinredcurrantsyrup.json",
      				"expandedfoods:fruitsyrupportion-blackcurrant": "expandedfoods:shapes/item/food/bread/overlays/syrup/muffinblackcurrantsyrup.json",
      				"expandedfoods:fruitsyrupportion-whitecurrant": "expandedfoods:shapes/item/food/bread/overlays/syrup/muffinwhitecurrantsyrup.json",
      				"expandedfoods:fruitsyrupportion-mix": "expandedfoods:shapes/item/food/bread/overlays/syrup/muffinmixsyrup.json",
      				"expandedfoods:fruitsyrupportion-saguaro": "expandedfoods:shapes/item/food/bread/overlays/syrup/muffinsaguarosyrup.json",
				"game:honeyportion": "expandedfoods:shapes/item/food/bread/overlays/syrup/muffinhoney.json",
      				"expandedfoods:wildfruitsyrupportion-huckleberry": "expandedfoods:shapes/item/food/bread/overlays/syrup/muffinhuckleberrysyrup.json",
      				"expandedfoods:wildfruitsyrupportion-snowberry": "expandedfoods:shapes/item/food/bread/overlays/syrup/muffinsnowberrysyrup.json",
      				"expandedfoods:wildfruitsyrupportion-brambleberry": "expandedfoods:shapes/item/food/bread/overlays/syrup/muffinbrambleberrysyrup.json",
      				"expandedfoods:wildfruitsyrupportion-cloudberry": "expandedfoods:shapes/item/food/bread/overlays/syrup/muffincloudberrysyrup.json",
      				"expandedfoods:wildfruitsyrupportion-dogrose": "expandedfoods:shapes/item/food/bread/overlays/syrup/muffindogrosesyrup.json",
      				"expandedfoods:wildfruitsyrupportion-gooseberry": "expandedfoods:shapes/item/food/bread/overlays/syrup/muffingooseberrysyrup.json",
      				"expandedfoods:wildfruitsyrupportion-honeysuckle": "expandedfoods:shapes/item/food/bread/overlays/syrup/muffinhoneysucklesyrup.json",
      				"expandedfoods:wildfruitsyrupportion-strawberry": "expandedfoods:shapes/item/food/bread/overlays/syrup/muffinstrawberrysyrup.json",
      				"expandedfoods:wildfruitsyrupportion-raspberry": "expandedfoods:shapes/item/food/bread/overlays/syrup/muffinraspberrysyrup.json",
      				"expandedfoods:wildfruitsyrupportion-elderberry": "expandedfoods:shapes/item/food/bread/overlays/syrup/muffinelderberrysyrup.json",
			},
			"*-syrup": {
      				"game:flour-*" : "expandedfoods:shapes/item/food/bread/muffins/acornmuffin.json",
				"game:fruit-cranberry" : "expandedfoods:shapes/item/food/bread/overlays/muffincranberry.json",
				"game:fruit-blueberry" : "expandedfoods:shapes/item/food/bread/overlays/muffinblueberry.json",
				"game:fruit-redcurrant" : "expandedfoods:shapes/item/food/bread/overlays/muffinredcurrant.json",
				"game:fruit-blackcurrant" : "expandedfoods:shapes/item/food/bread/overlays/muffinblackcurrant.json",
				"game:fruit-whitecurrant" : "expandedfoods:shapes/item/food/bread/overlays/muffinwhitecurrant.json",
				"game:fruit-pineapple" : "expandedfoods:shapes/item/food/bread/overlays/muffinpineapple.json",
				"expandedfoods:dryfruit-cranberry" : "expandedfoods:shapes/item/food/bread/overlays/muffincranberry.json",
				"expandedfoods:dryfruit-blueberry" : "expandedfoods:shapes/item/food/bread/overlays/muffinblueberry.json",
				"expandedfoods:dryfruit-redcurrant" : "expandedfoods:shapes/item/food/bread/overlays/muffinredcurrant.json",
				"expandedfoods:dryfruit-blackcurrant" : "expandedfoods:shapes/item/food/bread/overlays/muffinblackcurrant.json",
				"expandedfoods:dryfruit-whitecurrant" : "expandedfoods:shapes/item/food/bread/overlays/muffinwhitecurrant.json",
				"expandedfoods:dryfruit-pineapple" : "expandedfoods:shapes/item/food/bread/overlays/muffinpineapple.json",
					"wildcraft:fruit-huckleberry" : "expandedfoods:shapes/item/food/bread/overlays/muffinhuckleberry.json",
					"wildcraft:fruit-snowberry" : "expandedfoods:shapes/item/food/bread/overlays/muffinsnowberry.json",
					"wildcraft:fruit-brambleberry" : "expandedfoods:shapes/item/food/bread/overlays/muffinbrambleberry.json",
					"wildcraft:fruit-cloudberry" : "expandedfoods:shapes/item/food/bread/overlays/muffincloudberry.json",
					"wildcraft:fruit-dogrose" : "expandedfoods:shapes/item/food/bread/overlays/muffindogrose.json",
					"wildcraft:fruit-elderberry" : "expandedfoods:shapes/item/food/bread/overlays/muffinelderberry.json",
					"wildcraft:fruit-gooseberry" : "expandedfoods:shapes/item/food/bread/overlays/muffingooseberry.json",
					"wildcraft:fruit-honeysuckle" : "expandedfoods:shapes/item/food/bread/overlays/muffinhoneysuckle.json",
					"wildcraft:fruit-strawberry" : "expandedfoods:shapes/item/food/bread/overlays/muffinstrawberry.json",
					"wildcraft:fruit-raspberry" : "expandedfoods:shapes/item/food/bread/overlays/muffinraspberry.json",
					"expandedfoods:wilddryfruit-huckleberry" : "expandedfoods:shapes/item/food/bread/overlays/muffinhuckleberry.json",
					"expandedfoods:wilddryfruit-snowberry" : "expandedfoods:shapes/item/food/bread/overlays/muffinsnowberry.json",
					"expandedfoods:wilddryfruit-brambleberry" : "expandedfoods:shapes/item/food/bread/overlays/muffinbrambleberry.json",
					"expandedfoods:wilddryfruit-cloudberry" : "expandedfoods:shapes/item/food/bread/overlays/muffincloudberry.json",
					"expandedfoods:wilddryfruit-dogrose" : "expandedfoods:shapes/item/food/bread/overlays/muffindogrose.json",
					"expandedfoods:wilddryfruit-elderberry" : "expandedfoods:shapes/item/food/bread/overlays/muffinelderberry.json",
					"expandedfoods:wilddryfruit-gooseberry" : "expandedfoods:shapes/item/food/bread/overlays/muffingooseberry.json",
					"expandedfoods:wilddryfruit-honeysuckle" : "expandedfoods:shapes/item/food/bread/overlays/muffinhoneysuckle.json",
					"expandedfoods:wilddryfruit-strawberry" : "expandedfoods:shapes/item/food/bread/overlays/muffinstrawberry.json",
					"expandedfoods:wilddryfruit-raspberry" : "expandedfoods:shapes/item/food/bread/overlays/muffinraspberry.json",
				"expandedfoods:peanutliquid-paste": "expandedfoods:shapes/item/food/bread/overlays/syrup/muffinpeanutbutter.json",
				"expandedfoods:treesyrupportion-birch": "expandedfoods:shapes/item/food/bread/overlays/syrup/muffinbirchsyrup.json",
				"expandedfoods:treesyrupportion-maple": "expandedfoods:shapes/item/food/bread/overlays/syrup/muffinmaplesyrup.json",
				"expandedfoods:fruitsyrupportion-blueberry": "expandedfoods:shapes/item/food/bread/overlays/syrup/muffinblueberrysyrup.json",
      				"expandedfoods:fruitsyrupportion-cranberry": "expandedfoods:shapes/item/food/bread/overlays/syrup/muffincranberrysyrup.json",
      				"expandedfoods:fruitsyrupportion-redcurrant": "expandedfoods:shapes/item/food/bread/overlays/syrup/muffinredcurrantsyrup.json",
      				"expandedfoods:fruitsyrupportion-blackcurrant": "expandedfoods:shapes/item/food/bread/overlays/syrup/muffinblackcurrantsyrup.json",
      				"expandedfoods:fruitsyrupportion-whitecurrant": "expandedfoods:shapes/item/food/bread/overlays/syrup/muffinwhitecurrantsyrup.json",
      				"expandedfoods:fruitsyrupportion-mix": "expandedfoods:shapes/item/food/bread/overlays/syrup/muffinmixsyrup.json",
      				"expandedfoods:fruitsyrupportion-saguaro": "expandedfoods:shapes/item/food/bread/overlays/syrup/muffinsaguarosyrup.json",
				"game:honeyportion": "expandedfoods:shapes/item/food/bread/overlays/syrup/muffinhoney.json",
      				"expandedfoods:wildfruitsyrupportion-huckleberry": "expandedfoods:shapes/item/food/bread/overlays/syrup/muffinhuckleberrysyrup.json",
      				"expandedfoods:wildfruitsyrupportion-snowberry": "expandedfoods:shapes/item/food/bread/overlays/syrup/muffinsnowberrysyrup.json",
      				"expandedfoods:wildfruitsyrupportion-brambleberry": "expandedfoods:shapes/item/food/bread/overlays/syrup/muffinbrambleberrysyrup.json",
      				"expandedfoods:wildfruitsyrupportion-cloudberry": "expandedfoods:shapes/item/food/bread/overlays/syrup/muffincloudberrysyrup.json",
      				"expandedfoods:wildfruitsyrupportion-dogrose": "expandedfoods:shapes/item/food/bread/overlays/syrup/muffindogrosesyrup.json",
      				"expandedfoods:wildfruitsyrupportion-gooseberry": "expandedfoods:shapes/item/food/bread/overlays/syrup/muffingooseberrysyrup.json",
      				"expandedfoods:wildfruitsyrupportion-honeysuckle": "expandedfoods:shapes/item/food/bread/overlays/syrup/muffinhoneysucklesyrup.json",
      				"expandedfoods:wildfruitsyrupportion-strawberry": "expandedfoods:shapes/item/food/bread/overlays/syrup/muffinstrawberrysyrup.json",
      				"expandedfoods:wildfruitsyrupportion-raspberry": "expandedfoods:shapes/item/food/bread/overlays/syrup/muffinraspberrysyrup.json",
      				"expandedfoods:wildfruitsyrupportion-elderberry": "expandedfoods:shapes/item/food/bread/overlays/syrup/muffinelderberrysyrup.json",
			},
			"*-syrupcharred": {
      				"game:flour-*" : "expandedfoods:shapes/item/food/bread/muffins/acornmuffin-charred.json",
				"game:fruit-cranberry" : "expandedfoods:shapes/item/food/bread/overlays/muffincranberry.json",
				"game:fruit-blueberry" : "expandedfoods:shapes/item/food/bread/overlays/muffinblueberry.json",
				"game:fruit-redcurrant" : "expandedfoods:shapes/item/food/bread/overlays/muffinredcurrant.json",
				"game:fruit-blackcurrant" : "expandedfoods:shapes/item/food/bread/overlays/muffinblackcurrant.json",
				"game:fruit-whitecurrant" : "expandedfoods:shapes/item/food/bread/overlays/muffinwhitecurrant.json",
				"game:fruit-pineapple" : "expandedfoods:shapes/item/food/bread/overlays/muffinpineapple.json",
					"wildcraft:fruit-huckleberry" : "expandedfoods:shapes/item/food/bread/overlays/muffinhuckleberry.json",
					"wildcraft:fruit-snowberry" : "expandedfoods:shapes/item/food/bread/overlays/muffinsnowberry.json",
					"wildcraft:fruit-brambleberry" : "expandedfoods:shapes/item/food/bread/overlays/muffinbrambleberry.json",
					"wildcraft:fruit-cloudberry" : "expandedfoods:shapes/item/food/bread/overlays/muffincloudberry.json",
					"wildcraft:fruit-dogrose" : "expandedfoods:shapes/item/food/bread/overlays/muffindogrose.json",
					"wildcraft:fruit-elderberry" : "expandedfoods:shapes/item/food/bread/overlays/muffinelderberry.json",
					"wildcraft:fruit-gooseberry" : "expandedfoods:shapes/item/food/bread/overlays/muffingooseberry.json",
					"wildcraft:fruit-honeysuckle" : "expandedfoods:shapes/item/food/bread/overlays/muffinhoneysuckle.json",
					"wildcraft:fruit-strawberry" : "expandedfoods:shapes/item/food/bread/overlays/muffinstrawberry.json",
					"wildcraft:fruit-raspberry" : "expandedfoods:shapes/item/food/bread/overlays/muffinraspberry.json",
					"expandedfoods:wilddryfruit-huckleberry" : "expandedfoods:shapes/item/food/bread/overlays/muffinhuckleberry.json",
					"expandedfoods:wilddryfruit-snowberry" : "expandedfoods:shapes/item/food/bread/overlays/muffinsnowberry.json",
					"expandedfoods:wilddryfruit-brambleberry" : "expandedfoods:shapes/item/food/bread/overlays/muffinbrambleberry.json",
					"expandedfoods:wilddryfruit-cloudberry" : "expandedfoods:shapes/item/food/bread/overlays/muffincloudberry.json",
					"expandedfoods:wilddryfruit-dogrose" : "expandedfoods:shapes/item/food/bread/overlays/muffindogrose.json",
					"expandedfoods:wilddryfruit-elderberry" : "expandedfoods:shapes/item/food/bread/overlays/muffinelderberry.json",
					"expandedfoods:wilddryfruit-gooseberry" : "expandedfoods:shapes/item/food/bread/overlays/muffingooseberry.json",
					"expandedfoods:wilddryfruit-honeysuckle" : "expandedfoods:shapes/item/food/bread/overlays/muffinhoneysuckle.json",
					"expandedfoods:wilddryfruit-strawberry" : "expandedfoods:shapes/item/food/bread/overlays/muffinstrawberry.json",
					"expandedfoods:wilddryfruit-raspberry" : "expandedfoods:shapes/item/food/bread/overlays/muffinraspberry.json",
				"expandedfoods:dryfruit-cranberry" : "expandedfoods:shapes/item/food/bread/overlays/muffincranberry.json",
				"expandedfoods:dryfruit-blueberry" : "expandedfoods:shapes/item/food/bread/overlays/muffinblueberry.json",
				"expandedfoods:dryfruit-redcurrant" : "expandedfoods:shapes/item/food/bread/overlays/muffinredcurrant.json",
				"expandedfoods:dryfruit-blackcurrant" : "expandedfoods:shapes/item/food/bread/overlays/muffinblackcurrant.json",
				"expandedfoods:dryfruit-whitecurrant" : "expandedfoods:shapes/item/food/bread/overlays/muffinwhitecurrant.json",
				"expandedfoods:dryfruit-pineapple" : "expandedfoods:shapes/item/food/bread/overlays/muffinpineapple.json",
				"expandedfoods:peanutliquid-paste": "expandedfoods:shapes/item/food/bread/overlays/syrup/muffinpeanutbutter.json",
				"expandedfoods:treesyrupportion-birch": "expandedfoods:shapes/item/food/bread/overlays/syrup/muffinbirchsyrup.json",
				"expandedfoods:treesyrupportion-maple": "expandedfoods:shapes/item/food/bread/overlays/syrup/muffinmaplesyrup.json",
				"expandedfoods:fruitsyrupportion-blueberry": "expandedfoods:shapes/item/food/bread/overlays/syrup/muffinblueberrysyrup.json",
      				"expandedfoods:fruitsyrupportion-cranberry": "expandedfoods:shapes/item/food/bread/overlays/syrup/muffincranberrysyrup.json",
      				"expandedfoods:fruitsyrupportion-redcurrant": "expandedfoods:shapes/item/food/bread/overlays/syrup/muffinredcurrantsyrup.json",
      				"expandedfoods:fruitsyrupportion-blackcurrant": "expandedfoods:shapes/item/food/bread/overlays/syrup/muffinblackcurrantsyrup.json",
      				"expandedfoods:fruitsyrupportion-whitecurrant": "expandedfoods:shapes/item/food/bread/overlays/syrup/muffinwhitecurrantsyrup.json",
      				"expandedfoods:fruitsyrupportion-mix": "expandedfoods:shapes/item/food/bread/overlays/syrup/muffinmixsyrup.json",
      				"expandedfoods:fruitsyrupportion-saguaro": "expandedfoods:shapes/item/food/bread/overlays/syrup/muffinsaguarosyrup.json",
				"game:honeyportion": "expandedfoods:shapes/item/food/bread/overlays/syrup/muffinhoney.json",
      				"expandedfoods:wildfruitsyrupportion-huckleberry": "expandedfoods:shapes/item/food/bread/overlays/syrup/muffinhuckleberrysyrup.json",
      				"expandedfoods:wildfruitsyrupportion-snowberry": "expandedfoods:shapes/item/food/bread/overlays/syrup/muffinsnowberrysyrup.json",
      				"expandedfoods:wildfruitsyrupportion-brambleberry": "expandedfoods:shapes/item/food/bread/overlays/syrup/muffinbrambleberrysyrup.json",
      				"expandedfoods:wildfruitsyrupportion-cloudberry": "expandedfoods:shapes/item/food/bread/overlays/syrup/muffincloudberrysyrup.json",
      				"expandedfoods:wildfruitsyrupportion-dogrose": "expandedfoods:shapes/item/food/bread/overlays/syrup/muffindogrosesyrup.json",
      				"expandedfoods:wildfruitsyrupportion-gooseberry": "expandedfoods:shapes/item/food/bread/overlays/syrup/muffingooseberrysyrup.json",
      				"expandedfoods:wildfruitsyrupportion-honeysuckle": "expandedfoods:shapes/item/food/bread/overlays/syrup/muffinhoneysucklesyrup.json",
      				"expandedfoods:wildfruitsyrupportion-strawberry": "expandedfoods:shapes/item/food/bread/overlays/syrup/muffinstrawberrysyrup.json",
      				"expandedfoods:wildfruitsyrupportion-raspberry": "expandedfoods:shapes/item/food/bread/overlays/syrup/muffinraspberrysyrup.json",
      				"expandedfoods:wildfruitsyrupportion-elderberry": "expandedfoods:shapes/item/food/bread/overlays/syrup/muffinelderberrysyrup.json",
			},
		},
		bakingPropertiesByType: {
			"*-dough": {
				temp: 160,
				levelFrom: 0.0,
				levelTo: 0.25,
				startScaleY: 0.95,
				endScaleY: 1.0,
				resultCode: "expandedfoods:acornmuffin-partbaked",
			},
			"*-partbaked": {
				temp: 160,
				levelFrom: 0.25,
				levelTo: 0.5,
				startScaleY: 1.0,
				endScaleY: 1.05,
				resultCode: "expandedfoods:acornmuffin-cooked",
				initialCode: "expandedfoods:acornmuffin-dough"
			},
			"*-cooked": {
				temp: 160,
				levelFrom: 0.5,
				levelTo: 0.75,
				startScaleY: 1.05,
				endScaleY: 1.07,
				resultCode: "expandedfoods:acornmuffin-charred",
				initialCode: "expandedfoods:acornmuffin-partbaked"
			},
			"*-charred": {
				temp: 160,
				levelFrom: 0.75,
				levelTo: 1.0,
				startScaleY: 1.07,
				endScaleY: 1.0,
				initialCode: "expandedfoods:acornmuffin-cooked"
			},
			"*-syruppartbaked": {
				temp: 160,
				levelFrom: 0.25,
				levelTo: 0.5,
				startScaleY: 1.0,
				endScaleY: 1.05,
				resultCode: "expandedfoods:acornmuffin-syrup"
			},
			"*-syrup": {
				temp: 160,
				levelFrom: 0.5,
				levelTo: 0.75,
				startScaleY: 1.05,
				endScaleY: 1.07,
				resultCode: "expandedfoods:acornmuffin-syrupcharred",
				initialCode: "expandedfoods:acornmuffin-syruppartbaked"
			},
			"*-syrupcharred": {
				temp: 160,
				levelFrom: 0.75,
				levelTo: 1.0,
				startScaleY: 1.07,
				endScaleY: 1.0,
				initialCode: "expandedfoods:acornmuffin-syrup"
			},
		},
		satMultByType: {
			"*-partbaked": 0.9,
			"*-cooked": 1,
			"*-charred": 0.8,
			"*-syruppartbaked": 0.9,
			"*-syrup": 1,
			"*-syrupcharred": 0.8
		},	
		onDisplayTransform: {
			rotation: { x: 0, y: 90, z: 0 },			
			translation: { x: 0, y: -0.125, z: 0 },
			scale: 0.75
		},
	},
	shapeByType: {
		"*-dough": { base: "expandedfoods:item/food/bread/muffins/acornmuffin-dough" },
		"*-partbaked": { base: "expandedfoods:item/food/bread/muffins/acornmuffin-partbaked" },
		"*-syruppartbaked": { base: "expandedfoods:item/food/bread/muffins/acornmuffin-partbaked" },
		"*-cooked": { base: "expandedfoods:item/food/bread/muffins/acornmuffin" },
		"*-syrup": { base: "expandedfoods:item/food/bread/muffins/acornmuffin" },
		"*-charred": { base: "expandedfoods:item/food/bread/muffins/acornmuffin-charred" },
		"*-syrupcharred": { base: "expandedfoods:item/food/bread/muffins/acornmuffin-charred" },
	},
  	textures: {
    		"acornbread": {base: "game:item/food/grain/acornbread" },
    		"acornflaxbread1": {base: "game:item/food/grain/acornflaxbread1" },
    		"acornflaxbread2": {base: "game:item/food/grain/acornflaxbread2" },
		"cranberry" : {base: "expandedfoods:item/food/grain/overlays/cranberry" },
		"blueberry" : {base: "expandedfoods:item/food/grain/overlays/blueberry" },
		"redcurrant" : {base: "expandedfoods:item/food/grain/overlays/redcurrant" },
		"blackcurrant" : {base: "expandedfoods:item/food/grain/overlays/blackcurrant" },
		"whitecurrant" : {base: "expandedfoods:item/food/grain/overlays/whitecurrant" },
		"pineapple" : {base: "expandedfoods:item/food/grain/overlays/pineapple" },
		"weaktannin": { base: "game:block/liquid/weaktannin"},
		"strongtannin": { base: "game:block/liquid/strongtannin"},
		"honey": { base: "game:block/liquid/honey"},
		"mixwine": { base: "game:item/liquid/mixwine"},
		"saguaro": { base: "game:item/liquid/saguaro"},
		"peanutbutter": { base: "item/food/peanut/butter"},
		"huckleberry" : {base: "expandedfoods:item/food/grain/overlays/huckleberry" },
		"snowberry" : {base: "expandedfoods:item/food/grain/overlays/snowberry" },
		"brambleberry" : {base: "expandedfoods:item/food/grain/overlays/brambleberry" },
		"cloudberry" : {base: "expandedfoods:item/food/grain/overlays/cloudberry" },
		"dogrose" : {base: "expandedfoods:item/food/grain/overlays/dogrose" },
		"elderberry" : {base: "expandedfoods:item/food/grain/overlays/elderberry" },
		"gooseberry" : {base: "expandedfoods:item/food/grain/overlays/gooseberry" },
		"honeysuckle" : {base: "expandedfoods:item/food/grain/overlays/honeysuckle" },
		"strawberry" : {base: "expandedfoods:item/food/grain/overlays/strawberry" },
		"raspberry" : {base: "expandedfoods:item/food/grain/overlays/raspberry" },
  	},
	creativeinventory: { "general": ["*"], "items": ["*"] },
	nutritionPropsByType: {
 		"*-partbaked": { saturation: 190, foodcategory: "Grain" },
 		"*-syruppartbaked": { saturation: 190, foodcategory: "Grain" },
 		"*-cooked": { saturation: 210, foodcategory: "Grain" },
 		"*-syrup": { saturation: 210, foodcategory: "Grain" },
 		"*-charred": { saturation: 170, foodcategory: "Grain" },
 		"*-syrupcharred": { saturation: 170, foodcategory: "Grain" },
	},
	transitionablePropsByType: { 
		"*-dough": [{
			type: "Perish",
			freshHours: { avg: 48 },
			transitionHours: { avg: 24 },
			transitionedStack: { type: "item", code: "game:rot" },
			transitionRatio: 1
		}],
		"*-charred": [{
			type: "Perish",
			freshHours: { avg: 864 },
			transitionHours: { avg: 72 },
			transitionedStack: { type: "item", code: "game:rot" },
			transitionRatio: 1
		}],
		"*-syrupcharred": [{
			type: "Perish",
			freshHours: { avg: 864 },
			transitionHours: { avg: 72 },
			transitionedStack: { type: "item", code: "game:rot" },
			transitionRatio: 1
		}],
		"*": [{
			type: "Perish",
			freshHours: { avg: 432 },
			transitionHours: { avg: 36 },
			transitionedStack: { type: "item", code: "game:rot" },
			transitionRatio: 1
		}],
	},
	combustiblePropsByType: {
		"*-dough": {
			meltingPoint: 160,
			meltingDuration: 15,
			smeltedRatio: 1,
			smeltingType: "bake",
			smeltedStack: { type: "item", code: "expandedfoods:acornmuffin-charred" },
			requiresContainer: false
		},
		"*-partbaked": {
			meltingPoint: 160,
			meltingDuration: 15,
			smeltedRatio: 1,
			smeltingType: "bake",
			smeltedStack: { type: "item", code: "expandedfoods:acornmuffin-charred" },
			requiresContainer: false
		},
		"*-cooked": {
			meltingPoint: 160,
			meltingDuration: 15,
			smeltedRatio: 1,
			smeltingType: "bake",
			smeltedStack: { type: "item", code: "expandedfoods:acornmuffin-charred" },
			requiresContainer: false
		},
		"*-syruppartbaked": {
			meltingPoint: 160,
			meltingDuration: 15,
			smeltedRatio: 1,
			smeltingType: "bake",
			smeltedStack: { type: "item", code: "expandedfoods:acornmuffin-syrupcharred" },
			requiresContainer: false
		},
		"*-syrup": {
			meltingPoint: 160,
			meltingDuration: 15,
			smeltedRatio: 1,
			smeltingType: "bake",
			smeltedStack: { type: "item", code: "expandedfoods:acornmuffin-syrupcharred" },
			requiresContainer: false
		},
	},
	heldTpIdleAnimationByType: {
			"*": "holdbothhands"
	},
	materialDensity: 200,
	guiTransform: {
		translation: { x: 2, y: 0, z: 0 },
		rotation: { x: -34, y: 30, z: 180 },
		origin: { x: 0.5, y: 0.07, z: 0.5 },
		scale: 4
	},
	groundTransform: {
		translation: { x: 0, y: 0, z: 0 },
		rotation: { x: 0, y: 0, z: 1 },
		origin: { x: 0.5, y: 0, z: 0.5 },
		scale: 4
	},
	fpHandTransform: {
		translation: { x: 0, y: 0.22, z: 0.2 },
		rotation: { x: 0, y: 0, z: 0 },
		origin: { x: 0.5, y: 0.1, z: 0.5 },
		scale: 2.5
	},
	tpHandTransform: {
		translation: { x: 0.1, y: 0.5, z: 0.1 },
		rotation: { x: -41, y: 35, z: -102 },
		origin: { x: 0.02, y: 0.1, z: 0.04 },
		scale: 0.8
	}
}
