{
	
	code: "acornbreadedmeatnugget",
  	class: "ExpandedFood",
	maxstacksize: 64,
	variantgroups: [

		{ code: "meat", states: ["bushmeat", "poultry", "redmeat"] },	
		{ code: "state", states: ["smashed", "partbaked", "tender", "charred", "syruppartbaked", "syrups", "syrupcharred", "oiled"] },
	],
	attributes: {
		"handbook": { "groupBy": [ "acornbreadedmeatnugget-*" ] },
  		"expandedNutritionPropsByType": {
			"*-smashed": {
				"game:flour-flax": {saturation: 80, foodcategory: "Grain"},
				"game:flour-rye": {saturation: 150, foodcategory: "Grain"},
				"game:flour-spelt": {saturation: 150, foodcategory: "Grain"},
				"game:flour-rice": {saturation: 165, foodcategory: "Grain"},
				"game:flour-cassava": {saturation: 150, foodcategory: "Grain"},
				"game:flour-amaranth": {saturation: 150, foodcategory: "Grain"},
				"game:flour-sunflower": {saturation: 150, foodcategory: "Grain"},
				"acorns:flour-acorn": {saturation: 150, foodcategory: "Grain"},
				"expandedfoods:acornbreadcrumbs-flax": {saturation: 120, foodcategory: "Grain"},
				"expandedfoods:acornbreadcrumbs-rice": {saturation: 220, foodcategory: "Grain"},
				"expandedfoods:acornbreadcrumbs-spelt": {saturation: 220, foodcategory: "Grain"},
				"expandedfoods:acornbreadcrumbs-rye": {saturation: 220, foodcategory: "Grain"},
				"expandedfoods:acornbreadcrumbs-cassava": {saturation: 220, foodcategory: "Grain"},
				"expandedfoods:acornbreadcrumbs-amaranth": {saturation: 220, foodcategory: "Grain"},
				"expandedfoods:acornbreadcrumbs-sunflower": {saturation: 220, foodcategory: "Grain"},
				"game:egg-chicken-raw": { saturation: 150, foodcategory: "Protein"},
				"game:salt": {saturation: 10, health: 0.5, foodcategory: "Protein"}
				},
			"*-syrups": {
      				"game:honeyportion" : { saturation: 60, health: 0.5, foodcategory: "Fruit" },
      				"expandedfoods:treesyrupportion-*" : { saturation: 80, health: 1, foodcategory: "Fruit" },
    				"expandedfoods:soysauce" : { saturation: 240, foodcategory: "Protein" },
				},
			},
		renderIngredientsByType: {
			"*-oiled": 
				{
				"expandedfoods:meatnugget-poultry-smashed": "expandedfoods:shapes/item/food/meat/poultry-smash.json",
				"expandedfoods:meatnugget-redmeat-smashed": "expandedfoods:shapes/item/food/meat/redmeat-smash.json",
				"expandedfoods:meatnugget-bushmeat-smashed": "expandedfoods:shapes/item/food/meat/bushmeat-smash.json",
				"expandedfoods:agedmeat-poultry-cut": "game:shapes/item/food/meat/poultry.json",
				"expandedfoods:agedmeat-redmeat-cut": "game:shapes/item/food/meat/red.json",
				"expandedfoods:agedmeat-bushmeat-cut": "game:shapes/item/food/meat/bushmeat.json",
			},
			"*-partbaked": 
				{
				"expandedfoods:meatnugget-poultry-smashed": "expandedfoods:shapes/item/food/meat/poultry-tender.json",
				"expandedfoods:meatnugget-redmeat-smashed": "expandedfoods:shapes/item/food/meat/redmeat-tender.json",
				"expandedfoods:meatnugget-bushmeat-smashed": "expandedfoods:shapes/item/food/meat/bushmeat-tender.json",
				"expandedfoods:agedmeat-poultry-cut": "game:shapes/item/food/meat/poultry.json",
				"expandedfoods:agedmeat-redmeat-cut": "game:shapes/item/food/meat/red.json",
				"expandedfoods:agedmeat-bushmeat-cut": "game:shapes/item/food/meat/bushmeat.json",
			},
			"*-tender": 
				{
				"expandedfoods:meatnugget-poultry-smashed": "expandedfoods:shapes/item/food/meat/poultry-tender.json",
				"expandedfoods:meatnugget-redmeat-smashed": "expandedfoods:shapes/item/food/meat/redmeat-tender.json",
				"expandedfoods:meatnugget-bushmeat-smashed": "expandedfoods:shapes/item/food/meat/bushmeat-tender.json",
				"expandedfoods:agedmeat-poultry-cut": "game:shapes/item/food/meat/poultry.json",
				"expandedfoods:agedmeat-redmeat-cut": "game:shapes/item/food/meat/red.json",
				"expandedfoods:agedmeat-bushmeat-cut": "game:shapes/item/food/meat/bushmeat.json",
			},
			"*-charred": 
				{
				"expandedfoods:meatnugget-poultry-smashed": "expandedfoods:shapes/item/food/meat/poultry-tender.json",
				"expandedfoods:meatnugget-redmeat-smashed": "expandedfoods:shapes/item/food/meat/redmeat-tender.json",
				"expandedfoods:meatnugget-bushmeat-smashed": "expandedfoods:shapes/item/food/meat/bushmeat-tender.json",
				"expandedfoods:agedmeat-poultry-cut": "game:shapes/item/food/meat/poultry.json",
				"expandedfoods:agedmeat-redmeat-cut": "game:shapes/item/food/meat/red.json",
				"expandedfoods:agedmeat-bushmeat-cut": "game:shapes/item/food/meat/bushmeat.json",
			},
			"*-smashed": 
				{
				"expandedfoods:meatnugget-poultry-smashed": "expandedfoods:shapes/item/food/meat/poultry-smash.json",
				"expandedfoods:meatnugget-redmeat-smashed": "expandedfoods:shapes/item/food/meat/redmeat-smash.json",
				"expandedfoods:meatnugget-bushmeat-smashed": "expandedfoods:shapes/item/food/meat/bushmeat-smash.json",
				"expandedfoods:agedmeat-poultry-cut": "game:shapes/item/food/meat/poultry.json",
				"expandedfoods:agedmeat-redmeat-cut": "game:shapes/item/food/meat/red.json",
				"expandedfoods:agedmeat-bushmeat-cut": "game:shapes/item/food/meat/bushmeat.json",
			},
			"*-syruppartbaked": 
				{
				"expandedfoods:meatnugget-poultry-smashed": "expandedfoods:shapes/item/food/meat/poultry-tender.json",
				"expandedfoods:meatnugget-redmeat-smashed": "expandedfoods:shapes/item/food/meat/redmeat-tender.json",
				"expandedfoods:meatnugget-bushmeat-smashed": "expandedfoods:shapes/item/food/meat/bushmeat-tender.json",
				"expandedfoods:agedmeat-poultry-cut": "game:shapes/item/food/meat/poultry.json",
				"expandedfoods:agedmeat-redmeat-cut": "game:shapes/item/food/meat/red.json",
				"expandedfoods:agedmeat-bushmeat-cut": "game:shapes/item/food/meat/bushmeat.json",
			},
			"*-syrups": 
				{
				"expandedfoods:meatnugget-poultry-smashed": "expandedfoods:shapes/item/food/meat/poultry-tender.json",
				"expandedfoods:meatnugget-redmeat-smashed": "expandedfoods:shapes/item/food/meat/redmeat-tender.json",
				"expandedfoods:meatnugget-bushmeat-smashed": "expandedfoods:shapes/item/food/meat/bushmeat-tender.json",
				"expandedfoods:agedmeat-poultry-cut": "game:shapes/item/food/meat/poultry.json",
				"expandedfoods:agedmeat-redmeat-cut": "game:shapes/item/food/meat/red.json",
				"expandedfoods:agedmeat-bushmeat-cut": "game:shapes/item/food/meat/bushmeat.json",
			},
			"*-syrupcharred": 
				{
				"expandedfoods:meatnugget-poultry-smashed": "expandedfoods:shapes/item/food/meat/poultry-tender.json",
				"expandedfoods:meatnugget-redmeat-smashed": "expandedfoods:shapes/item/food/meat/redmeat-tender.json",
				"expandedfoods:meatnugget-bushmeat-smashed": "expandedfoods:shapes/item/food/meat/bushmeat-tender.json",
				"expandedfoods:agedmeat-poultry-cut": "game:shapes/item/food/meat/poultry.json",
				"expandedfoods:agedmeat-redmeat-cut": "game:shapes/item/food/meat/red.json",
				"expandedfoods:agedmeat-bushmeat-cut": "game:shapes/item/food/meat/bushmeat.json",
			},
		},
		bakingPropertiesByType: {
			"*-smashed": {
				temp: 150,
				levelFrom: 0.0,
				levelTo: 0.25,
				startScaleY: 1.0,
				endScaleY: 1.0,
				resultCode: "expandedfoods:acornbreadedmeatnugget-{meat}-partbaked",
			},
			"*-oiled": {
				temp: 150,
				levelFrom: 0.0,
				levelTo: 0.25,
				startScaleY: 1.0,
				endScaleY: 1.0,
				resultCode: "expandedfoods:acornbreadedmeatnugget-{meat}-partbaked",
			},
			"*-partbaked": {
				temp: 150,
				levelFrom: 0.25,
				levelTo: 0.5,
				startScaleY: 1.0,
				endScaleY: 1.0,
				resultCode: "expandedfoods:acornbreadedmeatnugget-{meat}-tender",
				initialCode: "expandedfoods:acornbreadedmeatnugget-{meat}-{smashed|oiled}",
			},
			"*-tender": {
				temp: 150,
				levelFrom: 0.5,
				levelTo: 0.75,
				startScaleY: 1.0,
				endScaleY: 1.0,
				resultCode: "expandedfoods:acornbreadedmeatnugget-{meat}-charred",
				initialCode: "expandedfoods:acornbreadedmeatnugget-{meat}-partbaked",
			},
			"*-charred": {
				temp: 150,
				levelFrom: 0.75,
				levelTo: 1.0,
				startScaleY: 1.0,
				endScaleY: 0.9,
				initialCode: "expandedfoods:acornbreadedmeatnugget-{meat}-tender",
			},
			"*-syruppartbaked": {
				temp: 150,
				levelFrom: 0.25,
				levelTo: 0.5,
				startScaleY: 1.0,
				endScaleY: 1.0,
				resultCode: "expandedfoods:acornbreadedmeatnugget-{meat}-syrups"
			},
			"*-syrups": {
				temp: 150,
				levelFrom: 0.5,
				levelTo: 0.75,
				startScaleY: 1.0,
				endScaleY: 1.0,
				resultCode: "expandedfoods:acornbreadedmeatnugget-{meat}-syrupcharred",
				initialCode: "expandedfoods:acornbreadedmeatnugget-{meat}-syruppartbaked",
			},
			"*-syrupcharred": {
				temp: 150,
				levelFrom: 0.75,
				levelTo: 1.0,
				startScaleY: 1.0,
				endScaleY: 0.9,
				initialCode: "expandedfoods:acornbreadedmeatnugget-{meat}-syrups",
			},
		},
		onDisplayTransform: { 
			translation: { x: 0, y: 0, z: 0 },
			scale: 1 
		},
		satMultByType: {
			"*-partbaked": 0.9,
			"*-cooked": 1,
			"*-charred": 0.8,
			"*-syruppartbaked": 0.9,
			"*-syrups": 1,
			"*-syrupcharred": 0.8
		},
	},
	shapebytype:	{
		"*-syruppartbaked": {base: "item/food/meat/{meat}-tender"},
		"*-syrups": {base: "item/food/meat/{meat}-tender"},
		"*-syrupcharred": {base: "item/food/meat/{meat}-tender"},
		"*-partbaked": {base: "item/food/meat/{meat}-tender"},
		"*-tender": {base: "item/food/meat/{meat}-tender"},
		"*-charred": {base: "item/food/meat/{meat}-tender"},
		"*-smashed": {base: "item/food/meat/{meat}-smash"},
		"*-oiled": {base: "item/food/meat/{meat}-smash"}
	},
	texturesbytype: {
		"*-partbaked":	{

			"cooked": {base: "expandedfoods:item/food/grain/breading/acorn-partbaked" },
			"meat": {base: "expandedfoods:item/food/grain/breading/acorn-partbaked" },
		},
		"*-charred":	{

			"cooked": {base: "expandedfoods:item/food/grain/breading/acorn-charred" },
			"meat": {base: "expandedfoods:item/food/grain/breading/acorn-charred" },
		},
		"*-oiled":	{

			"meat": {base: "expandedfoods:item/food/grain/breading/acorn-oiled" },
		},
		"*-syruppartbaked":	{

			"cooked": {base: "expandedfoods:item/food/grain/breading/acorn-fish" },
		},
		"*-syrups":	{

			"cooked": {base: "expandedfoods:item/food/grain/breading/acorn-fish" },
		},
		"*-syrupcharred":	{

			"cooked": {base: "expandedfoods:item/food/grain/breading/acorn-fish" },
		},
		"*":	{

			"cooked": {base: "expandedfoods:item/food/grain/breading/acorn-cooked" },
			"meat": {base: "expandedfoods:item/food/grain/breading/acorn-raw" },
		},
	},

	nutritionPropsByType: {
		"*-syruppartbaked": { satiety: 80, foodcategory: "Protein" },
		"*-partbaked": { satiety: 80, foodcategory: "Protein" },
		"*-syrups": { satiety: 90, foodcategory: "Protein" },
		"*-tender": { satiety: 90, foodcategory: "Protein" },
		"*-syrupcharred": { satiety: 70, foodcategory: "Protein" },
		"*-charred": { satiety: 70, foodcategory: "Protein" },
	},

	creativeinventory: { "general": ["*"], "items": ["*"] },
	materialDensity: 600,

	transitionablePropsByType: {

		"*-oiled": [
{
		
			type: "Perish",

			freshHours: { avg: 24 },
	
			transitionHours: { avg: 48 },
	
			transitionedStack: { type: "item", code: "game:rot" },

			transitionRatio: 1

			}

		],

		"*-smashed": [
{
		
			type: "Perish",

			freshHours: { avg: 24 },
	
			transitionHours: { avg: 48 },
	
			transitionedStack: { type: "item", code: "game:rot" },

			transitionRatio: 1

			}

		],

		"*-charred": [{

			type: "Perish",

			freshHours: { avg: 200 },

			transitionHours: { avg: 144 },

			transitionedStack: { type: "item", code: "game:rot" },

			transitionRatio: 1
		
		}],
		"*-syrupcharred": [{

			type: "Perish",

			freshHours: { avg: 200 },

			transitionHours: { avg: 144 },

			transitionedStack: { type: "item", code: "game:rot" },

			transitionRatio: 1
		
		}],
		"*": [{

			type: "Perish",

			freshHours: { avg: 100 },

			transitionHours: { avg: 72 },

			transitionedStack: { type: "item", code: "game:rot" },

			transitionRatio: 1
		
		}],
	},

	materialDensity: 600,

	guiTransformByType: {

		"*": {

			rotate: false,

			translation: { x: 0, y: 0, z: 0 },

			rotation: { x: 171, y: -122, z: 33 },
			origin: { x: 0.5, y: 0.04, z: 0.56 },

			scale: 5
		}

	},

	fpHandTransformByType: {
		"*": {

			translation: { x: -0.06, y: 0.36, z: 0.23 },

			rotation: { x: 0, y: -81, z: -74 },

			origin: { x: 0.5, y: 0.1, z: 0.5 },

			scale: 2.5
		},
	},

	tpHandTransformByType: {
		"*": {

			translation: { x: 0, y: 0, z: 0 },

			rotation: { x: 0, y: 27, z: -14 },

			origin: { x: 0.28, y: -0.2, z: 0.13 },

			scale: 0.75
		},
	},

	groundTransformByType: {
		"*": {

			translation: { x: 0, y: 0, z: 0 },

			rotation: { x: 180, y: 33, z: -180 },

			origin: { x: 0.5, y: 0, z: 0.5 },

			scale: 5
		},

	},

	combustiblePropsByType: {

		"acornbreadedmeatnugget-*-smashed": {

			meltingPoint: 150,

			meltingDuration: 30,

			smeltedRatio: 1,

			smeltingType: "cook",

			smeltedStack: { type: "item", code: "acornbreadedmeatnugget-{meat}-charred" },

			requiresContainer: false

		},
		"acornbreadedmeatnugget-*-oiled": {

			meltingPoint: 150,

			meltingDuration: 30,

			smeltedRatio: 1,

			smeltingType: "cook",

			smeltedStack: { type: "item", code: "acornbreadedmeatnugget-{meat}-charred" },

			requiresContainer: false

		},
		"acornbreadedmeatnugget-*-partbaked": {

			meltingPoint: 150,

			meltingDuration: 30,

			smeltedRatio: 1,

			smeltingType: "cook",

			smeltedStack: { type: "item", code: "acornbreadedmeatnugget-{meat}-charred" },

			requiresContainer: false

		},
		"acornbreadedmeatnugget-*-tender": {

			meltingPoint: 150,

			meltingDuration: 30,

			smeltedRatio: 1,

			smeltingType: "cook",

			smeltedStack: { type: "item", code: "acornbreadedmeatnugget-{meat}-charred" },

			requiresContainer: false

		},
		"acornbreadedmeatnugget-*-syruppartbaked": {

			meltingPoint: 150,

			meltingDuration: 30,

			smeltedRatio: 1,

			smeltingType: "cook",

			smeltedStack: { type: "item", code: "acornbreadedmeatnugget-{meat}-syrupcharred" },

			requiresContainer: false

		},
		"acornbreadedmeatnugget-*-syrups": {

			meltingPoint: 150,

			meltingDuration: 30,

			smeltedRatio: 1,

			smeltingType: "cook",

			smeltedStack: { type: "item", code: "acornbreadedmeatnugget-{meat}-syrupcharred" },

			requiresContainer: false

		},
	}
}