[
 {
	ingredientPattern: "S",
	ingredients: {
		"S": { type: "item", code: "expandedfoods:soyprep-soaked"  },
	},
	width: 1,
	height: 1,
	output: { type: "item", code: "expandedfoods:soyprep-shelled" }
 },
 {
	ingredientPattern: "B,S",
    recipeGroup: 1,
	ingredients: {
		"B": { 
			type: "block", 
			code: "game:woodbucket"
		},
		"S": { type: "item", code: "expandedfoods:soyprep-shelled"  },
		},
	attributes: {
		liquidContainerProps: {
			requiresContent: { type: "item", code: "game:waterportion" },
			requiresLitres: 1
		}
	},
	width: 1,
	height: 2,
	shapeless: true,
	output: { type: "item", code: "expandedfoods:soyprep-wetshell" }
 },
 {
	ingredientPattern: "B,S",
    recipeGroup: 2,
	ingredients: {
		"B": { 
			type: "block", 
			code: "expandedfoods:bottle-*-burned"
		},
		"S": { type: "item", code: "expandedfoods:soyprep-shelled"  },
	},
		attributes: {
		liquidContainerProps: {
			requiresContent: { type: "item", code: "game:waterportion" },
			requiresLitres: 1
		}
	},
	width: 1,
	height: 2,
	shapeless: true,
	output: { type: "item", code: "expandedfoods:soyprep-wetshell" }
 }
]