{
	"editor": {
		"allAngles": false,
		"entityTextureMode": false
	},
	"textureWidth": 16,
	"textureHeight": 16,
	"textureSizes": {
	},
	"textures": {
	},
	"elements": [
		{
			"name": "FrontLog1",
			"from": [ -6.0, 0.0, 6.0 ], 
			"to": [ -2.0, 12.0, 10.0 ], 
			"rotationOrigin": [ 0.0, 0.0, 0.0 ],
			"rotationY": 44.999996548644546,
			"faces": {
				"north": { "texture": "#side", "uv": [ 0.5, 0.0, 4.5, 12.0 ] },
				"east": { "texture": "#side", "uv": [ 8.0, 0.0, 12.0, 16.0 ], "autoUv": false },
				"south": { "texture": "#side", "uv": [ 0.5, 0.0, 4.5, 12.0 ] },
				"west": { "texture": "#side", "uv": [ 8.0, 0.0, 12.0, 12.0 ] },
				"up": { "texture": "#toplog", "uv": [ 4.0, 0.0, 8.0, 4.0 ] },
				"down": { "texture": "#toplog", "uv": [ 0.0, 4.5, 4.0, 8.5 ] }
			},
			"children": [
				{
					"name": "Binding1",
					"from": [ -0.25, 2.5, -0.25 ], 
					"to": [ 4.25, 3.5, 4.25 ], 
					"rotationOrigin": [ 1.5, 0.0, 1.5 ],
					"faces": {
						"north": { "texture": "#vines", "uv": [ 5.0, 4.5, 9.5, 5.5 ] },
						"east": { "texture": "#vines", "uv": [ 5.0, 5.5, 9.5, 6.5 ] },
						"south": { "texture": "#vines", "uv": [ 5.0, 7.5, 9.5, 8.5 ] },
						"west": { "texture": "#vines", "uv": [ 4.0, 6.0, 8.5, 7.0 ] },
						"up": { "texture": "#vines", "uv": [ 3.5, 4.5, 8.0, 9.0 ] },
						"down": { "texture": "#vines", "uv": [ 3.0, 3.5, 7.5, 8.0 ] }
					}
				}
			]
		},
		{
			"name": "FrontLog2",
			"from": [ -2.0, 2.0, 9.5 ], 
			"to": [ 2.0, 12.0, 13.5 ], 
			"rotationOrigin": [ 0.0, 0.0, 0.0 ],
			"rotationY": 45.0,
			"faces": {
				"north": { "texture": "#side", "uv": [ 11.5, 0.0, 15.5, 10.0 ] },
				"east": { "texture": "#side", "uv": [ 4.5, 0.0, 8.5, 10.0 ] },
				"south": { "texture": "#side", "uv": [ 12.0, 0.0, 16.0, 10.0 ] },
				"west": { "texture": "#side", "uv": [ 7.5, 0.0, 11.5, 10.0 ] },
				"up": { "texture": "#toplog", "uv": [ 0.0, 8.0, 4.0, 12.0 ] },
				"down": { "texture": "#toplog", "uv": [ 12.0, 4.5, 16.0, 8.5 ] }
			},
			"children": [
				{
					"name": "Binding4",
					"from": [ -0.25, 1.5, -0.25 ], 
					"to": [ 4.25, 2.5, 4.25 ], 
					"rotationOrigin": [ 1.5, -2.0, 1.5 ],
					"rotationY": -5.122641596244655E-6,
					"faces": {
						"north": { "texture": "#vines", "uv": [ 7.5, 7.5, 12.0, 8.5 ] },
						"east": { "texture": "#vines", "uv": [ 3.0, 8.0, 7.5, 9.0 ] },
						"south": { "texture": "#vines", "uv": [ 8.5, 9.5, 13.0, 10.5 ] },
						"west": { "texture": "#vines", "uv": [ 7.0, 9.5, 11.5, 10.5 ] },
						"up": { "texture": "#vines", "uv": [ 5.5, 6.5, 10.0, 11.0 ] },
						"down": { "texture": "#vines", "uv": [ 3.0, 3.5, 7.5, 8.0 ] }
					}
				}
			]
		},
		{
			"name": "FrontLog3",
			"from": [ 2.0, 0.0, 13.0 ], 
			"to": [ 6.0, 12.0, 17.0 ], 
			"rotationOrigin": [ 0.0, 0.0, 0.0 ],
			"rotationY": 44.999996548644546,
			"faces": {
				"north": { "texture": "#side", "uv": [ 8.0, 0.0, 12.0, 12.0 ] },
				"east": { "texture": "#side", "uv": [ 8.0, 0.0, 12.0, 12.0 ], "rotation": 180 },
				"south": { "texture": "#side", "uv": [ 1.5, 0.0, 5.5, 12.0 ] },
				"west": { "texture": "#side", "uv": [ 10.5, 0.0, 14.5, 12.0 ], "rotation": 180 },
				"up": { "texture": "#toplog", "uv": [ 8.0, 12.0, 12.0, 16.0 ] },
				"down": { "texture": "#toplog", "uv": [ 8.0, 8.0, 12.0, 12.0 ] }
			},
			"children": [
				{
					"name": "Binding5",
					"from": [ -0.25, 2.5, -0.25 ], 
					"to": [ 4.25, 3.5, 4.25 ], 
					"rotationOrigin": [ -6.5, 0.0, -5.5 ],
					"faces": {
						"north": { "texture": "#vines", "uv": [ 5.0, 4.5, 9.5, 5.5 ] },
						"east": { "texture": "#vines", "uv": [ 5.0, 5.5, 9.5, 6.5 ] },
						"south": { "texture": "#vines", "uv": [ 5.0, 7.5, 9.5, 8.5 ] },
						"west": { "texture": "#vines", "uv": [ 4.0, 6.0, 8.5, 7.0 ] },
						"up": { "texture": "#vines", "uv": [ 3.5, 4.5, 8.0, 9.0 ] },
						"down": { "texture": "#vines", "uv": [ 3.0, 3.5, 7.5, 8.0 ] }
					}
				}
			]
		},
		{
			"name": "TopLog1",
			"from": [ 0.0, 12.0, 3.75 ], 
			"to": [ 16.0, 16.0, 7.75 ], 
			"faces": {
				"north": { "texture": "#side", "uv": [ 0.5, 0.0, 4.5, 16.0 ], "rotation": 90 },
				"east": { "texture": "#toplog", "uv": [ 8.0, 0.0, 12.0, 4.0 ], "rotation": 180 },
				"south": { "texture": "#side", "uv": [ 0.0, 0.0, 4.0, 16.0 ], "rotation": 90 },
				"west": { "texture": "#toplog", "uv": [ 11.5, 0.0, 15.5, 4.0 ], "rotation": 180 },
				"up": { "texture": "#side", "uv": [ 3.5, 0.0, 7.5, 16.0 ], "rotation": 90 },
				"down": { "texture": "#side", "uv": [ 3.5, 0.0, 7.5, 16.0 ], "rotation": 90 }
			},
			"children": [
				{
					"name": "Binding9",
					"from": [ 4.1, -0.25, -0.25 ], 
					"to": [ 5.1, 4.25, 4.25 ], 
					"rotationOrigin": [ 0.1, 0.0, 0.0 ],
					"faces": {
						"north": { "texture": "#vines", "uv": [ 5.0, 4.5, 6.0, 9.0 ] },
						"east": { "texture": "#vines", "uv": [ 5.0, 5.5, 9.5, 10.0 ] },
						"south": { "texture": "#vines", "uv": [ 5.0, 7.5, 6.0, 12.0 ] },
						"west": { "texture": "#vines", "uv": [ 4.0, 6.0, 8.5, 10.5 ] },
						"up": { "texture": "#vines", "uv": [ 3.5, 4.5, 4.5, 9.0 ] },
						"down": { "texture": "#vines", "uv": [ 3.0, 3.5, 4.0, 8.0 ] }
					}
				},
				{
					"name": "Binding10",
					"from": [ 11.5, -0.25, -0.25 ], 
					"to": [ 12.5, 4.25, 4.25 ], 
					"faces": {
						"north": { "texture": "#vines", "uv": [ 5.0, 4.5, 6.0, 9.0 ] },
						"east": { "texture": "#vines", "uv": [ 5.0, 5.5, 9.5, 10.0 ] },
						"south": { "texture": "#vines", "uv": [ 5.0, 7.5, 6.0, 12.0 ] },
						"west": { "texture": "#vines", "uv": [ 4.0, 6.0, 8.5, 10.5 ] },
						"up": { "texture": "#vines", "uv": [ 3.5, 4.5, 4.5, 9.0 ] },
						"down": { "texture": "#vines", "uv": [ 3.0, 3.5, 4.0, 8.0 ] }
					}
				}
			]
		},
		{
			"name": "TopLog2",
			"from": [ 0.0, 12.0, 8.0 ], 
			"to": [ 16.0, 16.0, 12.0 ], 
			"faces": {
				"north": { "texture": "#side", "uv": [ 4.0, 0.0, 8.0, 16.0 ], "rotation": 90 },
				"east": { "texture": "#toplog", "uv": [ 0.5, 4.5, 4.5, 8.5 ], "rotation": 90 },
				"south": { "texture": "#side", "uv": [ 7.5, 0.0, 11.5, 16.0 ], "rotation": 90 },
				"west": { "texture": "#toplog", "uv": [ 12.0, 4.5, 16.0, 8.5 ], "rotation": 90 },
				"up": { "texture": "#side", "uv": [ 7.5, 0.0, 11.5, 16.0 ], "rotation": 90 },
				"down": { "texture": "#side", "uv": [ 12.0, 0.0, 16.0, 16.0 ], "rotation": 90 }
			},
			"children": [
				{
					"name": "Binding11",
					"from": [ 10.5, -0.25, -0.25 ], 
					"to": [ 11.5, 4.25, 4.25 ], 
					"rotationOrigin": [ 0.0, 0.0, -4.5 ],
					"faces": {
						"north": { "texture": "#vines", "uv": [ 5.0, 4.5, 6.0, 9.0 ] },
						"east": { "texture": "#vines", "uv": [ 5.0, 5.5, 9.5, 10.0 ] },
						"south": { "texture": "#vines", "uv": [ 5.0, 7.5, 6.0, 12.0 ] },
						"west": { "texture": "#vines", "uv": [ 4.0, 6.0, 8.5, 10.5 ] },
						"up": { "texture": "#vines", "uv": [ 3.5, 4.5, 4.5, 9.0 ] },
						"down": { "texture": "#vines", "uv": [ 3.0, 3.5, 4.0, 8.0 ] }
					}
				},
				{
					"name": "Binding12",
					"from": [ 5.1, -0.25, -0.25 ], 
					"to": [ 6.1, 4.25, 4.25 ], 
					"rotationOrigin": [ 0.0, 0.0, -4.5 ],
					"faces": {
						"north": { "texture": "#vines", "uv": [ 5.0, 4.5, 6.0, 9.0 ] },
						"east": { "texture": "#vines", "uv": [ 5.0, 5.5, 9.5, 10.0 ] },
						"south": { "texture": "#vines", "uv": [ 5.0, 7.5, 6.0, 12.0 ] },
						"west": { "texture": "#vines", "uv": [ 4.0, 6.0, 8.5, 10.5 ] },
						"up": { "texture": "#vines", "uv": [ 3.5, 4.5, 4.5, 9.0 ] },
						"down": { "texture": "#vines", "uv": [ 3.0, 3.5, 4.0, 8.0 ] }
					}
				}
			]
		}
	]}