{
	"editor": {
		"allAngles": true,
		"entityTextureMode": false
	},
	"textureWidth": 8,
	"textureHeight": 8,
	"textureSizes": {
	},
	"textures": {
		"cochineal": "cochineal"
	},
	"elements": [
		{
			"name": "origin",
			"from": [ 10.0, 0.0, 8.0 ], 
			"to": [ 10.0, 0.0, 8.0 ], 
			"rotationOrigin": [ 8.0, 0.0, 8.0 ],
			"faces": {
				"north": { "texture": "#cochineal", "uv": [ 0.0, 0.0, 0.5, 0.5 ], "enabled": false },
				"east": { "texture": "#null", "uv": [ 0.0, 0.0, 0.5, 0.5 ], "enabled": false },
				"south": { "texture": "#null", "uv": [ 0.0, 0.0, 0.5, 0.5 ], "enabled": false },
				"west": { "texture": "#null", "uv": [ 0.0, 0.0, 0.5, 0.5 ], "enabled": false },
				"up": { "texture": "#null", "uv": [ 0.0, 0.0, 0.5, 0.5 ], "enabled": false },
				"down": { "texture": "#null", "uv": [ 0.0, 0.0, 0.5, 0.5 ], "enabled": false }
			},
			"children": [
				{
					"name": "cochineal1",
					"from": [ -1.0, 0.0, -0.5 ], 
					"to": [ -0.6, 1.0, 0.5 ], 
					"faces": {
						"north": { "texture": "#cochineal", "uv": [ 2.0, 0.5, 6.0, 5.5 ], "rotation": 90, "autoUv": false },
						"east": { "texture": "#cochineal", "uv": [ 3.5, 0.5, 6.5, 6.0 ], "autoUv": false },
						"south": { "texture": "#cochineal", "uv": [ 2.5, 0.0, 6.0, 5.5 ], "rotation": 270, "autoUv": false },
						"west": { "texture": "#cochineal", "uv": [ 2.5, 0.5, 5.0, 5.5 ], "autoUv": false },
						"up": { "texture": "#cochineal", "uv": [ 1.5, 0.0, 5.5, 4.0 ], "rotation": 270, "autoUv": false },
						"down": { "texture": "#cochineal", "uv": [ 1.5, 0.0, 6.0, 4.0 ], "rotation": 90, "autoUv": false }
					}
				},
				{
					"name": "cochineal2",
					"from": [ -0.7, 0.0, -0.45 ], 
					"to": [ -0.3, 0.95, 0.45 ], 
					"rotationOrigin": [ 0.0, 0.0, -1.0 ],
					"faces": {
						"north": { "texture": "#cochineal", "uv": [ 0.0, 0.0, 5.5, 4.0 ], "autoUv": false },
						"east": { "texture": "#cochineal", "uv": [ 1.0, 0.0, 6.5, 5.5 ], "autoUv": false },
						"south": { "texture": "#cochineal", "uv": [ 1.0, 0.0, 7.0, 5.5 ], "autoUv": false },
						"west": { "texture": "#cochineal", "uv": [ 1.5, 0.0, 7.0, 3.5 ], "autoUv": false },
						"up": { "texture": "#cochineal", "uv": [ 1.0, 0.0, 6.5, 5.5 ], "autoUv": false },
						"down": { "texture": "#cochineal", "uv": [ 1.0, 0.0, 7.0, 5.5 ], "autoUv": false }
					},
					"children": [
						{
							"name": "cochinealbutt6",
							"from": [ 0.45, 0.25, 0.05 ], 
							"to": [ 1.05, 0.85, 0.85 ], 
							"rotationOrigin": [ 0.7, 0.0, -0.55 ],
							"rotationZ": 44.0,
							"faces": {
								"north": { "texture": "#cochineal", "uv": [ 0.0, 0.0, 7.5, 5.5 ], "autoUv": false },
								"east": { "texture": "#cochineal", "uv": [ 0.0, 0.0, 7.0, 5.5 ], "autoUv": false },
								"south": { "texture": "#cochineal", "uv": [ 0.0, 0.0, 7.0, 5.5 ], "autoUv": false },
								"west": { "texture": "#cochineal", "uv": [ 0.0, 0.0, 7.0, 5.5 ], "autoUv": false },
								"up": { "texture": "#cochineal", "uv": [ 0.0, 0.0, 7.0, 5.5 ], "autoUv": false },
								"down": { "texture": "#cochineal", "uv": [ 0.0, 0.0, 7.0, 5.5 ], "autoUv": false }
							}
						}
					]
				},
				{
					"name": "cochineal4",
					"from": [ -1.3, 0.0, -0.55 ], 
					"to": [ -0.9, 1.05, 0.55 ], 
					"faces": {
						"north": { "texture": "#cochineal", "uv": [ 1.0, 1.0, 5.0, 4.0 ], "rotation": 90, "autoUv": false },
						"east": { "texture": "#cochineal", "uv": [ 2.0, 2.0, 6.5, 5.0 ], "autoUv": false },
						"south": { "texture": "#cochineal", "uv": [ 3.5, 0.0, 8.0, 4.0 ], "rotation": 270, "autoUv": false },
						"west": { "texture": "#cochineal", "uv": [ 1.0, 1.5, 5.0, 5.0 ], "autoUv": false },
						"up": { "texture": "#cochineal", "uv": [ 1.0, 1.0, 5.0, 4.0 ], "rotation": 270, "autoUv": false },
						"down": { "texture": "#cochineal", "uv": [ 0.5, 1.0, 4.5, 4.5 ], "rotation": 90, "autoUv": false }
					}
				},
				{
					"name": "cochineal5",
					"from": [ -1.6, 0.0, -0.6 ], 
					"to": [ -1.2, 1.1, 0.6 ], 
					"faces": {
						"north": { "texture": "#cochineal", "uv": [ 3.5, 2.5, 8.0, 6.0 ], "rotation": 90, "autoUv": false },
						"east": { "texture": "#cochineal", "uv": [ 0.5, 0.5, 5.5, 4.0 ], "autoUv": false },
						"south": { "texture": "#cochineal", "uv": [ 3.0, 0.5, 7.0, 3.0 ], "rotation": 270, "autoUv": false },
						"west": { "texture": "#cochineal", "uv": [ 0.0, 1.5, 4.5, 5.0 ], "autoUv": false },
						"up": { "texture": "#cochineal", "uv": [ 1.0, 1.0, 6.5, 5.0 ], "rotation": 270, "autoUv": false },
						"down": { "texture": "#cochineal", "uv": [ 1.0, 1.0, 6.0, 4.5 ], "rotation": 90, "autoUv": false }
					}
				},
				{
					"name": "cochineal7",
					"from": [ -1.9, 0.0, -0.65 ], 
					"to": [ -1.5, 1.15, 0.65 ], 
					"faces": {
						"north": { "texture": "#cochineal", "uv": [ 0.0, 3.0, 4.5, 6.0 ], "rotation": 90, "autoUv": false },
						"east": { "texture": "#cochineal", "uv": [ 3.5, 0.0, 8.0, 4.0 ], "autoUv": false },
						"south": { "texture": "#cochineal", "uv": [ 1.5, 1.0, 6.5, 5.0 ], "rotation": 270, "autoUv": false },
						"west": { "texture": "#cochineal", "uv": [ 0.0, 0.0, 4.0, 3.0 ], "autoUv": false },
						"up": { "texture": "#cochineal", "uv": [ 2.5, 0.0, 7.0, 2.0 ], "rotation": 270, "autoUv": false },
						"down": { "texture": "#cochineal", "uv": [ 1.5, 1.0, 6.5, 4.0 ], "rotation": 90, "autoUv": false }
					}
				},
				{
					"name": "cochineal8",
					"from": [ -2.2, 0.0, -0.6 ], 
					"to": [ -1.8, 1.1, 0.6 ], 
					"rotationOrigin": [ -1.0, 0.0, 0.0 ],
					"faces": {
						"north": { "texture": "#cochineal", "uv": [ 1.0, 1.5, 6.0, 5.0 ], "rotation": 90, "autoUv": false },
						"east": { "texture": "#cochineal", "uv": [ 1.5, 1.0, 7.0, 5.0 ], "autoUv": false },
						"south": { "texture": "#cochineal", "uv": [ 3.5, 0.0, 8.0, 3.0 ], "rotation": 270, "autoUv": false },
						"west": { "texture": "#cochineal", "uv": [ 0.5, 1.0, 6.0, 4.5 ], "autoUv": false },
						"up": { "texture": "#cochineal", "uv": [ 1.5, 1.0, 6.5, 4.5 ], "rotation": 270, "autoUv": false },
						"down": { "texture": "#cochineal", "uv": [ 2.0, 1.5, 6.0, 4.5 ], "rotation": 90, "autoUv": false }
					}
				},
				{
					"name": "cochineal9",
					"from": [ -2.45, 0.05, -0.55 ], 
					"to": [ -2.05, 1.05, 0.55 ], 
					"rotationOrigin": [ -1.0, 0.0, 0.0 ],
					"rotationZ": 2.0,
					"faces": {
						"north": { "texture": "#cochineal", "uv": [ 1.0, 1.0, 4.5, 4.0 ], "rotation": 90, "autoUv": false },
						"east": { "texture": "#cochineal", "uv": [ 1.5, 2.0, 6.0, 5.0 ], "autoUv": false },
						"south": { "texture": "#cochineal", "uv": [ 2.0, 1.0, 6.0, 3.5 ], "rotation": 270, "autoUv": false },
						"west": { "texture": "#cochineal", "uv": [ 0.0, 1.0, 4.0, 5.0 ], "autoUv": false },
						"up": { "texture": "#cochineal", "uv": [ 1.5, 1.5, 4.5, 4.0 ], "rotation": 270, "autoUv": false },
						"down": { "texture": "#cochineal", "uv": [ 3.0, 1.5, 6.5, 4.5 ], "rotation": 90, "autoUv": false }
					},
					"children": [
						{
							"name": "cochinealhead10",
							"from": [ -0.1494, 0.1849, 0.25 ], 
							"to": [ 0.2506, 0.5849, 0.85 ], 
							"rotationOrigin": [ 0.4506, -0.0151, 0.55 ],
							"rotationZ": 15.0,
							"faces": {
								"north": { "texture": "#cochineal", "uv": [ 0.0, 3.0, 2.0, 4.0 ], "rotation": 90, "autoUv": false },
								"east": { "texture": "#cochineal", "uv": [ 0.0, 3.0, 2.0, 4.0 ], "autoUv": false },
								"south": { "texture": "#cochineal", "uv": [ 0.0, 3.0, 2.0, 4.0 ], "rotation": 270, "autoUv": false },
								"west": { "texture": "#cochineal", "uv": [ 5.0, 7.0, 7.0, 8.0 ], "autoUv": false },
								"up": { "texture": "#cochineal", "uv": [ 0.0, 3.0, 2.0, 4.0 ], "rotation": 270, "autoUv": false },
								"down": { "texture": "#cochineal", "uv": [ 0.0, 3.0, 2.0, 4.0 ], "rotation": 90, "autoUv": false }
							}
						},
						{
							"name": "cochineal12",
							"from": [ -0.2494, -0.0151, 0.9 ], 
							"to": [ 0.1506, 0.0849, 1.0 ], 
							"rotationOrigin": [ 0.4506, -0.0151, 1.55 ],
							"rotationX": 0.317,
							"rotationY": 8.994,
							"rotationZ": -11.025,
							"faces": {
								"north": { "texture": "#cochineal", "uv": [ 0.0, 7.0, 1.5, 7.5 ], "autoUv": false },
								"east": { "texture": "#cochineal", "uv": [ 0.0, 7.0, 2.0, 7.5 ], "autoUv": false },
								"south": { "texture": "#cochineal", "uv": [ 0.0, 7.0, 1.5, 7.5 ], "autoUv": false },
								"west": { "texture": "#cochineal", "uv": [ 0.0, 7.0, 1.5, 7.5 ], "autoUv": false },
								"up": { "texture": "#cochineal", "uv": [ 0.0, 7.0, 1.5, 7.5 ], "autoUv": false },
								"down": { "texture": "#cochineal", "uv": [ 0.0, 7.0, 1.5, 7.5 ], "rotation": 90, "autoUv": false }
							},
							"children": [
								{
									"name": "cochineal15",
									"from": [ -0.0659, -0.2588, 0.015 ], 
									"to": [ 0.1841, -0.1888, 0.085 ], 
									"rotationOrigin": [ -0.2659, -0.2588, 0.65 ],
									"rotationZ": 43.0,
									"faces": {
										"north": { "texture": "#cochineal", "uv": [ 3.5, 7.0, 4.0, 7.5 ], "rotation": 90 },
										"east": { "texture": "#cochineal", "uv": [ 3.5, 7.0, 4.0, 7.5 ] },
										"south": { "texture": "#cochineal", "uv": [ 3.5, 7.0, 4.0, 7.5 ], "rotation": 270 },
										"west": { "texture": "#cochineal", "uv": [ 3.5, 7.0, 4.0, 7.5 ] },
										"up": { "texture": "#cochineal", "uv": [ 3.5, 7.0, 4.0, 7.5 ], "rotation": 270 },
										"down": { "texture": "#cochineal", "uv": [ 3.5, 7.0, 4.0, 7.5 ], "rotation": 90 }
									}
								}
							]
						},
						{
							"name": "cochineal13",
							"from": [ -0.2494, -0.0151, 0.1 ], 
							"to": [ 0.1506, 0.0849, 0.2 ], 
							"rotationOrigin": [ 0.4506, -0.0151, -0.45 ],
							"rotationX": -0.317,
							"rotationY": -8.994,
							"rotationZ": -11.025,
							"faces": {
								"north": { "texture": "#cochineal", "uv": [ 0.0, 7.0, 0.5, 7.5 ], "rotation": 90, "autoUv": false },
								"east": { "texture": "#cochineal", "uv": [ 0.0, 7.0, 0.5, 7.5 ] },
								"south": { "texture": "#cochineal", "uv": [ 0.0, 7.0, 0.5, 7.5 ], "rotation": 270 },
								"west": { "texture": "#cochineal", "uv": [ 0.0, 7.0, 0.5, 7.5 ] },
								"up": { "texture": "#cochineal", "uv": [ 0.0, 7.0, 0.5, 7.5 ], "rotation": 270 },
								"down": { "texture": "#cochineal", "uv": [ 0.0, 7.0, 0.5, 7.5 ], "rotation": 90 }
							},
							"children": [
								{
									"name": "cochineal14",
									"from": [ -0.0659, -0.2588, 0.015 ], 
									"to": [ 0.1841, -0.1888, 0.085 ], 
									"rotationOrigin": [ -0.2659, -0.2588, 0.45 ],
									"rotationZ": 43.0,
									"faces": {
										"north": { "texture": "#cochineal", "uv": [ 3.5, 7.0, 4.0, 7.5 ], "rotation": 90 },
										"east": { "texture": "#cochineal", "uv": [ 3.5, 7.0, 4.0, 7.5 ] },
										"south": { "texture": "#cochineal", "uv": [ 3.5, 7.0, 4.0, 7.5 ], "rotation": 270 },
										"west": { "texture": "#cochineal", "uv": [ 3.5, 7.0, 4.0, 7.5 ] },
										"up": { "texture": "#cochineal", "uv": [ 3.5, 7.0, 4.0, 7.5 ], "rotation": 270 },
										"down": { "texture": "#cochineal", "uv": [ 3.5, 7.0, 4.0, 7.5 ], "rotation": 90 }
									}
								}
							]
						}
					]
				}
			]
		}
	],
	"animations": [
		{
			"name": "Walk",
			"code": "walk",
			"quantityframes": 15,
			"onActivityStopped": "EaseOut",
			"onAnimationEnd": "Repeat",
			"keyframes": [
				{
					"frame": 1,
					"elements": {
						"origin": {  },
						"cochineal4": { "offsetX": -0.2, "offsetY": 0.0, "offsetZ": 0.0 },
						"cochineal1": { "offsetX": -0.3, "offsetY": 0.0, "offsetZ": 0.0 },
						"cochineal2": { "offsetX": -0.5, "offsetY": 0.0, "offsetZ": 0.0 }
					}
				},
				{
					"frame": 2,
					"elements": {
						"origin": {  },
						"cochineal9": { "offsetX": -0.1, "offsetY": 0.0, "offsetZ": 0.0 },
						"cochineal12": { "offsetX": 0.0, "offsetY": 0.0, "offsetZ": 0.0, "rotationX": 0.0, "rotationY": 0.0, "rotationZ": 18.0 },
						"cochineal13": { "offsetX": 0.0, "offsetY": 0.0, "offsetZ": 0.0, "rotationX": 0.0, "rotationY": 0.0, "rotationZ": 18.0 },
						"cochineal8": { "offsetX": -0.1, "offsetY": 0.0, "offsetZ": 0.0 },
						"cochineal7": { "offsetX": -0.1, "offsetY": 0.0, "offsetZ": 0.0 },
						"cochineal5": { "offsetX": -0.1, "offsetY": 0.0, "offsetZ": 0.0 }
					}
				},
				{
					"frame": 6,
					"elements": {
						"origin": {  },
						"cochineal1": { "offsetX": 0.1, "offsetY": 0.0, "offsetZ": 0.0 },
						"cochineal2": { "offsetX": 0.0, "offsetY": 0.0, "offsetZ": 0.0 },
						"cochineal4": { "offsetX": 0.1, "offsetY": 0.0, "offsetZ": 0.0 },
						"cochineal5": { "offsetX": 0.1, "offsetY": 0.0, "offsetZ": 0.0 },
						"cochineal7": { "offsetX": 0.1, "offsetY": 0.0, "offsetZ": 0.0 },
						"cochineal8": { "offsetX": 0.1, "offsetY": 0.0, "offsetZ": 0.0 },
						"cochineal9": { "offsetX": 0.2, "offsetY": 0.0, "offsetZ": 0.0 },
						"cochineal12": { "offsetX": 0.0, "offsetY": 0.0, "offsetZ": 0.0, "rotationX": 0.0, "rotationY": 0.0, "rotationZ": 0.0 },
						"cochineal13": { "offsetX": 0.0, "offsetY": 0.0, "offsetZ": 0.0, "rotationX": 0.0, "rotationY": 0.0, "rotationZ": 0.0 }
					}
				}
			]
		},

		{
			"name": "Idle",
			"code": "idle",
			"quantityframes": 10,
			"onActivityStopped": "EaseOut",
			"onAnimationEnd": "Repeat",
			"keyframes": [
				{
					"frame": 0,
					"elements": {
						"origin": {  },
						"cochineal9": {  },
						"cochineal12": { "offsetX": 0.0, "offsetY": 0.0, "offsetZ": 0.0, "rotationX": 0.0, "rotationY": 0.0, "rotationZ": 0.0 },
						"cochineal13": { "offsetX": 0.0, "offsetY": 0.0, "offsetZ": 0.0, "rotationX": 0.0, "rotationY": 0.0, "rotationZ": 0.0 }
					}
				},
				{
					"frame": 5,
					"elements": {
						"origin": {  },
						"cochineal9": {  },
						"cochineal12": { "offsetX": 0.0, "offsetY": 0.0, "offsetZ": 0.0, "rotationX": 0.0, "rotationY": 0.0, "rotationZ": -27.0 },
						"cochineal13": { "offsetX": 0.0, "offsetY": 0.0, "offsetZ": 0.0, "rotationX": 0.0, "rotationY": 0.0, "rotationZ": -14.0 }
					}
				}
			]
		},

		{
			"name": "Die",
			"code": "die",
			"quantityframes": 30,
			"onActivityStopped": "PlayTillEnd",
			"onAnimationEnd": "Repeat",
			"keyframes": [
				{
					"frame": 1,
					"elements": {
						"origin": { "offsetX": 0.0, "offsetY": 0.0, "offsetZ": 0.0, "rotationX": 0.0, "rotationY": 0.0, "rotationZ": 0.0 }
					}
				},
				{
					"frame": 29,
					"elements": {
						"origin": { "offsetX": 0.0, "offsetY": 0.0, "offsetZ": 0.0, "rotationX": 61.0, "rotationY": 0.0, "rotationZ": 0.0 }
					}
				}
			]
		}
	]
}