{
	"editor": {
		"allAngles": true,
		"entityTextureMode": false
	},
	"textureWidth": 16,
	"textureHeight": 16,
	"textureSizes": {
	},
	"textures": {
		"cricket": "cricket"
	},
	"elements": [
		{
			"name": "body1",
			"from": [ 6.5, 0.0, 7.5 ], 
			"to": [ 9.0, 1.0, 8.5 ], 
			"rotationOrigin": [ 8.0, 0.0, 8.0 ],
			"rotationY": -180.0,
			"faces": {
				"north": { "texture": "#cricket", "uv": [ 2.0, 7.0, 10.0, 16.0 ], "autoUv": false },
				"east": { "texture": "#cricket", "uv": [ 2.0, 7.0, 10.0, 16.0 ], "autoUv": false },
				"south": { "texture": "#cricket", "uv": [ 2.0, 7.0, 10.0, 16.0 ], "autoUv": false },
				"west": { "texture": "#cricket", "uv": [ 2.0, 7.0, 10.0, 16.0 ], "autoUv": false },
				"up": { "texture": "#cricket", "uv": [ 2.0, 7.0, 10.0, 16.0 ], "autoUv": false },
				"down": { "texture": "#cricket", "uv": [ 2.0, 7.0, 10.0, 16.0 ], "autoUv": false }
			},
			"children": [
				{
					"name": "thigh1",
					"from": [ 0.9, 0.3, 0.9 ], 
					"to": [ 1.3, 2.115, 1.3 ], 
					"rotationOrigin": [ 1.0, 0.0, 1.0 ],
					"rotationY": 14.0,
					"rotationZ": 50.0,
					"faces": {
						"north": { "texture": "#cricket", "uv": [ 7.0, 7.0, 9.0, 15.0 ], "autoUv": false },
						"east": { "texture": "#cricket", "uv": [ 7.0, 7.0, 9.0, 16.0 ], "autoUv": false },
						"south": { "texture": "#cricket", "uv": [ 7.0, 7.0, 9.0, 16.0 ], "autoUv": false },
						"west": { "texture": "#cricket", "uv": [ 7.0, 7.0, 9.0, 16.0 ], "autoUv": false },
						"up": { "texture": "#cricket", "uv": [ 7.0, 7.0, 9.0, 9.0 ], "autoUv": false },
						"down": { "texture": "#cricket", "uv": [ 7.0, 7.0, 9.0, 14.0 ], "autoUv": false }
					},
					"children": [
						{
							"name": "shin1",
							"from": [ 0.1, 1.3, 0.07 ], 
							"to": [ 0.35, 2.8, 0.32 ], 
							"rotationOrigin": [ 0.0, 1.4142, 0.0 ],
							"rotationZ": 90.0,
							"faces": {
								"north": { "texture": "#cricket", "uv": [ 7.0, 0.0, 9.0, 9.0 ], "autoUv": false },
								"east": { "texture": "#cricket", "uv": [ 7.0, 0.0, 9.0, 9.0 ], "autoUv": false },
								"south": { "texture": "#cricket", "uv": [ 7.0, 0.0, 9.0, 9.0 ], "autoUv": false },
								"west": { "texture": "#cricket", "uv": [ 7.0, 0.0, 9.0, 9.0 ], "autoUv": false },
								"up": { "texture": "#cricket", "uv": [ 7.0, 0.0, 9.0, 2.0 ], "autoUv": false },
								"down": { "texture": "#cricket", "uv": [ 7.0, 0.0, 9.0, 9.0 ], "autoUv": false }
							}
						}
					]
				},
				{
					"name": "thigh2",
					"from": [ 0.9, 0.3, -0.3 ], 
					"to": [ 1.3, 2.115, 0.1 ], 
					"rotationOrigin": [ 1.0, 0.0, 0.0 ],
					"rotationY": -14.0,
					"rotationZ": 50.0,
					"faces": {
						"north": { "texture": "#cricket", "uv": [ 5.0, 7.0, 7.0, 16.0 ], "autoUv": false },
						"east": { "texture": "#cricket", "uv": [ 5.0, 7.0, 7.0, 16.0 ], "autoUv": false },
						"south": { "texture": "#cricket", "uv": [ 5.0, 7.0, 7.0, 16.0 ], "autoUv": false },
						"west": { "texture": "#cricket", "uv": [ 6.0, 7.0, 8.0, 16.0 ], "autoUv": false },
						"up": { "texture": "#cricket", "uv": [ 6.0, 7.0, 8.0, 9.0 ], "autoUv": false },
						"down": { "texture": "#cricket", "uv": [ 6.0, 7.0, 8.0, 16.0 ], "autoUv": false }
					},
					"children": [
						{
							"name": "shin2",
							"from": [ 0.1, 1.3, 0.07 ], 
							"to": [ 0.35, 2.8, 0.32 ], 
							"rotationOrigin": [ 0.0, 1.4142, 0.0 ],
							"rotationZ": 90.0,
							"faces": {
								"north": { "texture": "#cricket", "uv": [ 7.0, 0.0, 9.0, 9.0 ], "autoUv": false },
								"east": { "texture": "#cricket", "uv": [ 7.0, 0.0, 9.0, 9.0 ], "autoUv": false },
								"south": { "texture": "#cricket", "uv": [ 7.0, 0.0, 9.0, 9.0 ], "autoUv": false },
								"west": { "texture": "#cricket", "uv": [ 7.0, 0.0, 9.0, 9.0 ], "autoUv": false },
								"up": { "texture": "#cricket", "uv": [ 7.0, 0.0, 9.0, 2.0 ], "autoUv": false },
								"down": { "texture": "#cricket", "uv": [ 7.0, 0.0, 9.0, 9.0 ], "autoUv": false }
							}
						}
					]
				},
				{
					"name": "head1",
					"from": [ 2.4, 0.2, 0.2 ], 
					"to": [ 2.8, 0.9, 0.8 ], 
					"rotationOrigin": [ 2.0, 0.0, 0.0 ],
					"rotationZ": -5.0,
					"faces": {
						"north": { "texture": "#cricket", "uv": [ 2.0, 7.0, 6.0, 10.0 ], "autoUv": false },
						"east": { "texture": "#cricket", "uv": [ 9.0, 8.0, 16.0, 14.0 ], "autoUv": false },
						"south": { "texture": "#cricket", "uv": [ 2.0, 7.0, 6.0, 10.0 ], "autoUv": false },
						"west": { "texture": "#cricket", "uv": [ 0.0, 7.0, 1.0, 8.0 ] },
						"up": { "texture": "#cricket", "uv": [ 2.0, 7.0, 6.0, 10.0 ], "autoUv": false },
						"down": { "texture": "#cricket", "uv": [ 2.0, 7.0, 6.0, 10.0 ], "autoUv": false }
					},
					"children": [
						{
							"name": "antennaR1",
							"from": [ 0.2371, 0.5409, 0.4 ], 
							"to": [ 2.3371, 0.5909, 0.45 ], 
							"rotationOrigin": [ 0.0371, 0.5409, 0.3 ],
							"rotationX": 0.702,
							"rotationY": -7.969,
							"rotationZ": 13.049,
							"faces": {
								"north": { "texture": "#cricket", "uv": [ 0.0, 3.0, 7.0, 4.0 ], "autoUv": false },
								"east": { "texture": "#cricket", "uv": [ 0.0, 3.0, 7.0, 4.0 ], "autoUv": false },
								"south": { "texture": "#cricket", "uv": [ 0.0, 3.0, 7.0, 4.0 ], "autoUv": false },
								"west": { "texture": "#cricket", "uv": [ 0.0, 3.0, 7.0, 4.0 ], "autoUv": false },
								"up": { "texture": "#cricket", "uv": [ 0.0, 3.0, 7.0, 4.0 ], "autoUv": false },
								"down": { "texture": "#cricket", "uv": [ 0.0, 3.0, 7.0, 4.0 ], "autoUv": false }
							}
						},
						{
							"name": "antennaR2",
							"from": [ 0.2371, 0.5409, 0.15 ], 
							"to": [ 2.3371, 0.5909, 0.2 ], 
							"rotationOrigin": [ 0.0371, 0.5409, 0.3 ],
							"rotationX": -0.702,
							"rotationY": 7.969,
							"rotationZ": 13.049,
							"faces": {
								"north": { "texture": "#cricket", "uv": [ 0.0, 3.0, 7.0, 4.0 ], "autoUv": false },
								"east": { "texture": "#cricket", "uv": [ 0.0, 3.0, 7.0, 4.0 ], "autoUv": false },
								"south": { "texture": "#cricket", "uv": [ 0.0, 3.0, 7.0, 4.0 ], "autoUv": false },
								"west": { "texture": "#cricket", "uv": [ 0.0, 3.0, 7.0, 4.0 ], "autoUv": false },
								"up": { "texture": "#cricket", "uv": [ 0.0, 3.0, 7.0, 4.0 ], "autoUv": false },
								"down": { "texture": "#cricket", "uv": [ 0.0, 3.0, 7.0, 4.0 ], "autoUv": false }
							}
						},
						{
							"name": "righteye1",
							"from": [ 0.3, 0.2, 0.45 ], 
							"to": [ 0.5, 0.55, 0.65 ], 
							"rotationOrigin": [ 0.0981, -0.1564, 0.3 ],
							"rotationZ": 5.0,
							"faces": {
								"north": { "texture": "#cricket", "uv": [ 0.0, 7.0, 1.0, 8.0 ] },
								"east": { "texture": "#cricket", "uv": [ 0.0, 7.0, 1.0, 8.0 ] },
								"south": { "texture": "#cricket", "uv": [ 0.0, 7.0, 1.0, 8.0 ] },
								"west": { "texture": "#cricket", "uv": [ 0.0, 7.0, 1.0, 8.0 ] },
								"up": { "texture": "#cricket", "uv": [ 0.0, 7.0, 1.0, 8.0 ] },
								"down": { "texture": "#cricket", "uv": [ 0.0, 7.0, 1.0, 8.0 ] }
							}
						},
						{
							"name": "lefteye1",
							"from": [ 0.3, 0.2, -0.04 ], 
							"to": [ 0.5, 0.55, 0.16 ], 
							"rotationOrigin": [ 0.0981, -0.1564, -0.7 ],
							"rotationZ": 5.0,
							"faces": {
								"north": { "texture": "#cricket", "uv": [ 0.0, 7.0, 1.0, 8.0 ] },
								"east": { "texture": "#cricket", "uv": [ 0.0, 7.0, 1.0, 8.0 ] },
								"south": { "texture": "#cricket", "uv": [ 0.0, 7.0, 1.0, 8.0 ] },
								"west": { "texture": "#cricket", "uv": [ 0.0, 7.0, 1.0, 8.0 ] },
								"up": { "texture": "#cricket", "uv": [ 0.0, 7.0, 1.0, 8.0 ] },
								"down": { "texture": "#cricket", "uv": [ 0.0, 7.0, 1.0, 8.0 ] }
							}
						}
					]
				},
				{
					"name": "wingL1",
					"from": [ 0.4, 1.0, 0.0 ], 
					"to": [ 1.8, 1.0, 0.5 ], 
					"rotationOrigin": [ 1.8, 1.0, 0.5 ],
					"rotationZ": -8.0,
					"faces": {
						"north": { "texture": "#cricket", "uv": [ 0.0, 0.0, 1.0, 1.0 ] },
						"east": { "texture": "#cricket", "uv": [ 0.0, 0.0, 1.0, 1.0 ] },
						"south": { "texture": "#cricket", "uv": [ 0.0, 0.0, 1.0, 1.0 ] },
						"west": { "texture": "#cricket", "uv": [ 0.0, 0.0, 1.0, 1.0 ] },
						"up": { "texture": "#cricket", "uv": [ 0.0, 0.0, 8.0, 5.0 ], "autoUv": false },
						"down": { "texture": "#cricket", "uv": [ 0.0, 0.0, 1.0, 1.0 ] }
					}
				},
				{
					"name": "wingR1",
					"from": [ 0.4, 1.0, 0.5 ], 
					"to": [ 1.8, 1.0, 1.0 ], 
					"rotationOrigin": [ 1.8, 1.0, 0.5 ],
					"rotationZ": -8.0,
					"faces": {
						"north": { "texture": "#cricket", "uv": [ 0.0, 0.0, 1.0, 1.0 ] },
						"east": { "texture": "#cricket", "uv": [ 0.0, 0.0, 1.0, 1.0 ] },
						"south": { "texture": "#cricket", "uv": [ 0.0, 0.0, 1.0, 1.0 ] },
						"west": { "texture": "#cricket", "uv": [ 0.0, 0.0, 1.0, 1.0 ] },
						"up": { "texture": "#cricket", "uv": [ 16.0, 1.0, 8.0, 6.5 ], "autoUv": false },
						"down": { "texture": "#cricket", "uv": [ 0.0, 0.0, 1.0, 1.0 ] }
					}
				},
				{
					"name": "tailthingy1",
					"from": [ -1.4, 0.5, 0.45 ], 
					"to": [ 0.2, 0.6, 0.55 ], 
					"rotationOrigin": [ -1.0, 0.0, 0.0 ],
					"faces": {
						"north": { "texture": "#cricket", "uv": [ 0.0, 7.0, 2.0, 9.0 ], "autoUv": false },
						"east": { "texture": "#cricket", "uv": [ 0.0, 7.0, 2.0, 9.0 ], "autoUv": false },
						"south": { "texture": "#cricket", "uv": [ 0.0, 7.0, 2.0, 9.0 ], "autoUv": false },
						"west": { "texture": "#cricket", "uv": [ 0.0, 7.0, 2.0, 9.0 ], "autoUv": false },
						"up": { "texture": "#cricket", "uv": [ 0.0, 7.0, 2.0, 9.0 ], "autoUv": false },
						"down": { "texture": "#cricket", "uv": [ 0.0, 7.0, 2.0, 9.0 ], "autoUv": false }
					}
				},
				{
					"name": "tailthingy2",
					"from": [ -0.6, 0.5, 0.6 ], 
					"to": [ 0.1, 0.6, 0.7 ], 
					"rotationOrigin": [ 0.0, 0.0, 1.0 ],
					"rotationY": 14.0,
					"faces": {
						"north": { "texture": "#cricket", "uv": [ 0.0, 7.0, 2.0, 9.0 ], "autoUv": false },
						"east": { "texture": "#cricket", "uv": [ 0.0, 7.0, 2.0, 9.0 ], "autoUv": false },
						"south": { "texture": "#cricket", "uv": [ 0.0, 7.0, 2.0, 9.0 ], "autoUv": false },
						"west": { "texture": "#cricket", "uv": [ 0.0, 7.0, 2.0, 9.0 ], "autoUv": false },
						"up": { "texture": "#cricket", "uv": [ 0.0, 7.0, 2.0, 9.0 ], "autoUv": false },
						"down": { "texture": "#cricket", "uv": [ 0.0, 7.0, 2.0, 9.0 ], "autoUv": false }
					}
				},
				{
					"name": "tailthingy3",
					"from": [ -0.6, 0.5, 0.3 ], 
					"to": [ 0.1, 0.6, 0.4 ], 
					"rotationOrigin": [ 0.0, 0.0, 0.0 ],
					"rotationY": -14.0,
					"faces": {
						"north": { "texture": "#cricket", "uv": [ 0.0, 7.0, 2.0, 9.0 ], "autoUv": false },
						"east": { "texture": "#cricket", "uv": [ 0.0, 7.0, 2.0, 9.0 ], "autoUv": false },
						"south": { "texture": "#cricket", "uv": [ 0.0, 7.0, 2.0, 9.0 ], "autoUv": false },
						"west": { "texture": "#cricket", "uv": [ 0.0, 7.0, 2.0, 9.0 ], "autoUv": false },
						"up": { "texture": "#cricket", "uv": [ 0.0, 7.0, 2.0, 9.0 ], "autoUv": false },
						"down": { "texture": "#cricket", "uv": [ 0.0, 7.0, 2.0, 9.0 ], "autoUv": false }
					}
				},
				{
					"name": "middlelegR1",
					"from": [ 1.5, 0.2, 1.0 ], 
					"to": [ 1.6, 0.3, 1.8 ], 
					"rotationOrigin": [ 1.5, 0.2, 1.0 ],
					"rotationX": -38.0,
					"faces": {
						"north": { "texture": "#cricket", "uv": [ 0.0, 0.0, 0.5, 0.5 ] },
						"east": { "texture": "#cricket", "uv": [ 0.0, 0.0, 0.5, 0.5 ] },
						"south": { "texture": "#cricket", "uv": [ 0.0, 0.0, 0.5, 0.5 ] },
						"west": { "texture": "#cricket", "uv": [ 0.0, 0.0, 0.5, 0.5 ] },
						"up": { "texture": "#cricket", "uv": [ 0.0, 0.0, 0.5, 0.5 ] },
						"down": { "texture": "#cricket", "uv": [ 0.0, 0.0, 0.5, 0.5 ] }
					},
					"children": [
						{
							"name": "middlelegR2",
							"from": [ 0.0, 0.0, 0.9 ], 
							"to": [ 0.1, 0.1, 1.7 ], 
							"rotationOrigin": [ 0.0, 0.1, 0.8 ],
							"rotationX": 90.0,
							"faces": {
								"north": { "texture": "#cricket", "uv": [ 0.0, 0.0, 0.5, 0.5 ] },
								"east": { "texture": "#cricket", "uv": [ 0.0, 0.0, 0.5, 0.5 ] },
								"south": { "texture": "#cricket", "uv": [ 0.0, 0.0, 0.5, 0.5 ] },
								"west": { "texture": "#cricket", "uv": [ 0.0, 0.0, 0.5, 0.5 ] },
								"up": { "texture": "#cricket", "uv": [ 0.0, 0.0, 0.5, 0.5 ] },
								"down": { "texture": "#cricket", "uv": [ 0.0, 0.0, 0.5, 0.5 ] }
							}
						}
					]
				},
				{
					"name": "middlelegL1",
					"from": [ 1.5, 0.2, -0.8 ], 
					"to": [ 1.6, 0.3, 0.0 ], 
					"rotationOrigin": [ 1.5, 0.2, 0.0 ],
					"rotationX": 38.0,
					"faces": {
						"north": { "texture": "#cricket", "uv": [ 0.0, 0.0, 0.5, 0.5 ] },
						"east": { "texture": "#cricket", "uv": [ 0.0, 0.0, 0.5, 0.5 ] },
						"south": { "texture": "#cricket", "uv": [ 0.0, 0.0, 0.5, 0.5 ] },
						"west": { "texture": "#cricket", "uv": [ 0.0, 0.0, 0.5, 0.5 ] },
						"up": { "texture": "#cricket", "uv": [ 0.0, 0.0, 0.5, 0.5 ] },
						"down": { "texture": "#cricket", "uv": [ 0.0, 0.0, 0.5, 0.5 ] }
					},
					"children": [
						{
							"name": "middlelegL2",
							"from": [ 0.0, 0.0, -0.9 ], 
							"to": [ 0.1, 0.1, -0.1 ], 
							"rotationOrigin": [ 0.0, 0.1, 0.0 ],
							"rotationX": -90.0,
							"faces": {
								"north": { "texture": "#cricket", "uv": [ 0.0, 0.0, 0.5, 0.5 ] },
								"east": { "texture": "#cricket", "uv": [ 0.0, 0.0, 0.5, 0.5 ] },
								"south": { "texture": "#cricket", "uv": [ 0.0, 0.0, 0.5, 0.5 ] },
								"west": { "texture": "#cricket", "uv": [ 0.0, 0.0, 0.5, 0.5 ] },
								"up": { "texture": "#cricket", "uv": [ 0.0, 0.0, 0.5, 0.5 ] },
								"down": { "texture": "#cricket", "uv": [ 0.0, 0.0, 0.5, 0.5 ] }
							}
						}
					]
				},
				{
					"name": "frontlegR1",
					"from": [ 1.9, 0.2, 1.0 ], 
					"to": [ 2.0, 0.3, 1.7 ], 
					"rotationOrigin": [ 2.0, 0.2, 1.0 ],
					"rotationX": -45.0,
					"rotationY": 30.0,
					"rotationZ": 30.0,
					"faces": {
						"north": { "texture": "#cricket", "uv": [ 0.0, 0.0, 0.5, 0.5 ] },
						"east": { "texture": "#cricket", "uv": [ 0.0, 0.0, 0.5, 0.5 ] },
						"south": { "texture": "#cricket", "uv": [ 0.0, 0.0, 0.5, 0.5 ] },
						"west": { "texture": "#cricket", "uv": [ 0.0, 0.0, 0.5, 0.5 ] },
						"up": { "texture": "#cricket", "uv": [ 0.0, 0.0, 0.5, 0.5 ] },
						"down": { "texture": "#cricket", "uv": [ 0.0, 0.0, 0.5, 0.5 ] }
					},
					"children": [
						{
							"name": "frontlegR2",
							"from": [ 0.0, 0.0, 0.8 ], 
							"to": [ 0.1, 0.1, 1.5 ], 
							"rotationOrigin": [ 0.1, 0.1, 0.7 ],
							"rotationX": 90.0,
							"faces": {
								"north": { "texture": "#cricket", "uv": [ 0.0, 0.0, 0.5, 0.5 ] },
								"east": { "texture": "#cricket", "uv": [ 0.0, 0.0, 0.5, 0.5 ] },
								"south": { "texture": "#cricket", "uv": [ 0.0, 0.0, 0.5, 0.5 ] },
								"west": { "texture": "#cricket", "uv": [ 0.0, 0.0, 0.5, 0.5 ] },
								"up": { "texture": "#cricket", "uv": [ 0.0, 0.0, 0.5, 0.5 ] },
								"down": { "texture": "#cricket", "uv": [ 0.0, 0.0, 0.5, 0.5 ] }
							}
						}
					]
				},
				{
					"name": "frontlegL1",
					"from": [ 1.9, 0.2, -0.7 ], 
					"to": [ 2.0, 0.3, 0.0 ], 
					"rotationOrigin": [ 2.0, 0.2, 0.0 ],
					"rotationX": 45.0,
					"rotationY": -30.0,
					"rotationZ": 30.0,
					"faces": {
						"north": { "texture": "#cricket", "uv": [ 0.0, 0.0, 0.5, 0.5 ] },
						"east": { "texture": "#cricket", "uv": [ 0.0, 0.0, 0.5, 0.5 ] },
						"south": { "texture": "#cricket", "uv": [ 0.0, 0.0, 0.5, 0.5 ] },
						"west": { "texture": "#cricket", "uv": [ 0.0, 0.0, 0.5, 0.5 ] },
						"up": { "texture": "#cricket", "uv": [ 0.0, 0.0, 0.5, 0.5 ] },
						"down": { "texture": "#cricket", "uv": [ 0.0, 0.0, 0.5, 0.5 ] }
					},
					"children": [
						{
							"name": "frontlegL2",
							"from": [ 0.0, 0.0, -0.8 ], 
							"to": [ 0.1, 0.1, -0.1 ], 
							"rotationOrigin": [ 0.1, 0.1, 0.0 ],
							"rotationX": -90.0,
							"faces": {
								"north": { "texture": "#cricket", "uv": [ 0.0, 0.0, 0.5, 0.5 ] },
								"east": { "texture": "#cricket", "uv": [ 0.0, 0.0, 0.5, 0.5 ] },
								"south": { "texture": "#cricket", "uv": [ 0.0, 0.0, 0.5, 0.5 ] },
								"west": { "texture": "#cricket", "uv": [ 0.0, 0.0, 0.5, 0.5 ] },
								"up": { "texture": "#cricket", "uv": [ 0.0, 0.0, 0.5, 0.5 ] },
								"down": { "texture": "#cricket", "uv": [ 0.0, 0.0, 0.5, 0.5 ] }
							}
						}
					]
				}
			]
		}
	],
	"animations": [
		{
			"name": "Chirp",
			"code": "chirp",
			"quantityframes": 10,
			"onActivityStopped": "EaseOut",
			"onAnimationEnd": "Repeat",
			"keyframes": [
				{
					"frame": 0,
					"elements": {
						"body1": {  },
						"head1": {  },
						"antennaR2": { "offsetX": 0.0, "offsetY": 0.0, "offsetZ": 0.0, "rotationX": 0.0, "rotationY": 0.0, "rotationZ": -11.0 },
						"antennaR1": { "offsetX": 0.0, "offsetY": 0.0, "offsetZ": 0.0, "rotationX": 0.0, "rotationY": 0.0, "rotationZ": -15.0 }
					}
				},
				{
					"frame": 1,
					"elements": {
						"body1": {  },
						"wingR1": { "offsetX": 0.0, "offsetY": 0.0, "offsetZ": 0.0, "rotationX": 0.0, "rotationY": 0.0, "rotationZ": 2.0 }
					}
				},
				{
					"frame": 2,
					"elements": {
						"body1": {  },
						"wingR1": { "offsetX": 0.0, "offsetY": 0.0, "offsetZ": 0.0, "rotationX": 0.0, "rotationY": -1.0, "rotationZ": 2.0 },
						"wingL1": { "offsetX": 0.0, "offsetY": 0.0, "offsetZ": 0.0, "rotationX": 0.0, "rotationY": 1.0, "rotationZ": 0.0 }
					}
				},
				{
					"frame": 3,
					"elements": {
						"body1": {  },
						"wingL1": { "offsetX": 0.0, "offsetY": 0.0, "offsetZ": 0.0, "rotationX": 0.0, "rotationY": 4.0, "rotationZ": 0.0 },
						"wingR1": { "offsetX": 0.0, "offsetY": 0.0, "offsetZ": 0.0, "rotationX": 0.0, "rotationY": -4.0, "rotationZ": 2.0 }
					}
				},
				{
					"frame": 4,
					"elements": {
						"body1": {  },
						"wingL1": { "offsetX": 0.0, "offsetY": 0.0, "offsetZ": 0.0, "rotationX": 0.0, "rotationY": 6.0, "rotationZ": 0.0 },
						"wingR1": { "offsetX": 0.0, "offsetY": 0.0, "offsetZ": 0.0, "rotationX": 0.0, "rotationY": -6.0, "rotationZ": 2.0 }
					}
				},
				{
					"frame": 6,
					"elements": {
						"body1": {  },
						"head1": {  },
						"antennaR1": { "offsetX": 0.0, "offsetY": 0.0, "offsetZ": 0.0, "rotationX": 0.0, "rotationY": 0.0, "rotationZ": 0.0 },
						"antennaR2": { "offsetX": 0.0, "offsetY": 0.0, "offsetZ": 0.0, "rotationX": 0.0, "rotationY": 0.0, "rotationZ": 0.0 }
					}
				}
			]
		},

		{
			"name": "Walk",
			"code": "walk",
			"quantityframes": 30,
			"onActivityStopped": "Rewind",
			"onAnimationEnd": "Repeat",
			"keyframes": [
				{
					"frame": 1,
					"elements": {
						"body1": {  },
						"thigh1": { "offsetX": 0.0, "offsetY": 0.0, "offsetZ": 0.0, "rotationX": 0.0, "rotationY": 0.0, "rotationZ": -14.0 },
						"shin1": { "rotationX": 0.0, "rotationY": 0.0, "rotationZ": 33.0 },
						"thigh2": { "offsetX": 0.0, "offsetY": 0.0, "offsetZ": 0.0, "rotationX": 0.0, "rotationY": 0.0, "rotationZ": 0.0 },
						"shin2": { "offsetX": 0.0, "offsetY": 0.0, "offsetZ": 0.0, "rotationX": 0.0, "rotationY": 0.0, "rotationZ": 0.0 }
					}
				},
				{
					"frame": 3,
					"elements": {
						"body1": {  },
						"middlelegR1": { "offsetX": 0.0, "offsetY": 0.0, "offsetZ": 0.0, "rotationX": 0.0, "rotationY": 0.0, "rotationZ": 0.0 },
						"frontlegL1": { "offsetX": 0.0, "offsetY": 0.0, "offsetZ": 0.0, "rotationX": 0.0, "rotationY": 0.0, "rotationZ": 0.0 }
					}
				},
				{
					"frame": 5,
					"elements": {
						"body1": {  },
						"thigh2": {  },
						"shin2": { "rotationX": 0.0, "rotationY": 0.0, "rotationZ": 33.0 }
					}
				},
				{
					"frame": 6,
					"elements": {
						"body1": {  },
						"frontlegR1": { "offsetX": 0.0, "offsetY": 0.0, "offsetZ": 0.0, "rotationX": 9.0, "rotationY": -34.0, "rotationZ": -31.0 },
						"middlelegL1": { "offsetX": 0.0, "offsetY": 0.0, "offsetZ": 0.0, "rotationX": 0.0, "rotationY": 24.0, "rotationZ": -23.0 }
					}
				},
				{
					"frame": 9,
					"elements": {
						"body1": {  },
						"thigh1": { "offsetX": 0.0, "offsetY": 0.0, "offsetZ": 0.0 }
					}
				},
				{
					"frame": 11,
					"elements": {
						"body1": {  },
						"thigh1": {  },
						"shin1": { "offsetX": 0.0, "offsetY": 0.0, "offsetZ": 0.0, "rotationX": 0.0, "rotationY": 0.0, "rotationZ": 38.0 }
					}
				},
				{
					"frame": 12,
					"elements": {
						"body1": {  },
						"frontlegR1": { "offsetX": 0.0, "offsetY": 0.0, "offsetZ": 0.0, "rotationX": 0.0, "rotationY": 0.0, "rotationZ": 0.0 },
						"middlelegL1": { "offsetX": 0.0, "offsetY": 0.0, "offsetZ": 0.0, "rotationX": 0.0, "rotationY": 0.0, "rotationZ": 0.0 },
						"frontlegL1": { "offsetX": 0.0, "offsetY": 0.0, "offsetZ": 0.0, "rotationX": -11.0, "rotationY": 30.0, "rotationZ": -28.0 },
						"middlelegR1": { "offsetX": 0.0, "offsetY": 0.0, "offsetZ": 0.0, "rotationX": 0.0, "rotationY": -22.0, "rotationZ": -16.0 }
					}
				},
				{
					"frame": 14,
					"elements": {
						"body1": {  },
						"head1": {  },
						"antennaR1": { "offsetX": 0.0, "offsetY": 0.0, "offsetZ": 0.0, "rotationX": 0.0, "rotationY": 0.0, "rotationZ": -7.0 },
						"antennaR2": { "offsetX": 0.0, "offsetY": 0.0, "offsetZ": 0.0, "rotationX": 0.0, "rotationY": 0.0, "rotationZ": -9.0 }
					}
				},
				{
					"frame": 18,
					"elements": {
						"body1": {  },
						"thigh2": {  },
						"shin2": { "offsetX": 0.0, "offsetY": 0.0, "offsetZ": 0.0, "rotationX": 0.0, "rotationY": 0.0, "rotationZ": 38.0 }
					}
				},
				{
					"frame": 19,
					"elements": {
						"body1": {  },
						"thigh2": {  },
						"shin2": { "offsetX": 0.0, "offsetY": 0.0, "offsetZ": 0.0, "rotationX": 0.0, "rotationY": 0.0, "rotationZ": 38.0 }
					}
				},
				{
					"frame": 24,
					"elements": {
						"body1": {  },
						"thigh1": { "offsetX": 0.0, "offsetY": 0.0, "offsetZ": 0.0, "rotationX": 0.0, "rotationY": 0.0, "rotationZ": 0.0 },
						"shin1": { "offsetX": 0.0, "offsetY": 0.0, "offsetZ": 0.0, "rotationX": 0.0, "rotationY": 0.0, "rotationZ": 0.0 },
						"thigh2": { "offsetX": 0.0, "offsetY": 0.0, "offsetZ": 0.0, "rotationX": 0.0, "rotationY": 0.0, "rotationZ": -13.0 },
						"shin2": { "offsetX": 0.0, "offsetY": 0.0, "offsetZ": 0.0, "rotationX": 0.0, "rotationY": 0.0, "rotationZ": 35.0 }
					}
				},
				{
					"frame": 25,
					"elements": {
						"body1": {  },
						"head1": {  },
						"antennaR2": { "offsetX": 0.0, "offsetY": 0.0, "offsetZ": 0.0, "rotationX": 0.0, "rotationY": 0.0, "rotationZ": 0.0 },
						"antennaR1": { "offsetX": 0.0, "offsetY": 0.0, "offsetZ": 0.0, "rotationX": 0.0, "rotationY": 0.0, "rotationZ": 0.0 }
					}
				}
			]
		},

		{
			"name": "Jump",
			"code": "jump",
			"quantityframes": 30,
			"onActivityStopped": "PlayTillEnd",
			"onAnimationEnd": "Repeat",
			"keyframes": [
				{
					"frame": 1,
					"elements": {
						"body1": {  },
						"thigh1": { "offsetX": 0.0, "offsetY": 0.0, "offsetZ": 0.0, "rotationX": 0.0, "rotationY": 0.0, "rotationZ": 0.0 },
						"shin1": { "offsetX": 0.0, "offsetY": 0.0, "offsetZ": 0.0, "rotationX": 0.0, "rotationY": 0.0, "rotationZ": 0.0 },
						"thigh2": { "offsetX": 0.0, "offsetY": 0.0, "offsetZ": 0.0, "rotationX": 0.0, "rotationY": 0.0, "rotationZ": 0.0 },
						"shin2": { "offsetX": 0.0, "offsetY": 0.0, "offsetZ": 0.0, "rotationX": 0.0, "rotationY": 0.0, "rotationZ": 0.0 }
					}
				},
				{
					"frame": 8,
					"elements": {
						"body1": { "offsetX": 0.0, "offsetY": 0.0, "offsetZ": 0.0, "rotationX": 0.0, "rotationY": 0.0, "rotationZ": 0.0 },
						"thigh2": { "offsetX": 0.0, "offsetY": 0.0, "offsetZ": 0.0, "rotationX": 0.0, "rotationY": 0.0, "rotationZ": -21.0 },
						"shin2": { "offsetX": 0.0, "offsetY": 0.0, "offsetZ": 0.0, "rotationX": 0.0, "rotationY": 0.0, "rotationZ": 52.0 },
						"thigh1": { "offsetX": 0.0, "offsetY": 0.0, "offsetZ": 0.0, "rotationX": 0.0, "rotationY": 0.0, "rotationZ": -21.0 },
						"shin1": { "offsetX": 0.0, "offsetY": 0.0, "offsetZ": 0.0, "rotationX": 0.0, "rotationY": 0.0, "rotationZ": 52.0 },
						"middlelegR1": { "offsetX": 0.0, "offsetY": 0.0, "offsetZ": 0.0, "rotationX": 0.0, "rotationY": 0.0, "rotationZ": 0.0 },
						"middlelegL1": { "offsetX": 0.0, "offsetY": 0.0, "offsetZ": 0.0, "rotationX": 0.0, "rotationY": 0.0, "rotationZ": 0.0 },
						"frontlegR1": { "offsetX": 0.0, "offsetY": 0.0, "offsetZ": 0.0, "rotationX": 0.0, "rotationY": 0.0, "rotationZ": 0.0 },
						"frontlegL1": { "offsetX": 0.0, "offsetY": 0.0, "offsetZ": 0.0, "rotationX": 0.0, "rotationY": 0.0, "rotationZ": 0.0 }
					}
				},
				{
					"frame": 9,
					"elements": {
						"body1": { "offsetX": 0.0, "offsetY": 0.0, "offsetZ": 0.0, "rotationX": 0.0, "rotationY": 0.0, "rotationZ": 0.0 },
						"head1": {  },
						"antennaR1": { "offsetX": 0.0, "offsetY": 0.0, "offsetZ": 0.0, "rotationX": 0.0, "rotationY": 0.0, "rotationZ": 0.0 },
						"antennaR2": { "offsetX": 0.0, "offsetY": 0.0, "offsetZ": 0.0, "rotationX": 0.0, "rotationY": 0.0, "rotationZ": 0.0 }
					}
				},
				{
					"frame": 12,
					"elements": {
						"body1": { "offsetX": 0.0, "offsetY": 1.0, "offsetZ": 0.0, "rotationX": 0.0, "rotationY": 0.0, "rotationZ": 15.0 }
					}
				},
				{
					"frame": 20,
					"elements": {
						"body1": {  },
						"thigh2": { "offsetX": 0.0, "offsetY": 0.0, "offsetZ": 0.0, "rotationX": 0.0, "rotationY": 0.0, "rotationZ": 30.0 },
						"shin2": { "offsetX": 0.0, "offsetY": 0.0, "offsetZ": 0.0, "rotationX": 0.0, "rotationY": 0.0, "rotationZ": -30.0 },
						"thigh1": { "offsetX": 0.0, "offsetY": 0.0, "offsetZ": 0.0, "rotationX": 0.0, "rotationY": 0.0, "rotationZ": 30.0 },
						"shin1": { "offsetX": 0.0, "offsetY": 0.0, "offsetZ": 0.0, "rotationX": 0.0, "rotationY": 0.0, "rotationZ": -30.0 }
					}
				},
				{
					"frame": 22,
					"elements": {
						"body1": { "offsetX": 0.0, "offsetY": 2.0, "offsetZ": 0.0 },
						"middlelegR1": { "offsetX": 0.0, "offsetY": 0.0, "offsetZ": 0.0, "rotationX": -21.0, "rotationY": 0.0, "rotationZ": 0.0 },
						"middlelegL1": { "offsetX": 0.0, "offsetY": 0.0, "offsetZ": 0.0, "rotationX": 21.0, "rotationY": 0.0, "rotationZ": 0.0 },
						"frontlegR1": { "offsetX": 0.0, "offsetY": 0.0, "offsetZ": 0.0, "rotationX": -18.0, "rotationY": 0.0, "rotationZ": 0.0 },
						"frontlegL1": { "offsetX": 0.0, "offsetY": 0.0, "offsetZ": 0.0, "rotationX": 18.0, "rotationY": 0.0, "rotationZ": 0.0 }
					}
				},
				{
					"frame": 23,
					"elements": {
						"body1": {  },
						"head1": {  },
						"antennaR1": { "offsetX": 0.0, "offsetY": 0.0, "offsetZ": 0.0, "rotationX": 0.0, "rotationY": 0.0, "rotationZ": 16.0 },
						"antennaR2": { "offsetX": 0.0, "offsetY": 0.0, "offsetZ": 0.0, "rotationX": 0.0, "rotationY": 0.0, "rotationZ": 10.0 }
					}
				}
			]
		},

		{
			"name": "Die",
			"code": "die",
			"quantityframes": 30,
			"onActivityStopped": "PlayTillEnd",
			"onAnimationEnd": "Stop",
			"keyframes": [
				{
					"frame": 0,
					"elements": {
						"body1": { "offsetX": 0.0, "offsetY": 0.0, "offsetZ": 0.0, "rotationX": 0.0, "rotationY": 0.0, "rotationZ": 0.0 }
					}
				},
				{
					"frame": 29,
					"elements": {
						"body1": { "offsetX": 0.0, "offsetY": 0.0, "offsetZ": 0.0, "rotationX": -80.0, "rotationY": 0.0, "rotationZ": 0.0 }
					}
				}
			]
		},

		{
			"name": "Idle",
			"code": "idle",
			"quantityframes": 30,
			"onActivityStopped": "Rewind",
			"onAnimationEnd": "Repeat",
			"keyframes": [
				{
					"frame": 0,
					"elements": {
						"body1": {  },
						"thigh1": { "offsetX": 0.0, "offsetY": 0.0, "offsetZ": 0.0, "rotationX": 0.0, "rotationY": 0.0, "rotationZ": 0.0 },
						"shin1": { "offsetX": 0.0, "offsetY": 0.0, "offsetZ": 0.0, "rotationX": 0.0, "rotationY": 0.0, "rotationZ": 0.0 },
						"thigh2": { "offsetX": 0.0, "offsetY": 0.0, "offsetZ": 0.0, "rotationX": 0.0, "rotationY": 0.0, "rotationZ": 0.0 },
						"shin2": { "offsetX": 0.0, "offsetY": 0.0, "offsetZ": 0.0, "rotationX": 0.0, "rotationY": 0.0, "rotationZ": 0.0 }
					}
				},
				{
					"frame": 1,
					"elements": {
						"body1": {  },
						"head1": {  },
						"antennaR1": { "offsetX": 0.0, "offsetY": 0.0, "offsetZ": 0.0, "rotationX": 0.0, "rotationY": 0.0, "rotationZ": 0.0 },
						"antennaR2": { "offsetX": 0.0, "offsetY": 0.0, "offsetZ": 0.0, "rotationX": 0.0, "rotationY": 0.0, "rotationZ": 0.0 }
					}
				},
				{
					"frame": 10,
					"elements": {
						"body1": {  },
						"head1": {  },
						"antennaR2": { "offsetX": 0.0, "offsetY": 0.0, "offsetZ": 0.0, "rotationX": 0.0, "rotationY": 0.0, "rotationZ": -14.0 },
						"antennaR1": { "offsetX": 0.0, "offsetY": 0.0, "offsetZ": 0.0, "rotationX": 0.0, "rotationY": 0.0, "rotationZ": 6.0 }
					}
				},
				{
					"frame": 11,
					"elements": {
						"body1": {  },
						"thigh1": { "offsetX": 0.0, "offsetY": 0.0, "offsetZ": 0.0, "rotationX": 0.0, "rotationY": 0.0, "rotationZ": -14.0 },
						"shin1": { "offsetX": 0.0, "offsetY": 0.0, "offsetZ": 0.0, "rotationX": 0.0, "rotationY": 0.0, "rotationZ": 28.0 },
						"thigh2": { "offsetX": 0.0, "offsetY": 0.0, "offsetZ": 0.0, "rotationX": 0.0, "rotationY": 0.0, "rotationZ": 0.0 },
						"shin2": { "offsetX": 0.0, "offsetY": 0.0, "offsetZ": 0.0, "rotationX": 0.0, "rotationY": 0.0, "rotationZ": 0.0 }
					}
				},
				{
					"frame": 21,
					"elements": {
						"body1": {  },
						"head1": {  },
						"antennaR2": { "offsetX": 0.0, "offsetY": 0.0, "offsetZ": 0.0, "rotationX": 0.0, "rotationY": 0.0, "rotationZ": 6.0 },
						"antennaR1": { "offsetX": 0.0, "offsetY": 0.0, "offsetZ": 0.0, "rotationX": 0.0, "rotationY": 28.0, "rotationZ": 0.0 }
					}
				},
				{
					"frame": 22,
					"elements": {
						"body1": {  },
						"thigh2": { "offsetX": 0.0, "offsetY": 0.0, "offsetZ": 0.0, "rotationX": 0.0, "rotationY": 0.0, "rotationZ": -11.0 },
						"shin2": { "offsetX": 0.0, "offsetY": 0.0, "offsetZ": 0.0, "rotationX": 0.0, "rotationY": 0.0, "rotationZ": 28.0 }
					}
				}
			]
		},

		{
			"name": "ClimbRun",
			"code": "climbrun",
			"quantityframes": 30,
			"onActivityStopped": "Rewind",
			"onAnimationEnd": "Repeat",
			"keyframes": [
				{
					"frame": 0,
					"elements": {
						"body1": { "offsetX": 3.2, "offsetY": -3.0, "offsetZ": 0.0, "rotationX": 0.0, "rotationY": 0.0, "rotationZ": 90.0 },
						"thigh1": { "offsetX": 0.0, "offsetY": 0.0, "offsetZ": 0.0, "rotationX": 0.0, "rotationY": 0.0, "rotationZ": -22.0 },
						"shin1": { "offsetX": 0.0, "offsetY": 0.0, "offsetZ": 0.0, "rotationX": 0.0, "rotationY": 0.0, "rotationZ": 42.0 },
						"middlelegR1": { "offsetX": 0.0, "offsetY": 0.0, "offsetZ": 0.0, "rotationX": 0.0, "rotationY": 25.0, "rotationZ": 0.0 },
						"frontlegL1": { "offsetX": 0.0, "offsetY": 0.0, "offsetZ": 0.0, "rotationX": 0.0, "rotationY": -28.0, "rotationZ": 0.0 },
						"middlelegL1": { "offsetX": 0.0, "offsetY": 0.0, "offsetZ": 0.0, "rotationX": 0.0, "rotationY": 0.0, "rotationZ": 0.0 },
						"middlelegL2": { "offsetX": 0.0, "offsetY": 0.0, "offsetZ": 0.0, "rotationX": 0.0, "rotationY": 0.0, "rotationZ": 0.0 },
						"frontlegR1": { "offsetX": 0.0, "offsetY": 0.0, "offsetZ": 0.0, "rotationX": 0.0, "rotationY": 0.0, "rotationZ": 0.0 },
						"thigh2": { "offsetX": 0.0, "offsetY": 0.0, "offsetZ": 0.0, "rotationX": 0.0, "rotationY": 0.0, "rotationZ": 0.0 },
						"shin2": { "offsetX": 0.0, "offsetY": 0.0, "offsetZ": 0.0, "rotationX": 0.0, "rotationY": 0.0, "rotationZ": 0.0 },
						"head1": {  },
						"antennaR1": { "offsetX": 0.0, "offsetY": 0.0, "offsetZ": 0.0, "rotationX": 0.0, "rotationY": 0.0, "rotationZ": 20.0 },
						"antennaR2": { "offsetX": 0.0, "offsetY": 0.0, "offsetZ": 0.0, "rotationX": 0.0, "rotationY": 0.0, "rotationZ": 8.0 }
					}
				},
				{
					"frame": 15,
					"elements": {
						"body1": {  },
						"frontlegL1": { "offsetX": 0.0, "offsetY": 0.0, "offsetZ": 0.0, "rotationX": 0.0, "rotationY": 0.0, "rotationZ": 0.0 },
						"middlelegR1": { "offsetX": 0.0, "offsetY": 0.0, "offsetZ": 0.0, "rotationX": 0.0, "rotationY": 0.0, "rotationZ": 0.0 },
						"frontlegR1": { "offsetX": 0.0, "offsetY": 0.0, "offsetZ": 0.0, "rotationX": 0.0, "rotationY": 23.0, "rotationZ": 0.0 },
						"middlelegL1": { "offsetX": 0.0, "offsetY": 0.0, "offsetZ": 0.0, "rotationX": 0.0, "rotationY": -33.0, "rotationZ": 0.0 },
						"thigh1": { "offsetX": 0.0, "offsetY": 0.0, "offsetZ": 0.0, "rotationX": 0.0, "rotationY": 0.0, "rotationZ": 0.0 },
						"shin1": { "offsetX": 0.0, "offsetY": 0.0, "offsetZ": 0.0, "rotationX": 0.0, "rotationY": 0.0, "rotationZ": 0.0 },
						"thigh2": { "offsetX": 0.0, "offsetY": 0.0, "offsetZ": 0.0, "rotationX": 0.0, "rotationY": 0.0, "rotationZ": -20.0 },
						"shin2": { "offsetX": 0.0, "offsetY": 0.0, "offsetZ": 0.0, "rotationX": 0.0, "rotationY": 0.0, "rotationZ": 39.0 },
						"head1": {  },
						"antennaR1": { "offsetX": 0.0, "offsetY": 0.0, "offsetZ": 0.0, "rotationX": 0.0, "rotationY": 0.0, "rotationZ": -3.0 },
						"antennaR2": { "offsetX": 0.0, "offsetY": 0.0, "offsetZ": 0.0, "rotationX": 0.0, "rotationY": 0.0, "rotationZ": 21.0 }
					}
				}
			]
		},

		{
			"name": "ClimbWalk",
			"code": "climbwalk",
			"quantityframes": 30,
			"onActivityStopped": "Rewind",
			"onAnimationEnd": "Repeat",
			"keyframes": [
				{
					"frame": 0,
					"elements": {
						"body1": { "offsetX": 3.2, "offsetY": -3.0, "offsetZ": 0.0, "rotationX": 0.0, "rotationY": 0.0, "rotationZ": 90.0 },
						"thigh1": { "offsetX": 0.0, "offsetY": 0.0, "offsetZ": 0.0, "rotationX": 0.0, "rotationY": 0.0, "rotationZ": -19.0 },
						"shin1": { "offsetX": 0.0, "offsetY": 0.0, "offsetZ": 0.0, "rotationX": 0.0, "rotationY": 0.0, "rotationZ": 37.0 },
						"middlelegL1": { "offsetX": 0.0, "offsetY": 0.0, "offsetZ": 0.0, "rotationX": 0.0, "rotationY": 0.0, "rotationZ": -32.0 },
						"frontlegR1": { "offsetX": 0.0, "offsetY": 0.0, "offsetZ": 0.0, "rotationX": 0.0, "rotationY": -25.0, "rotationZ": -22.0 },
						"thigh2": { "offsetX": 0.0, "offsetY": 0.0, "offsetZ": 0.0, "rotationX": 0.0, "rotationY": 0.0, "rotationZ": 0.0 },
						"shin2": { "offsetX": 0.0, "offsetY": 0.0, "offsetZ": 0.0, "rotationX": 0.0, "rotationY": 0.0, "rotationZ": 0.0 },
						"middlelegR1": { "offsetX": 0.0, "offsetY": 0.0, "offsetZ": 0.0, "rotationX": 0.0, "rotationY": 0.0, "rotationZ": 0.0 },
						"frontlegL1": { "offsetX": 0.0, "offsetY": 0.0, "offsetZ": 0.0, "rotationX": 0.0, "rotationY": 0.0, "rotationZ": 0.0 },
						"head1": {  },
						"antennaR2": { "offsetX": 0.0, "offsetY": 0.0, "offsetZ": 0.0, "rotationX": 0.0, "rotationY": 0.0, "rotationZ": 14.0 },
						"antennaR1": { "offsetX": 0.0, "offsetY": 0.0, "offsetZ": 0.0, "rotationX": 0.0, "rotationY": 0.0, "rotationZ": -13.0 }
					}
				},
				{
					"frame": 15,
					"elements": {
						"body1": {  },
						"frontlegR1": { "offsetX": 0.0, "offsetY": 0.0, "offsetZ": 0.0, "rotationX": 0.0, "rotationY": 0.0, "rotationZ": 0.0 },
						"middlelegL1": { "offsetX": 0.0, "offsetY": 0.0, "offsetZ": 0.0, "rotationX": 0.0, "rotationY": 0.0, "rotationZ": 0.0 },
						"thigh1": { "offsetX": 0.0, "offsetY": 0.0, "offsetZ": 0.0, "rotationX": 0.0, "rotationY": 0.0, "rotationZ": 0.0 },
						"shin1": { "offsetX": 0.0, "offsetY": 0.0, "offsetZ": 0.0, "rotationX": 0.0, "rotationY": 0.0, "rotationZ": 0.0 },
						"thigh2": { "offsetX": 0.0, "offsetY": 0.0, "offsetZ": 0.0, "rotationX": 0.0, "rotationY": 0.0, "rotationZ": -22.0 },
						"shin2": { "offsetX": 0.0, "offsetY": 0.0, "offsetZ": 0.0, "rotationX": 0.0, "rotationY": 0.0, "rotationZ": 41.0 },
						"frontlegL1": { "offsetX": 0.0, "offsetY": 0.0, "offsetZ": 0.0, "rotationX": 0.0, "rotationY": 31.0, "rotationZ": -31.0 },
						"middlelegR1": { "offsetX": 0.0, "offsetY": 0.0, "offsetZ": 0.0, "rotationX": 0.0, "rotationY": -30.0, "rotationZ": -21.0 },
						"head1": {  },
						"antennaR1": { "offsetX": 0.0, "offsetY": 0.0, "offsetZ": 0.0, "rotationX": 0.0, "rotationY": 0.0, "rotationZ": 17.0 },
						"antennaR2": { "offsetX": 0.0, "offsetY": 0.0, "offsetZ": 0.0, "rotationX": 0.0, "rotationY": 0.0, "rotationZ": -19.0 }
					}
				}
			]
		}
	]
}