{
	"editor": {
		"allAngles": true,
		"entityTextureMode": false
	},
	"textureWidth": 8,
	"textureHeight": 8,
	"textureSizes": {
	},
	"textures": {
		"latte": "block/tradegoods/seashell/latte"
	},
	"elements": [
		{
			"name": "origin",
			"from": [ 8.0, 0.0, 8.0 ], 
			"to": [ 8.0, 0.0, 8.0 ], 
			"rotationOrigin": [ 8.0, 0.0, 8.0 ],
			"faces": {
				"north": { "texture": "#slug", "uv": [ 0.0, 0.0, 0.5, 0.5 ], "enabled": false },
				"east": { "texture": "#null", "uv": [ 0.0, 0.0, 0.5, 0.5 ], "enabled": false },
				"south": { "texture": "#null", "uv": [ 0.0, 0.0, 0.5, 0.5 ], "enabled": false },
				"west": { "texture": "#null", "uv": [ 0.0, 0.0, 0.5, 0.5 ], "enabled": false },
				"up": { "texture": "#null", "uv": [ 0.0, 0.0, 0.5, 0.5 ], "enabled": false },
				"down": { "texture": "#null", "uv": [ 0.0, 0.0, 0.5, 0.5 ], "enabled": false }
			},
			"children": [
				{
					"name": "shell1",
					"from": [ -1.0, 0.0, -0.5 ], 
					"to": [ 1.0, 2.0, 0.5 ], 
					"rotationOrigin": [ -1.0, 0.0, -0.5 ],
					"faces": {
						"north": { "texture": "#latte", "uv": [ 1.0, 5.0, 3.0, 7.0 ] },
						"east": { "texture": "#latte", "uv": [ 0.0, 0.0, 1.0, 2.0 ] },
						"south": { "texture": "#latte", "uv": [ 1.0, 5.0, 3.0, 7.0 ] },
						"west": { "texture": "#latte", "uv": [ 0.0, 0.0, 1.0, 2.0 ] },
						"up": { "texture": "#latte", "uv": [ 0.0, 0.0, 2.0, 1.0 ] },
						"down": { "texture": "#latte", "uv": [ 0.0, 0.0, 2.0, 1.0 ] }
					}
				}
			]
		}
	]}