{
	"editor": {
		"allAngles": false,
		"entityTextureMode": false
	},
	"textureWidth": 16,
	"textureHeight": 16,
	"textureSizes": {
	},
	"textures": {
		"tortoise": "entity/land/tortoise"
	},
	"elements": [
		{
			"name": "shell1",
			"from": [ 5.0, 1.4, 6.0 ], 
			"to": [ 11.0, 2.9, 10.0 ], 
			"rotationOrigin": [ 8.0, 2.1, 8.0 ],
			"rotationY": 180.0,
			"faces": {
				"north": { "texture": "#tortoise", "uv": [ 7.0, 6.0, 12.75, 9.0 ], "autoUv": false },
				"east": { "texture": "#tortoise", "uv": [ 7.0, 6.0, 12.75, 9.0 ], "autoUv": false },
				"south": { "texture": "#tortoise", "uv": [ 7.0, 6.0, 12.75, 9.0 ], "autoUv": false },
				"west": { "texture": "#tortoise", "uv": [ 7.0, 6.0, 12.75, 9.0 ], "autoUv": false },
				"up": { "texture": "#tortoise", "uv": [ 7.0, 3.0, 12.75, 9.25 ], "autoUv": false },
				"down": { "texture": "#tortoise", "uv": [ 6.25, 4.25, 12.25, 8.25 ] }
			},
			"children": [
				{
					"name": "shell2",
					"from": [ 0.5, 0.8, 0.5 ], 
					"to": [ 5.5, 2.0, 3.5 ], 
					"rotationOrigin": [ 3.0, 1.5, 2.4 ],
					"faces": {
						"north": { "texture": "#tortoise", "uv": [ 7.25, 9.5, 12.5, 12.0 ], "autoUv": false },
						"east": { "texture": "#tortoise", "uv": [ 7.25, 9.5, 12.5, 12.0 ], "autoUv": false },
						"south": { "texture": "#tortoise", "uv": [ 7.25, 9.5, 12.5, 12.0 ], "autoUv": false },
						"west": { "texture": "#tortoise", "uv": [ 7.25, 9.5, 12.5, 12.0 ], "autoUv": false },
						"up": { "texture": "#tortoise", "uv": [ 7.0, 3.0, 12.75, 9.25 ], "autoUv": false },
						"down": { "texture": "#tortoise", "uv": [ 5.0, 0.0, 10.0, 3.0 ] }
					}
				},
				{
					"name": "shellrim1",
					"from": [ -0.2, 0.1, 1.5 ], 
					"to": [ 0.0, 0.5, 2.5 ], 
					"rotationOrigin": [ -0.2, 0.4, 1.7 ],
					"faces": {
						"north": { "texture": "#tortoise", "uv": [ 2.5, 8.75, 2.75, 9.0 ] },
						"east": { "texture": "#tortoise", "uv": [ 1.5, 9.0, 2.5, 9.25 ] },
						"south": { "texture": "#tortoise", "uv": [ 1.5, 9.0, 1.75, 9.25 ] },
						"west": { "texture": "#tortoise", "uv": [ 1.25, 9.25, 2.25, 9.5 ] },
						"up": { "texture": "#tortoise", "uv": [ 2.0, 9.5, 2.25, 10.5 ] },
						"down": { "texture": "#tortoise", "uv": [ 1.5, 8.75, 1.75, 9.75 ] }
					}
				},
				{
					"name": "shellrim2",
					"from": [ 6.0, 0.4, -0.2 ], 
					"to": [ 6.2, 0.8, 0.7 ], 
					"rotationOrigin": [ 6.0, 1.1, 1.8 ],
					"faces": {
						"north": { "texture": "#tortoise", "uv": [ 1.0, 11.25, 1.25, 11.5 ] },
						"east": { "texture": "#tortoise", "uv": [ 0.5, 11.5, 1.25, 11.75 ] },
						"south": { "texture": "#tortoise", "uv": [ 2.0, 10.0, 2.25, 10.25 ] },
						"west": { "texture": "#tortoise", "uv": [ 0.5, 11.25, 1.25, 11.5 ] },
						"up": { "texture": "#tortoise", "uv": [ 0.75, 11.0, 1.0, 11.75 ] },
						"down": { "texture": "#tortoise", "uv": [ 1.0, 9.0, 1.25, 9.75 ] }
					}
				},
				{
					"name": "shellrim3",
					"from": [ 1.0, 0.0, -0.2 ], 
					"to": [ 5.0, 0.4, 0.0 ], 
					"rotationOrigin": [ 4.0, 0.7, 1.8 ],
					"faces": {
						"north": { "texture": "#tortoise", "uv": [ 0.0, 9.75, 3.75, 10.0 ], "autoUv": false },
						"east": { "texture": "#tortoise", "uv": [ 1.75, 9.0, 2.0, 9.25 ] },
						"south": { "texture": "#tortoise", "uv": [ 0.0, 9.75, 3.75, 10.0 ], "autoUv": false },
						"west": { "texture": "#tortoise", "uv": [ 1.75, 9.0, 2.0, 9.25 ] },
						"up": { "texture": "#tortoise", "uv": [ 0.0, 9.0, 3.75, 9.25 ], "autoUv": false },
						"down": { "texture": "#tortoise", "uv": [ 0.0, 8.75, 3.75, 9.0 ], "autoUv": false }
					}
				},
				{
					"name": "shellrim4",
					"from": [ 1.0, 0.0, 4.0 ], 
					"to": [ 5.0, 0.4, 4.2 ], 
					"rotationOrigin": [ 4.2, 0.7, 2.0 ],
					"faces": {
						"north": { "texture": "#tortoise", "uv": [ 0.0, 9.0, 3.5, 9.25 ], "autoUv": false },
						"east": { "texture": "#tortoise", "uv": [ 2.25, 10.0, 2.5, 10.25 ] },
						"south": { "texture": "#tortoise", "uv": [ 0.0, 9.5, 3.5, 9.75 ], "autoUv": false },
						"west": { "texture": "#tortoise", "uv": [ 2.75, 9.0, 3.0, 9.25 ] },
						"up": { "texture": "#tortoise", "uv": [ 0.0, 9.5, 3.75, 9.75 ], "autoUv": false },
						"down": { "texture": "#tortoise", "uv": [ 0.0, 9.75, 3.75, 10.0 ], "autoUv": false }
					}
				},
				{
					"name": "shellbottom",
					"from": [ 0.2, -0.4, 0.3 ], 
					"to": [ 5.8, 0.2, 3.7 ], 
					"rotationOrigin": [ 2.7, 0.3, 1.8 ],
					"faces": {
						"north": { "texture": "#tortoise", "uv": [ 2.0, 0.0, 2.5, 7.75 ], "rotation": 90, "autoUv": false },
						"east": { "texture": "#tortoise", "uv": [ 0.25, 3.25, 3.5, 4.75 ], "autoUv": false },
						"south": { "texture": "#tortoise", "uv": [ 2.5, 0.0, 3.0, 7.75 ], "rotation": 90, "autoUv": false },
						"west": { "texture": "#tortoise", "uv": [ 0.25, 4.75, 3.5, 6.25 ], "autoUv": false },
						"up": { "texture": "#tortoise", "uv": [ 0.0, 0.0, 3.75, 7.75 ], "autoUv": false },
						"down": { "texture": "#tortoise", "uv": [ 0.5, 0.0, 3.25, 7.75 ], "rotation": 90, "autoUv": false }
					},
					"children": [
						{
							"name": "backlegR",
							"from": [ -0.3, -1.0, -0.448 ], 
							"to": [ 0.8, 0.7, 0.701 ], 
							"rotationOrigin": [ 0.2, 0.5, 0.0 ],
							"rotationY": -45.0,
							"faces": {
								"north": { "texture": "#tortoise", "uv": [ 0.0, 12.25, 2.5, 16.0 ], "autoUv": false },
								"east": { "texture": "#tortoise", "uv": [ 2.5, 12.25, 5.0, 16.0 ], "autoUv": false },
								"south": { "texture": "#tortoise", "uv": [ 2.5, 12.25, 5.0, 16.0 ], "autoUv": false },
								"west": { "texture": "#tortoise", "uv": [ 2.5, 12.25, 5.0, 16.0 ], "autoUv": false },
								"up": { "texture": "#tortoise", "uv": [ 5.5, 13.25, 6.5, 14.25 ] },
								"down": { "texture": "#tortoise", "uv": [ 0.0, 14.25, 2.5, 16.0 ], "rotation": 180, "autoUv": false }
							}
						},
						{
							"name": "backlegL",
							"from": [ -0.42, -1.0, 2.6 ], 
							"to": [ 0.635, 0.7, 3.7 ], 
							"rotationOrigin": [ 0.3, 0.7, 3.3 ],
							"rotationY": 45.0,
							"faces": {
								"north": { "texture": "#tortoise", "uv": [ 2.5, 12.25, 5.0, 16.0 ], "autoUv": false },
								"east": { "texture": "#tortoise", "uv": [ 2.5, 12.25, 5.0, 16.0 ], "autoUv": false },
								"south": { "texture": "#tortoise", "uv": [ 0.0, 12.25, 2.5, 16.0 ], "autoUv": false },
								"west": { "texture": "#tortoise", "uv": [ 2.5, 12.25, 5.0, 16.0 ], "autoUv": false },
								"up": { "texture": "#tortoise", "uv": [ 2.5, 12.25, 5.0, 16.0 ], "autoUv": false },
								"down": { "texture": "#tortoise", "uv": [ 0.0, 14.25, 2.5, 16.0 ], "autoUv": false }
							}
						},
						{
							"name": "frontlegR",
							"from": [ 4.8, -1.0, 2.8 ], 
							"to": [ 6.0, 0.7, 3.9 ], 
							"rotationOrigin": [ 5.4, 0.7, 3.35 ],
							"rotationY": -45.0,
							"faces": {
								"north": { "texture": "#tortoise", "uv": [ 2.5, 12.25, 5.0, 16.0 ], "autoUv": false },
								"east": { "texture": "#tortoise", "uv": [ 0.0, 12.25, 2.5, 16.0 ], "autoUv": false },
								"south": { "texture": "#tortoise", "uv": [ 2.5, 12.25, 5.0, 16.0 ], "autoUv": false },
								"west": { "texture": "#tortoise", "uv": [ 2.5, 12.25, 5.0, 16.0 ], "autoUv": false },
								"up": { "texture": "#tortoise", "uv": [ 5.5, 13.0, 6.5, 14.0 ] },
								"down": { "texture": "#tortoise", "uv": [ 0.0, 14.25, 2.5, 16.0 ], "rotation": 90, "autoUv": false, "windMode": [-1,-1,-1,-1] }
							}
						},
						{
							"name": "frontlegL",
							"from": [ 4.9, -1.0, -0.6 ], 
							"to": [ 6.0, 0.7, 0.6 ], 
							"rotationOrigin": [ 5.45, 0.7, 0.0 ],
							"rotationY": 45.0,
							"faces": {
								"north": { "texture": "#tortoise", "uv": [ 6.25, 13.75, 7.25, 15.25 ] },
								"east": { "texture": "#tortoise", "uv": [ 0.0, 12.25, 2.5, 16.0 ], "autoUv": false },
								"south": { "texture": "#tortoise", "uv": [ 6.0, 13.25, 7.0, 14.75 ] },
								"west": { "texture": "#tortoise", "uv": [ 4.5, 13.25, 5.5, 14.75 ] },
								"up": { "texture": "#tortoise", "uv": [ 5.5, 13.0, 7.25, 14.75 ], "autoUv": false },
								"down": { "texture": "#tortoise", "uv": [ 0.0, 14.25, 2.5, 15.75 ], "rotation": 90, "autoUv": false }
							}
						}
					]
				},
				{
					"name": "shellrim5",
					"from": [ 6.0, 0.4, 3.3 ], 
					"to": [ 6.2, 0.8, 4.2 ], 
					"rotationOrigin": [ 6.0, 1.1, 5.3 ],
					"faces": {
						"north": { "texture": "#tortoise", "uv": [ 1.25, 8.75, 1.5, 9.0 ] },
						"east": { "texture": "#tortoise", "uv": [ 1.0, 9.0, 1.75, 9.25 ] },
						"south": { "texture": "#tortoise", "uv": [ 1.25, 8.5, 1.5, 8.75 ] },
						"west": { "texture": "#tortoise", "uv": [ 1.25, 8.75, 2.0, 9.0 ] },
						"up": { "texture": "#tortoise", "uv": [ 1.25, 9.0, 1.5, 9.75 ] },
						"down": { "texture": "#tortoise", "uv": [ 1.75, 8.75, 2.0, 9.5 ] }
					}
				},
				{
					"name": "shellrim6",
					"from": [ 6.0, 0.0, 2.9 ], 
					"to": [ 6.2, 1.3, 3.3 ], 
					"rotationOrigin": [ 6.0, 0.7, 3.1 ],
					"faces": {
						"north": { "texture": "#tortoise", "uv": [ 1.5, 8.5, 1.75, 9.75 ] },
						"east": { "texture": "#tortoise", "uv": [ 2.0, 9.25, 2.25, 10.5 ] },
						"south": { "texture": "#tortoise", "uv": [ 1.5, 9.25, 1.75, 10.5 ] },
						"west": { "texture": "#tortoise", "uv": [ 1.5, 9.25, 1.75, 10.5 ] },
						"up": { "texture": "#tortoise", "uv": [ 1.25, 9.0, 1.5, 9.25 ] },
						"down": { "texture": "#tortoise", "uv": [ 1.5, 8.25, 1.75, 8.5 ] }
					}
				},
				{
					"name": "shellrim7",
					"from": [ 6.0, 0.0, 0.7 ], 
					"to": [ 6.2, 1.3, 1.1 ], 
					"rotationOrigin": [ 6.0, 0.7, 0.9 ],
					"faces": {
						"north": { "texture": "#tortoise", "uv": [ 0.5, 10.75, 0.75, 12.0 ] },
						"east": { "texture": "#tortoise", "uv": [ 0.75, 10.75, 1.0, 12.0 ] },
						"south": { "texture": "#tortoise", "uv": [ 0.75, 10.5, 1.0, 11.75 ] },
						"west": { "texture": "#tortoise", "uv": [ 0.5, 10.75, 0.75, 12.0 ] },
						"up": { "texture": "#tortoise", "uv": [ 0.25, 11.5, 0.5, 11.75 ] },
						"down": { "texture": "#tortoise", "uv": [ 0.5, 11.25, 0.75, 11.5 ] }
					}
				},
				{
					"name": "shellrim8",
					"from": [ 6.0, 0.9, 1.1 ], 
					"to": [ 6.2, 1.3, 2.9 ], 
					"rotationOrigin": [ 6.0, 1.6, 1.3 ],
					"faces": {
						"north": { "texture": "#tortoise", "uv": [ 1.75, 11.5, 2.0, 11.75 ] },
						"east": { "texture": "#tortoise", "uv": [ 0.75, 11.25, 2.5, 11.75 ], "autoUv": false },
						"south": { "texture": "#tortoise", "uv": [ 0.25, 11.5, 0.5, 11.75 ] },
						"west": { "texture": "#tortoise", "uv": [ 0.0, 11.5, 1.75, 11.75 ] },
						"up": { "texture": "#tortoise", "uv": [ 0.25, 10.25, 0.5, 12.0 ] },
						"down": { "texture": "#tortoise", "uv": [ 0.25, 10.25, 0.5, 12.0 ] }
					}
				},
				{
					"name": "tail1",
					"from": [ -0.6, 0.0, 1.6 ], 
					"to": [ 0.5, 0.5, 2.4 ], 
					"rotationOrigin": [ 0.7, 0.2, 1.95 ],
					"rotationZ": 22.5,
					"faces": {
						"north": { "texture": "#tortoise", "uv": [ 6.0, 13.75, 7.0, 14.25 ] },
						"east": { "texture": "#tortoise", "uv": [ 6.0, 13.5, 6.75, 14.0 ] },
						"south": { "texture": "#tortoise", "uv": [ 6.75, 13.75, 7.75, 14.25 ] },
						"west": { "texture": "#tortoise", "uv": [ 5.0, 13.75, 5.75, 14.25 ] },
						"up": { "texture": "#tortoise", "uv": [ 6.5, 13.25, 7.5, 14.0 ] },
						"down": { "texture": "#tortoise", "uv": [ 5.25, 12.75, 6.25, 13.5 ] }
					},
					"children": [
						{
							"name": "tail2",
							"from": [ -0.3, 0.05, 0.2 ], 
							"to": [ 0.3, 0.45, 0.6 ], 
							"rotationOrigin": [ 1.0, 0.3, 0.4 ],
							"faces": {
								"north": { "texture": "#tortoise", "uv": [ 8.0, 13.25, 8.5, 13.5 ] },
								"east": { "texture": "#tortoise", "uv": [ 5.75, 13.75, 6.0, 14.0 ] },
								"south": { "texture": "#tortoise", "uv": [ 6.75, 13.75, 7.25, 14.0 ] },
								"west": { "texture": "#tortoise", "uv": [ 6.5, 13.75, 6.75, 14.0 ] },
								"up": { "texture": "#tortoise", "uv": [ 6.0, 14.0, 6.5, 14.25 ] },
								"down": { "texture": "#tortoise", "uv": [ 6.75, 13.5, 7.25, 13.75 ] }
							}
						}
					]
				},
				{
					"name": "shellrim9",
					"from": [ 5.0, 0.4, -0.4 ], 
					"to": [ 5.2, 0.8, 1.0 ], 
					"rotationOrigin": [ 5.0, 0.6, 0.0 ],
					"rotationY": 90.0,
					"faces": {
						"north": { "texture": "#tortoise", "uv": [ 1.25, 8.75, 1.5, 9.0 ] },
						"east": { "texture": "#tortoise", "uv": [ 1.0, 9.25, 2.25, 9.5 ] },
						"south": { "texture": "#tortoise", "uv": [ 2.5, 8.75, 2.75, 9.0 ] },
						"west": { "texture": "#tortoise", "uv": [ 1.0, 9.5, 2.25, 9.75 ] },
						"up": { "texture": "#tortoise", "uv": [ 1.0, 8.5, 1.25, 9.75 ] },
						"down": { "texture": "#tortoise", "uv": [ 1.0, 9.75, 1.25, 11.0 ] }
					}
				},
				{
					"name": "shellrim10",
					"from": [ 0.2, 0.4, -0.4 ], 
					"to": [ 0.4, 0.8, 1.1 ], 
					"rotationOrigin": [ 0.2, 0.6, 0.0 ],
					"rotationY": 90.0,
					"faces": {
						"north": { "texture": "#tortoise", "uv": [ 1.5, 8.5, 1.75, 8.75 ] },
						"east": { "texture": "#tortoise", "uv": [ 1.25, 9.25, 2.75, 9.5 ] },
						"south": { "texture": "#tortoise", "uv": [ 1.75, 9.75, 2.0, 10.0 ] },
						"west": { "texture": "#tortoise", "uv": [ 1.25, 10.0, 2.75, 10.25 ] },
						"up": { "texture": "#tortoise", "uv": [ 2.0, 9.0, 2.25, 10.5 ] },
						"down": { "texture": "#tortoise", "uv": [ 1.5, 9.0, 1.75, 10.5 ] }
					}
				},
				{
					"name": "shellrim11",
					"from": [ -0.2, 0.1, 1.1 ], 
					"to": [ 0.0, 0.8, 1.5 ], 
					"rotationOrigin": [ -0.2, 0.4, 1.3 ],
					"faces": {
						"north": { "texture": "#tortoise", "uv": [ 2.25, 9.75, 2.5, 10.25 ] },
						"east": { "texture": "#tortoise", "uv": [ 1.75, 9.0, 2.0, 9.5 ] },
						"south": { "texture": "#tortoise", "uv": [ 2.0, 9.25, 2.25, 9.75 ] },
						"west": { "texture": "#tortoise", "uv": [ 2.0, 9.0, 2.25, 9.5 ] },
						"up": { "texture": "#tortoise", "uv": [ 2.0, 9.5, 2.25, 9.75 ] },
						"down": { "texture": "#tortoise", "uv": [ 2.0, 9.25, 2.25, 9.5 ] }
					}
				},
				{
					"name": "shellrim12",
					"from": [ -0.2, 0.4, 0.0 ], 
					"to": [ 0.0, 0.8, 1.1 ], 
					"rotationOrigin": [ -0.2, 0.7, 0.2 ],
					"faces": {
						"north": { "texture": "#tortoise", "uv": [ 1.25, 8.75, 1.5, 9.0 ] },
						"east": { "texture": "#tortoise", "uv": [ 1.25, 9.25, 2.25, 9.5 ] },
						"south": { "texture": "#tortoise", "uv": [ 1.25, 9.75, 1.5, 10.0 ] },
						"west": { "texture": "#tortoise", "uv": [ 1.75, 9.0, 2.75, 9.25 ] },
						"up": { "texture": "#tortoise", "uv": [ 2.0, 9.25, 2.25, 10.25 ] },
						"down": { "texture": "#tortoise", "uv": [ 2.0, 9.0, 2.25, 10.0 ] }
					}
				},
				{
					"name": "shellrim13",
					"from": [ -0.2, 0.1, 2.5 ], 
					"to": [ 0.0, 0.8, 2.9 ], 
					"rotationOrigin": [ -0.2, 0.4, 2.7 ],
					"faces": {
						"north": { "texture": "#tortoise", "uv": [ 1.5, 9.5, 1.75, 10.0 ] },
						"east": { "texture": "#tortoise", "uv": [ 1.5, 9.5, 1.75, 10.0 ] },
						"south": { "texture": "#tortoise", "uv": [ 1.5, 9.25, 1.75, 9.75 ] },
						"west": { "texture": "#tortoise", "uv": [ 1.5, 8.75, 1.75, 9.25 ] },
						"up": { "texture": "#tortoise", "uv": [ 1.75, 9.0, 2.0, 9.25 ] },
						"down": { "texture": "#tortoise", "uv": [ 1.75, 9.75, 2.0, 10.0 ] }
					}
				},
				{
					"name": "shellrim14",
					"from": [ -0.2, 0.4, 2.9 ], 
					"to": [ 0.0, 0.8, 4.2 ], 
					"rotationOrigin": [ -0.2, 0.7, 3.1 ],
					"faces": {
						"north": { "texture": "#tortoise", "uv": [ 2.0, 9.0, 2.25, 9.25 ] },
						"east": { "texture": "#tortoise", "uv": [ 1.0, 9.25, 2.25, 9.5 ] },
						"south": { "texture": "#tortoise", "uv": [ 1.5, 8.75, 1.75, 9.0 ] },
						"west": { "texture": "#tortoise", "uv": [ 1.75, 9.5, 3.0, 9.75 ] },
						"up": { "texture": "#tortoise", "uv": [ 2.25, 8.75, 2.5, 10.0 ] },
						"down": { "texture": "#tortoise", "uv": [ 1.0, 8.5, 1.25, 9.75 ] }
					}
				},
				{
					"name": "shellrim15",
					"from": [ 0.0, 0.4, 4.0 ], 
					"to": [ 1.4, 0.8, 4.2 ], 
					"rotationOrigin": [ 3.2, 1.1, 2.0 ],
					"faces": {
						"north": { "texture": "#tortoise", "uv": [ 1.0, 8.25, 2.25, 8.5 ] },
						"east": { "texture": "#tortoise", "uv": [ 1.25, 9.5, 1.5, 9.75 ] },
						"south": { "texture": "#tortoise", "uv": [ 1.5, 8.75, 2.75, 9.0 ] },
						"west": { "texture": "#tortoise", "uv": [ 1.75, 9.5, 2.0, 9.75 ] },
						"up": { "texture": "#tortoise", "uv": [ 1.5, 9.5, 2.75, 9.75 ] },
						"down": { "texture": "#tortoise", "uv": [ 1.0, 8.75, 2.25, 9.0 ] }
					}
				},
				{
					"name": "shellrim16",
					"from": [ 4.6, 0.4, 4.0 ], 
					"to": [ 6.0, 0.8, 4.2 ], 
					"rotationOrigin": [ 7.8, 1.1, 2.0 ],
					"faces": {
						"north": { "texture": "#tortoise", "uv": [ 1.25, 9.25, 2.5, 9.5 ] },
						"east": { "texture": "#tortoise", "uv": [ 1.0, 8.5, 1.25, 8.75 ] },
						"south": { "texture": "#tortoise", "uv": [ 1.5, 9.75, 2.75, 10.0 ] },
						"west": { "texture": "#tortoise", "uv": [ 1.25, 9.0, 1.5, 9.25 ] },
						"up": { "texture": "#tortoise", "uv": [ 1.25, 9.25, 2.5, 9.5 ] },
						"down": { "texture": "#tortoise", "uv": [ 1.0, 8.75, 2.25, 9.0 ] }
					}
				},
				{
					"name": "neckhole",
					"from": [ 5.85, 0.0, 1.1 ], 
					"to": [ 6.05, 0.9, 2.9 ], 
					"rotationOrigin": [ 5.8, 0.7, 1.3 ],
					"faces": {
						"north": { "texture": "#tortoise", "uv": [ 6.25, 13.0, 6.5, 13.75 ] },
						"east": { "texture": "#tortoise", "uv": [ 7.25, 13.5, 9.0, 14.75 ], "autoUv": false },
						"south": { "texture": "#tortoise", "uv": [ 7.25, 13.75, 7.5, 14.5 ] },
						"west": { "texture": "#tortoise", "uv": [ 5.75, 13.0, 7.5, 13.75 ] },
						"up": { "texture": "#tortoise", "uv": [ 6.0, 13.0, 6.25, 14.75 ] },
						"down": { "texture": "#tortoise", "uv": [ 5.5, 13.25, 5.75, 15.0 ] }
					},
					"children": [
						{
							"name": "neck",
							"from": [ -1.95, -0.1, 0.15 ], 
							"to": [ -0.45, 0.78, 1.65 ], 
							"rotationOrigin": [ -1.95, 0.4, 0.85 ],
							"faces": {
								"north": { "texture": "#tortoise", "uv": [ 7.0, 13.5, 8.5, 14.75 ], "autoUv": false },
								"east": { "texture": "#tortoise", "uv": [ 7.0, 12.5, 8.75, 14.0 ], "autoUv": false },
								"south": { "texture": "#tortoise", "uv": [ 5.25, 13.25, 7.25, 14.75 ], "autoUv": false },
								"west": { "texture": "#tortoise", "uv": [ 6.0, 13.5, 7.75, 14.75 ], "autoUv": false },
								"up": { "texture": "#tortoise", "uv": [ 4.75, 12.5, 7.0, 14.0 ], "autoUv": false },
								"down": { "texture": "#tortoise", "uv": [ 5.0, 12.5, 6.75, 14.0 ], "autoUv": false }
							},
							"children": [
								{
									"name": "head",
									"from": [ 1.5, 0.0, 0.0 ], 
									"to": [ 3.4, 0.876, 1.5 ], 
									"rotationOrigin": [ 1.5, 0.5, 0.95 ],
									"faces": {
										"north": { "texture": "#tortoise", "uv": [ 11.75, 12.5, 14.0, 14.25 ], "autoUv": false },
										"east": { "texture": "#tortoise", "uv": [ 5.75, 13.5, 7.25, 14.25 ] },
										"south": { "texture": "#tortoise", "uv": [ 12.75, 12.5, 15.0, 14.25 ], "autoUv": false },
										"west": { "texture": "#tortoise", "uv": [ 1.75, 13.0, 3.25, 13.75 ] },
										"up": { "texture": "#tortoise", "uv": [ 6.25, 13.25, 8.0, 14.75 ] },
										"down": { "texture": "#tortoise", "uv": [ 4.0, 12.5, 5.75, 14.0 ] }
									},
									"children": [
										{
											"name": "jaw",
											"from": [ 1.1, -0.15, 0.1 ], 
											"to": [ 2.2, 0.05, 1.4 ], 
											"rotationOrigin": [ 1.1, -0.2, 0.85 ],
											"faces": {
												"north": { "texture": "#tortoise", "uv": [ 3.75, 13.25, 5.0, 14.25 ], "autoUv": false },
												"east": { "texture": "#tortoise", "uv": [ 5.5, 13.5, 6.75, 13.75 ] },
												"south": { "texture": "#tortoise", "uv": [ 3.75, 13.5, 4.75, 13.75 ] },
												"west": { "texture": "#tortoise", "uv": [ 2.75, 13.25, 4.0, 13.5 ] },
												"up": { "texture": "#tortoise", "uv": [ 2.25, 13.25, 3.25, 14.5 ] },
												"down": { "texture": "#tortoise", "uv": [ 2.25, 13.0, 3.25, 14.25 ] }
											}
										},
										{
											"name": "beak1",
											"from": [ 1.98, -0.47, 1.0E-4 ], 
											"to": [ 2.38, 0.33, 1.4991 ], 
											"rotationOrigin": [ 1.0, -0.4, 0.0 ],
											"rotationZ": 27.0,
											"faces": {
												"north": { "texture": "#tortoise", "uv": [ 6.5, 13.25, 6.75, 14.0 ] },
												"east": { "texture": "#tortoise", "uv": [ 6.0, 13.75, 7.25, 14.5 ] },
												"south": { "texture": "#tortoise", "uv": [ 5.5, 13.0, 5.75, 13.75 ] },
												"west": { "texture": "#tortoise", "uv": [ 5.0, 13.5, 6.25, 14.25 ] },
												"up": { "texture": "#tortoise", "uv": [ 5.5, 13.5, 5.75, 14.75 ] },
												"down": { "texture": "#tortoise", "uv": [ 5.5, 13.5, 5.75, 14.75 ] }
											}
										},
										{
											"name": "beak2",
											"from": [ 1.762, -0.02, 0.0 ], 
											"to": [ 2.262, 0.164, 1.5 ], 
											"rotationOrigin": [ 0.7, 0.0, 0.0 ],
											"faces": {
												"north": { "texture": "#tortoise", "uv": [ 6.5, 13.25, 7.0, 13.5 ] },
												"east": { "texture": "#tortoise", "uv": [ 6.0, 13.75, 7.25, 14.0 ] },
												"south": { "texture": "#tortoise", "uv": [ 5.5, 13.0, 6.0, 13.25 ] },
												"west": { "texture": "#tortoise", "uv": [ 5.0, 13.5, 6.25, 13.75 ] },
												"up": { "texture": "#tortoise", "uv": [ 5.5, 13.5, 6.0, 14.75 ] },
												"down": { "texture": "#tortoise", "uv": [ 5.5, 13.5, 6.0, 14.75 ] }
											}
										},
										{
											"name": "throat1",
											"from": [ 0.4, -0.15, 0.1 ], 
											"to": [ 1.3, 0.05, 1.4 ], 
											"rotationOrigin": [ 0.4, -0.2, 1.85 ],
											"faces": {
												"north": { "texture": "#tortoise", "uv": [ 3.75, 13.25, 5.0, 14.25 ], "autoUv": false },
												"east": { "texture": "#tortoise", "uv": [ 5.5, 13.5, 6.75, 13.75 ] },
												"south": { "texture": "#tortoise", "uv": [ 3.75, 13.5, 4.5, 13.75 ] },
												"west": { "texture": "#tortoise", "uv": [ 2.75, 13.25, 4.0, 13.5 ] },
												"up": { "texture": "#tortoise", "uv": [ 2.25, 13.25, 3.0, 14.5 ] },
												"down": { "texture": "#tortoise", "uv": [ 2.25, 13.0, 3.0, 14.25 ] }
											}
										},
										{
											"name": "eyelidL",
											"from": [ 1.05, 0.373, 1.0E-4 ], 
											"to": [ 1.7, 0.633, 0.1001 ], 
											"rotationOrigin": [ 1.1, 0.4, 0.0 ],
											"faces": {
												"north": { "texture": "#tortoise", "uv": [ 12.25, 13.0, 12.75, 13.25 ] },
												"east": { "texture": "#tortoise", "uv": [ 12.25, 13.0, 12.5, 13.25 ] },
												"south": { "texture": "#tortoise", "uv": [ 12.25, 13.0, 12.75, 13.25 ], "enabled": false, "windMode": [-1,-1,-1,-1] },
												"west": { "texture": "#tortoise", "uv": [ 12.5, 13.0, 12.75, 13.25 ] },
												"up": { "texture": "#tortoise", "uv": [ 12.25, 13.0, 12.75, 13.25 ] },
												"down": { "texture": "#tortoise", "uv": [ 12.25, 13.0, 12.75, 13.25 ] }
											}
										},
										{
											"name": "eyelidR",
											"from": [ 1.05, 0.373, 1.3999 ], 
											"to": [ 1.7, 0.635, 1.4999 ], 
											"rotationOrigin": [ 1.1, 0.4, 1.3 ],
											"faces": {
												"north": { "texture": "#tortoise", "uv": [ 12.25, 13.0, 12.75, 13.25 ], "enabled": false, "windMode": [-1,-1,-1,-1] },
												"east": { "texture": "#tortoise", "uv": [ 12.25, 13.0, 12.5, 13.25 ] },
												"south": { "texture": "#tortoise", "uv": [ 12.25, 13.0, 12.75, 13.25 ] },
												"west": { "texture": "#tortoise", "uv": [ 12.5, 13.0, 12.75, 13.25 ] },
												"up": { "texture": "#tortoise", "uv": [ 12.25, 13.0, 12.75, 13.25 ] },
												"down": { "texture": "#tortoise", "uv": [ 12.25, 13.0, 12.75, 13.25 ] }
											}
										}
									]
								},
								{
									"name": "throat2",
									"from": [ 0.0, -0.15, 0.1 ], 
									"to": [ 1.9, 0.05, 1.4 ], 
									"rotationOrigin": [ 0.0, -0.2, 0.85 ],
									"faces": {
										"north": { "texture": "#tortoise", "uv": [ 3.75, 13.25, 5.0, 14.25 ], "autoUv": false },
										"east": { "texture": "#tortoise", "uv": [ 5.5, 13.5, 6.75, 13.75 ] },
										"south": { "texture": "#tortoise", "uv": [ 3.75, 13.5, 5.5, 13.75 ] },
										"west": { "texture": "#tortoise", "uv": [ 2.75, 13.25, 4.0, 13.5 ] },
										"up": { "texture": "#tortoise", "uv": [ 2.25, 13.25, 4.0, 14.5 ] },
										"down": { "texture": "#tortoise", "uv": [ 2.25, 13.0, 4.0, 14.25 ] }
									}
								}
							]
						}
					]
				},
				{
					"name": "shell3",
					"from": [ 1.0, 1.2, 1.0 ], 
					"to": [ 5.0, 2.4, 3.0 ], 
					"rotationOrigin": [ 3.5, 1.9, 2.9 ],
					"faces": {
						"north": { "texture": "#tortoise", "uv": [ 7.25, 9.5, 12.5, 12.0 ], "autoUv": false },
						"east": { "texture": "#tortoise", "uv": [ 7.25, 9.5, 12.5, 12.0 ], "autoUv": false },
						"south": { "texture": "#tortoise", "uv": [ 7.25, 9.5, 12.5, 12.0 ], "autoUv": false },
						"west": { "texture": "#tortoise", "uv": [ 7.25, 9.5, 12.5, 12.0 ], "autoUv": false },
						"up": { "texture": "#tortoise", "uv": [ 7.0, 3.0, 12.75, 9.25 ], "autoUv": false },
						"down": { "texture": "#tortoise", "uv": [ 5.0, 0.0, 9.0, 2.0 ] }
					}
				},
				{
					"name": "shell4",
					"from": [ 1.45, 2.13, 1.6 ], 
					"to": [ 4.55, 2.63, 2.4 ], 
					"rotationOrigin": [ 3.9, 2.8, 3.5 ],
					"faces": {
						"north": { "texture": "#tortoise", "uv": [ 7.25, 9.5, 12.5, 12.0 ], "autoUv": false },
						"east": { "texture": "#tortoise", "uv": [ 7.25, 9.5, 12.5, 12.0 ], "autoUv": false },
						"south": { "texture": "#tortoise", "uv": [ 7.25, 9.5, 12.5, 12.0 ], "autoUv": false },
						"west": { "texture": "#tortoise", "uv": [ 7.25, 9.5, 12.5, 12.0 ], "autoUv": false },
						"up": { "texture": "#tortoise", "uv": [ 7.0, 0.25, 12.75, 2.75 ], "autoUv": false },
						"down": { "texture": "#tortoise", "uv": [ 5.0, 0.0, 8.0, 0.75 ] }
					}
				}
			]
		}
	],
	"animations": [
		{
			"name": "Walk",
			"code": "walk",
			"quantityframes": 60,
			"onActivityStopped": "PlayTillEnd",
			"onAnimationEnd": "Repeat",
			"keyframes": [
				{
					"frame": 0,
					"elements": {
						"shell1": { "offsetX": 0.0, "offsetY": 0.0, "offsetZ": 0.0, "rotationX": 0.0, "rotationY": 0.0, "rotationZ": 0.0 },
						"shell2": { "offsetX": 0.0, "offsetY": 0.0, "offsetZ": 0.0, "rotationX": 0.0, "rotationY": 0.0, "rotationZ": 0.0 },
						"shell3": { "offsetX": 0.0, "offsetY": 0.0, "offsetZ": 0.0, "rotationX": 0.0, "rotationY": 0.0, "rotationZ": 0.0 },
						"shell4": { "offsetX": 0.0, "offsetY": 0.0, "offsetZ": 0.0, "rotationX": 0.0, "rotationY": 0.0, "rotationZ": 0.0 },
						"shellrim1": { "offsetX": 0.0, "offsetY": 0.0, "offsetZ": 0.0, "rotationX": 0.0, "rotationY": 0.0, "rotationZ": 0.0 },
						"shellrim2": { "offsetX": 0.0, "offsetY": 0.0, "offsetZ": 0.0, "rotationX": 0.0, "rotationY": 0.0, "rotationZ": 0.0 },
						"shellbottom": {  },
						"frontlegR": { "offsetX": 0.0, "offsetY": 0.0, "offsetZ": 0.0, "rotationX": 0.0, "rotationY": 0.0, "rotationZ": 0.0 },
						"backlegL": { "offsetX": 0.0, "offsetY": 0.0, "offsetZ": 0.0, "rotationX": 0.0, "rotationY": 0.0, "rotationZ": 0.0 },
						"backlegR": { "offsetX": 0.0, "offsetY": 0.0, "offsetZ": 0.0, "rotationX": 0.0, "rotationY": 0.0, "rotationZ": 0.0 },
						"frontlegL": { "offsetX": 0.0, "offsetY": 0.0, "offsetZ": 0.0, "rotationX": 0.0, "rotationY": 0.0, "rotationZ": 0.0 },
						"neckhole": {  },
						"neck": { "offsetX": 1.4, "offsetY": 0.0, "offsetZ": 0.0, "rotationX": 0.0, "rotationY": 0.0, "rotationZ": 0.0 }
					}
				},
				{
					"frame": 1,
					"elements": {
						"shell1": {  },
						"neckhole": {  },
						"neck": {  },
						"head": {  },
						"throat1": { "offsetX": 0.0, "offsetY": 0.0, "offsetZ": 0.0 },
						"throat2": { "offsetX": 0.0, "offsetY": 0.0, "offsetZ": 0.0 }
					}
				},
				{
					"frame": 10,
					"elements": {
						"shell1": {  },
						"shellbottom": {  },
						"frontlegL": { "offsetX": 0.0, "offsetY": 0.0, "offsetZ": 0.0, "rotationX": 0.0, "rotationY": -35.0, "rotationZ": 35.0 },
						"backlegL": { "offsetX": 0.0, "offsetY": 0.0, "offsetZ": 0.0, "rotationX": 0.0, "rotationY": -30.0, "rotationZ": -30.0 },
						"frontlegR": { "offsetX": 0.0, "offsetY": 0.0, "offsetZ": 0.0, "rotationX": 0.0, "rotationY": 0.0, "rotationZ": 0.0 },
						"backlegR": { "offsetX": 0.0, "offsetY": 0.0, "offsetZ": 0.0, "rotationX": 0.0, "rotationY": 0.0, "rotationZ": 0.0 },
						"neckhole": {  },
						"neck": {  },
						"head": {  },
						"eyelidL": { "offsetX": 0.0, "offsetY": 0.0, "offsetZ": 0.0 },
						"eyelidR": { "offsetX": 0.0, "offsetY": 0.0, "offsetZ": 0.0 }
					}
				},
				{
					"frame": 11,
					"elements": {
						"shell1": {  },
						"neckhole": {  },
						"neck": {  },
						"head": {  },
						"eyelidL": { "offsetX": 0.0, "offsetY": 0.0, "offsetZ": -0.01 },
						"eyelidR": { "offsetX": 0.0, "offsetY": 0.0, "offsetZ": 0.01 }
					}
				},
				{
					"frame": 15,
					"elements": {
						"shell1": {  },
						"neckhole": {  },
						"neck": {  },
						"throat2": { "offsetX": 0.0, "offsetY": 0.1, "offsetZ": 0.0 },
						"head": {  },
						"throat1": { "offsetX": 0.0, "offsetY": 0.1, "offsetZ": 0.0 }
					}
				},
				{
					"frame": 16,
					"elements": {
						"shell1": {  },
						"neckhole": {  },
						"neck": {  },
						"head": {  },
						"eyelidR": { "offsetX": 0.0, "offsetY": 0.0, "offsetZ": 0.0 },
						"eyelidL": { "offsetX": 0.0, "offsetY": 0.0, "offsetZ": 0.0, "rotationX": 0.0, "rotationY": 0.0, "rotationZ": 0.0 }
					}
				},
				{
					"frame": 20,
					"elements": {
						"shell1": {  },
						"neckhole": {  },
						"neck": {  },
						"head": {  },
						"eyelidL": { "offsetX": 0.0, "offsetY": 0.0, "offsetZ": 0.0 },
						"eyelidR": { "offsetX": 0.0, "offsetY": 0.0, "offsetZ": 0.0 }
					}
				},
				{
					"frame": 27,
					"elements": {
						"shell1": {  },
						"neckhole": {  },
						"neck": {  },
						"head": {  },
						"eyelidR": { "offsetX": 0.0, "offsetY": 0.0, "offsetZ": 0.0 },
						"eyelidL": { "offsetX": 0.0, "offsetY": 0.0, "offsetZ": 0.0 }
					}
				},
				{
					"frame": 30,
					"elements": {
						"shell1": {  },
						"neckhole": {  },
						"neck": {  },
						"throat2": { "offsetX": 0.0, "offsetY": 0.0, "offsetZ": 0.0 },
						"head": {  },
						"throat1": { "offsetX": 0.0, "offsetY": 0.0, "offsetZ": 0.0 }
					}
				},
				{
					"frame": 34,
					"elements": {
						"shell1": {  },
						"neckhole": {  },
						"neck": {  },
						"head": {  },
						"eyelidR": { "offsetX": 0.0, "offsetY": 0.0, "offsetZ": 0.0 },
						"eyelidL": { "offsetX": 0.0, "offsetY": 0.0, "offsetZ": 0.0 }
					}
				},
				{
					"frame": 35,
					"elements": {
						"shell1": {  },
						"shellbottom": {  },
						"frontlegR": { "offsetX": 0.0, "offsetY": 0.0, "offsetZ": 0.0, "rotationX": 0.0, "rotationY": 35.0, "rotationZ": 35.0 },
						"backlegR": { "offsetX": 0.0, "offsetY": 0.0, "offsetZ": 0.0, "rotationX": 0.0, "rotationY": 45.0, "rotationZ": -30.0 }
					}
				},
				{
					"frame": 45,
					"elements": {
						"shell1": {  },
						"neckhole": {  },
						"neck": {  },
						"head": {  },
						"throat1": { "offsetX": 0.0, "offsetY": 0.1, "offsetZ": 0.0 },
						"throat2": { "offsetX": 0.0, "offsetY": 0.1, "offsetZ": 0.0 }
					}
				},

			]
		},

		{
			"name": "Eat",
			"code": "eat",
			"quantityframes": 60,
			"onActivityStopped": "PlayTillEnd",
			"onAnimationEnd": "Stop",
			"keyframes": [
				{
					"frame": 0,
					"elements": {
						"shell1": {  },
						"neckhole": {  },
						"neck": { "offsetX": 0.0, "offsetY": 0.0, "offsetZ": 0.0, "rotationX": 0.0, "rotationY": 0.0, "rotationZ": 0.0 },
						"head": { "offsetX": 0.0, "offsetY": 0.0, "offsetZ": 0.0, "rotationX": 0.0, "rotationY": 0.0, "rotationZ": 0.0 },
						"jaw": { "offsetX": 0.0, "offsetY": 0.0, "offsetZ": 0.0, "rotationX": 0.0, "rotationY": 0.0, "rotationZ": 0.0 },
						"eyelidL": { "offsetX": 0.0, "offsetY": 0.0, "offsetZ": 0.0 },
						"eyelidR": { "offsetX": 0.0, "offsetY": 0.0, "offsetZ": 0.0 }
					}
				},
				{
					"frame": 15,
					"elements": {
						"shell1": {  },
						"neckhole": {  },
						"neck": { "offsetX": 1.6, "offsetY": 0.0, "offsetZ": 0.0, "rotationX": 0.0, "rotationY": 0.0, "rotationZ": 0.0 },
						"head": { "offsetX": -0.3, "offsetY": -0.05, "offsetZ": 0.0, "rotationX": 0.0, "rotationY": 0.0, "rotationZ": -30.0 },
						"jaw": { "offsetX": 0.0, "offsetY": 0.0, "offsetZ": 0.0, "rotationX": 0.0, "rotationY": 0.0, "rotationZ": -33.0 },
						"eyelidR": { "offsetX": 0.0, "offsetY": 0.0, "offsetZ": 0.0 },
						"eyelidL": { "offsetX": 0.0, "offsetY": 0.0, "offsetZ": 0.0 }
					}
				},
				{
					"frame": 23,
					"elements": {
						"shell1": {  },
						"neckhole": {  },
						"neck": {  },
						"head": { "offsetX": -0.25, "offsetY": -0.05, "offsetZ": 0.0 },
						"eyelidL": { "offsetX": 0.0, "offsetY": 0.0, "offsetZ": 0.0 },
						"eyelidR": { "offsetX": 0.0, "offsetY": 0.0, "offsetZ": 0.0 }
					}
				},
				{
					"frame": 24,
					"elements": {
						"shell1": {  },
						"neckhole": {  },
						"neck": { "offsetX": 1.6, "offsetY": 0.0, "offsetZ": 0.0, "rotationX": 0.0, "rotationY": 0.0, "rotationZ": 0.0 },
						"head": { "offsetX": -0.3, "offsetY": -0.05, "offsetZ": 0.0, "rotationX": 0.0, "rotationY": 0.0, "rotationZ": -30.0 },
						"jaw": { "offsetX": 0.0, "offsetY": 0.0, "offsetZ": 0.0, "rotationX": 0.0, "rotationY": 0.0, "rotationZ": -9.0 },
						"eyelidL": { "offsetX": 0.0, "offsetY": 0.0, "offsetZ": -0.01 },
						"eyelidR": { "offsetX": 0.0, "offsetY": 0.0, "offsetZ": 0.01 }
					}
				}
			]
		},

		{
			"name": "Sleep",
			"code": "sleep",
			"quantityframes": 30,
			"onActivityStopped": "EaseOut",
			"onAnimationEnd": "Hold",
			"keyframes": [
				{
					"frame": 0,
					"elements": {
						"shell1": { "offsetX": 0.0, "offsetY": 0.0, "offsetZ": 0.0, "rotationX": 0.0, "rotationY": 0.0, "rotationZ": 0.0 },
						"shellbottom": {  },
						"frontlegL": { "offsetX": 0.0, "offsetY": 0.0, "offsetZ": 0.0, "rotationX": 0.0, "rotationY": 0.0, "rotationZ": 0.0 },
						"frontlegR": { "offsetX": 0.0, "offsetY": 0.0, "offsetZ": 0.0, "rotationX": 0.0, "rotationY": 0.0, "rotationZ": 0.0 },
						"backlegR": { "offsetX": 0.0, "offsetY": 0.0, "offsetZ": 0.0, "rotationX": 0.0, "rotationY": 0.0, "rotationZ": 0.0 },
						"backlegL": { "offsetX": 0.0, "offsetY": 0.0, "offsetZ": 0.0, "rotationX": 0.0, "rotationY": 0.0, "rotationZ": 0.0 },
						"neckhole": {  },
						"neck": { "offsetX": 0.0, "offsetY": 0.0, "offsetZ": 0.0, "rotationX": 0.0, "rotationY": 0.0, "rotationZ": 0.0 },
						"head": {  },
						"eyelidL": { "offsetX": 0.0, "offsetY": 0.0, "offsetZ": 0.0 },
						"eyelidR": { "offsetX": 0.0, "offsetY": 0.0, "offsetZ": 0.0 },
						"tail1": { "offsetX": 0.0, "offsetY": 0.0, "offsetZ": 0.0, "rotationX": 0.0, "rotationY": 0.0, "rotationZ": 0.0 }
					}
				},
				{
					"frame": 1,
					"elements": {
						"shell1": {  },
						"shellbottom": {  },
						"backlegR": { "rotationX": 0.0, "rotationY": 45.0, "rotationZ": 0.0 },
						"backlegL": { "offsetX": 0.2, "offsetY": 0.0, "offsetZ": 0.1, "rotationX": 0.0, "rotationY": -45.0, "rotationZ": 0.0 },
						"neckhole": {  },
						"neck": {  },
						"head": {  },
						"eyelidL": { "offsetX": 0.0, "offsetY": 0.0, "offsetZ": -0.01 },
						"eyelidR": { "offsetX": 0.0, "offsetY": 0.0, "offsetZ": 0.01 }
					}
				},
				{
					"frame": 5,
					"elements": {
						"shell1": {  },
						"shellbottom": {  },
						"backlegL": { "offsetX": 0.4, "offsetY": 0.5, "offsetZ": -0.1, "rotationX": 0.0, "rotationY": -45.0, "rotationZ": 0.0 },
						"backlegR": { "offsetX": 0.2, "offsetY": 0.5, "offsetZ": 0.3, "rotationX": 0.0, "rotationY": 45.0, "rotationZ": 0.0 }
					}
				},
				{
					"frame": 15,
					"elements": {
						"shell1": { "offsetX": 0.0, "offsetY": -0.7, "offsetZ": 0.0, "rotationX": 0.0, "rotationY": 0.0, "rotationZ": 4.0 },
						"shellbottom": {  },
						"frontlegL": { "offsetX": -0.0, "offsetY": -0.0, "offsetZ": 0.0, "rotationX": -67.5, "rotationY": -45.0, "rotationZ": 22.5 },
						"backlegR": { "offsetX": 0.2, "offsetY": 1.0, "offsetZ": 0.3, "rotationX": 0.0, "rotationY": 45.0, "rotationZ": 0.0 },
						"frontlegR": { "offsetX": -0.0, "offsetY": 0.0, "offsetZ": -0.0, "rotationX": 67.5, "rotationY": 45.0, "rotationZ": 22.5 },
						"backlegL": { "offsetX": 0.4, "offsetY": 1.0, "offsetZ": -0.1, "rotationX": 0.0, "rotationY": -45.0, "rotationZ": 0.0 },
						"neckhole": {  },
						"neck": { "offsetX": -1.2, "offsetY": 0.0, "offsetZ": 0.0, "rotationX": 0.0, "rotationY": 0.0, "rotationZ": 0.0 },
						"tail1": { "offsetX": 0.0, "offsetY": -0.3, "offsetZ": 0.0, "rotationX": 0.0, "rotationY": 0.0, "rotationZ": -22.5 }
					}
				},
				{
					"frame": 29,
					"elements": {
						"shell1": { "offsetX": 0.0, "offsetY": -0.7, "offsetZ": 0.0, "rotationX": 0.0, "rotationY": 0.0, "rotationZ": 4.0 },
						"shellbottom": {  },
						"backlegR": { "offsetX": 0.2, "offsetY": 1.0, "offsetZ": 0.3, "rotationX": 0.0, "rotationY": 45.0, "rotationZ": 0.0 },
						"backlegL": { "offsetX": 0.4, "offsetY": 1.0, "offsetZ": -0.1, "rotationX": 0.0, "rotationY": -45.0, "rotationZ": 0.0 },
						"frontlegR": { "offsetX": 0.0, "offsetY": 0.0, "offsetZ": 0.0, "rotationX": 67.5, "rotationY": 45.0, "rotationZ": 22.5 },
						"frontlegL": { "offsetX": 0.0, "offsetY": 0.0, "offsetZ": 0.0, "rotationX": -67.5, "rotationY": -45.0, "rotationZ": 22.5 },
						"tail1": { "offsetX": 0.0, "offsetY": -0.3, "offsetZ": 0.0, "rotationX": 0.0, "rotationY": 0.0, "rotationZ": -22.5 },
						"neckhole": {  },
						"neck": { "offsetX": -1.2, "offsetY": 0.0, "offsetZ": 0.0, "rotationX": 0.0, "rotationY": 0.0, "rotationZ": 0.0 },
						"head": {  },
						"eyelidL": { "offsetX": 0.0, "offsetY": 0.0, "offsetZ": -0.005172413793103448 },
						"eyelidR": { "offsetX": 0.0, "offsetY": 0.0, "offsetZ": 0.005172413793103448 }
					}
				}
			]
		},

		{
			"name": "Idle",
			"code": "idle",
			"quantityframes": 60,
			"onActivityStopped": "PlayTillEnd",
			"onAnimationEnd": "Repeat",
			"keyframes": [
				{
					"frame": 0,
					"elements": {
						"shell1": { "offsetX": 0.0, "offsetY": 0.0, "offsetZ": 0.0 },
						"neckhole": {  },
						"neck": {  },
						"head": {  },
						"eyelidL": { "offsetX": 0.0, "offsetY": 0.0, "offsetZ": 0.0 },
						"eyelidR": { "offsetX": 0.0, "offsetY": 0.0, "offsetZ": 0.0 },
						"throat1": { "offsetX": 0.0, "offsetY": 0.0, "offsetZ": 0.0 }
					}
				},
				{
					"frame": 15,
					"elements": {
						"shell1": {  },
						"neckhole": {  },
						"neck": {  },
						"head": {  },
						"eyelidR": { "offsetX": 0.0, "offsetY": 0.0, "offsetZ": 0.01 },
						"eyelidL": { "offsetX": 0.0, "offsetY": 0.0, "offsetZ": -0.01 },
						"throat1": { "offsetX": 0.0, "offsetY": 0.1, "offsetZ": 0.0 }
					}
				},
				{
					"frame": 20,
					"elements": {
						"shell1": {  },
						"neckhole": {  },
						"neck": {  },
						"head": {  },
						"eyelidR": { "offsetX": 0.0, "offsetY": 0.0, "offsetZ": 0.0 },
						"eyelidL": { "offsetX": 0.0, "offsetY": 0.0, "offsetZ": 0.0 }
					}
				}
			]
		},

		{
			"name": "Die",
			"code": "die",
			"quantityframes": 5,
			"onActivityStopped": "PlayTillEnd",
			"onAnimationEnd": "Hold",
			"keyframes": [
				{
					"frame": 0,
					"elements": {
						"shell1": { "offsetX": 0.0, "offsetY": 0.0, "offsetZ": 0.0, "rotationX": 0.0, "rotationY": 0.0, "rotationZ": 0.0 }
					}
				},
				{
					"frame": 4,
					"elements": {
						"shell1": { "offsetX": 0.0, "offsetY": -0.9, "offsetZ": 0.0, "rotationX": 0.0, "rotationY": 0.0, "rotationZ": 0.0 },
						"shellbottom": {  },
						"frontlegL": { "offsetX": -0.1, "offsetY": 0.0, "offsetZ": 0.0, "rotationX": 0.0, "rotationY": 0.0, "rotationZ": 67.5 },
						"backlegR": { "offsetX": 0.0, "offsetY": 0.0, "offsetZ": 0.0, "rotationX": -22.5, "rotationY": -22.5, "rotationZ": -90.0 },
						"frontlegR": { "offsetX": -0.1, "offsetY": 0.0, "offsetZ": 0.0, "rotationX": 0.0, "rotationY": 0.0, "rotationZ": 67.5 },
						"backlegL": { "offsetX": 0.3, "offsetY": 0.0, "offsetZ": 0.0, "rotationX": 22.5, "rotationY": 22.5, "rotationZ": -90.0 },
						"tail1": { "offsetX": 0.0, "offsetY": -0.3, "offsetZ": 0.0, "rotationX": 0.0, "rotationY": 0.0, "rotationZ": -22.5 },
						"neckhole": {  },
						"neck": {  },
						"head": { "offsetX": 0.0, "offsetY": 0.0, "offsetZ": 0.0, "rotationX": 0.0, "rotationY": 0.0, "rotationZ": -11.0 },
						"eyelidL": { "offsetX": 0.0, "offsetY": 0.0, "offsetZ": -0.01, "rotationX": 0.0, "rotationY": 0.0, "rotationZ": 0.0 },
						"eyelidR": { "offsetX": 0.0, "offsetY": 0.0, "offsetZ": 0.01, "rotationX": 0.0, "rotationY": 0.0, "rotationZ": 0.0 }
					}
				}
			]
		}
	]
}