{
	code: "acornbreadcrumbs",
	maxstacksize: 128,
	attributes: {
		"handbook": { "groupBy": [ "acornbreadcrumbs-*" ] },
		nutritionPropsWhenInMeal: { 
			satietyByType:  { 
				"*-acornflax": 240, 
				"*-acornrice": 495, 
				"*":  440 
			},
			foodcategory: "Grain" 
		},
	},
	variantgroups: [
		{ code: "type", states: ["acornspelt", "acornrye", "acornflax", "acornrice", "acorncassava", "acornamaranth", "acornsunflower" ] },
	],
	shapebytype: { 
		"acornbreadcrumbs-*": { base: "item/food/bread/crumbs/breadcrumbs-acorn" },
	},
	creativeinventory: { "general": ["*"], "items": ["*"] },
	nutritionPropsByType: {
		"*-acornflax": { saturation: 60, foodcategory: "Grain" },
		"*-acornrice": { saturation: 120, foodcategory: "Grain" },
		"*": { saturation: 110, foodcategory: "Grain" }
	},
	transitionableProps: [{
		type: "Perish",
		freshHours: { avg: 432 },
		transitionHours: { avg: 36 },
		transitionedStack: { type: "item", code: "game:rot" },
		transitionRatio: 1
	}],
	materialDensity: 200,
	guiTransform: {
		translation: { x: 2.5, y: -3, z: 0 },
		rotation: { x: 137, y: 131, z: 0 },
		origin: { x: 0.5, y: 0.2, z: 0.5 },
		scale: 1.65
	},
	fpHandTransform: {
		translation: { x: 0, y: 0, z: 0 },
		rotation: { x: 51, y: 90, z: -30 },
		scale: 1.9
	},
	tpHandTransform: {
		translation: { x: -0.7, y: -0.14, z: -0.6 },
		rotation: { x: 1, y: -1, z: -31 },
		origin: { x: 0.5, y: 0.1, z: 0.5 },
		scale: 0.79
	},
	groundTransform: {
		
			translation: { x: 0, y: 0, z: 0 },
			rotation: { x: 0, y: 0, z: 0 },
			origin: { x: 0.5, y: 0, z: 0.5 },
			scale: 1.25
	},
}