{
	code: "electricsword",
	damagedby: ["blockbreaking", "attacking"],
	tool: "sword",
	class: "ItemSword",
	attributes: {
		handbook: {
			groupBy: ["electricsword"]
		},
		toolrackTransform: {
			translation: { x: 0, y: 0.35, z: 0 },
			origin: { x: 0, y: 0, z: 0 }
		}
	},
	shape: { base: "item/electricsword" },
	heldTpHitAnimation: "swordhit",
	attackRange: 3,
	tooltier: 6,
	miningspeed: {
			"wood": 2,
			"leaves": 1.4
		},
	attackpower: 7.5,
	durability: 2250,
	creativeinventory: { "general": ["*"], "items": ["*"], "tools": ["*"] },
	fpHandTransform: {
		translation: { x: -0.2, y: -0.2, z: 0 },
		rotation: { x: 15, y: 15, z: 90 },
		scale: 2.72
	},
	groundTransform: {
		translation: { x: 0, y: 0, z: 0 },
		rotation: { x: 180, y: 0, z: 0 },
		origin: { x: 0.5, y: 0.1, z: 0.5299 },
		scale: 5
	},
	tpHandTransform: {
		translation: { x: 0.05, y: -0.5, z: -0.05 },
		rotation: { x: 90, y: 0, z: 0 },
		origin: { x: 0, y: 0, z: 0 },
		scale: 1
	},
		guiTransform: {
		translation: { x: 0, y: 0, z: 0 },
		rotation: { x: -50, y: 59, z: 12 },
		origin: { x: 1.75, y: 1.05, z: 0 },
		scale: 1.7
	}
}