{
	code: "glove",
	tool: "pickaxe",
	attributes: {
		handbook: {
			groupBy: ["glove"]
		},
		toolrackTransform: {
			translation: { x: 0, y: -0.45, z: 0 },
			rotation: { x: -180, y: -90, z: 0 }
		}
	},
	shape: { base: "item/glove" },
	creativeinventory: { "general": ["*"], "items": ["*"], "tools": ["*"] },
	damagedby: ["blockbreaking", "attacking"],
	miningtierbytype: {
		"*": 6
	},
	miningspeedbytype: {
		"*": {
			"stone": 18,
			"ore": 18,
			"metal": 18,
			"ice": 12,
			"soil": 16,
			"sand": 16,
			"gravel": 16,
			"snow": 17,
			"ceramic": 12,
			"wood": 12,
			"plant": 8,
			"leaves": 8
		}
	},
	attacktierbytype: {
		"*": 5
	},
	attackpowerbytype: {
		"*": 4.5
	},
	durabilitybytype: {
		"*": 2500
	},
	attackRange: 1.5,
	tpHandTransform: {
		translation: { x: -1.175, y: -0.65, z: -0.84 },
		rotation: { x: -90, y: 0, z: -90 },
		scale: 0.62
	},
	fpHandTransform: {
		translation: { x: 0.15, y: 0.1, z: 0.1 },
		rotation: { x: 10, y: -180, z: 0 },
		scale: 2.27
	},
	guiTransform: {
		rotation: { x: -37, y: -35, z: 180 },
		origin: { x: 0.5, y: 0.2, z: 0.6 },
		scale: 2
	},
	groundTransform: {
		translation: { x: 0, y: 0, z: 0 },
		rotation: { x: 0, y: 0, z: 0 },
		origin: { x: 0.5, y: 0, z: 0.5299 },
		scale: 3.65
	}
}