{
  code: "gemshornmount",
  creativeinventory: {
    "general": [
      "gemshornmount-north"
    ],
    "decorative": [
      "gemshornmount-north"
    ]
  },
  behaviors: [
    {
      name: "HorizontalAttachable"
    }
  ],
  variantgroups: [
    {
      code: "side",
      loadFromProperties: "game:abstract/horizontalorientation"
    }
  ],
  shapeinventory: {
    base: "block/gemshorn_mount"
  },
  shapebytype: {
    "*-north": {
      base: "block/gemshorn_mount",
      rotateY: 0
    },
    "*-east": {
      base: "block/gemshorn_mount",
      rotateY: 270
    },
    "*-south": {
      base: "block/gemshorn_mount",
      rotateY: 180
    },
    "*-west": {
      base: "block/gemshorn_mount",
      rotateY: 90
    }
  },
  blockmaterial: "Wood",
  lightAbsorption: 0,
  textures: {
    "gemsbok": {
      base: "entity/gemsbok"
    },
    "plaque": {
      base: "game:block/wood/planks/acacia1"
    },
  },
  sidesolid: {
    all: false
  },
  sideopaque: {
    all: false
  },
  sideao: {
    all: false
  },
  replaceable: 5001,
  resistance: 1,
  collisionbox: null,
  selectionbox: {
    x1: 0,
    y1: 0,
    z1: 0,
    x2: 1,
    y2: 1,
    z2: 0.0625,
    rotateYByType: {
      "*-east": 270,
      "*-south": 180,
      "*-west": 90,
      "*-north": 0
    }
  },
	guiTransform: {
		translation: { x: 0, y: 8, z: 0 },
		rotation: { x: -20, y: 157, z: 4 },
		scale: 1.44
	},
	fpHandTransform: {
		rotation: { x: 4, y: -113, z: 3 },
		scale: 2.86
	},
    	tpHandTransform: {
		translation: { x: -1.5, y: -0.8, z: -1 },
		rotation: { x: 0, y: 90, z: 6 },
		scale: 0.58
	},
  sounds: {
    "place": "game:block/planks",
    "break": "game:block/planks",
    "hit": "game:block/planks"
  },
  rainPermeable: true,
  materialDensity: 600
}