[
  {
    "op": "add",
    "path": "/behaviorsByType/*/-",
    "value": { "name": "Carryable", "properties": { "scale": 0.6 } },
    "file": "bricklayers:blocktypes/clay/planterglazed.json"
  },
  {
    "op": "add",
    "path": "/behaviorsByType/*/-",
    "value": { "name": "Carryable", "properties": { "scale": 0.6 } },
    "file": "bricklayers:blocktypes/clay/plantercolored.json"
  },
  {
    "op": "add",
    "path": "/behaviorsByType/*/-",
    "value": { "name": "Carryable", "properties": { "scale": 0.6 } },
    "file": "bricklayers:blocktypes/clay/planterglazed_salt.json"
  }
]
