[
    {
        "op": "add",
        "path": "/server/behaviors/7/aitasks/0/entityCodes/-",
        "value": "tame-wolf-male",
        "file": "game:entities/land/locust.json"
    },
    {
        "op": "add",
        "path": "/server/behaviors/7/aitasks/0/entityCodes/-",
        "value": "tame-wolf-female",
        "file": "game:entities/land/locust.json"
    },
    {
        "op": "add",
        "path": "/server/behaviors/7/aitasks/2/entityCodes/-",
        "value": "tame-wolf-male",
        "file": "game:entities/land/locust.json"
    },
    {
        "op": "add",
        "path": "/server/behaviors/7/aitasks/2/entityCodes/-",
        "value": "tame-wolf-female",
        "file": "game:entities/land/locust.json"
    }
]