{
	"editor": {
		"allAngles": false,
		"entityTextureMode": false
	},
	"textureWidth": 16,
	"textureHeight": 4,
	"textureSizes": {
	},
	"textures": {

	},
	"elements": [
		{
			"name": "Cube1",
			"from": [ 0.0, 0.0, 0.0 ], 
			"to": [ 16.0, 2.0, 4.0 ], 
			"rotationOrigin": [ 8.0, 0.0, 8.0 ],
			"faces": {
				"north": { "texture": "#null", "uv": [ 0.0, 0.0, 16.0, 2.0 ] },
				"east": { "texture": "#null", "uv": [ 2.5, 0.0, 6.5, 2.0 ] },
				"south": { "texture": "#null", "uv": [ 0.0, 0.0, 16.0, 2.0 ] },
				"west": { "texture": "#null", "uv": [ 2.5, 0.0, 6.5, 2.0 ] },
				"up": { "texture": "#null", "uv": [ 0.0, 0.0, 16.0, 4.0 ] },
				"down": { "texture": "#null", "uv": [ 0.0, 0.0, 16.0, 4.0 ], "rotation": 180 }
			}
		},
		{
			"name": "Cube2",
			"from": [ 0.0, 0.0, 4.0 ], 
			"to": [ 4.0, 2.0, 16.0 ], 
			"rotationOrigin": [ 0.0, 0.0, 4.0 ],
			"faces": {
				"north": { "texture": "#null", "uv": [ 0.0, 0.0, 4.0, 2.0 ] },
				"east": { "texture": "#null", "uv": [ 0.0, 0.0, 12.0, 2.0 ] },
				"south": { "texture": "#null", "uv": [ 0.0, 0.0, 4.0, 2.0 ] },
				"west": { "texture": "#null", "uv": [ 0.0, 0.0, 12.0, 2.0 ] },
				"up": { "texture": "#null", "uv": [ 0.0, 0.0, 12.0, 4.0 ], "rotation": 90 },
				"down": { "texture": "#null", "uv": [ 0.0, 0.0, 12.0, 4.0 ], "rotation": 90 }
			}
		}
	]}