{
	code: "speedboots",
	class: "ItemWearable",
	shapeByType: {
		"*": { base: "entity/armor/speedboots" }
	},
	heldTpIdleAnimation: "holdunderarm",
	storageFlags: 128,
	attributes: {
		wearableAttachment: true,
		clothescategoryByType: {
			"*": "armorlegs",
		},
		defaultProtLoss: {
			perTierRelativeProtectionLoss: [0.025, 0.15],
			perTierFlatDamageReductionLoss: [0.1, 0.2],
		},
		protectionModifiersByType: {
			"*": {
				relativeProtection: 0.25,
				flatDamageReduction: 0,
				highDamageTierResistant: false,
				protectionTier: 4
			}
		},
		statModifiersByType: {
			"*": {
				walkSpeed: 0.75,
				hungerrate: 1
			}
		}
	},
	texturesByType: {
		"*": {
			"seraph": { base: "game:block/transparent" }
		}
	},
	creativeinventory: { "general": ["*"], "items": ["*"], "clothing": ["*"] },
	renderAlphaTest: 0.25,
	durabilityByType: {
		"*": 3250
	},
	fpHandTransform: {
		translation: { x: 0, y: 0.2, z: 0 },
		rotation: { x: 1, y: 21, z: 0 },
		origin: { x: 0, y: 0, z: 0 },
		scale: 2.15
	},
	tpHandTransform: {
		translation: { x: -1, y: -0.6, z: -0.4 },
		rotation: { x: 95, y: -20, z: -91 },
		origin: { x: 0.5, y: 0.7, z: 0.5 },
		scale: 0.74
	},
	guiTransform: {
		translation: { x: 1, y: 0, z: 0 },
		rotation: { x: -26, y: -46, z: -180 },
		origin: { x: 0.57, y: 0.2, z: 0.5 },
		scale: 2.2
	},
	groundTransform: {
		translation: { x: 0, y: 0, z: 0 },
		rotation: { x: 0, y: 0, z: 0 },
		origin: { x: 0, y: 0, z: 0 },
		scale: 4
	}
}