{
	code: "stasispack",
	class: "ItemWearable",
	shapeByType: {
		"*": { base: "entity/armor/stasispack" }
	},
	heldTpIdleAnimation: "holdunderarm",
	storageFlags: 128,
	attributes: {
		wearableAttachment: true,
		clothescategoryByType: {
			"*": "armorbody",
		},
		defaultProtLoss: {
			perTierRelativeProtectionLoss: [0.025, 0.15],
			perTierFlatDamageReductionLoss: [0.1, 0.2],
		},
		protectionModifiersByType: {
			"*": {
				relativeProtection: 0.25,
				flatDamageReduction: 0,
				highDamageTierResistant: false,
				protectionTier: 4
			}
		},
		statModifiersByType: {
			"*": {
				hungerrate: -0.5,
				walkSpeed: -0.1,
				healingeffectivness: -0.5,
				rangedWeaponsSpeed: -0.3
			}
		},
		footStepSoundByType: {
			"*": "game:wearable/leather*"
		}
	},
	texturesByType: {
		"*": {
			"seraph": { base: "game:block/transparent" }
		}
	},
	creativeinventory: { "general": ["*"], "items": ["*"], "clothing": ["*"] },
	renderAlphaTest: 0.25,
	durabilityByType: {
		"*": 2500
	},
	fpHandTransform: {
		translation: { x: 0.4, y: -1.2, z: -0.5 },
			rotation: { x: 163, y: -111, z: -180 },
			origin: { x: 0.5, y: 1.6, z: 0.5 },
			scale: 2.15
	},
	tpHandTransformByType: {
		"*": {
			translation: { x: -1, y: -1.9, z: -0.5 },
			rotation: { x: 97, y: -168, z: 94 },
			origin: { x: 0.5, y: 1.5, z: 0.5 },
			scale: 0.67
		},
	},
	guiTransform: {
		translation: { x: 3, y: 0, z: 0 },
		rotation: { x: -26, y: -46, z: -180 },
		origin: { x: 0.5, y: 1.31, z: 0.53 },
		scale: 2.25
	},
	groundTransform: {
		translation: { x: 0, y: 0, z: 0 },
			rotation: { x: 0, y: 0, z: 90 },
			origin: { x: 0.34, y: 1.12, z: 0.5 },
			scale: 3.1
	}
}