{
	code: "tankboots",
	class: "ItemWearable",
	shapeByType: {
		"*": { base: "entity/armor/tankboots2" }
	},
	heldTpIdleAnimation: "holdunderarm",
	storageFlags: 128,
	attributes: {
		wearableAttachment: true,
		clothescategoryByType: {
			"*": "armorlegs",
		},
		defaultProtLoss: {
			perTierRelativeProtectionLoss: [0, 0.12],
			perTierFlatDamageReductionLoss: [0, 0.15],
		},
		protectionModifiersByType: {
			"*": {
				relativeProtection: 0.98,
				flatDamageReduction: 6,
				highDamageTierResistant: true,
				protectionTier: 6
			}
		},
		statModifiersByType: {
			"*": {
				walkSpeed: 0.2,
				hungerrate: 0.1
			}
		}
	},
	texturesByType: {
		"*": {
			"seraph": { base: "game:block/transparent" }
		}
	},
	creativeinventory: { "general": ["*"], "items": ["*"], "clothing": ["*"] },
	renderAlphaTest: 0.25,
	durabilityByType: {
		"*": 3600
	},
	fpHandTransform: {
		translation: { x: 0.4, y: -0.5, z: -0.5 },
		rotation: { x: 163, y: 151, z: -180 },
		origin: { x: 0.5, y: 1.6, z: 0.5 },
		scale: 2.15
	},
	tpHandTransformByType: {
		"*": {
			translation: { x: -0.7, y: -0.6, z: -0.4 },
			rotation: { x: 95, y: -20, z: -91 },
			origin: { x: 0.5, y: 0.7, z: 0.5 },
			scale: 0.74
		}
	},
	guiTransform: {
			translation: { x: 1, y: 0, z: 0 },
			rotation: { x: -26, y: -46, z: -180 },
			origin: { x: 0.5, y: 0.6, z: 0.5 },
			scale: 1.25
	},
	groundTransform: {
			translation: { x: 0, y: 0, z: 0 },
			rotation: { x: 0, y: 0, z: 90 },
			origin: { x: 0.34, y: 1.12, z: 0.5 },
			scale: 3.1
	}
}