﻿{
	code: "false_wall",
	class: "FalseWall",
	renderpass: "OpaqueNoCull",	
    entityClassByType: {
		"*-down-*": null,
		"*-up-*": "BoltableDoorEntity",
	},
	heldTpIdleAnimation: "holdunderarm",
	attributes: {
		handbook: {
			groupBy: ["false_wall-*"]
		},
	},    
	variantgroups: [
		{ loadFromProperties: "abstract/horizontalorientation" },
		{ code: "part", states: ["down", "up"] },
		{ code: "state", states: ["closed", "opened"] },		
        { code: "material", loadFromProperties: "block/rock" },		
	],
	creativeinventory: { "general": ["false_wall-north-down-closed-*"], "decorative": ["false_wall-north-down-closed-*"], "defensive": ["false_wall-north-down-closed-*"] },	
	textures: {
		"stone": { base: "game:block/stone/brick/{material}1" },    							
		"wood": { base: "game:block/wood/planks/oak1" },		
	},   
    shapeinventory: { base: "block/stone/false_wall_inv" },
	shapebytype: {
		"*-north-down-closed-*": { base: "block/stone/false_wall_lower", rotateY: 0 },
		"*-north-up-closed-*": { base: "block/stone/false_wall_upper",   rotateY: 0 },
		"*-north-down-opened-*": { base: "block/stone/false_wall_lower" ,rotateY: -90, offsetX: -0.80  },
		"*-north-up-opened-*": { base: "block/stone/false_wall_upper",   rotateY: -90, offsetX: -0.80 },
		
		"*-east-down-closed-*": { base:"block/stone/false_wall_lower",   rotateY: 90 },
		"*-east-up-closed-*": { base: "block/stone/false_wall_upper",    rotateY: 90 },
		"*-east-down-opened-*": { base: "block/stone/false_wall_lower",  rotateY: 0, offsetZ: 0.80 },
		"*-east-up-opened-*": { base: "block/stone/false_wall_upper",    rotateY: 0, offsetZ: 0.80 },
		
		"*-south-down-closed-*": { base: "block/stone/false_wall_lower", rotateY: 180 },
		"*-south-up-closed-*": { base: "block/stone/false_wall_upper",   rotateY:180 },
		"*-south-down-opened-*": { base: "block/stone/false_wall_lower", rotateY: 90, offsetX: 0.80 },
		"*-south-up-opened-*": { base: "block/stone/false_wall_upper",   rotateY: 90, offsetX: 0.80 },
		
		"*-west-down-closed-*": { base: "block/stone/false_wall_lower",  rotateY: 270 },
		"*-west-up-closed-*": { base: "block/stone/false_wall_upper",    rotateY: 270 },
		"*-west-down-opened-*": { base: "block/stone/false_wall_lower",  rotateY: 180, offsetZ: -0.80 },
		"*-west-up-opened-*": { base: "block/stone/false_wall_upper",    rotateY: 180, offsetZ: -0.80 },				
	},
	blockmaterial: "Stone",
	replaceable: 500,
	resistance: 4.0,
	lightAbsorption: 25,
	sidesolid: {
		all: false
	},
	sideopaque: {
		all: false
	},
	guiTransform: {
		origin: { x: 0.5, y: 1, z: 0.5 },
		scale: 0.75
	},
	fpHandTransform: {
		translation: { x: -0.27, y: 0.18, z: 0.72 },
		rotation: { x: 120, y: 42, z: 0 },
		scale: 1.11
	},
	tpHandTransform: {
		translation: { x: -0.7, y: -0.7, z: -0.6 },
		rotation: { x: 14, y: 0, z: 59 },
		origin: { x: 0.45, y: 0.45, z: 0.3 },
		scale: 0.6
	},
	groundTransform: {
		rotation: { x: -90, y: 0, z: 0 },
		origin: { x: 0.5, y: 0, z: 0.44 },
		scale: 2.15
	},
	selectionboxesByType: {					
		"*-north-down-closed-*": [	
		{ x1: 0, y1: 0, z1: 0, x2: 1, y2: 1, z2: 0.25 },		
		],		
		"*-north-up-closed-*": [		
		{ x1: 0, y1: 0, z1: 0, x2: 1, y2: 1, z2: 0.135 },				
		{ x1: 0.45, y1: 0.5, z1: 0.15, x2: 0.95, y2: 0.65, z2: 0.25 }
		],		
		"*-west-down-closed-*": [	
		{ x1: 0, y1: 0, z1: 0, x2: 1, y2: 1, z2: 0.25, rotateY: 270 },		
		],		
		"*-west-up-closed-*": [		
		{ x1: 0, y1: 0, z1: 0, x2: 1, y2: 1, z2: 0.135 , rotateY: 270},				
		{ x1: 0.45, y1: 0.5, z1: 0.15, x2: 0.95, y2: 0.65, z2: 0.25, rotateY: 270 }
		],		
		"*-east-down-closed-*": [	
		{ x1: 0, y1: 0, z1: 0, x2: 1, y2: 1, z2: 0.25, rotateY: 90 },		
		],		
		"*-east-up-closed-*": [		
		{ x1: 0, y1: 0, z1: 0, x2: 1, y2: 1, z2: 0.135, rotateY: 90 },				
		{ x1: 0.45, y1: 0.5, z1: 0.15, x2: 0.95, y2: 0.65, z2: 0.25, rotateY: 90 }
		],		
		"*-south-down-closed-*": [	
		{ x1: 0, y1: 0, z1: 0, x2: 1, y2: 1, z2: 0.25, rotateY: 180 },		
		],		
		"*-south-up-closed-*": [		
		{ x1: 0, y1: 0, z1: 0, x2: 1, y2: 1, z2: 0.135, rotateY:180 },				
		{ x1: 0.45, y1: 0.5, z1: 0.15, x2: 0.95, y2: 0.65, z2: 0.25, rotateY:180 }
		],		
	},	
	collisionbox: { x1: 0, y1: 0, z1: 0, x2: 1, y2: 1, z2: 0.25,
		rotateYByType: {
			"*-north-*-opened-*":  90,
           	"*-south-*-opened-*": 270,
            "*-east-*-opened-*":  180,         
            "*-west-*-opened-*": 	0,
			"*-north-*-closed-*":   0,
            "*-south-*-closed-*": 180,
            "*-east-*-closed-*":   90,			
			"*-west-*-closed-*":  -90,						
		}
	},	
	sounds: {		
		"walk": "game:walk/stone",
        byTool: {
			"Pickaxe": { hit: "game:block/rock-hit-pickaxe", break: "game:block/rock-break-pickaxe" }
		}
	},
	materialDensity: 5000
}
