﻿[
  {
    "op": "add",
    "path": "/ingredients/4/validStacks/-",
    "value": { type: "item", code: "expandedfoods:sausagefish-normal-partbaked",  shapeElement: "bowl/meatnugget 1/*", textureMapping: ["meatnugget", "poultry-raw"]  },
    "file": "recipes/mixing/pastacold.json",
    dependsOn: [{ "modid": "primitivesurvival" }]
  },
  {
    "op": "add",
    "path": "/ingredients/4/validStacks/-",
    "value": { type: "item", code: "expandedfoods:sausagefish-normal-driedpartbaked",  shapeElement: "bowl/meatnugget 1/*", textureMapping: ["meatnugget", "poultry-raw"]  },
    "file": "recipes/mixing/pastacold.json",
    dependsOn: [{ "modid": "primitivesurvival" }]
  },
  {
    "op": "add",
    "path": "/ingredients/4/validStacks/-",
    "value": { type: "item", code: "expandedfoods:sausagefish-cheese-partbaked",  shapeElement: "bowl/meatnugget 1/*", textureMapping: ["meatnugget", "poultry-raw"]  },
    "file": "recipes/mixing/pastacold.json",
    dependsOn: [{ "modid": "primitivesurvival" }]
  },
  {
    "op": "add",
    "path": "/ingredients/4/validStacks/-",
    "value": { type: "item", code: "expandedfoods:sausagefish-cheese-driedpartbaked",  shapeElement: "bowl/meatnugget 1/*", textureMapping: ["meatnugget", "poultry-raw"]  },
    "file": "recipes/mixing/pastacold.json",
    dependsOn: [{ "modid": "primitivesurvival" }]
  },
  {
    "op": "add",
    "path": "/ingredients/4/validStacks/-",
    "value": { type: "item", code: "expandedfoods:sausagecrab-normal-partbaked",  shapeElement: "bowl/meatnugget 1/*", textureMapping: ["meatnugget", "crabmeat"]  },
    "file": "recipes/mixing/pastacold.json",
    dependsOn: [{ "modid": "primitivesurvival" }]
  },
  {
    "op": "add",
    "path": "/ingredients/4/validStacks/-",
    "value": { type: "item", code: "expandedfoods:sausagecrab-normal-driedpartbaked",  shapeElement: "bowl/meatnugget 1/*", textureMapping: ["meatnugget", "crabmeat"]  },
    "file": "recipes/mixing/pastacold.json",
    dependsOn: [{ "modid": "primitivesurvival" }]
  },
  {
    "op": "add",
    "path": "/ingredients/4/validStacks/-",
    "value": { type: "item", code: "expandedfoods:sausagecrab-cheese-partbaked",  shapeElement: "bowl/meatnugget 1/*", textureMapping: ["meatnugget", "crabmeat"]  },
    "file": "recipes/mixing/pastacold.json",
    dependsOn: [{ "modid": "primitivesurvival" }]
  },
  {
    "op": "add",
    "path": "/ingredients/4/validStacks/-",
    "value": { type: "item", code: "expandedfoods:sausagecrab-cheese-driedpartbaked",  shapeElement: "bowl/meatnugget 1/*", textureMapping: ["meatnugget", "crabmeat"]  },
    "file": "recipes/mixing/pastacold.json",
    dependsOn: [{ "modid": "primitivesurvival" }]
  },
  {
    "op": "add",
    "path": "/ingredients/4/validStacks/-",
    "value": { type: "item", code: "expandedfoods:sausagesnake-normal-partbaked",  shapeElement: "bowl/meatnugget 1/*", textureMapping: ["meatnugget", "snakemeat"]  },
    "file": "recipes/mixing/pastacold.json",
    dependsOn: [{ "modid": "primitivesurvival" }]
  },
  {
    "op": "add",
    "path": "/ingredients/4/validStacks/-",
    "value": { type: "item", code: "expandedfoods:sausagesnake-normal-driedpartbaked",  shapeElement: "bowl/meatnugget 1/*", textureMapping: ["meatnugget", "snakemeat"]  },
    "file": "recipes/mixing/pastacold.json",
    dependsOn: [{ "modid": "primitivesurvival" }]
  },
  {
    "op": "add",
    "path": "/ingredients/4/validStacks/-",
    "value": { type: "item", code: "expandedfoods:sausagesnake-cheese-partbaked",  shapeElement: "bowl/meatnugget 1/*", textureMapping: ["meatnugget", "snakemeat"]  },
    "file": "recipes/mixing/pastacold.json",
    dependsOn: [{ "modid": "primitivesurvival" }]
  },
  {
    "op": "add",
    "path": "/ingredients/4/validStacks/-",
    "value": { type: "item", code: "expandedfoods:sausagesnake-cheese-driedpartbaked",  shapeElement: "bowl/meatnugget 1/*", textureMapping: ["meatnugget", "snakemeat"]  },
    "file": "recipes/mixing/pastacold.json",
    dependsOn: [{ "modid": "primitivesurvival" }]
  },
  {
    "op": "add",
    "path": "/ingredients/4/validStacks/-",
    "value": { type: "item", code: "expandedfoods:sausagefish-normal-cooked",  shapeElement: "bowl/meatnugget 1/*", textureMapping: ["meatnugget", "poultry-raw"]  },
    "file": "recipes/mixing/pastacold.json",
    dependsOn: [{ "modid": "primitivesurvival" }]
  },
  {
    "op": "add",
    "path": "/ingredients/4/validStacks/-",
    "value": { type: "item", code: "expandedfoods:sausagefish-normal-driedcooked",  shapeElement: "bowl/meatnugget 1/*", textureMapping: ["meatnugget", "poultry-raw"]  },
    "file": "recipes/mixing/pastacold.json",
    dependsOn: [{ "modid": "primitivesurvival" }]
  },
  {
    "op": "add",
    "path": "/ingredients/4/validStacks/-",
    "value": { type: "item", code: "expandedfoods:sausagefish-cheese-cooked",  shapeElement: "bowl/meatnugget 1/*", textureMapping: ["meatnugget", "poultry-raw"]  },
    "file": "recipes/mixing/pastacold.json",
    dependsOn: [{ "modid": "primitivesurvival" }]
  },
  {
    "op": "add",
    "path": "/ingredients/4/validStacks/-",
    "value": { type: "item", code: "expandedfoods:sausagefish-cheese-driedcooked",  shapeElement: "bowl/meatnugget 1/*", textureMapping: ["meatnugget", "poultry-raw"]  },
    "file": "recipes/mixing/pastacold.json",
    dependsOn: [{ "modid": "primitivesurvival" }]
  },
  {
    "op": "add",
    "path": "/ingredients/4/validStacks/-",
    "value": { type: "item", code: "expandedfoods:sausagecrab-normal-cooked",  shapeElement: "bowl/meatnugget 1/*", textureMapping: ["meatnugget", "crabmeat"]  },
    "file": "recipes/mixing/pastacold.json",
    dependsOn: [{ "modid": "primitivesurvival" }]
  },
  {
    "op": "add",
    "path": "/ingredients/4/validStacks/-",
    "value": { type: "item", code: "expandedfoods:sausagecrab-normal-driedcooked",  shapeElement: "bowl/meatnugget 1/*", textureMapping: ["meatnugget", "crabmeat"]  },
    "file": "recipes/mixing/pastacold.json",
    dependsOn: [{ "modid": "primitivesurvival" }]
  },
  {
    "op": "add",
    "path": "/ingredients/4/validStacks/-",
    "value": { type: "item", code: "expandedfoods:sausagecrab-cheese-cooked",  shapeElement: "bowl/meatnugget 1/*", textureMapping: ["meatnugget", "crabmeat"]  },
    "file": "recipes/mixing/pastacold.json",
    dependsOn: [{ "modid": "primitivesurvival" }]
  },
  {
    "op": "add",
    "path": "/ingredients/4/validStacks/-",
    "value": { type: "item", code: "expandedfoods:sausagecrab-cheese-driedcooked",  shapeElement: "bowl/meatnugget 1/*", textureMapping: ["meatnugget", "crabmeat"]  },
    "file": "recipes/mixing/pastacold.json",
    dependsOn: [{ "modid": "primitivesurvival" }]
  },
  {
    "op": "add",
    "path": "/ingredients/4/validStacks/-",
    "value": { type: "item", code: "expandedfoods:sausagesnake-normal-cooked",  shapeElement: "bowl/meatnugget 1/*", textureMapping: ["meatnugget", "snakemeat"]  },
    "file": "recipes/mixing/pastacold.json",
    dependsOn: [{ "modid": "primitivesurvival" }]
  },
  {
    "op": "add",
    "path": "/ingredients/4/validStacks/-",
    "value": { type: "item", code: "expandedfoods:sausagesnake-normal-driedcooked",  shapeElement: "bowl/meatnugget 1/*", textureMapping: ["meatnugget", "snakemeat"]  },
    "file": "recipes/mixing/pastacold.json",
    dependsOn: [{ "modid": "primitivesurvival" }]
  },
  {
    "op": "add",
    "path": "/ingredients/4/validStacks/-",
    "value": { type: "item", code: "expandedfoods:sausagesnake-cheese-cooked",  shapeElement: "bowl/meatnugget 1/*", textureMapping: ["meatnugget", "snakemeat"]  },
    "file": "recipes/mixing/pastacold.json",
    dependsOn: [{ "modid": "primitivesurvival" }]
  },
  {
    "op": "add",
    "path": "/ingredients/4/validStacks/-",
    "value": { type: "item", code: "expandedfoods:sausagesnake-cheese-driedcooked",  shapeElement: "bowl/meatnugget 1/*", textureMapping: ["meatnugget", "snakemeat"] },  
    "file": "recipes/mixing/pastacold.json",
    dependsOn: [{ "modid": "primitivesurvival" }]
  },
  {
    "op": "add",
    "path": "/ingredients/4/validStacks/-",
    "value": { type: "item", code: "expandedfoods:sausagefish-normal-charred",  shapeElement: "bowl/meatnugget 1/*", textureMapping: ["meatnugget", "poultry-raw"]  },
    "file": "recipes/mixing/pastacold.json",
    dependsOn: [{ "modid": "primitivesurvival" }]
  },
  {
    "op": "add",
    "path": "/ingredients/4/validStacks/-",
    "value": { type: "item", code: "expandedfoods:sausagefish-normal-driedcharred",  shapeElement: "bowl/meatnugget 1/*", textureMapping: ["meatnugget", "poultry-raw"]  },
    "file": "recipes/mixing/pastacold.json",
    dependsOn: [{ "modid": "primitivesurvival" }]
  },
  {
    "op": "add",
    "path": "/ingredients/4/validStacks/-",
    "value": { type: "item", code: "expandedfoods:sausagefish-cheese-charred",  shapeElement: "bowl/meatnugget 1/*", textureMapping: ["meatnugget", "poultry-raw"]  },
    "file": "recipes/mixing/pastacold.json",
    dependsOn: [{ "modid": "primitivesurvival" }]
  },
  {
    "op": "add",
    "path": "/ingredients/4/validStacks/-",
    "value": { type: "item", code: "expandedfoods:sausagefish-cheese-driedcharred",  shapeElement: "bowl/meatnugget 1/*", textureMapping: ["meatnugget", "poultry-raw"]  },
    "file": "recipes/mixing/pastacold.json",
    dependsOn: [{ "modid": "primitivesurvival" }]
  },
  {
    "op": "add",
    "path": "/ingredients/4/validStacks/-",
    "value": { type: "item", code: "expandedfoods:sausagecrab-normal-charred",  shapeElement: "bowl/meatnugget 1/*", textureMapping: ["meatnugget", "crabmeat"]  },
    "file": "recipes/mixing/pastacold.json",
    dependsOn: [{ "modid": "primitivesurvival" }]
  },
  {
    "op": "add",
    "path": "/ingredients/4/validStacks/-",
    "value": { type: "item", code: "expandedfoods:sausagecrab-normal-driedcharred",  shapeElement: "bowl/meatnugget 1/*", textureMapping: ["meatnugget", "crabmeat"]  },
    "file": "recipes/mixing/pastacold.json",
    dependsOn: [{ "modid": "primitivesurvival" }]
  },
  {
    "op": "add",
    "path": "/ingredients/4/validStacks/-",
    "value": { type: "item", code: "expandedfoods:sausagecrab-cheese-charred",  shapeElement: "bowl/meatnugget 1/*", textureMapping: ["meatnugget", "crabmeat"]  },
    "file": "recipes/mixing/pastacold.json",
    dependsOn: [{ "modid": "primitivesurvival" }]
  },
  {
    "op": "add",
    "path": "/ingredients/4/validStacks/-",
    "value": { type: "item", code: "expandedfoods:sausagecrab-cheese-driedcharred",  shapeElement: "bowl/meatnugget 1/*", textureMapping: ["meatnugget", "crabmeat"]  },
    "file": "recipes/mixing/pastacold.json",
    dependsOn: [{ "modid": "primitivesurvival" }]
  },
  {
    "op": "add",
    "path": "/ingredients/4/validStacks/-",
    "value": { type: "item", code: "expandedfoods:sausagesnake-normal-charred",  shapeElement: "bowl/meatnugget 1/*", textureMapping: ["meatnugget", "snakemeat"]  },
    "file": "recipes/mixing/pastacold.json",
    dependsOn: [{ "modid": "primitivesurvival" }]
  },
  {
    "op": "add",
    "path": "/ingredients/4/validStacks/-",
    "value": { type: "item", code: "expandedfoods:sausagesnake-normal-driedcharred",  shapeElement: "bowl/meatnugget 1/*", textureMapping: ["meatnugget", "snakemeat"]  },
    "file": "recipes/mixing/pastacold.json",
    dependsOn: [{ "modid": "primitivesurvival" }]
  },
  {
    "op": "add",
    "path": "/ingredients/4/validStacks/-",
    "value": { type: "item", code: "expandedfoods:sausagesnake-cheese-charred",  shapeElement: "bowl/meatnugget 1/*", textureMapping: ["meatnugget", "snakemeat"]  },
    "file": "recipes/mixing/pastacold.json",
    dependsOn: [{ "modid": "primitivesurvival" }]
  },
  {
    "op": "add",
    "path": "/ingredients/4/validStacks/-",
    "value": { type: "item", code: "expandedfoods:sausagesnake-cheese-driedcharred",  shapeElement: "bowl/meatnugget 1/*", textureMapping: ["meatnugget", "snakemeat"] },  
    "file": "recipes/mixing/pastacold.json",
    dependsOn: [{ "modid": "primitivesurvival" }]
  },
  {
    "op": "add",
    "path": "/ingredients/4/validStacks/-",
    "value": { type: "item", code: "expandedfoods:fishnugget-tenderpartbaked",  shapeElement: "bowl/fish/*", textureMapping: ["normal", "fishfillet-raw"] },
    "file": "recipes/mixing/pastacold.json",
    dependsOn: [{ "modid": "primitivesurvival" }]
  },
  {
    "op": "add",
    "path": "/ingredients/4/validStacks/-",
    "value": { type: "item", code: "expandedfoods:fishnugget-tender",  shapeElement: "bowl/fish/*", textureMapping: ["normal", "fishfillet-raw"] },
    "file": "recipes/mixing/pastacold.json",
    dependsOn: [{ "modid": "primitivesurvival" }]
  },
  {
    "op": "add",
    "path": "/ingredients/4/validStacks/-",
    "value": { type: "item", code: "expandedfoods:fishnugget-tendercharred",  shapeElement: "bowl/fish/*", textureMapping: ["normal", "fishfillet-raw"] },  
    "file": "recipes/mixing/pastacold.json",
    dependsOn: [{ "modid": "primitivesurvival" }]
  },
  {
    "op": "add",
    "path": "/ingredients/4/validStacks/-",
    "value": { type: "item", code: "expandedfoods:fishnugget-cookedpartbaked",  shapeElement: "bowl/meatnugget 1/*", textureMapping: ["meatnugget", "fishfillet-raw"] },
    "file": "recipes/mixing/pastacold.json",
    dependsOn: [{ "modid": "primitivesurvival" }]
  },
  {
    "op": "add",
    "path": "/ingredients/4/validStacks/-",
    "value": { type: "item", code: "expandedfoods:fishnugget-cooked",  shapeElement: "bowl/meatnugget 1/*", textureMapping: ["meatnugget", "fishfillet-raw"] },
    "file": "recipes/mixing/pastacold.json",
    dependsOn: [{ "modid": "primitivesurvival" }]
  },
  {
    "op": "add",
    "path": "/ingredients/4/validStacks/-",
    "value": { type: "item", code: "expandedfoods:fishnugget-cookedcharred",  shapeElement: "bowl/meatnugget 1/*", textureMapping: ["meatnugget", "fishfillet-raw"] }, 
    "file": "recipes/mixing/pastacold.json",
    dependsOn: [{ "modid": "primitivesurvival" }]
  },
  {
    "op": "add",
    "path": "/ingredients/4/validStacks/-",
    "value": { type: "item", code: "expandedfoods:crabnugget-partbaked",  shapeElement: "bowl/meatnugget 1/*", textureMapping: ["meatnugget", "crabmeat"] },
    "file": "recipes/mixing/pastacold.json",
    dependsOn: [{ "modid": "primitivesurvival" }]
  },
  {
    "op": "add",
    "path": "/ingredients/4/validStacks/-",
    "value": { type: "item", code: "expandedfoods:crabnugget-cooked",  shapeElement: "bowl/meatnugget 1/*", textureMapping: ["meatnugget", "crabmeat"] },
    "file": "recipes/mixing/pastacold.json",
    dependsOn: [{ "modid": "primitivesurvival" }]
  },
  {
    "op": "add",
    "path": "/ingredients/4/validStacks/-",
    "value": { type: "item", code: "expandedfoods:crabnugget-charred",  shapeElement: "bowl/meatnugget 1/*", textureMapping: ["meatnugget", "crabmeat"] },
    "file": "recipes/mixing/pastacold.json",
    dependsOn: [{ "modid": "primitivesurvival" }]
  },
  {
    "op": "add",
    "path": "/ingredients/4/validStacks/-",
    "value": { type: "item", code: "expandedfoods:snakenugget-partbaked",  shapeElement: "bowl/meatnugget 1/*", textureMapping: ["meatnugget", "snakemeat"] },
    "file": "recipes/mixing/pastacold.json",
    dependsOn: [{ "modid": "primitivesurvival" }]
  },
  {
    "op": "add",
    "path": "/ingredients/4/validStacks/-",
    "value": { type: "item", code: "expandedfoods:snakenugget-cooked",  shapeElement: "bowl/meatnugget 1/*", textureMapping: ["meatnugget", "snakemeat"] },
    "file": "recipes/mixing/pastacold.json",
    dependsOn: [{ "modid": "primitivesurvival" }]
  },
  {
    "op": "add",
    "path": "/ingredients/4/validStacks/-",
    "value": { type: "item", code: "expandedfoods:snakenugget-charred",  shapeElement: "bowl/meatnugget 1/*", textureMapping: ["meatnugget", "snakemeat"] },
    "file": "recipes/mixing/pastacold.json",
    dependsOn: [{ "modid": "primitivesurvival" }]
  },
  {
    "op": "add",
    "path": "/ingredients/4/validStacks/-",
    "value": { type: "item", code: "primitivesurvival:fishfillet-partbaked",  shapeElement: "bowl/fish/*", textureMapping: ["normal", "fishfillet-raw"] },
    "file": "recipes/mixing/pastacold.json",
    dependsOn: [{ "modid": "primitivesurvival" }]
  },
  {
    "op": "add",
    "path": "/ingredients/4/validStacks/-",
    "value": { type: "item", code: "primitivesurvival:fishfillet-cooked",  shapeElement: "bowl/fish/*", textureMapping: ["normal", "fishfillet-raw"] },
    "file": "recipes/mixing/pastacold.json",
    dependsOn: [{ "modid": "primitivesurvival" }]
  },
  {
    "op": "add",
    "path": "/ingredients/4/validStacks/-",
    "value": { type: "item", code: "primitivesurvival:fishfillet-charred",  shapeElement: "bowl/fish/*", textureMapping: ["normal", "fishfillet-raw"] },
    "file": "recipes/mixing/pastacold.json",
    dependsOn: [{ "modid": "primitivesurvival" }]
  },
  {
    "op": "add",
    "path": "/ingredients/4/validStacks/-",
    "value": { type: "item", code: "expandedfoods:breadedfishnugget-flax-syruppartbaked",  shapeElement: "bowl/fish/*", textureMapping: ["normal", "breading-flax"]  },
    "file": "recipes/mixing/pastacold.json",
    dependsOn: [{ "modid": "primitivesurvival" }]
  },
  {
    "op": "add",
    "path": "/ingredients/4/validStacks/-",
    "value": { type: "item", code: "expandedfoods:breadedfishnugget-rice-syruppartbaked",  shapeElement: "bowl/fish/*", textureMapping: ["normal", "breading-rice"]  },
    "file": "recipes/mixing/pastacold.json",
    dependsOn: [{ "modid": "primitivesurvival" }]
  },
  {
    "op": "add",
    "path": "/ingredients/4/validStacks/-",
    "value": { type: "item", code: "expandedfoods:breadedfishnugget-rye-syruppartbaked",  shapeElement: "bowl/fish/*", textureMapping: ["normal", "breading-rye"]  },
    "file": "recipes/mixing/pastacold.json",
    dependsOn: [{ "modid": "primitivesurvival" }]
  },
  {
    "op": "add",
    "path": "/ingredients/4/validStacks/-",
    "value": { type: "item", code: "expandedfoods:breadedfishnugget-spelt-syruppartbaked",  shapeElement: "bowl/fish/*", textureMapping: ["normal", "breading-spelt"]  },
    "file": "recipes/mixing/pastacold.json",
    dependsOn: [{ "modid": "primitivesurvival" }]
  },
  {
    "op": "add",
    "path": "/ingredients/4/validStacks/-",
    "value": { type: "item", code: "expandedfoods:breadedfishnugget-cassava-syruppartbaked",  shapeElement: "bowl/fish/*", textureMapping: ["normal", "breading-cassava"]  },
    "file": "recipes/mixing/pastacold.json",
    dependsOn: [{ "modid": "primitivesurvival" }]
  },
  {
    "op": "add",
    "path": "/ingredients/4/validStacks/-",
    "value": { type: "item", code: "expandedfoods:breadedfishnugget-amaranth-syruppartbaked",  shapeElement: "bowl/fish/*", textureMapping: ["normal", "breading-amaranth"]  },
    "file": "recipes/mixing/pastacold.json",
    dependsOn: [{ "modid": "primitivesurvival" }]
  },
  {
    "op": "add",
    "path": "/ingredients/4/validStacks/-",
    "value": { type: "item", code: "expandedfoods:breadedfishnugget-sunflower-syruppartbaked",  shapeElement: "bowl/fish/*", textureMapping: ["normal", "breading-sunflower"]  },
    "file": "recipes/mixing/pastacold.json",
    dependsOn: [{ "modid": "primitivesurvival" }]
  },
  {
    "op": "add",
    "path": "/ingredients/4/validStacks/-",
    "value": { type: "item", code: "expandedfoods:breadedfishnugget-flax-syrups",  shapeElement: "bowl/fish/*", textureMapping: ["normal", "breading-flax"]  },
    "file": "recipes/mixing/pastacold.json",
    dependsOn: [{ "modid": "primitivesurvival" }]
  },
  {
    "op": "add",
    "path": "/ingredients/4/validStacks/-",
    "value": { type: "item", code: "expandedfoods:breadedfishnugget-rice-syrups",  shapeElement: "bowl/fish/*", textureMapping: ["normal", "breading-rice"]  },
    "file": "recipes/mixing/pastacold.json",
    dependsOn: [{ "modid": "primitivesurvival" }]
  },
  {
    "op": "add",
    "path": "/ingredients/4/validStacks/-",
    "value": { type: "item", code: "expandedfoods:breadedfishnugget-rye-syrups",  shapeElement: "bowl/fish/*", textureMapping: ["normal", "breading-rye"]  },
    "file": "recipes/mixing/pastacold.json",
    dependsOn: [{ "modid": "primitivesurvival" }]
  },
  {
    "op": "add",
    "path": "/ingredients/4/validStacks/-",
    "value": { type: "item", code: "expandedfoods:breadedfishnugget-spelt-syrups",  shapeElement: "bowl/fish/*", textureMapping: ["normal", "breading-spelt"]  },
    "file": "recipes/mixing/pastacold.json",
    dependsOn: [{ "modid": "primitivesurvival" }]
  },
  {
    "op": "add",
    "path": "/ingredients/4/validStacks/-",
    "value": { type: "item", code: "expandedfoods:breadedfishnugget-cassava-syrups",  shapeElement: "bowl/fish/*", textureMapping: ["normal", "breading-cassava"]  },
    "file": "recipes/mixing/pastacold.json",
    dependsOn: [{ "modid": "primitivesurvival" }]
  },
  {
    "op": "add",
    "path": "/ingredients/4/validStacks/-",
    "value": { type: "item", code: "expandedfoods:breadedfishnugget-amaranth-syrups",  shapeElement: "bowl/fish/*", textureMapping: ["normal", "breading-amaranth"]  },
    "file": "recipes/mixing/pastacold.json",
    dependsOn: [{ "modid": "primitivesurvival" }]
  },
  {
    "op": "add",
    "path": "/ingredients/4/validStacks/-",
    "value": { type: "item", code: "expandedfoods:breadedfishnugget-sunflower-syrups",  shapeElement: "bowl/fish/*", textureMapping: ["normal", "breading-sunflower"]  },
    "file": "recipes/mixing/pastacold.json",
    dependsOn: [{ "modid": "primitivesurvival" }]
  },
  {
    "op": "add",
    "path": "/ingredients/4/validStacks/-",
    "value": { type: "item", code: "expandedfoods:breadedfishnugget-flax-syrupcharred",  shapeElement: "bowl/fish/*", textureMapping: ["normal", "breading-flax"]  },
    "file": "recipes/mixing/pastacold.json",
    dependsOn: [{ "modid": "primitivesurvival" }]
  },
  {
    "op": "add",
    "path": "/ingredients/4/validStacks/-",
    "value": { type: "item", code: "expandedfoods:breadedfishnugget-rice-syrupcharred",  shapeElement: "bowl/fish/*", textureMapping: ["normal", "breading-rice"]  },
    "file": "recipes/mixing/pastacold.json",
    dependsOn: [{ "modid": "primitivesurvival" }]
  },
  {
    "op": "add",
    "path": "/ingredients/4/validStacks/-",
    "value": { type: "item", code: "expandedfoods:breadedfishnugget-rye-syrupcharred",  shapeElement: "bowl/fish/*", textureMapping: ["normal", "breading-rye"]  },
    "file": "recipes/mixing/pastacold.json",
    dependsOn: [{ "modid": "primitivesurvival" }]
  },
  {
    "op": "add",
    "path": "/ingredients/4/validStacks/-",
    "value": { type: "item", code: "expandedfoods:breadedfishnugget-spelt-syrupcharred",  shapeElement: "bowl/fish/*", textureMapping: ["normal", "breading-spelt"]  },
    "file": "recipes/mixing/pastacold.json",
    dependsOn: [{ "modid": "primitivesurvival" }]
  },
  {
    "op": "add",
    "path": "/ingredients/4/validStacks/-",
    "value": { type: "item", code: "expandedfoods:breadedfishnugget-cassava-syrupcharred",  shapeElement: "bowl/fish/*", textureMapping: ["normal", "breading-cassava"]  },
    "file": "recipes/mixing/pastacold.json",
    dependsOn: [{ "modid": "primitivesurvival" }]
  },
  {
    "op": "add",
    "path": "/ingredients/4/validStacks/-",
    "value": { type: "item", code: "expandedfoods:breadedfishnugget-amaranth-syrupcharred",  shapeElement: "bowl/fish/*", textureMapping: ["normal", "breading-amaranth"]  },
    "file": "recipes/mixing/pastacold.json",
    dependsOn: [{ "modid": "primitivesurvival" }]
  },
  {
    "op": "add",
    "path": "/ingredients/4/validStacks/-",
    "value": { type: "item", code: "expandedfoods:breadedfishnugget-sunflower-syrupcharred",  shapeElement: "bowl/fish/*", textureMapping: ["normal", "breading-sunflower"]  },
    "file": "recipes/mixing/pastacold.json",
    dependsOn: [{ "modid": "primitivesurvival" }]
  },
  {
    "op": "add",
    "path": "/ingredients/4/validStacks/-",
    "value": { type: "item", code: "expandedfoods:breadedfishnugget-flax-partbaked",  shapeElement: "bowl/fish/*", textureMapping: ["normal", "breading-flax"]  },
    "file": "recipes/mixing/pastacold.json",
    dependsOn: [{ "modid": "primitivesurvival" }]
  },
  {
    "op": "add",
    "path": "/ingredients/4/validStacks/-",
    "value": { type: "item", code: "expandedfoods:breadedfishnugget-rice-partbaked",  shapeElement: "bowl/fish/*", textureMapping: ["normal", "breading-rice"]  },
    "file": "recipes/mixing/pastacold.json",
    dependsOn: [{ "modid": "primitivesurvival" }]
  },
  {
    "op": "add",
    "path": "/ingredients/4/validStacks/-",
    "value": { type: "item", code: "expandedfoods:breadedfishnugget-rye-partbaked",  shapeElement: "bowl/fish/*", textureMapping: ["normal", "breading-rye"]  },
    "file": "recipes/mixing/pastacold.json",
    dependsOn: [{ "modid": "primitivesurvival" }]
  },
  {
    "op": "add",
    "path": "/ingredients/4/validStacks/-",
    "value": { type: "item", code: "expandedfoods:breadedfishnugget-spelt-partbaked",  shapeElement: "bowl/fish/*", textureMapping: ["normal", "breading-spelt"]  },
    "file": "recipes/mixing/pastacold.json",
    dependsOn: [{ "modid": "primitivesurvival" }]
  },
  {
    "op": "add",
    "path": "/ingredients/4/validStacks/-",
    "value": { type: "item", code: "expandedfoods:breadedfishnugget-cassava-partbaked",  shapeElement: "bowl/fish/*", textureMapping: ["normal", "breading-cassava"]  },
    "file": "recipes/mixing/pastacold.json",
    dependsOn: [{ "modid": "primitivesurvival" }]
  },
  {
    "op": "add",
    "path": "/ingredients/4/validStacks/-",
    "value": { type: "item", code: "expandedfoods:breadedfishnugget-amaranth-partbaked",  shapeElement: "bowl/fish/*", textureMapping: ["normal", "breading-amaranth"]  },
    "file": "recipes/mixing/pastacold.json",
    dependsOn: [{ "modid": "primitivesurvival" }]
  },
  {
    "op": "add",
    "path": "/ingredients/4/validStacks/-",
    "value": { type: "item", code: "expandedfoods:breadedfishnugget-sunflower-partbaked",  shapeElement: "bowl/fish/*", textureMapping: ["normal", "breading-sunflower"]  },
    "file": "recipes/mixing/pastacold.json",
    dependsOn: [{ "modid": "primitivesurvival" }]
  },
  {
    "op": "add",
    "path": "/ingredients/4/validStacks/-",
    "value": { type: "item", code: "expandedfoods:breadedfishnugget-flax-tender",  shapeElement: "bowl/fish/*", textureMapping: ["normal", "breading-flax"]  },
    "file": "recipes/mixing/pastacold.json",
    dependsOn: [{ "modid": "primitivesurvival" }]
  },
  {
    "op": "add",
    "path": "/ingredients/4/validStacks/-",
    "value": { type: "item", code: "expandedfoods:breadedfishnugget-rice-tender",  shapeElement: "bowl/fish/*", textureMapping: ["normal", "breading-rice"]  },
    "file": "recipes/mixing/pastacold.json",
    dependsOn: [{ "modid": "primitivesurvival" }]
  },
  {
    "op": "add",
    "path": "/ingredients/4/validStacks/-",
    "value": { type: "item", code: "expandedfoods:breadedfishnugget-rye-tender",  shapeElement: "bowl/fish/*", textureMapping: ["normal", "breading-rye"]  },
    "file": "recipes/mixing/pastacold.json",
    dependsOn: [{ "modid": "primitivesurvival" }]
  },
  {
    "op": "add",
    "path": "/ingredients/4/validStacks/-",
    "value": { type: "item", code: "expandedfoods:breadedfishnugget-spelt-tender",  shapeElement: "bowl/fish/*", textureMapping: ["normal", "breading-spelt"]  },
    "file": "recipes/mixing/pastacold.json",
    dependsOn: [{ "modid": "primitivesurvival" }]
  },
  {
    "op": "add",
    "path": "/ingredients/4/validStacks/-",
    "value": { type: "item", code: "expandedfoods:breadedfishnugget-cassava-tender",  shapeElement: "bowl/fish/*", textureMapping: ["normal", "breading-cassava"]  },
    "file": "recipes/mixing/pastacold.json",
    dependsOn: [{ "modid": "primitivesurvival" }]
  },
  {
    "op": "add",
    "path": "/ingredients/4/validStacks/-",
    "value": { type: "item", code: "expandedfoods:breadedfishnugget-amaranth-tender",  shapeElement: "bowl/fish/*", textureMapping: ["normal", "breading-amaranth"]  },
    "file": "recipes/mixing/pastacold.json",
    dependsOn: [{ "modid": "primitivesurvival" }]
  },
  {
    "op": "add",
    "path": "/ingredients/4/validStacks/-",
    "value": { type: "item", code: "expandedfoods:breadedfishnugget-sunflower-tender",  shapeElement: "bowl/fish/*", textureMapping: ["normal", "breading-sunflower"]  },
    "file": "recipes/mixing/pastacold.json",
    dependsOn: [{ "modid": "primitivesurvival" }]
  },
  {
    "op": "add",
    "path": "/ingredients/4/validStacks/-",
    "value": { type: "item", code: "expandedfoods:breadedfishnugget-flax-charred",  shapeElement: "bowl/fish/*", textureMapping: ["normal", "breading-flax"]  },
    "file": "recipes/mixing/pastacold.json",
    dependsOn: [{ "modid": "primitivesurvival" }]
  },
  {
    "op": "add",
    "path": "/ingredients/4/validStacks/-",
    "value": { type: "item", code: "expandedfoods:breadedfishnugget-rice-charred",  shapeElement: "bowl/fish/*", textureMapping: ["normal", "breading-rice"]  },
    "file": "recipes/mixing/pastacold.json",
    dependsOn: [{ "modid": "primitivesurvival" }]
  },
  {
    "op": "add",
    "path": "/ingredients/4/validStacks/-",
    "value": { type: "item", code: "expandedfoods:breadedfishnugget-rye-charred",  shapeElement: "bowl/fish/*", textureMapping: ["normal", "breading-rye"]  },
    "file": "recipes/mixing/pastacold.json",
    dependsOn: [{ "modid": "primitivesurvival" }]
  },
  {
    "op": "add",
    "path": "/ingredients/4/validStacks/-",
    "value": { type: "item", code: "expandedfoods:breadedfishnugget-spelt-charred",  shapeElement: "bowl/fish/*", textureMapping: ["normal", "breading-spelt"]  },
    "file": "recipes/mixing/pastacold.json",
    dependsOn: [{ "modid": "primitivesurvival" }]
  },
  {
    "op": "add",
    "path": "/ingredients/4/validStacks/-",
    "value": { type: "item", code: "expandedfoods:breadedfishnugget-cassava-charred",  shapeElement: "bowl/fish/*", textureMapping: ["normal", "breading-cassava"]  },
    "file": "recipes/mixing/pastacold.json",
    dependsOn: [{ "modid": "primitivesurvival" }]
  },
  {
    "op": "add",
    "path": "/ingredients/4/validStacks/-",
    "value": { type: "item", code: "expandedfoods:breadedfishnugget-amaranth-charred",  shapeElement: "bowl/fish/*", textureMapping: ["normal", "breading-amaranth"]  },
    "file": "recipes/mixing/pastacold.json",
    dependsOn: [{ "modid": "primitivesurvival" }]
  },
  {
    "op": "add",
    "path": "/ingredients/4/validStacks/-",
    "value": { type: "item", code: "expandedfoods:breadedfishnugget-sunflower-charred",  shapeElement: "bowl/fish/*", textureMapping: ["normal", "breading-sunflower"]  },
    "file": "recipes/mixing/pastacold.json",
    dependsOn: [{ "modid": "primitivesurvival" }]
  },
  {
    "op": "add",
    "path": "/ingredients/4/validStacks/-",
    "value": { type: "item", code: "expandedfoods:sausagefishherb-normal-partbaked",  shapeElement: "bowl/meatnugget 1/*", textureMapping: ["meatnugget", "poultry-raw"]  },
    "file": "recipes/mixing/pastacold.json",
    dependsOn: [{ "modid": "primitivesurvival" }, { "modid": "wildfarming" }]
  },
  {
    "op": "add",
    "path": "/ingredients/4/validStacks/-",
    "value": { type: "item", code: "expandedfoods:sausagefishherb-normal-driedpartbaked",  shapeElement: "bowl/meatnugget 1/*", textureMapping: ["meatnugget", "poultry-raw"]  },
    "file": "recipes/mixing/pastacold.json",
    dependsOn: [{ "modid": "primitivesurvival" }, { "modid": "wildfarming" }]
  },
  {
    "op": "add",
    "path": "/ingredients/4/validStacks/-",
    "value": { type: "item", code: "expandedfoods:sausagefishherb-cheese-partbaked",  shapeElement: "bowl/meatnugget 1/*", textureMapping: ["meatnugget", "poultry-raw"]  },
    "file": "recipes/mixing/pastacold.json",
    dependsOn: [{ "modid": "primitivesurvival" }, { "modid": "wildfarming" }]
  },
  {
    "op": "add",
    "path": "/ingredients/4/validStacks/-",
    "value": { type: "item", code: "expandedfoods:sausagefishherb-cheese-driedpartbaked",  shapeElement: "bowl/meatnugget 1/*", textureMapping: ["meatnugget", "poultry-raw"]  },
    "file": "recipes/mixing/pastacold.json",
    dependsOn: [{ "modid": "primitivesurvival" }, { "modid": "wildfarming" }]
  },
  {
    "op": "add",
    "path": "/ingredients/4/validStacks/-",
    "value": { type: "item", code: "expandedfoods:sausagecrabherb-normal-partbaked",  shapeElement: "bowl/meatnugget 1/*", textureMapping: ["meatnugget", "crabmeat"]  },
    "file": "recipes/mixing/pastacold.json",
    dependsOn: [{ "modid": "primitivesurvival" }, { "modid": "wildfarming" }]
  },
  {
    "op": "add",
    "path": "/ingredients/4/validStacks/-",
    "value": { type: "item", code: "expandedfoods:sausagecrabherb-normal-driedpartbaked",  shapeElement: "bowl/meatnugget 1/*", textureMapping: ["meatnugget", "crabmeat"]  },
    "file": "recipes/mixing/pastacold.json",
    dependsOn: [{ "modid": "primitivesurvival" }, { "modid": "wildfarming" }]
  },
  {
    "op": "add",
    "path": "/ingredients/4/validStacks/-",
    "value": { type: "item", code: "expandedfoods:sausagecrabherb-cheese-partbaked",  shapeElement: "bowl/meatnugget 1/*", textureMapping: ["meatnugget", "crabmeat"]  },
    "file": "recipes/mixing/pastacold.json",
    dependsOn: [{ "modid": "primitivesurvival" }, { "modid": "wildfarming" }]
  },
  {
    "op": "add",
    "path": "/ingredients/4/validStacks/-",
    "value": { type: "item", code: "expandedfoods:sausagecrabherb-cheese-driedpartbaked",  shapeElement: "bowl/meatnugget 1/*", textureMapping: ["meatnugget", "crabmeat"]  },
    "file": "recipes/mixing/pastacold.json",
    dependsOn: [{ "modid": "primitivesurvival" }, { "modid": "wildfarming" }]
  },
  {
    "op": "add",
    "path": "/ingredients/4/validStacks/-",
    "value": { type: "item", code: "expandedfoods:sausagesnakeherb-normal-partbaked",  shapeElement: "bowl/meatnugget 1/*", textureMapping: ["meatnugget", "snakemeat"]  },
    "file": "recipes/mixing/pastacold.json",
    dependsOn: [{ "modid": "primitivesurvival" }, { "modid": "wildfarming" }]
  },
  {
    "op": "add",
    "path": "/ingredients/4/validStacks/-",
    "value": { type: "item", code: "expandedfoods:sausagesnakeherb-normal-driedpartbaked",  shapeElement: "bowl/meatnugget 1/*", textureMapping: ["meatnugget", "snakemeat"]  },
    "file": "recipes/mixing/pastacold.json",
    dependsOn: [{ "modid": "primitivesurvival" }, { "modid": "wildfarming" }]
  },
  {
    "op": "add",
    "path": "/ingredients/4/validStacks/-",
    "value": { type: "item", code: "expandedfoods:sausagesnakeherb-cheese-partbaked",  shapeElement: "bowl/meatnugget 1/*", textureMapping: ["meatnugget", "snakemeat"]  },
    "file": "recipes/mixing/pastacold.json",
    dependsOn: [{ "modid": "primitivesurvival" }, { "modid": "wildfarming" }]
  },
  {
    "op": "add",
    "path": "/ingredients/4/validStacks/-",
    "value": { type: "item", code: "expandedfoods:sausagesnakeherb-cheese-driedpartbaked",  shapeElement: "bowl/meatnugget 1/*", textureMapping: ["meatnugget", "snakemeat"]  },
    "file": "recipes/mixing/pastacold.json",
    dependsOn: [{ "modid": "primitivesurvival" }, { "modid": "wildfarming" }]
  },
  {
    "op": "add",
    "path": "/ingredients/4/validStacks/-",
    "value": { type: "item", code: "expandedfoods:sausagefishherb-normal-cooked",  shapeElement: "bowl/meatnugget 1/*", textureMapping: ["meatnugget", "poultry-raw"]  }, 
    "file": "recipes/mixing/pastacold.json",
    dependsOn: [{ "modid": "primitivesurvival" }, { "modid": "wildfarming" }]
  },
  {
    "op": "add",
    "path": "/ingredients/4/validStacks/-",
    "value": { type: "item", code: "expandedfoods:sausagefishherb-normal-driedcooked",  shapeElement: "bowl/meatnugget 1/*", textureMapping: ["meatnugget", "poultry-raw"]  }, 
    "file": "recipes/mixing/pastacold.json",
    dependsOn: [{ "modid": "primitivesurvival" }, { "modid": "wildfarming" }]
  },
  {
    "op": "add",
    "path": "/ingredients/4/validStacks/-",
    "value": { type: "item", code: "expandedfoods:sausagefishherb-cheese-cooked",  shapeElement: "bowl/meatnugget 1/*", textureMapping: ["meatnugget", "poultry-raw"]  },
    "file": "recipes/mixing/pastacold.json",
    dependsOn: [{ "modid": "primitivesurvival" }, { "modid": "wildfarming" }]
  },
  {
    "op": "add",
    "path": "/ingredients/4/validStacks/-",
    "value": { type: "item", code: "expandedfoods:sausagefishherb-cheese-driedcooked",  shapeElement: "bowl/meatnugget 1/*", textureMapping: ["meatnugget", "poultry-raw"]  },
    "file": "recipes/mixing/pastacold.json",
    dependsOn: [{ "modid": "primitivesurvival" }, { "modid": "wildfarming" }]
  },
  {
    "op": "add",
    "path": "/ingredients/4/validStacks/-",
    "value": { type: "item", code: "expandedfoods:sausagecrabherb-normal-cooked",  shapeElement: "bowl/meatnugget 1/*", textureMapping: ["meatnugget", "crabmeat"]  },
    "file": "recipes/mixing/pastacold.json",
    dependsOn: [{ "modid": "primitivesurvival" }, { "modid": "wildfarming" }]
  },
  {
    "op": "add",
    "path": "/ingredients/4/validStacks/-",
    "value": { type: "item", code: "expandedfoods:sausagecrabherb-normal-driedcooked",  shapeElement: "bowl/meatnugget 1/*", textureMapping: ["meatnugget", "crabmeat"]  },
    "file": "recipes/mixing/pastacold.json",
    dependsOn: [{ "modid": "primitivesurvival" }, { "modid": "wildfarming" }]
  },
  {
    "op": "add",
    "path": "/ingredients/4/validStacks/-",
    "value": { type: "item", code: "expandedfoods:sausagecrabherb-cheese-cooked",  shapeElement: "bowl/meatnugget 1/*", textureMapping: ["meatnugget", "crabmeat"]  },
    "file": "recipes/mixing/pastacold.json",
    dependsOn: [{ "modid": "primitivesurvival" }, { "modid": "wildfarming" }]
  },
  {
    "op": "add",
    "path": "/ingredients/4/validStacks/-",
    "value": { type: "item", code: "expandedfoods:sausagecrabherb-cheese-driedcooked",  shapeElement: "bowl/meatnugget 1/*", textureMapping: ["meatnugget", "crabmeat"]  },
    "file": "recipes/mixing/pastacold.json",
    dependsOn: [{ "modid": "primitivesurvival" }, { "modid": "wildfarming" }]
  },
  {
    "op": "add",
    "path": "/ingredients/4/validStacks/-",
    "value": { type: "item", code: "expandedfoods:sausagesnakeherb-normal-cooked",  shapeElement: "bowl/meatnugget 1/*", textureMapping: ["meatnugget", "snakemeat"]  },
    "file": "recipes/mixing/pastacold.json",
    dependsOn: [{ "modid": "primitivesurvival" }, { "modid": "wildfarming" }]
  },
  {
    "op": "add",
    "path": "/ingredients/4/validStacks/-",
    "value": { type: "item", code: "expandedfoods:sausagesnakeherb-normal-driedcooked",  shapeElement: "bowl/meatnugget 1/*", textureMapping: ["meatnugget", "snakemeat"]  },
    "file": "recipes/mixing/pastacold.json",
    dependsOn: [{ "modid": "primitivesurvival" }, { "modid": "wildfarming" }]
  },
  {
    "op": "add",
    "path": "/ingredients/4/validStacks/-",
    "value": { type: "item", code: "expandedfoods:sausagesnakeherb-cheese-cooked",  shapeElement: "bowl/meatnugget 1/*", textureMapping: ["meatnugget", "snakemeat"]  },
    "file": "recipes/mixing/pastacold.json",
    dependsOn: [{ "modid": "primitivesurvival" }, { "modid": "wildfarming" }]
  },
  {
    "op": "add",
    "path": "/ingredients/4/validStacks/-",
    "value": { type: "item", code: "expandedfoods:sausagesnakeherb-cheese-driedcooked",  shapeElement: "bowl/meatnugget 1/*", textureMapping: ["meatnugget", "snakemeat"]  },
    "file": "recipes/mixing/pastacold.json",
    dependsOn: [{ "modid": "primitivesurvival" }, { "modid": "wildfarming" }]
  },
  {
    "op": "add",
    "path": "/ingredients/4/validStacks/-",
    "value": { type: "item", code: "expandedfoods:sausagefishherb-normal-charred",  shapeElement: "bowl/meatnugget 1/*", textureMapping: ["meatnugget", "poultry-raw"]  }, 
    "file": "recipes/mixing/pastacold.json",
    dependsOn: [{ "modid": "primitivesurvival" }, { "modid": "wildfarming" }]
  },
  {
    "op": "add",
    "path": "/ingredients/4/validStacks/-",
    "value": { type: "item", code: "expandedfoods:sausagefishherb-normal-driedcharred",  shapeElement: "bowl/meatnugget 1/*", textureMapping: ["meatnugget", "poultry-raw"]  }, 
    "file": "recipes/mixing/pastacold.json",
    dependsOn: [{ "modid": "primitivesurvival" }, { "modid": "wildfarming" }]
  },
  {
    "op": "add",
    "path": "/ingredients/4/validStacks/-",
    "value": { type: "item", code: "expandedfoods:sausagefishherb-cheese-charred",  shapeElement: "bowl/meatnugget 1/*", textureMapping: ["meatnugget", "poultry-raw"]  },
    "file": "recipes/mixing/pastacold.json",
    dependsOn: [{ "modid": "primitivesurvival" }, { "modid": "wildfarming" }]
  },
  {
    "op": "add",
    "path": "/ingredients/4/validStacks/-",
    "value": { type: "item", code: "expandedfoods:sausagefishherb-cheese-driedcharred",  shapeElement: "bowl/meatnugget 1/*", textureMapping: ["meatnugget", "poultry-raw"]  },
    "file": "recipes/mixing/pastacold.json",
    dependsOn: [{ "modid": "primitivesurvival" }, { "modid": "wildfarming" }]
  },
  {
    "op": "add",
    "path": "/ingredients/4/validStacks/-",
    "value": { type: "item", code: "expandedfoods:sausagecrabherb-normal-charred",  shapeElement: "bowl/meatnugget 1/*", textureMapping: ["meatnugget", "crabmeat"]  },
    "file": "recipes/mixing/pastacold.json",
    dependsOn: [{ "modid": "primitivesurvival" }, { "modid": "wildfarming" }]
  },
  {
    "op": "add",
    "path": "/ingredients/4/validStacks/-",
    "value": { type: "item", code: "expandedfoods:sausagecrabherb-normal-driedcharred",  shapeElement: "bowl/meatnugget 1/*", textureMapping: ["meatnugget", "crabmeat"]  },
    "file": "recipes/mixing/pastacold.json",
    dependsOn: [{ "modid": "primitivesurvival" }, { "modid": "wildfarming" }]
  },
  {
    "op": "add",
    "path": "/ingredients/4/validStacks/-",
    "value": { type: "item", code: "expandedfoods:sausagecrabherb-cheese-charred",  shapeElement: "bowl/meatnugget 1/*", textureMapping: ["meatnugget", "crabmeat"]  },
    "file": "recipes/mixing/pastacold.json",
    dependsOn: [{ "modid": "primitivesurvival" }, { "modid": "wildfarming" }]
  },
  {
    "op": "add",
    "path": "/ingredients/4/validStacks/-",
    "value": { type: "item", code: "expandedfoods:sausagecrabherb-cheese-driedcharred",  shapeElement: "bowl/meatnugget 1/*", textureMapping: ["meatnugget", "crabmeat"]  },
    "file": "recipes/mixing/pastacold.json",
    dependsOn: [{ "modid": "primitivesurvival" }, { "modid": "wildfarming" }]
  },
  {
    "op": "add",
    "path": "/ingredients/4/validStacks/-",
    "value": { type: "item", code: "expandedfoods:sausagesnakeherb-normal-charred",  shapeElement: "bowl/meatnugget 1/*", textureMapping: ["meatnugget", "snakemeat"]  },
    "file": "recipes/mixing/pastacold.json",
    dependsOn: [{ "modid": "primitivesurvival" }, { "modid": "wildfarming" }]
  },
  {
    "op": "add",
    "path": "/ingredients/4/validStacks/-",
    "value": { type: "item", code: "expandedfoods:sausagesnakeherb-normal-driedcharred",  shapeElement: "bowl/meatnugget 1/*", textureMapping: ["meatnugget", "snakemeat"]  },
    "file": "recipes/mixing/pastacold.json",
    dependsOn: [{ "modid": "primitivesurvival" }, { "modid": "wildfarming" }]
  },
  {
    "op": "add",
    "path": "/ingredients/4/validStacks/-",
    "value": { type: "item", code: "expandedfoods:sausagesnakeherb-cheese-charred",  shapeElement: "bowl/meatnugget 1/*", textureMapping: ["meatnugget", "snakemeat"]  },
    "file": "recipes/mixing/pastacold.json",
    dependsOn: [{ "modid": "primitivesurvival" }, { "modid": "wildfarming" }]
  },
  {
    "op": "add",
    "path": "/ingredients/4/validStacks/-",
    "value": { type: "item", code: "expandedfoods:sausagesnakeherb-cheese-driedcharred",  shapeElement: "bowl/meatnugget 1/*", textureMapping: ["meatnugget", "snakemeat"]  },
    "file": "recipes/mixing/pastacold.json",
    dependsOn: [{ "modid": "primitivesurvival" }, { "modid": "wildfarming" }]
  },
  {
    "op": "add",
    "path": "/ingredients/4/validStacks/-",
    "value": { type: "item", code: "expandedfoods:acornbreadedfishnugget-syruppartbaked",  shapeElement: "bowl/fish/*", textureMapping: ["normal", "breading-acorn-syrup"]  },
    "file": "recipes/mixing/pastacold.json",
    dependsOn: [{ "modid": "primitivesurvival" }, { "modid": "acorns" }]
  },
  {
    "op": "add",
    "path": "/ingredients/4/validStacks/-",
    "value": { type: "item", code: "expandedfoods:acornbreadedfishnugget-syrups",  shapeElement: "bowl/fish/*", textureMapping: ["normal", "breading-acorn-syrup"]  },
    "file": "recipes/mixing/pastacold.json",
    dependsOn: [{ "modid": "primitivesurvival" }, { "modid": "acorns" }]
  },
  {
    "op": "add",
    "path": "/ingredients/4/validStacks/-",
    "value": { type: "item", code: "expandedfoods:acornbreadedfishnugget-syrupcharred",  shapeElement: "bowl/fish/*", textureMapping: ["normal", "breading-acorn-syrup"]  },
    "file": "recipes/mixing/pastacold.json",
    dependsOn: [{ "modid": "primitivesurvival" }, { "modid": "acorns" }]
  },
  {
    "op": "add",
    "path": "/ingredients/4/validStacks/-",
    "value": { type: "item", code: "expandedfoods:acornbreadedfishnugget-partbaked",  shapeElement: "bowl/fish/*", textureMapping: ["normal", "breading-acorn-partbaked"]  },
    "file": "recipes/mixing/pastacold.json",
    dependsOn: [{ "modid": "primitivesurvival" }, { "modid": "acorns" }]
  },
  {
    "op": "add",
    "path": "/ingredients/4/validStacks/-",
    "value": { type: "item", code: "expandedfoods:acornbreadedfishnugget-tender",  shapeElement: "bowl/fish/*", textureMapping: ["normal", "breading-acorn"]  },
    "file": "recipes/mixing/pastacold.json",
    dependsOn: [{ "modid": "primitivesurvival" }, { "modid": "acorns" }]
  },
  {
    "op": "add",
    "path": "/ingredients/4/validStacks/-",
    "value": { type: "item", code: "expandedfoods:acornbreadedfishnugget-charred",  shapeElement: "bowl/fish/*", textureMapping: ["normal", "breading-acorn-charred"]  },
    "file": "recipes/mixing/pastacold.json",
    dependsOn: [{ "modid": "primitivesurvival" }, { "modid": "acorns" }]
  },
  {
    "op": "add",
    "path": "/ingredients/8/validStacks/-",
    "value": { type: "item", code: "game:fishsauce",  shapeElement: "bowl/topping/*", textureMapping: ["topping", "fishsauce"] }, 
    "file": "recipes/mixing/pastacold.json",
    dependsOn: [{ "modid": "primitivesurvival" }]
  },
  {
    "op": "add",
    "path": "/ingredients/5/validStacks/-",
    "value": { type: "item", code: "expandedfoods:fishnugget-tenderpartbaked",  shapeElement: "bowl/fish 2/*", textureMapping: ["normal", "fishfillet-raw"] },
    "file": "recipes/mixing/pastacold.json",
    dependsOn: [{ "modid": "primitivesurvival" }]
  },
  {
    "op": "add",
    "path": "/ingredients/5/validStacks/-",
    "value": { type: "item", code: "expandedfoods:fishnugget-tender",  shapeElement: "bowl/fish 2/*", textureMapping: ["normal", "fishfillet-raw"] },
    "file": "recipes/mixing/pastacold.json",
    dependsOn: [{ "modid": "primitivesurvival" }]
  },
  {
    "op": "add",
    "path": "/ingredients/5/validStacks/-",
    "value": { type: "item", code: "expandedfoods:fishnugget-tendercharred",  shapeElement: "bowl/fish 2/*", textureMapping: ["normal", "fishfillet-raw"] },  
    "file": "recipes/mixing/pastacold.json",
    dependsOn: [{ "modid": "primitivesurvival" }]
  },
  {
    "op": "add",
    "path": "/ingredients/5/validStacks/-",
    "value": { type: "item", code: "expandedfoods:fishnugget-cookedpartbaked",  shapeElement: "bowl/meatnugget 2/*", textureMapping: ["meatnugget", "fishfillet-raw"] },
    "file": "recipes/mixing/pastacold.json",
    dependsOn: [{ "modid": "primitivesurvival" }]
  },
  {
    "op": "add",
    "path": "/ingredients/5/validStacks/-",
    "value": { type: "item", code: "expandedfoods:fishnugget-cooked",  shapeElement: "bowl/meatnugget 2/*", textureMapping: ["meatnugget", "fishfillet-raw"] },
    "file": "recipes/mixing/pastacold.json",
    dependsOn: [{ "modid": "primitivesurvival" }]
  },
  {
    "op": "add",
    "path": "/ingredients/5/validStacks/-",
    "value": { type: "item", code: "expandedfoods:fishnugget-cookedcharred",  shapeElement: "bowl/meatnugget 2/*", textureMapping: ["meatnugget", "fishfillet-raw"] }, 
    "file": "recipes/mixing/pastacold.json",
    dependsOn: [{ "modid": "primitivesurvival" }]
  },
  {
    "op": "add",
    "path": "/ingredients/5/validStacks/-",
    "value": { type: "item", code: "expandedfoods:crabnugget-partbaked",  shapeElement: "bowl/meatnugget 2/*", textureMapping: ["meatnugget", "crabmeat"] },
    "file": "recipes/mixing/pastacold.json",
    dependsOn: [{ "modid": "primitivesurvival" }]
  },
  {
    "op": "add",
    "path": "/ingredients/5/validStacks/-",
    "value": { type: "item", code: "expandedfoods:crabnugget-cooked",  shapeElement: "bowl/meatnugget 2/*", textureMapping: ["meatnugget", "crabmeat"] },
    "file": "recipes/mixing/pastacold.json",
    dependsOn: [{ "modid": "primitivesurvival" }]
  },
  {
    "op": "add",
    "path": "/ingredients/5/validStacks/-",
    "value": { type: "item", code: "expandedfoods:crabnugget-charred",  shapeElement: "bowl/meatnugget 2/*", textureMapping: ["meatnugget", "crabmeat"] },
    "file": "recipes/mixing/pastacold.json",
    dependsOn: [{ "modid": "primitivesurvival" }]
  },
  {
    "op": "add",
    "path": "/ingredients/5/validStacks/-",
    "value": { type: "item", code: "expandedfoods:snakenugget-partbaked",  shapeElement: "bowl/meatnugget 2/*", textureMapping: ["meatnugget", "snakemeat"] },
    "file": "recipes/mixing/pastacold.json",
    dependsOn: [{ "modid": "primitivesurvival" }]
  },
  {
    "op": "add",
    "path": "/ingredients/5/validStacks/-",
    "value": { type: "item", code: "expandedfoods:snakenugget-cooked",  shapeElement: "bowl/meatnugget 2/*", textureMapping: ["meatnugget", "snakemeat"] },
    "file": "recipes/mixing/pastacold.json",
    dependsOn: [{ "modid": "primitivesurvival" }]
  },
  {
    "op": "add",
    "path": "/ingredients/5/validStacks/-",
    "value": { type: "item", code: "expandedfoods:snakenugget-charred",  shapeElement: "bowl/meatnugget 2/*", textureMapping: ["meatnugget", "snakemeat"] },
    "file": "recipes/mixing/pastacold.json",
    dependsOn: [{ "modid": "primitivesurvival" }]
  },
  {
    "op": "add",
    "path": "/ingredients/5/validStacks/-",
    "value": { type: "item", code: "primitivesurvival:fishfillet-partbaked",  shapeElement: "bowl/fish 2/*", textureMapping: ["normal", "fishfillet-raw"] },
    "file": "recipes/mixing/pastacold.json",
    dependsOn: [{ "modid": "primitivesurvival" }]
  },
  {
    "op": "add",
    "path": "/ingredients/5/validStacks/-",
    "value": { type: "item", code: "primitivesurvival:fishfillet-cooked",  shapeElement: "bowl/fish 2/*", textureMapping: ["normal", "fishfillet-raw"] },
    "file": "recipes/mixing/pastacold.json",
    dependsOn: [{ "modid": "primitivesurvival" }]
  },
  {
    "op": "add",
    "path": "/ingredients/5/validStacks/-",
    "value": { type: "item", code: "primitivesurvival:fishfillet-charred",  shapeElement: "bowl/fish 2/*", textureMapping: ["normal", "fishfillet-raw"] },
    "file": "recipes/mixing/pastacold.json",
    dependsOn: [{ "modid": "primitivesurvival" }]
  },
  {
    "op": "add",
    "path": "/ingredients/9/validStacks/-",
    "value": { type: "item", code: "game:fishsauce",  shapeElement: "bowl/topping/*", textureMapping: ["topping", "fishsauce"] }, 
    "file": "recipes/mixing/pastacold.json",
    dependsOn: [{ "modid": "primitivesurvival" }]
  },
]