﻿[
 {
   file: "expandedfoods:itemtypes/food/primitivesurvival/mixing/trailmix.json",
    op: "add", 
    path: "/enabled", 
    value: "false",
    dependsOn: [{ "modid": "primitivesurvival", "invert": true }]
 },
 {
   file: "expandedfoods:recipes/kneading/primitivesurvival/trailmix.json",
    op: "replace", 
    path: "/0/enabled", 
    value: "true",
    dependsOn: [{ "modid": "primitivesurvival" }, { "modid": "acorns" }]
 },
 {
   file: "expandedfoods:recipes/kneading/primitivesurvival/trailmix.json",
    op: "replace", 
    path: "/1/enabled", 
    value: "true",
    dependsOn: [{ "modid": "primitivesurvival" }, { "modid": "acorns" }]
 },
 {
   file: "expandedfoods:recipes/kneading/primitivesurvival/trailmix.json",
    op: "replace", 
    path: "/2/enabled", 
    value: "true",
    dependsOn: [{ "modid": "primitivesurvival" }, { "modid": "acorns" }]
 },
 {
   file: "expandedfoods:recipes/kneading/primitivesurvival/trailmix.json",
    op: "replace", 
    path: "/3/enabled", 
    value: "true",
    dependsOn: [{ "modid": "primitivesurvival" }, { "modid": "acorns" }]
 },
 {
   file: "expandedfoods:recipes/kneading/primitivesurvival/trailmix.json",
    op: "replace", 
    path: "/4/enabled", 
    value: "true",
    dependsOn: [{ "modid": "primitivesurvival" }, { "modid": "acorns" }]
 },
 {
   file: "expandedfoods:recipes/kneading/primitivesurvival/trailmix.json",
    op: "replace", 
    path: "/5/enabled", 
    value: "true",
    dependsOn: [{ "modid": "primitivesurvival" }, { "modid": "acorns" }]
 },
 {
   file: "expandedfoods:recipes/kneading/primitivesurvival/trailmix.json",
    op: "replace", 
    path: "/6/enabled", 
    value: "true",
    dependsOn: [{ "modid": "primitivesurvival" }, { "modid": "acorns" }]
 },
 {
   file: "expandedfoods:recipes/kneading/primitivesurvival/trailmix.json",
    op: "replace", 
    path: "/7/enabled", 
    value: "true",
    dependsOn: [{ "modid": "primitivesurvival" }, { "modid": "acorns" }]
 },
]