{
	code: "meathooks",
	class: "BlockMeatHooks",
	entityClass: "MeatHooks",
	behaviors: [{name: "HorizontalOrientable"}],
	variantgroups: [
		{ code: "wood", states: ["acacia", "birch", "kapok", "maple", "oak", "pine", "aged", "baldcypress", "larch", "redwood", "ebony", "walnut", "purpleheart"] },
		{ code: "metal", states: ["copper", "brass", "tinbronze", "blackbronze", "titanium", "steel"] },
		{ code:"side", loadFromProperties: "abstract/horizontalorientation" }
	],
	skipVariants: ["*-{wood}-{metal}-west", "*-{wood}-{metal}-north", "*-{wood}-{metal}-south",],
	shapebytype: {
		"*-north": { base: "expandedfoods:block/meathooks", rotateY: 0 },
		"*-east": { base: "expandedfoods:block/meathooks", rotateY: 270 },
		"*-south": { base: "expandedfoods:block/meathooks", rotateY: 180 },
		"*-west": { base: "expandedfoods:block/meathooks", rotateY: 90 }
	},
	creativeinventory: { "general": ["*-east"], "terrain": ["*-east"] },
	textures: {
		pine: {base: "game:block/wood/planks/{wood}1"},
		copper: {base: "game:block/metal/ingot/{metal}"}
	},
	attributes: {
		cureRate: 3,
		dryRate: 200,
		"handbook": { "groupBy": ["meathooks-*"] }
	},
	drawtype: "json",
	blockmaterial: "Wood",
	replaceable: 600,
	resistance: 3,
	heldTpIdleAnimation: "holdbothhandslarge", heldTpUseAnimation: "twohandplaceblock",
	sounds: {
		walk: "player/buildhigh",
	},
	collisionSelectionBoxes: [
		{ x1: 0.0625, y1: 0.5, z1: 0.0625, x2: 0.5, y2: 1, z2: 0.5 },
		{ x1: 0.5, y1: 0.5, z1: 0.0625, x2: 0.9375, y2: 1, z2: 0.5 },
		{ x1: 0.0625, y1: 0.5, z1: 0.5, x2: 0.5, y2: 1, z2: 0.9375 },
		{ x1: 0.5, y1: 0.5, z1: 0.5, x2: 0.9375, y2: 1, z2: 0.9375 },
	],
	sideopaque: { all: false },
	sideao: { all: true },
	emitsideao: { all: false },
	sidesolid: { all: false }
}
