{
	"code": "mixingbowl",
	"class": "BlockMixingBowl",
	"entityClass": "MixingBowl",
	"entityBehaviors": [ { "name": "MPConsumer" } ],
	"behaviors": [ { "name": "Container" } ],
	"attributes": {
		"capacityLitres": 6,
		"handbook": {
			"groupBy": [ "mixingbowl-*" ]
		}
	},
	"variantgroups": [
		{
			"code": "material",
			"states": [ "normal", "aged" ]
		}
	],
	"creativeinventory": {
		"general": [ "*" ],
		"terrain": [ "*" ]
	},
	"shape": { "base": "expandedfoods:block/mixingbowl/complete" },
	"blockmaterial": "Wood",
	"texturesByType": {
		"*-aged": {
			"material": { "base": "game:block/wood/table/aged/legs" },
			"generic": { "base": "game:block/wood/planks/generic" },
			"bowl": { "base": "game:block/clay/ceramic" }
		},
		"*-normal": {
			"material": { "base": "game:block/wood/planks/generic" },
			"generic": { "base": "game:block/wood/planks/generic" },
			"bowl": { "base": "game:block/clay/ceramic" }
		}
	},
	"sidesolid": {
		"all": false
	},
	"sideopaque": {
		"all": false
	},
	"lightAbsorption": 1,
	"replaceable": 600,
	"resistance": 1.5,
	"collisionSelectionBoxes": [
		{
			"x1": 0.05,
			"y1": 0.0,
			"z1": 0.05,
			"x2": 0.95,
			"y2": 1,
			"z2": 0.95
		},
		{
			"x1": 0.19,
			"y1": 1,
			"z1": 0.19,
			"x2": 0.81,
			"y2": 1.4,
			"z2": 0.81
		}
	]
}
