{
  "code": "stonestoragelarge",
  "class": "BlockRoughCutStorage",
  "entityclass": "RoughCutStorage",
  "variantgroups": [
    {
      "code": "stone",
      "loadFromProperties": "block/rockwithdeposit"
    },
    {
      "code": "depth",
      "states": [ "zero", "one" ]
    },
    {
      "code": "dir",
      "states": [ "north", "south", "east", "west" ]
    }
  ],
  "storageFlags": 5,
  "maxStackSize": 3,
  "creativeinventory": {
    "general": [ "*-zero-north" ],
    "stonequarry": [ "*-zero-north" ]
  },
  "attributesByType": {
    "*-east": {
      "caps": [
        {
          "x": 0,
          "y": 0,
          "z": 1,
          "varType": [
            [ "dir", "east" ],
            [ "depth", "one" ]
          ]
        },
        {
          "x": 1,
          "y": 0,
          "z": 1,
          "varType": [
            [ "dir", "west" ],
            [ "depth", "zero" ]
          ]
        },
        {
          "x": 1,
          "y": 0,
          "z": 0,
          "varType": [
            [ "dir", "west" ],
            [ "depth", "one" ]
          ]
        }
      ]
    },
    "*-south": {
      "caps": [
        {
          "x": -1,
          "y": 0,
          "z": 0,
          "varType": [
            [ "dir", "south" ],
            [ "depth", "one" ]
          ]
        },
        {
          "x": -1,
          "y": 0,
          "z": 1,
          "varType": [
            [ "dir", "north" ],
            [ "depth", "zero" ]
          ]
        },
        {
          "x": 0,
          "y": 0,
          "z": 1,
          "varType": [
            [ "dir", "north" ],
            [ "depth", "one" ]
          ]
        }
      ]
    },
    "*-north": {
      "caps": [
        {
          "x": 1,
          "y": 0,
          "z": 0,
          "varType": [
            [ "dir", "north" ],
            [ "depth", "one" ]
          ]
        },
        {
          "x": 1,
          "y": 0,
          "z": -1,
          "varType": [
            [ "dir", "south" ],
            [ "depth", "zero" ]
          ]
        },
        {
          "x": 0,
          "y": 0,
          "z": -1,
          "varType": [
            [ "dir", "south" ],
            [ "depth", "one" ]
          ]
        }
      ]
    },
    "*-west": {
      "caps": [
        {
          "x": 0,
          "y": 0,
          "z": -1,
          "varType": [
            [ "dir", "west" ],
            [ "depth", "one" ]
          ]
        },
        {
          "x": -1,
          "y": 0,
          "z": -1,
          "varType": [
            [ "dir", "east" ],
            [ "depth", "zero" ]
          ]
        },
        {
          "x": -1,
          "y": 0,
          "z": 0,
          "varType": [
            [ "dir", "east" ],
            [ "depth", "one" ]
          ]
        }
      ]
    }
  },
  "textures": { "stone": { "base": "game:block/stone/rock/{stone}1" } },
  "shapeByType": {
    "*zero-north": { "base": "block/stonestorage/large/stonestoragelargel0" },
    "*zero-east": {
      "base": "block/stonestorage/large/stonestoragelargel0",
      "rotatey": -90
    },
    "*zero-south": {
      "base": "block/stonestorage/large/stonestoragelargel0",
      "rotatey": 180
    },
    "*zero-west": {
      "base": "block/stonestorage/large/stonestoragelargel0",
      "rotatey": 90
    },
    "*one-north": { "base": "block/stonestorage/large/stonestoragelargel1" },
    "*one-east": {
      "base": "block/stonestorage/large/stonestoragelargel1",
      "rotatey": -90
    },
    "*one-south": {
      "base": "block/stonestorage/large/stonestoragelargel1",
      "rotatey": 180
    },
    "*one-west": {
      "base": "block/stonestorage/large/stonestoragelargel1",
      "rotatey": 90
    }
  },
  "shapeinventory": { "base": "block/stonestorage/large/stonestoragelargelinv" },
  "drawtype": "json",
  "facecullmode": "nevercull",
  "sidesolid": { "all": false },
  "sideopaque": { "all": false },
  "materialDensity": 600,
  "lightAbsorption": 99,
  "emitSideAo": { "all": true },
  "lightabsorption": 0,
  "heldTpIdleAnimation": "holdbothhandslarge",
  "heldTpUseAnimation": "twohandplaceblock",
  "guiTransform": {
    "translation": {
      "x": -11,
      "y": 1,
      "z": 0
    },
    "scale": 0.57
  },
  "tpHandTransform": {
    "translation": {
      "x": -1.2,
      "y": -0.8,
      "z": -1
    },
    "rotation": {
      "x": 11,
      "y": 14,
      "z": -71
    },
    "scale": 0.4
  },
  "groundTransform": {
    "scale": 2.5
  }
}
