{
  "code": "stonestoragesmall",
  "class": "BlockRoughCutStorage",
  "entityclass": "RoughCutStorage",
  "variantgroups": [
    {
      "code": "stone",
      "loadFromProperties": "block/rockwithdeposit"
    },
    {
      "code": "dir",
      "states": [ "north", "south", "east", "west" ]
    }
  ],
  "storageFlags": 5,
  "maxStackSize": 12,
  "creativeinventory": {
    "general": [ "*-north" ],
    "stonequarry": [ "*-north" ]
  },
  "textures": { "stone": { "base": "game:block/stone/rock/{stone}1" } },
  "shapeByType": {
    "*north": { "base": "block/stonestorage/small/stonestoragesmall0" },
    "*east": {
      "base": "block/stonestorage/small/stonestoragesmall0",
      "rotatey": -90
    },
    "*south": {
      "base": "block/stonestorage/small/stonestoragesmall0",
      "rotatey": 180
    },
    "*west": {
      "base": "block/stonestorage/small/stonestoragesmall0",
      "rotatey": 90
    }
  },
  "drawtype": "json",
  "facecullmode": "nevercull",
  "materialDensity": 600,
  "lightAbsorption": 99,
  "emitSideAo": { "all": true },
  "sidesolid": { "all": false },
  "sideopaque": { "all": false },
  "lightabsorption": 0,
  "heldTpIdleAnimation": "holdbothhandslarge",
  "heldTpUseAnimation": "twohandplaceblock",
  "tpHandTransform": {
    "translation": {
      "x": -0.8,
      "y": -1.1,
      "z": -0.7
    },
    "rotation": {
      "x": 13,
      "y": 18,
      "z": -67
    },
    "scale": 0.4
  },
  "groundTransform": {
    "scale": 2.5
  }
}
