{
  "editor": {
    "allAngles": false,
    "entityTextureMode": false
  },
  "textureWidth": 16,
  "textureHeight": 16,
  "textureSizes": {
  },
  "textures": {
    "rock": ""
  },
  "elements": [
    {
      "name": "Small",
      "from": [ 1.0, 1.0, 1.0 ],
      "to": [ 15.0, 15.0, 15.0 ],
      "rotationOrigin": [ 1.0, 1.0, 1.0 ],
      "faces": {
        "north": {
          "texture": "#rock",
          "uv": [ 0.0, 0.0, 14.0, 14.0 ]
        },
        "east": {
          "texture": "#rock",
          "uv": [ 0.0, 0.0, 14.0, 14.0 ]
        },
        "south": {
          "texture": "#rock",
          "uv": [ 0.0, 0.0, 14.0, 14.0 ]
        },
        "west": {
          "texture": "#rock",
          "uv": [ 0.0, 0.0, 14.0, 14.0 ]
        },
        "up": {
          "texture": "#rock",
          "uv": [ 0.0, 0.0, 14.0, 14.0 ]
        },
        "down": {
          "texture": "#rock",
          "uv": [ 0.0, 0.0, 14.0, 14.0 ]
        }
      }
    }
  ]
}