[
  {
    "op": "add",
    "path": "/attributes/inPiePropertiesByType",
    "value": {
      "*-bolete-normal-free": {
        "texture": "game:block/food/pie/fill-mushroombrown",
        "partType": "Filling"
      },
      "*-fieldmushroom-normal-free": {
        "texture": "game:block/food/pie/fill-mushroomwhite",
        "partType": "Filling"
      },
      "*-flyagaric-normal-free": {
        "texture": "game:block/food/pie/fill-mushroomred",
        "partType": "Filling"
      }
    },
    "file": "blocktypes/plant/mushroom.json"
  }
]