[
  {
    "op": "add",
    "path": "/attributesByType/claypot-cooked/textureMapping/cheese-blue-1slice",
    "value": [
      "cheesebase",
      "cheese-blue-1slice"
    ],
    "file": "blocktypes/clay/pot.json"
  },
  {
    "op": "add",
    "path": "/attributesByType/claypot-cooked/textureMapping/cheese-cheddar-1slice",
    "value": [
      "cheesebase",
      "cheese-cheddar-1slice"
    ],
    "file": "blocktypes/clay/pot.json"
  },
  {
    "op": "replace",
    "path": "/attributesByType/claypot-cooked/textureMapping/cottagecheeseportion/0",
    "value": "cheesebase",
    "file": "blocktypes/clay/pot.json"
  },
  {
    "op": "replace",
    "path": "/attributesByType/claypot-cooked/textureMapping/cottagecheeseportion/1",
    "value": "cottagecheesemelt",
    "file": "blocktypes/clay/pot.json"
  },
  {
    "op": "replace",
    "path": "/attributesByType/claypot-cooked/textureMapping/milkportion/0",
    "value": "cheesebase",
    "file": "blocktypes/clay/pot.json"
  },
  {
    "op": "replace",
    "path": "/attributesByType/claypot-cooked/textureMapping/milkportion/1",
    "value": "cottagecheesemelt",
    "file": "blocktypes/clay/pot.json"
  },
  {
    "op": "add",
    "path": "/texturesByType/*/cheese-blue-1slice",
    "value": {
      "base": "block/dairy/bluemelt"
    },
    "file": "blocktypes/clay/pot.json"
  },
  {
    "op": "add",
    "path": "/texturesByType/*/cheese-cheddar-1slice",
    "value": {
      "base": "block/dairy/cheddarmelt"
    },
    "file": "blocktypes/clay/pot.json"
  },
  {
    "op": "add",
    "path": "/texturesByType/*/cottagecheesemelt",
    "value": {
      "base": "block/dairy/cottagecheesemelt"
    },
    "file": "blocktypes/clay/pot.json"
  },
 {
    "op": "add",
    "path": "/attributesByType/claypot-cooked/textureMapping/primitivesurvival:fishfillet-raw",
    "value": [
      "normal",
      "fishfillet-raw"
    ],
    "file": "blocktypes/clay/pot.json"
  },
 {
    "op": "add",
    "path": "/attributesByType/claypot-cooked/textureMapping/expandedfoods:fishnugget-raw",
    "value": [
      "meatnugget",
      "fishfillet-raw"
    ],
    "file": "blocktypes/clay/pot.json"
  },
 {
    "op": "add",
    "path": "/attributesByType/claypot-cooked/textureMapping/expandedfoods:fishnugget-smashed",
    "value": [
      "normal",
      "fishfillet-raw"
    ],
    "file": "blocktypes/clay/pot.json"
  },
  {
    "op": "add",
    "path": "/texturesByType/*/fishfillet-raw",
    "value": {
      "base": "item/fish/fillet"
    },
    "file": "blocktypes/clay/pot.json"
  },
  {
    "op": "add",
    "path": "/attributesByType/claypot-cooked/textureMapping/expandedfoods:meatnugget-bushmeat-raw",
    "value": [
      "meatnugget",
      "redmeat-raw"
    ],
    "file": "blocktypes/clay/pot.json"
  },
  {
    "op": "add",
    "path": "/attributesByType/claypot-cooked/textureMapping/expandedfoods:meatnugget-poultry-raw",
    "value": [
      "meatnugget",
      "poultry-raw"
    ],
    "file": "blocktypes/clay/pot.json"
  },
  {
    "op": "add",
    "path": "/attributesByType/claypot-cooked/textureMapping/expandedfoods:meatnugget-redmeat-raw",
    "value": [
      "meatnugget",
      "redmeat-raw"
    ],
    "file": "blocktypes/clay/pot.json"
  },
  {
    "op": "add",
    "path": "/texturesByType/*/poultry-raw",
    "value": {
      "base": "block/food/meal/group3-millet-bolete-cranberry-poultry"
    },
    "file": "blocktypes/clay/pot.json"
  },
  {
    "op": "add",
    "path": "/texturesByType/*/redmeat-raw",
    "value": {
      "base": "block/food/meal/group2-soup-flyagaric-cactifruit-redmeat"
    },
    "file": "blocktypes/clay/pot.json"
  },
 {
    "op": "add",
    "path": "/attributesByType/claypot-cooked/textureMapping/fishsauce",
    "value": [
      "topping",
      "fishsauce"
    ],
    "file": "blocktypes/clay/pot.json"
  },
  {
    "op": "add",
    "path": "/texturesByType/*/fishsauce",
    "value": {
      "base": "item/liquid/fishsauce"
    },
    "file": "blocktypes/clay/pot.json"
  },
 {
    "op": "add",
    "path": "/attributesByType/claypot-cooked/textureMapping/soysauce",
    "value": [
      "topping",
      "fishsauce"
    ],
    "file": "blocktypes/clay/pot.json"
  },
  {
    "op": "add",
    "path": "/texturesByType/*/soysauce",
    "value": {
      "base": "item/liquid/fishsauce"
    },
    "file": "blocktypes/clay/pot.json"
  },
  {
    "op": "add",
    "path": "/attributesByType/claypot-cooked/textureMapping/expandedfoods:dryfruit-blackcurrant",
    "value": [
      "fruit",
      "group5"
    ],
    "file": "blocktypes/clay/pot.json"
  },
  {
    "op": "add",
    "path": "/attributesByType/claypot-cooked/textureMapping/expandedfoods:dryfruit-blueberry",
    "value": [
      "fruit",
      "group1"
    ],
    "file": "blocktypes/clay/pot.json"
  },
  {
    "op": "add",
    "path": "/attributesByType/claypot-cooked/textureMapping/expandedfoods:dryfruit-cranberry",
    "value": [
      "fruit",
      "group3"
    ],
    "file": "blocktypes/clay/pot.json"
  },
  {
    "op": "add",
    "path": "/attributesByType/claypot-cooked/textureMapping/expandedfoods:dryfruit-redcurrant",
    "value": [
      "fruit",
      "group6"
    ],
    "file": "blocktypes/clay/pot.json"
  },
  {
    "op": "add",
    "path": "/attributesByType/claypot-cooked/textureMapping/expandedfoods:dryfruit-saguaro",
    "value": [
      "fruit",
      "group2"
    ],
    "file": "blocktypes/clay/pot.json"
  },
  {
    "op": "add",
    "path": "/attributesByType/claypot-cooked/textureMapping/expandedfoods:dryfruit-whitecurrant",
    "value": [
      "fruit",
      "group4"
    ],
    "file": "blocktypes/clay/pot.json"
  },
  {
    "op": "add",
    "path": "/attributesByType/claypot-cooked/textureMapping/expandedfoods:dryfruit-pineapple",
    "value": [
      "fruit",
      "group7"
    ],
    "file": "blocktypes/clay/pot.json"
  },
  {
    "op": "add",
    "path": "/texturesByType/*/riceandbeans",
    "value": {
      "base": "block/riceandbeans"
    },
    "file": "blocktypes/clay/pot.json"
  },
  {
    "op": "add",
    "path": "/attributesByType/claypot-cooked/textureMapping/expandedfoods:fruitsyrupportion-blackcurrant",
    "value": [
      "topping",
      "blackcurrantsyrup"
    ],
    "file": "blocktypes/clay/pot.json"
  },
  {
    "op": "add",
    "path": "/attributesByType/claypot-cooked/textureMapping/expandedfoods:fruitsyrupportion-blueberry",
    "value": [
      "topping",
      "blueberrysyrup"
    ],
    "file": "blocktypes/clay/pot.json"
  },
  {
    "op": "add",
    "path": "/attributesByType/claypot-cooked/textureMapping/expandedfoods:fruitsyrupportion-cranberry",
    "value": [
      "topping",
      "cranberrysyrup"
    ],
    "file": "blocktypes/clay/pot.json"
  },
  {
    "op": "add",
    "path": "/attributesByType/claypot-cooked/textureMapping/expandedfoods:fruitsyrupportion-redcurrant",
    "value": [
      "topping",
      "redcurrantsyrup"
    ],
    "file": "blocktypes/clay/pot.json"
  },
  {
    "op": "add",
    "path": "/attributesByType/claypot-cooked/textureMapping/expandedfoods:fruitsyrupportion-whitecurrant",
    "value": [
      "topping",
      "whitecurrantsyrup"
    ],
    "file": "blocktypes/clay/pot.json"
  },
  {
    "op": "add",
    "path": "/attributesByType/claypot-cooked/textureMapping/expandedfoods:fruitsyrupportion-pineapple",
    "value": [
      "topping",
      "pineapplesyrup"
    ],
    "file": "blocktypes/clay/pot.json"
  },
  {
    "op": "add",
    "path": "/attributesByType/claypot-cooked/textureMapping/expandedfoods:treesyrupportion-birch",
    "value": [
      "topping",
      "birchsyrup"
    ],
    "file": "blocktypes/clay/pot.json"
  },
  {
    "op": "add",
    "path": "/attributesByType/claypot-cooked/textureMapping/expandedfoods:treesyrupportion-maple",
    "value": [
      "topping",
      "maplesyrup"
    ],
    "file": "blocktypes/clay/pot.json"
  },
  {
    "op": "add",
    "path": "/texturesByType/*/birchsyrup",
    "value": {
      "base": "block/liquid/weaktannin"
    },
    "file": "blocktypes/clay/pot.json"
  },
  {
    "op": "add",
    "path": "/texturesByType/*/blackcurrantsyrup",
    "value": {
      "base": "item/liquid/blackcurrant"
    },
    "file": "blocktypes/clay/pot.json"
  },
  {
    "op": "add",
    "path": "/texturesByType/*/blueberrysyrup",
    "value": {
      "base": "item/liquid/blueberry"
    },
    "file": "blocktypes/clay/pot.json"
  },
  {
    "op": "add",
    "path": "/texturesByType/*/cranberrysyrup",
    "value": {
      "base": "item/liquid/cranberry"
    },
    "file": "blocktypes/clay/pot.json"
  },
  {
    "op": "add",
    "path": "/texturesByType/*/maplesyrup",
    "value": {
      "base": "block/liquid/strongtannin"
    },
    "file": "blocktypes/clay/pot.json"
  },
  {
    "op": "add",
    "path": "/texturesByType/*/redcurrantsyrup",
    "value": {
      "base": "item/liquid/redcurrant"
    },
    "file": "blocktypes/clay/pot.json"
  },
  {
    "op": "add",
    "path": "/texturesByType/*/whitecurrantsyrup",
    "value": {
      "base": "item/liquid/whitecurrant"
    },
    "file": "blocktypes/clay/pot.json"
  },
  {
    "op": "add",
    "path": "/texturesByType/*/pineapplesyrup",
    "value": {
      "base": "item/liquid/pineapple"
    },
    "file": "blocktypes/clay/pot.json"
  },
  {
    "op": "add",
    "path": "/attributesByType/claypot-cooked/textureMapping/expandedfoods:foodoilportion-flax",
    "value": [
      "topping",
      "foodoil"
    ],
    "file": "blocktypes/clay/pot.json"
  },
  {
    "op": "add",
    "path": "/attributesByType/claypot-cooked/textureMapping/expandedfoods:foodoilportion-rice",
    "value": [
      "topping",
      "foodoil"
    ],
    "file": "blocktypes/clay/pot.json"
  },
  {
    "op": "add",
    "path": "/attributesByType/claypot-cooked/textureMapping/expandedfoods:foodoilportion-seed",
    "value": [
      "topping",
      "foodoil"
    ],
    "file": "blocktypes/clay/pot.json"
  },
  {
    "op": "add",
    "path": "/attributesByType/claypot-cooked/textureMapping/expandedfoods:foodoilportion-soy",
    "value": [
      "topping",
      "foodoil"
    ],
    "file": "blocktypes/clay/pot.json"
  },
  {
    "op": "add",
    "path": "/attributesByType/claypot-cooked/textureMapping/expandedfoods:foodoilportion-sunflower",
    "value": [
      "topping",
      "foodoil"
    ],
    "file": "blocktypes/clay/pot.json"
  },
  {
    "op": "add",
    "path": "/attributesByType/claypot-cooked/textureMapping/expandedfoods:foodoilportion-peanut",
    "value": [
      "topping",
      "foodoil"
    ],
    "file": "blocktypes/clay/pot.json"
  },
  {
    "op": "add",
    "path": "/attributesByType/claypot-cooked/textureMapping/expandedfoods:lard",
    "value": [
      "topping",
      "lard"
    ],
    "file": "blocktypes/clay/pot.json"
  },
  {
    "op": "add",
    "path": "/texturesByType/*/foodoil",
    "value": {
      "base": "item/liquid/foodoil"
    },
    "file": "blocktypes/clay/pot.json"
  },
  {
    "op": "add",
    "path": "/texturesByType/*/lard",
    "value": {
      "base": "block/fat"
    },
    "file": "blocktypes/clay/pot.json"
  },
  {
    "op": "add",
    "path": "/attributesByType/claypot-cooked/textureMapping/expandedfoods:vegetablejuiceportion-cabbage",
    "value": [
      "water",
      "cabbagejuice"
    ],
    "file": "blocktypes/clay/pot.json"
  },
  {
    "op": "add",
    "path": "/attributesByType/claypot-cooked/textureMapping/expandedfoods:vegetablejuiceportion-carrot",
    "value": [
      "water",
      "carrotjuice"
    ],
    "file": "blocktypes/clay/pot.json"
  },
  {
    "op": "add",
    "path": "/attributesByType/claypot-cooked/textureMapping/expandedfoods:vegetablejuiceportion-onion",
    "value": [
      "water",
      "onionjuice"
    ],
    "file": "blocktypes/clay/pot.json"
  },
  {
    "op": "add",
    "path": "/attributesByType/claypot-cooked/textureMapping/expandedfoods:vegetablejuiceportion-parsnip",
    "value": [
      "water",
      "parsnipjuice"
    ],
    "file": "blocktypes/clay/pot.json"
  },
  {
    "op": "add",
    "path": "/attributesByType/claypot-cooked/textureMapping/expandedfoods:vegetablejuiceportion-pumpkin",
    "value": [
      "water",
      "pumpkinjuice"
    ],
    "file": "blocktypes/clay/pot.json"
  },
  {
    "op": "add",
    "path": "/attributesByType/claypot-cooked/textureMapping/expandedfoods:vegetablejuiceportion-turnip",
    "value": [
      "water",
      "turnipjuice"
    ],
    "file": "blocktypes/clay/pot.json"
  },
  {
    "op": "add",
    "path": "/attributesByType/claypot-cooked/textureMapping/expandedfoods:vegetablejuiceportion-cassava",
    "value": [
      "water",
      "cassavajuice"
    ],
    "file": "blocktypes/clay/pot.json"
  },
  {
    "op": "add",
    "path": "/attributesByType/claypot-cooked/textureMapping/expandedfoods:vegetablejuiceportion-bellpepper",
    "value": [
      "water",
      "bellpepperjuice"
    ],
    "file": "blocktypes/clay/pot.json"
  },

  {
    "op": "add",
    "path": "/texturesByType/*/cabbagejuice",
    "value": {
      "base": "item/liquid/cabbage"
    },
    "file": "blocktypes/clay/pot.json"
  },
  {
    "op": "add",
    "path": "/texturesByType/*/carrotjuice",
    "value": {
      "base": "item/liquid/carrot"
    },
    "file": "blocktypes/clay/pot.json"
  },
  {
    "op": "add",
    "path": "/texturesByType/*/onionjuice",
    "value": {
      "base": "item/liquid/onion"
    },
    "file": "blocktypes/clay/pot.json"
  },
  {
    "op": "add",
    "path": "/texturesByType/*/parsnipjuice",
    "value": {
      "base": "item/liquid/parsnip"
    },
    "file": "blocktypes/clay/pot.json"
  },
  {
    "op": "add",
    "path": "/texturesByType/*/pumpkinjuice",
    "value": {
      "base": "item/liquid/pumpkin"
    },
    "file": "blocktypes/clay/pot.json"
  },
  {
    "op": "add",
    "path": "/texturesByType/*/turnipjuice",
    "value": {
      "base": "item/liquid/turnip"
    },
    "file": "blocktypes/clay/pot.json"
  },
  {
    "op": "add",
    "path": "/texturesByType/*/cassavajuice",
    "value": {
      "base": "item/liquid/cassava"
    },
    "file": "blocktypes/clay/pot.json"
  },
  {
    "op": "add",
    "path": "/texturesByType/*/bellpepperjuice",
    "value": {
      "base": "item/liquid/bellpepper"
    },
    "file": "blocktypes/clay/pot.json"
  },
  {
    "op": "add",
    "path": "/attributesByType/claypot-cooked/textureMapping/egg-chicken-boiled",
    "value": [
      "egg",
      "group6"
    ],
    "file": "blocktypes/clay/pot.json"
  },
  {
    "op": "add",
    "path": "/attributesByType/claypot-cooked/textureMapping/vinegarportion",
    "value": [
      "topping",
      "vinegar"
    ],
    "file": "blocktypes/clay/pot.json"
  },
  {
    "op": "add",
    "path": "/texturesByType/*/vinegar",
    "value": {
      "base": "block/liquid/vinegarmod"
    },
    "file": "blocktypes/clay/pot.json"
  },
  {
    "op": "add",
    "path": "/attributesByType/claypot-cooked/textureMapping/expandedfoods:fishnugget-tender",
    "value": [
      "normal",
      "fishfillet-raw"
    ],
    "file": "blocktypes/clay/pot.json"
  },
  {
    "op": "add",
    "path": "/attributesByType/claypot-cooked/textureMapping/expandedfoods:meatnugget-bushmeat-tender",
    "value": [
      "meat",
      "group6"
    ],
    "file": "blocktypes/clay/pot.json"
  },
  {
    "op": "add",
    "path": "/attributesByType/claypot-cooked/textureMapping/expandedfoods:meatnugget-poultry-tender",
    "value": [
      "meat",
      "group5"
    ],
    "file": "blocktypes/clay/pot.json"
  },
  {
    "op": "add",
    "path": "/attributesByType/claypot-cooked/textureMapping/expandedfoods:meatnugget-redmeat-tender",
    "value": [
      "meat",
      "group6"
    ],
    "file": "blocktypes/clay/pot.json"
  },
  {
    "op": "add",
    "path": "/attributesByType/claypot-cooked/textureMapping/primitivesurvival:fishfillet-cooked",
    "value": [
      "normal",
      "fishfillet-raw"
    ],
    "file": "blocktypes/clay/pot.json"
  },
  {
    "op": "add",
    "path": "/texturesByType/*/breading-acorn",
    "value": {
      "base": "expandedfoods:item/food/grain/breading/acorn-cooked"
    },
    "file": "blocktypes/clay/pot.json"
  },
  {
    "op": "add",
    "path": "/texturesByType/*/breading-acorn-partbaked",
    "value": {
      "base": "expandedfoods:item/food/grain/breading/acorn-partbaked"
    },
    "file": "blocktypes/clay/pot.json"
  },
  {
    "op": "add",
    "path": "/texturesByType/*/breading-acorn-charred",
    "value": {
      "base": "expandedfoods:item/food/grain/breading/acorn-charred"
    },
    "file": "blocktypes/clay/pot.json"
  },
  {
    "op": "add",
    "path": "/texturesByType/*/breading-acorn-syrup",
    "value": {
      "base": "expandedfoods:item/food/grain/breading/acorn-fish"
    },
    "file": "blocktypes/clay/pot.json"
  },
  {
    "op": "add",
    "path": "/texturesByType/*/breading-flax-partbaked",
    "value": {
      "base": "expandedfoods:item/food/grain/breading/flax-partbaked"
    },
    "file": "blocktypes/clay/pot.json"
  },
  {
    "op": "add",
    "path": "/texturesByType/*/breading-flax",
    "value": {
      "base": "expandedfoods:item/food/grain/breading/flax-cooked"
    },
    "file": "blocktypes/clay/pot.json"
  },
  {
    "op": "add",
    "path": "/texturesByType/*/breading-flax-charred",
    "value": {
      "base": "expandedfoods:item/food/grain/breading/flax-charred"
    },
    "file": "blocktypes/clay/pot.json"
  },
  {
    "op": "add",
    "path": "/texturesByType/*/breading-flax-syrup",
    "value": {
      "base": "expandedfoods:item/food/grain/breading/flax-fish"
    },
    "file": "blocktypes/clay/pot.json"
  },
  {
    "op": "add",
    "path": "/texturesByType/*/breading-rice-partbaked",
    "value": {
      "base": "expandedfoods:item/food/grain/breading/rice-partbaked"
    },
    "file": "blocktypes/clay/pot.json"
  },
  {
    "op": "add",
    "path": "/texturesByType/*/breading-rice",
    "value": {
      "base": "expandedfoods:item/food/grain/breading/rice-cooked"
    },
    "file": "blocktypes/clay/pot.json"
  },
  {
    "op": "add",
    "path": "/texturesByType/*/breading-rice-charred",
    "value": {
      "base": "expandedfoods:item/food/grain/breading/rice-charred"
    },
    "file": "blocktypes/clay/pot.json"
  },
  {
    "op": "add",
    "path": "/texturesByType/*/breading-rice-syrup",
    "value": {
      "base": "expandedfoods:item/food/grain/breading/rice-fish"
    },
    "file": "blocktypes/clay/pot.json"
  },
  {
    "op": "add",
    "path": "/texturesByType/*/breading-rye-partbaked",
    "value": {
      "base": "expandedfoods:item/food/grain/breading/rye-partbaked"
    },
    "file": "blocktypes/clay/pot.json"
  },
  {
    "op": "add",
    "path": "/texturesByType/*/breading-rye",
    "value": {
      "base": "expandedfoods:item/food/grain/breading/rye-cooked"
    },
    "file": "blocktypes/clay/pot.json"
  },
  {
    "op": "add",
    "path": "/texturesByType/*/breading-rye-charred",
    "value": {
      "base": "expandedfoods:item/food/grain/breading/rye-charred"
    },
    "file": "blocktypes/clay/pot.json"
  },
  {
    "op": "add",
    "path": "/texturesByType/*/breading-rye-syrup",
    "value": {
      "base": "expandedfoods:item/food/grain/breading/rye-fish"
    },
    "file": "blocktypes/clay/pot.json"
  },
  {
    "op": "add",
    "path": "/texturesByType/*/breading-spelt-partbaked",
    "value": {
      "base": "expandedfoods:item/food/grain/breading/spelt-partbaked"
    },
    "file": "blocktypes/clay/pot.json"
  },
  {
    "op": "add",
    "path": "/texturesByType/*/breading-spelt",
    "value": {
      "base": "expandedfoods:item/food/grain/breading/spelt-cooked"
    },
    "file": "blocktypes/clay/pot.json"
  },
  {
    "op": "add",
    "path": "/texturesByType/*/breading-spelt-charred",
    "value": {
      "base": "expandedfoods:item/food/grain/breading/spelt-charred"
    },
    "file": "blocktypes/clay/pot.json"
  },
  {
    "op": "add",
    "path": "/texturesByType/*/breading-spelt-syrup",
    "value": {
      "base": "expandedfoods:item/food/grain/breading/spelt-fish"
    },
    "file": "blocktypes/clay/pot.json"
  },
  {
    "op": "add",
    "path": "/texturesByType/*/breading-cassava-partbaked",
    "value": {
      "base": "expandedfoods:item/food/grain/breading/cassava-partbaked"
    },
    "file": "blocktypes/clay/pot.json"
  },
  {
    "op": "add",
    "path": "/texturesByType/*/breading-cassava",
    "value": {
      "base": "expandedfoods:item/food/grain/breading/cassava-cooked"
    },
    "file": "blocktypes/clay/pot.json"
  },
  {
    "op": "add",
    "path": "/texturesByType/*/breading-cassava-charred",
    "value": {
      "base": "expandedfoods:item/food/grain/breading/cassava-charred"
    },
    "file": "blocktypes/clay/pot.json"
  },
  {
    "op": "add",
    "path": "/texturesByType/*/breading-cassava-syrup",
    "value": {
      "base": "expandedfoods:item/food/grain/breading/cassava-fish"
    },
    "file": "blocktypes/clay/pot.json"
  },
  {
    "op": "add",
    "path": "/texturesByType/*/breading-amaranth-partbaked",
    "value": {
      "base": "expandedfoods:item/food/grain/breading/amaranth-partbaked"
    },
    "file": "blocktypes/clay/pot.json"
  },
  {
    "op": "add",
    "path": "/texturesByType/*/breading-amaranth",
    "value": {
      "base": "expandedfoods:item/food/grain/breading/amaranth-cooked"
    },
    "file": "blocktypes/clay/pot.json"
  },
  {
    "op": "add",
    "path": "/texturesByType/*/breading-amaranth-charred",
    "value": {
      "base": "expandedfoods:item/food/grain/breading/amaranth-charred"
    },
    "file": "blocktypes/clay/pot.json"
  },
  {
    "op": "add",
    "path": "/texturesByType/*/breading-amaranth-syrup",
    "value": {
      "base": "expandedfoods:item/food/grain/breading/amaranth-fish"
    },
    "file": "blocktypes/clay/pot.json"
  },
  {
    "op": "add",
    "path": "/texturesByType/*/breading-sunflower-partbaked",
    "value": {
      "base": "expandedfoods:item/food/grain/breading/sunflower-partbaked"
    },
    "file": "blocktypes/clay/pot.json"
  },
  {
    "op": "add",
    "path": "/texturesByType/*/breading-sunflower",
    "value": {
      "base": "expandedfoods:item/food/grain/breading/sunflower-cooked"
    },
    "file": "blocktypes/clay/pot.json"
  },
  {
    "op": "add",
    "path": "/texturesByType/*/breading-sunflower-charred",
    "value": {
      "base": "expandedfoods:item/food/grain/breading/sunflower-charred"
    },
    "file": "blocktypes/clay/pot.json"
  },
  {
    "op": "add",
    "path": "/texturesByType/*/breading-sunflower-syrup",
    "value": {
      "base": "expandedfoods:item/food/grain/breading/sunflower-fish"
    },
    "file": "blocktypes/clay/pot.json"
  },
  {
    "op": "add",
    "path": "/texturesByType/*/daisy",
    "value": {
      "base": "block/plant/flower/petal/wilddaisy1"
    },
    "file": "blocktypes/clay/pot.json"
  },
  {
    "op": "add",
    "path": "/texturesByType/*/blackcurrantwine",
    "value": {
      "base": "item/liquid/blackcurrantwine"
    },
    "file": "blocktypes/clay/pot.json"
  },
  {
    "op": "add",
    "path": "/texturesByType/*/blueberrywine",
    "value": {
      "base": "item/liquid/blueberrywine"
    },
    "file": "blocktypes/clay/pot.json"
  },
  {
    "op": "add",
    "path": "/texturesByType/*/cranberrywine",
    "value": {
      "base": "item/liquid/cranberrywine"
    },
    "file": "blocktypes/clay/pot.json"
  },
  {
    "op": "add",
    "path": "/texturesByType/*/redcurrantwine",
    "value": {
      "base": "item/liquid/redcurrantwine"
    },
    "file": "blocktypes/clay/pot.json"
  },
  {
    "op": "add",
    "path": "/texturesByType/*/whitecurrantwine",
    "value": {
      "base": "item/liquid/whitecurrantwine"
    },
    "file": "blocktypes/clay/pot.json"
  },
  {
    "op": "add",
    "path": "/texturesByType/*/pineapplewine",
    "value": {
      "base": "item/liquid/pineapplewine"
    },
    "file": "blocktypes/clay/pot.json"
  },
  {
    "op": "add",
    "path": "/texturesByType/*/mixwine",
    "value": {
      "base": "item/liquid/mixwine"
    },
    "file": "blocktypes/clay/pot.json"
  },
  {
    "op": "add",
    "path": "/texturesByType/*/saguarosyrup",
    "value": {
      "base": "item/liquid/saguaro"
    },
    "file": "blocktypes/clay/pot.json"
  },
  {
    "op": "add",
    "path": "/texturesByType/*/bonebroth",
    "value": {
      "base": "item/liquid/bonebroth"
    },
    "file": "blocktypes/clay/pot.json"
  },
  {
    "op": "add",
    "path": "/texturesByType/*/vegetablemix",
    "value": {
      "base": "item/liquid/vegetablemix"
    },
    "file": "blocktypes/clay/pot.json"
  },
  {
    "op": "add",
    "path": "/attributesByType/claypot-cooked/textureMapping/expandedfoods:gelatin-birch",
    "value": [
      "topping",
      "gelatinbirch"
    ],
    "file": "blocktypes/clay/pot.json"
  },
  {
    "op": "add",
    "path": "/attributesByType/claypot-cooked/textureMapping/expandedfoods:gelatin-blackcurrant",
    "value": [
      "topping",
      "gelatinblackcurrant"
    ],
    "file": "blocktypes/clay/pot.json"
  },
  {
    "op": "add",
    "path": "/attributesByType/claypot-cooked/textureMapping/expandedfoods:gelatin-blueberry",
    "value": [
      "topping",
      "gelatinblueberry"
    ],
    "file": "blocktypes/clay/pot.json"
  },
  {
    "op": "add",
    "path": "/attributesByType/claypot-cooked/textureMapping/expandedfoods:gelatin-cranberry",
    "value": [
      "topping",
      "gelatincranberry"
    ],
    "file": "blocktypes/clay/pot.json"
  },
  {
    "op": "add",
    "path": "/attributesByType/claypot-cooked/textureMapping/expandedfoods:gelatin-fruitmix",
    "value": [
      "topping",
      "gelatinfruitmix"
    ],
    "file": "blocktypes/clay/pot.json"
  },
  {
    "op": "add",
    "path": "/attributesByType/claypot-cooked/textureMapping/expandedfoods:gelatin-honey",
    "value": [
      "topping",
      "gelatinhoney"
    ],
    "file": "blocktypes/clay/pot.json"
  },
  {
    "op": "add",
    "path": "/attributesByType/claypot-cooked/textureMapping/expandedfoods:gelatin-maple",
    "value": [
      "topping",
      "gelatinmaple"
    ],
    "file": "blocktypes/clay/pot.json"
  },
  {
    "op": "add",
    "path": "/attributesByType/claypot-cooked/textureMapping/expandedfoods:gelatin-plain",
    "value": [
      "topping",
      "gelatinplain"
    ],
    "file": "blocktypes/clay/pot.json"
  },
  {
    "op": "add",
    "path": "/attributesByType/claypot-cooked/textureMapping/expandedfoods:gelatin-redcurrant",
    "value": [
      "topping",
      "gelatinredcurrant"
    ],
    "file": "blocktypes/clay/pot.json"
  },
  {
    "op": "add",
    "path": "/attributesByType/claypot-cooked/textureMapping/expandedfoods:gelatin-saguaro",
    "value": [
      "topping",
      "gelatinsaguaro"
    ],
    "file": "blocktypes/clay/pot.json"
  },
  {
    "op": "add",
    "path": "/attributesByType/claypot-cooked/textureMapping/expandedfoods:gelatin-whitecurrant",
    "value": [
      "topping",
      "gelatinwhitecurrant"
    ],
    "file": "blocktypes/clay/pot.json"
  },
  {
    "op": "add",
    "path": "/attributesByType/claypot-cooked/textureMapping/expandedfoods:gelatin-pineapple",
    "value": [
      "topping",
      "gelatinpineapple"
    ],
    "file": "blocktypes/clay/pot.json"
  },
  {
    "op": "add",
    "path": "/attributesByType/claypot-cooked/textureMapping/expandedfoods:gelatin-huckleberry",
    "value": [
      "topping",
      "gelatinhuckleberry"
    ],
    "file": "blocktypes/clay/pot.json",
    dependsOn: [{ "modid": "wildcraft" }]
  },
  {
    "op": "add",
    "path": "/attributesByType/claypot-cooked/textureMapping/expandedfoods:gelatin-snowberry",
    "value": [
      "topping",
      "gelatinsnowberry"
    ],
    "file": "blocktypes/clay/pot.json",
    dependsOn: [{ "modid": "wildcraft" }]
  },
  {
    "op": "add",
    "path": "/attributesByType/claypot-cooked/textureMapping/expandedfoods:gelatin-brambleberry",
    "value": [
      "topping",
      "gelatinbrambleberry"
    ],
    "file": "blocktypes/clay/pot.json",
    dependsOn: [{ "modid": "wildcraft" }]
  },
  {
    "op": "add",
    "path": "/attributesByType/claypot-cooked/textureMapping/expandedfoods:gelatin-cloudberry",
    "value": [
      "topping",
      "gelatincloudberry"
    ],
    "file": "blocktypes/clay/pot.json",
    dependsOn: [{ "modid": "wildcraft" }]
  },
  {
    "op": "add",
    "path": "/attributesByType/claypot-cooked/textureMapping/expandedfoods:gelatin-dogrose",
    "value": [
      "topping",
      "gelatindogrose"
    ],
    "file": "blocktypes/clay/pot.json",
    dependsOn: [{ "modid": "wildcraft" }]
  },
  {
    "op": "add",
    "path": "/attributesByType/claypot-cooked/textureMapping/expandedfoods:gelatin-elderberry",
    "value": [
      "topping",
      "gelatinelderberry"
    ],
    "file": "blocktypes/clay/pot.json",
    dependsOn: [{ "modid": "wildcraft" }]
  },
  {
    "op": "add",
    "path": "/attributesByType/claypot-cooked/textureMapping/expandedfoods:gelatin-gooseberry",
    "value": [
      "topping",
      "gelatingooseberry"
    ],
    "file": "blocktypes/clay/pot.json",
    dependsOn: [{ "modid": "wildcraft" }]
  },
  {
    "op": "add",
    "path": "/attributesByType/claypot-cooked/textureMapping/expandedfoods:gelatin-honeysuckle",
    "value": [
      "topping",
      "gelatinhoneysuckle"
    ],
    "file": "blocktypes/clay/pot.json",
    dependsOn: [{ "modid": "wildcraft" }]
  },
  {
    "op": "add",
    "path": "/attributesByType/claypot-cooked/textureMapping/expandedfoods:gelatin-strawberry",
    "value": [
      "topping",
      "gelatinstrawberry"
    ],
    "file": "blocktypes/clay/pot.json",
    dependsOn: [{ "modid": "wildcraft" }]
  },
  {
    "op": "add",
    "path": "/attributesByType/claypot-cooked/textureMapping/expandedfoods:gelatin-raspberry",
    "value": [
      "topping",
      "gelatinraspberry"
    ],
    "file": "blocktypes/clay/pot.json",
    dependsOn: [{ "modid": "wildcraft" }]
  },
  {
    "op": "add",
    "path": "/attributesByType/claypot-cooked/textureMapping/expandedfoods:yogurt-plain",
    "value": [
      "liquid",
      "yogurtplain"
    ],
    "file": "blocktypes/clay/pot.json"
  },
  {
    "op": "add",
    "path": "/texturesByType/*/gelatinbirch",
    "value": {
      "base": "item/gelatin/birch"
    },
    "file": "blocktypes/clay/pot.json"
  },
  {
    "op": "add",
    "path": "/texturesByType/*/gelatinblackcurrant",
    "value": {
      "base": "item/gelatin/blackcurrant"
    },
    "file": "blocktypes/clay/pot.json"
  },
  {
    "op": "add",
    "path": "/texturesByType/*/gelatinblueberry",
    "value": {
      "base": "item/gelatin/blueberry"
    },
    "file": "blocktypes/clay/pot.json"
  },
  {
    "op": "add",
    "path": "/texturesByType/*/gelatincranberry",
    "value": {
      "base": "item/gelatin/cranberry"
    },
    "file": "blocktypes/clay/pot.json"
  },
  {
    "op": "add",
    "path": "/texturesByType/*/gelatinfruitmix",
    "value": {
      "base": "item/gelatin/fruitmix"
    },
    "file": "blocktypes/clay/pot.json"
  },
  {
    "op": "add",
    "path": "/texturesByType/*/gelatinhoney",
    "value": {
      "base": "item/gelatin/honey"
    },
    "file": "blocktypes/clay/pot.json"
  },
  {
    "op": "add",
    "path": "/texturesByType/*/gelatinmaple",
    "value": {
      "base": "item/gelatin/maple"
    },
    "file": "blocktypes/clay/pot.json"
  },
  {
    "op": "add",
    "path": "/texturesByType/*/gelatinplain",
    "value": {
      "base": "item/gelatin/plain"
    },
    "file": "blocktypes/clay/pot.json"
  },
  {
    "op": "add",
    "path": "/texturesByType/*/gelatinredcurrant",
    "value": {
      "base": "item/gelatin/redcurrant"
    },
    "file": "blocktypes/clay/pot.json"
  },
  {
    "op": "add",
    "path": "/texturesByType/*/gelatinsaguaro",
    "value": {
      "base": "item/gelatin/saguaro"
    },
    "file": "blocktypes/clay/pot.json"
  },
  {
    "op": "add",
    "path": "/texturesByType/*/gelatinwhitecurrant",
    "value": {
      "base": "item/gelatin/whitecurrant"
    },
    "file": "blocktypes/clay/pot.json"
  },
  {
    "op": "add",
    "path": "/texturesByType/*/gelatinhuckleberry",
    "value": {
      "base": "item/gelatin/huckleberry"
    },
    "file": "blocktypes/clay/pot.json",
    dependsOn: [{ "modid": "wildcraft" }]
  },
  {
    "op": "add",
    "path": "/texturesByType/*/gelatinsnowberry",
    "value": {
      "base": "item/gelatin/snowberry"
    },
    "file": "blocktypes/clay/pot.json",
    dependsOn: [{ "modid": "wildcraft" }]
  },
  {
    "op": "add",
    "path": "/texturesByType/*/gelatinbrambleberry",
    "value": {
      "base": "item/gelatin/brambleberry"
    },
    "file": "blocktypes/clay/pot.json",
    dependsOn: [{ "modid": "wildcraft" }]
  },
  {
    "op": "add",
    "path": "/texturesByType/*/gelatincloudberry",
    "value": {
      "base": "item/gelatin/cloudberry"
    },
    "file": "blocktypes/clay/pot.json",
    dependsOn: [{ "modid": "wildcraft" }]
  },
  {
    "op": "add",
    "path": "/texturesByType/*/gelatindogrose",
    "value": {
      "base": "item/gelatin/dogrose"
    },
    "file": "blocktypes/clay/pot.json",
    dependsOn: [{ "modid": "wildcraft" }]
  },
  {
    "op": "add",
    "path": "/texturesByType/*/gelatinelderberry",
    "value": {
      "base": "item/gelatin/elderberry"
    },
    "file": "blocktypes/clay/pot.json",
    dependsOn: [{ "modid": "wildcraft" }]
  },
  {
    "op": "add",
    "path": "/texturesByType/*/gelatingooseberry",
    "value": {
      "base": "item/gelatin/gooseberry"
    },
    "file": "blocktypes/clay/pot.json",
    dependsOn: [{ "modid": "wildcraft" }]
  },
  {
    "op": "add",
    "path": "/texturesByType/*/gelatinhoneysuckle",
    "value": {
      "base": "item/gelatin/honeysuckle"
    },
    "file": "blocktypes/clay/pot.json",
    dependsOn: [{ "modid": "wildcraft" }]
  },
  {
    "op": "add",
    "path": "/texturesByType/*/gelatinstrawberry",
    "value": {
      "base": "item/gelatin/strawberry"
    },
    "file": "blocktypes/clay/pot.json",
    dependsOn: [{ "modid": "wildcraft" }]
  },
  {
    "op": "add",
    "path": "/texturesByType/*/gelatinraspberry",
    "value": {
      "base": "item/gelatin/raspberry"
    },
    "file": "blocktypes/clay/pot.json",
    dependsOn: [{ "modid": "wildcraft" }]
  },
  {
    "op": "add",
    "path": "/texturesByType/*/gelatinpineapple",
    "value": {
      "base": "item/gelatin/raspberry"
    },
    "file": "blocktypes/clay/pot.json",
    dependsOn: [{ "modid": "wildcraft" }]
  },
  {
    "op": "add",
    "path": "/texturesByType/*/yogurtplain",
    "value": {
      "base": "item/liquid/yogurt/plain"
    },
    "file": "blocktypes/clay/pot.json"
  },
  {
    "op": "add",
    "path": "/attributesByType/claypot-cooked/textureMapping/expandedfoods:acornportion",
    "value": [
      "acorns",
      "acorns"
    ],
    "file": "blocktypes/clay/pot.json",
    dependsOn: [{ "modid": "acorns" }]
  },
  {
    "op": "add",
    "path": "/texturesByType/*/acorns",
    "value": {
      "base": "acorns:block/resource/acorns-dry"
    },
    "file": "blocktypes/clay/pot.json",
    dependsOn: [{ "modid": "acorns" }]
  },
  {
    "op": "add",
    "path": "/attributesByType/claypot-cooked/textureMapping/expandedfoods:pasta-cut",
    "value": [
      "pasta",
      "pasta"
    ],
    "file": "blocktypes/clay/pot.json"
  },
  {
    "op": "add",
    "path": "/texturesByType/*/pasta",
    "value": {
      "base": "expandedfoods:item/food/pasta/pasta"
    },
    "file": "blocktypes/clay/pot.json"
  },
  {
    "op": "add",
    "path": "/texturesByType/*/yogurtbirch",
    "value": {
      "base": "item/liquid/yogurt/birch"
    },
    "file": "blocktypes/clay/pot.json"
  },
  {
    "op": "add",
    "path": "/texturesByType/*/yogurtblackcurrant",
    "value": {
      "base": "item/liquid/yogurt/blackcurrant"
    },
    "file": "blocktypes/clay/pot.json"
  },
  {
    "op": "add",
    "path": "/texturesByType/*/yogurtblueberry",
    "value": {
      "base": "item/liquid/yogurt/blueberry"
    },
    "file": "blocktypes/clay/pot.json"
  },
  {
    "op": "add",
    "path": "/texturesByType/*/yogurtcranberry",
    "value": {
      "base": "item/liquid/yogurt/cranberry"
    },
    "file": "blocktypes/clay/pot.json"
  },
  {
    "op": "add",
    "path": "/texturesByType/*/yogurthoney",
    "value": {
      "base": "item/liquid/yogurt/honey"
    },
    "file": "blocktypes/clay/pot.json"
  },
  {
    "op": "add",
    "path": "/texturesByType/*/yogurtmaple",
    "value": {
      "base": "item/liquid/yogurt/maple"
    },
    "file": "blocktypes/clay/pot.json"
  },
  {
    "op": "add",
    "path": "/texturesByType/*/yogurtmix",
    "value": {
      "base": "item/liquid/yogurt/mix"
    },
    "file": "blocktypes/clay/pot.json"
  },
  {
    "op": "add",
    "path": "/texturesByType/*/yogurtredcurrant",
    "value": {
      "base": "item/liquid/yogurt/redcurrant"
    },
    "file": "blocktypes/clay/pot.json"
  },
  {
    "op": "add",
    "path": "/texturesByType/*/yogurtsaguaro",
    "value": {
      "base": "item/liquid/yogurt/saguaro"
    },
    "file": "blocktypes/clay/pot.json"
  },
  {
    "op": "add",
    "path": "/texturesByType/*/yogurtwhitecurrant",
    "value": {
      "base": "item/liquid/yogurt/whitecurrant"
    },
    "file": "blocktypes/clay/pot.json"
  },
  {
    "op": "add",
    "path": "/texturesByType/*/yogurtpineapple",
    "value": {
      "base": "item/liquid/yogurt/pineapple"
    },
    "file": "blocktypes/clay/pot.json"
  },
  {
    "op": "add",
    "path": "/texturesByType/*/yogurthuckleberry",
    "value": {
      "base": "item/liquid/yogurt/huckleberry"
    },
    "file": "blocktypes/clay/pot.json",
    dependsOn: [{ "modid": "wildcraft" }]
  },
  {
    "op": "add",
    "path": "/texturesByType/*/yogurtbrambleberry",
    "value": {
      "base": "item/liquid/yogurt/brambleberry"
    },
    "file": "blocktypes/clay/pot.json",
    dependsOn: [{ "modid": "wildcraft" }]
  },
  {
    "op": "add",
    "path": "/texturesByType/*/yogurtdogrose",
    "value": {
      "base": "item/liquid/yogurt/dogrose"
    },
    "file": "blocktypes/clay/pot.json",
    dependsOn: [{ "modid": "wildcraft" }]
  },
  {
    "op": "add",
    "path": "/texturesByType/*/yogurtgooseberry",
    "value": {
      "base": "item/liquid/yogurt/gooseberry"
    },
    "file": "blocktypes/clay/pot.json",
    dependsOn: [{ "modid": "wildcraft" }]
  },
  {
    "op": "add",
    "path": "/texturesByType/*/yogurthoneysuckle",
    "value": {
      "base": "item/liquid/yogurt/honeysuckle"
    },
    "file": "blocktypes/clay/pot.json",
    dependsOn: [{ "modid": "wildcraft" }]
  },
  {
    "op": "add",
    "path": "/texturesByType/*/yogurtsnowberry",
    "value": {
      "base": "item/liquid/yogurt/snowberry"
    },
    "file": "blocktypes/clay/pot.json",
    dependsOn: [{ "modid": "wildcraft" }]
  },
  {
    "op": "add",
    "path": "/texturesByType/*/yogurtelderberry",
    "value": {
      "base": "item/liquid/yogurt/elderberry"
    },
    "file": "blocktypes/clay/pot.json",
    dependsOn: [{ "modid": "wildcraft" }]
  },
  {
    "op": "add",
    "path": "/texturesByType/*/yogurtstrawberry",
    "value": {
      "base": "item/liquid/yogurt/strawberry"
    },
    "file": "blocktypes/clay/pot.json",
    dependsOn: [{ "modid": "wildcraft" }]
  },
  {
    "op": "add",
    "path": "/texturesByType/*/yogurtcloudberry",
    "value": {
      "base": "item/liquid/yogurt/cloudberry"
    },
    "file": "blocktypes/clay/pot.json",
    dependsOn: [{ "modid": "wildcraft" }]
  },
  {
    "op": "add",
    "path": "/texturesByType/*/yogurtraspberry",
    "value": {
      "base": "item/liquid/yogurt/raspberry"
    },
    "file": "blocktypes/clay/pot.json",
    dependsOn: [{ "modid": "wildcraft" }]
  },
  {
    "op": "add",
    "path": "/texturesByType/*/bugs",
    "value": {
      "base": "block/eatthebugs"
    },
    "file": "blocktypes/clay/pot.json"
  },
  {
    "op": "add",
    "path": "/texturesByType/*/grubs",
    "value": {
      "base": "entity/grub"
    },
    "file": "blocktypes/clay/pot.json"
  },
  {
    "op": "add",
    "path": "/attributesByType/claypot-cooked/textureMapping/egg-chicken-pickled",
    "value": [
      "egg",
      "pickledegg"
    ],
    "file": "blocktypes/clay/pot.json"
  },
    {
        "op": "add",
        "path": "/texturesByType/*/pickledegg",
        "value": {
            "base": "block/food/meal/pickledegg"
        },
        "file": "blocktypes/clay/pot.json"
    },
  {
    "op": "add",
    "path": "/attributesByType/claypot-cooked/textureMapping/expandedfoods:wildfruitsyrupportion-huckleberry",
    "value": [
      "topping",
      "huckleberrysyrup"
    ],
    "file": "blocktypes/clay/pot.json",
    dependsOn: [{ "modid": "wildcraft" }]
  },
  {
    "op": "add",
    "path": "/texturesByType/*/huckleberrysyrup",
    "value": {
      "base": "item/liquid/huckleberry"
    },
    "file": "blocktypes/clay/pot.json",
    dependsOn: [{ "modid": "wildcraft" }]
  },
  {
    "op": "add",
    "path": "/attributesByType/claypot-cooked/textureMapping/expandedfoods:wildfruitsyrupportion-snowberry",
    "value": [
      "topping",
      "snowberrysyrup"
    ],
    "file": "blocktypes/clay/pot.json",
    dependsOn: [{ "modid": "wildcraft" }]
  },
  {
    "op": "add",
    "path": "/texturesByType/*/snowberrysyrup",
    "value": {
      "base": "item/liquid/snowberry"
    },
    "file": "blocktypes/clay/pot.json",
    dependsOn: [{ "modid": "wildcraft" }]
  },
  {
    "op": "add",
    "path": "/attributesByType/claypot-cooked/textureMapping/expandedfoods:wildfruitsyrupportion-brambleberry",
    "value": [
      "topping",
      "brambleberrysyrup"
    ],
    "file": "blocktypes/clay/pot.json",
    dependsOn: [{ "modid": "wildcraft" }]
  },
  {
    "op": "add",
    "path": "/texturesByType/*/brambleberrysyrup",
    "value": {
      "base": "item/liquid/brambleberry"
    },
    "file": "blocktypes/clay/pot.json",
    dependsOn: [{ "modid": "wildcraft" }]
  },
  {
    "op": "add",
    "path": "/attributesByType/claypot-cooked/textureMapping/expandedfoods:wildfruitsyrupportion-cloudberry",
    "value": [
      "topping",
      "cloudberrysyrup"
    ],
    "file": "blocktypes/clay/pot.json",
    dependsOn: [{ "modid": "wildcraft" }]
  },
  {
    "op": "add",
    "path": "/texturesByType/*/cloudberrysyrup",
    "value": {
      "base": "item/liquid/cloudberry"
    },
    "file": "blocktypes/clay/pot.json",
    dependsOn: [{ "modid": "wildcraft" }]
  },
  {
    "op": "add",
    "path": "/attributesByType/claypot-cooked/textureMapping/expandedfoods:wildfruitsyrupportion-dogrose",
    "value": [
      "topping",
      "dogrosesyrup"
    ],
    "file": "blocktypes/clay/pot.json",
    dependsOn: [{ "modid": "wildcraft" }]
  },
  {
    "op": "add",
    "path": "/texturesByType/*/dogrosesyrup",
    "value": {
      "base": "item/liquid/dogrose"
    },
    "file": "blocktypes/clay/pot.json",
    dependsOn: [{ "modid": "wildcraft" }]
  },
  {
    "op": "add",
    "path": "/attributesByType/claypot-cooked/textureMapping/expandedfoods:wildfruitsyrupportion-elderberry",
    "value": [
      "topping",
      "elderberrysyrup"
    ],
    "file": "blocktypes/clay/pot.json",
    dependsOn: [{ "modid": "wildcraft" }]
  },
  {
    "op": "add",
    "path": "/texturesByType/*/elderberrysyrup",
    "value": {
      "base": "item/liquid/elderberry"
    },
    "file": "blocktypes/clay/pot.json",
    dependsOn: [{ "modid": "wildcraft" }]
  },
  {
    "op": "add",
    "path": "/attributesByType/claypot-cooked/textureMapping/expandedfoods:wildfruitsyrupportion-gooseberry",
    "value": [
      "topping",
      "gooseberrysyrup"
    ],
    "file": "blocktypes/clay/pot.json",
    dependsOn: [{ "modid": "wildcraft" }]
  },
  {
    "op": "add",
    "path": "/texturesByType/*/gooseberrysyrup",
    "value": {
      "base": "item/liquid/gooseberry"
    },
    "file": "blocktypes/clay/pot.json",
    dependsOn: [{ "modid": "wildcraft" }]
  },
  {
    "op": "add",
    "path": "/attributesByType/claypot-cooked/textureMapping/expandedfoods:wildfruitsyrupportion-honeysuckle",
    "value": [
      "topping",
      "honeysucklesyrup"
    ],
    "file": "blocktypes/clay/pot.json",
    dependsOn: [{ "modid": "wildcraft" }]
  },
  {
    "op": "add",
    "path": "/texturesByType/*/honeysucklesyrup",
    "value": {
      "base": "item/liquid/honeysuckle"
    },
    "file": "blocktypes/clay/pot.json",
    dependsOn: [{ "modid": "wildcraft" }]
  },
  {
    "op": "add",
    "path": "/attributesByType/claypot-cooked/textureMapping/expandedfoods:wildfruitsyrupportion-strawberry",
    "value": [
      "topping",
      "strawberrysyrup"
    ],
    "file": "blocktypes/clay/pot.json",
    dependsOn: [{ "modid": "wildcraft" }]
  },
  {
    "op": "add",
    "path": "/texturesByType/*/strawberrysyrup",
    "value": {
      "base": "item/liquid/strawberry"
    },
    "file": "blocktypes/clay/pot.json",
    dependsOn: [{ "modid": "wildcraft" }]
  },
  {
    "op": "add",
    "path": "/attributesByType/claypot-cooked/textureMapping/expandedfoods:wildfruitsyrupportion-raspberry",
    "value": [
      "topping",
      "raspberrysyrup"
    ],
    "file": "blocktypes/clay/pot.json",
    dependsOn: [{ "modid": "wildcraft" }]
  },
  {
    "op": "add",
    "path": "/texturesByType/*/raspberrysyrup",
    "value": {
      "base": "item/liquid/raspberry"
    },
    "file": "blocktypes/clay/pot.json",
    dependsOn: [{ "modid": "wildcraft" }]
  },
  {
    "op": "add",
    "path": "/texturesByType/*/huckleberrywine",
    "value": {
      "base": "item/liquid/huckleberrywine"
    },
    "file": "blocktypes/clay/pot.json",
    dependsOn: [{ "modid": "wildcraft" }]
  },
  {
    "op": "add",
    "path": "/texturesByType/*/snowberrywine",
    "value": {
      "base": "item/liquid/snowberrywine"
    },
    "file": "blocktypes/clay/pot.json",
    dependsOn: [{ "modid": "wildcraft" }]
  },
  {
    "op": "add",
    "path": "/texturesByType/*/brambleberrywine",
    "value": {
      "base": "item/liquid/brambleberrywine"
    },
    "file": "blocktypes/clay/pot.json",
    dependsOn: [{ "modid": "wildcraft" }]
  },
  {
    "op": "add",
    "path": "/texturesByType/*/cloudberrywine",
    "value": {
      "base": "item/liquid/cloudberrywine"
    },
    "file": "blocktypes/clay/pot.json",
    dependsOn: [{ "modid": "wildcraft" }]
  },
  {
    "op": "add",
    "path": "/texturesByType/*/dogrosewine",
    "value": {
      "base": "item/liquid/dogrosewine"
    },
    "file": "blocktypes/clay/pot.json",
    dependsOn: [{ "modid": "wildcraft" }]
  },
  {
    "op": "add",
    "path": "/texturesByType/*/elderberrywine",
    "value": {
      "base": "item/liquid/elderberrywine"
    },
    "file": "blocktypes/clay/pot.json",
    dependsOn: [{ "modid": "wildcraft" }]
  },
  {
    "op": "add",
    "path": "/texturesByType/*/gooseberrywine",
    "value": {
      "base": "item/liquid/gooseberrywine"
    },
    "file": "blocktypes/clay/pot.json",
    dependsOn: [{ "modid": "wildcraft" }]
  },
  {
    "op": "add",
    "path": "/texturesByType/*/honeysucklewine",
    "value": {
      "base": "item/liquid/honeysucklewine"
    },
    "file": "blocktypes/clay/pot.json",
    dependsOn: [{ "modid": "wildcraft" }]
  },
  {
    "op": "add",
    "path": "/texturesByType/*/strawberrywine",
    "value": {
      "base": "item/liquid/strawberrywine"
    },
    "file": "blocktypes/clay/pot.json",
    dependsOn: [{ "modid": "wildcraft" }]
  },
  {
    "op": "add",
    "path": "/texturesByType/*/raspberrywine",
    "value": {
      "base": "item/liquid/raspberrywine"
    },
    "file": "blocktypes/clay/pot.json",
    dependsOn: [{ "modid": "wildcraft" }]
  },
  {
    "op": "add",
    "path": "/texturesByType/*/snakemeat",
    "value": {
      "base": "primitivesurvival:item/snake/snakemeat-cooked"
    },
    "file": "blocktypes/clay/pot.json",
    dependsOn: [{ "modid": "primitivesurvival" }]
  },
  {
    "op": "add",
    "path": "/texturesByType/*/crabmeat",
    "value": {
      "base": "primitivesurvival:item/crab/crabmeat-cooked"
    },
    "file": "blocktypes/clay/pot.json",
    dependsOn: [{ "modid": "primitivesurvival" }]
  },
]