[
  {
    "op": "add",
    "path": "/combustibleProps",
    "value": {
      "meltingPoint": 150,
      "meltingDuration": 5,
      "smeltedRatio": 4,
      "smeltingType": "cook",
      "smeltedStack": {
        "type": "item",
        "code": "expandedfoods:fruitsyrupportion-{fruit}"
      },
      "requiresContainer": true
    },
    "file": "itemtypes/liquid/rawjuice.json"
  },
  {
    "op": "add",
    "path": "/transitionableProps",
    "value": [
      {
        "type": "Cure",
        "freshHours": {
          "avg": 168
        },
        "transitionHours": {
          "avg": 336
        },
        "transitionedStack": {
          "type": "item",
          "code": "ciderportion-{fruit}"
        },
        "transitionRatio": 1
      }
    ],
    "file": "itemtypes/liquid/rawjuice.json"
  }
]