[
  {
    "op": "remove",
    "path": "/attributes/nutritionPropsWhenInMeal",
    "file": "itemtypes/food/redmeat.json"
  },
  {
    "op": "add",
    "path": "/attributes/nutritionPropsWhenInMealByType",
    "value": {
      "*-raw": {
        "satiety": 420,
        "foodcategory": "Protein"
      },
      "*-cured": {
        "satiety": 300,
        "foodcategory": "Protein"
      }
    },
    "file": "itemtypes/food/redmeat.json"
  },
  {
    "op": "add",
    "path": "/class",
    "value": "TransFix",
    "file": "itemtypes/food/redmeat.json"
  },
  {
    "op": "add",
    "path": "/attributes/meathookable",
    "value": true,
    "file": "itemtypes/food/redmeat.json"
  },
  {
    "op": "add",
    "path": "/attributes/meatHookTransform",
    "value": {
      "translation": {
        "x": 0.70,
        "y": 0.13,
        "z": -0.23
      },
      "rotation": {
        "x": 0,
        "y": 0,
        "z": -90
      },
      "origin": {
        "x": 0,
        "y": 0,
        "z": 0
      },
      "scale": 1
    },
    "file": "itemtypes/food/redmeat.json"
  },
  {
    "op": "add",
    "path": "/transitionablePropsByType/*-raw/1",
    "value": {
      "type": "Cure",
      "freshHours": {
        "avg": 350
      },
      "transitionHours": {
        "avg": 6
      },
      "transitionedStack": {
        "type": "item",
        "code": "expandedfoods:agedmeat-redmeat-normal"
      },
      "transitionRatio": 1
    },
    "file": "itemtypes/food/redmeat.json"
  },

  {
    "op": "add",
    "path": "/attributes/bakingPropertiesByType",
    "value": {
      "*-raw": {
        "temp": 150,
        "levelFrom": 0.0,
        "levelTo": 0.25,
        "startScaleY": 1.0,
        "endScaleY": 1.0,
        "resultCode": "redmeat-partbaked"
      },
      "*-partbaked": {
        "temp": 150,
        "levelFrom": 0.25,
        "levelTo": 0.5,
        "startScaleY": 1.0,
        "endScaleY": 1.0,
        "resultCode": "redmeat-cooked",
        "initialCode": "redmeat-raw"
      },
      "*-cooked": {
        "temp": 150,
        "levelFrom": 0.5,
        "levelTo": 0.75,
        "startScaleY": 1.0,
        "endScaleY": 1.0,
        "resultCode": "redmeat-charred",
        "initialCode": "redmeat-partbaked"
      },
      "*-charred": {
        "temp": 150,
        "levelFrom": 0.75,
        "levelTo": 1.0,
        "startScaleY": 1.0,
        "endScaleY": 0.9,
        "initialCode": "redmeat-cooked"
      }
    },
    "file": "itemtypes/food/redmeat.json"
  },
  {
    "op": "add",
    "path": "/attributes/onDisplayTransform",
    "value": {
      "translation": {
        "x": 0.05,
        "y": 0,
        "z": 0.05
      },
      "scale": 1
    },
    "file": "itemtypes/food/redmeat.json"
  },
  {
    "op": "replace",
    "path": "/combustiblePropsByType/redmeat-raw/smeltedStack/code",
    "value": "redmeat-charred",
    "file": "itemtypes/food/redmeat.json"
  },
  {
    "op": "add",
    "path": "/nutritionPropsByType/*-charred",
    "value": {
      "satiety": 235,
      "foodcategory": "Protein"
    },
    "file": "itemtypes/food/redmeat.json"
  },
  {
    "op": "add",
    "path": "/nutritionPropsByType/*-partbaked",
    "value": {
      "satiety": 260,
      "foodcategory": "Protein"
    },
    "file": "itemtypes/food/redmeat.json"
  },
  {
    "op": "add",
    "path": "/transitionablePropsByType/*-charred",
    "value": [
      {
        "type": "Perish",
        "freshHours": {
          "avg": 420
        },
        "transitionHours": {
          "avg": 60
        },
        "transitionedStack": {
          "type": "item",
          "code": "rot"
        },
        "transitionRatio": 1
      }
    ],
    "file": "itemtypes/food/redmeat.json"
  },
  {
    "op": "add",
    "path": "/transitionablePropsByType/*-partbaked",
    "value": [
      {
        "type": "Perish",
        "freshHours": {
          "avg": 120
        },
        "transitionHours": {
          "avg": 36
        },
        "transitionedStack": {
          "type": "item",
          "code": "rot"
        },
        "transitionRatio": 1
      }
    ],
    "file": "itemtypes/food/redmeat.json"
  },
  {
    "op": "replace",
    "path": "/variantgroups/0/states/1",
    "value": "partbaked",
    "file": "itemtypes/food/redmeat.json"
  },
  {
    "op": "add",
    "path": "/variantgroups/0/states/2",
    "value": "cooked",
    "file": "itemtypes/food/redmeat.json"
  },
  {
    "op": "add",
    "path": "/variantgroups/0/states/3",
    "value": "charred",
    "file": "itemtypes/food/redmeat.json"
  },
  {
    "op": "add",
    "path": "/texturesbytype/redmeat-charred",
    "value": {
      "meat": {
        "base": "item/food/meat/charred"
      }
    },
    "file": "itemtypes/food/redmeat.json"
  },
  {
    "op": "add",
    "path": "/texturesbytype/redmeat-partbaked",
    "value": {
      "meat": {
        "base": "item/food/meat/partbaked"
      }
    },
    "file": "itemtypes/food/redmeat.json"
  },
  {
    "op": "add",
    "path": "/attributes/inPiePropertiesByType/*-cured",
    "value": {
      "texture": "game:block/food/pie/fill-redmeat",
      "partType": "Filling"
    },
    "file": "itemtypes/food/redmeat.json"
  }
]