[
  {
    "op": "remove",
    "path": "/textures",
    "file": "shapes/block/food/meal/scrambledeggs.json"
  },
  {
    "op": "remove",
    "path": "/elements/0/children/4",
    "file": "shapes/block/food/meal/scrambledeggs.json"
  },
  {
    "op": "remove",
    "path": "/elements/0/children/4",
    "file": "shapes/block/food/meal/scrambledeggs.json"
  },
  {
    "op": "remove",
    "path": "/elements/0/children/4",
    "file": "shapes/block/food/meal/scrambledeggs.json"
  },
  {
    "op": "remove",
    "path": "/elements/0/children/4",
    "file": "shapes/block/food/meal/scrambledeggs.json"
  },
  {
    "op": "remove",
    "path": "/elements/0/children/4",
    "file": "shapes/block/food/meal/scrambledeggs.json"
  },
  {
    "op": "replace",
    "path": "/elements/0/children/4",
    "value": {
      "name": "cheese 1",
      "from": [
        -0.5,
        2.8,
        -0.5
      ],
      "to": [
        3.5,
        3.3,
        3.5
      ],
      "renderInEditor": false,
      "faces": {
        "north": {
          "texture": "#cheese",
          "uv": [
            10.5,
            3.0,
            14.5,
            3.5
          ],
          "enabled": false
        },
        "east": {
          "texture": "#cheese",
          "uv": [
            11.5,
            1.0,
            15.5,
            1.5
          ],
          "enabled": false
        },
        "south": {
          "texture": "#cheese",
          "uv": [
            10.0,
            2.0,
            14.0,
            2.5
          ],
          "enabled": false
        },
        "west": {
          "texture": "#cheese",
          "uv": [
            11.5,
            7.0,
            15.5,
            7.5
          ],
          "enabled": false
        },
        "up": {
          "texture": "#cheese",
          "uv": [
            11.0,
            1.0,
            15.0,
            5.0
          ],
          "enabled": false
        },
        "down": {
          "texture": "#cheese",
          "uv": [
            0.0,
            0.0,
            4.0,
            4.0
          ],
          "enabled": false
        }
      },
      "children": [
        {
          "name": "voxel33",
          "from": [
            1.5,
            -0.6,
            1.5
          ],
          "to": [
            2.5,
            -0.1,
            2.5
          ],
          "rotationOrigin": [
            0.5,
            0.0,
            1.5
          ],
          "faces": {
            "north": {
              "texture": "#cheese",
              "uv": [
                13.0,
                10.5,
                14.0,
                11.0
              ]
            },
            "east": {
              "texture": "#cheese",
              "uv": [
                11.5,
                9.0,
                12.5,
                9.5
              ]
            },
            "south": {
              "texture": "#cheese",
              "uv": [
                10.5,
                13.0,
                11.5,
                13.5
              ]
            },
            "west": {
              "texture": "#cheese",
              "uv": [
                12.5,
                9.0,
                13.5,
                9.5
              ]
            },
            "up": {
              "texture": "#cheese",
              "uv": [
                12.5,
                9.5,
                13.5,
                10.5
              ]
            },
            "down": {
              "texture": "#cheese",
              "uv": [
                6.0,
                7.0,
                7.0,
                8.0
              ],
              "enabled": false
            }
          }
        },
        {
          "name": "voxel33",
          "from": [
            0.9,
            -0.6,
            2.5
          ],
          "to": [
            1.9,
            -0.1,
            3.5
          ],
          "rotationOrigin": [
            0.5,
            0.0,
            1.5
          ],
          "faces": {
            "north": {
              "texture": "#cheese",
              "uv": [
                11.0,
                8.5,
                12.0,
                9.0
              ]
            },
            "east": {
              "texture": "#cheese",
              "uv": [
                10.0,
                14.5,
                11.0,
                15.0
              ]
            },
            "south": {
              "texture": "#cheese",
              "uv": [
                11.5,
                12.0,
                12.5,
                12.5
              ]
            },
            "west": {
              "texture": "#cheese",
              "uv": [
                14.0,
                10.0,
                15.0,
                10.5
              ]
            },
            "up": {
              "texture": "#cheese",
              "uv": [
                14.0,
                14.5,
                15.0,
                15.5
              ]
            },
            "down": {
              "texture": "#cheese",
              "uv": [
                6.0,
                7.0,
                7.0,
                8.0
              ],
              "enabled": false
            }
          }
        },
        {
          "name": "voxel33",
          "from": [
            0.5,
            -0.6,
            1.0
          ],
          "to": [
            1.0,
            -0.1,
            1.5
          ],
          "rotationOrigin": [
            0.4,
            0.0,
            1.5
          ],
          "faces": {
            "north": {
              "texture": "#cheese",
              "uv": [
                11.0,
                8.5,
                11.5,
                9.0
              ]
            },
            "east": {
              "texture": "#cheese",
              "uv": [
                14.0,
                11.5,
                14.5,
                12.0
              ]
            },
            "south": {
              "texture": "#cheese",
              "uv": [
                15.0,
                13.0,
                15.5,
                13.5
              ]
            },
            "west": {
              "texture": "#cheese",
              "uv": [
                14.0,
                12.0,
                14.5,
                12.5
              ]
            },
            "up": {
              "texture": "#cheese",
              "uv": [
                9.5,
                14.5,
                10.0,
                15.0
              ]
            },
            "down": {
              "texture": "#cheese",
              "uv": [
                6.0,
                7.0,
                6.5,
                7.5
              ],
              "enabled": false
            }
          }
        },
        {
          "name": "voxel33",
          "from": [
            2.5,
            -0.6,
            0.5
          ],
          "to": [
            3.0,
            -0.1,
            1.0
          ],
          "rotationOrigin": [
            0.5,
            0.0,
            1.5
          ],
          "faces": {
            "north": {
              "texture": "#cheese",
              "uv": [
                11.5,
                10.0,
                12.0,
                10.5
              ]
            },
            "east": {
              "texture": "#cheese",
              "uv": [
                12.5,
                11.0,
                13.0,
                11.5
              ]
            },
            "south": {
              "texture": "#cheese",
              "uv": [
                12.0,
                10.0,
                12.5,
                10.5
              ]
            },
            "west": {
              "texture": "#cheese",
              "uv": [
                12.0,
                9.0,
                12.5,
                9.5
              ]
            },
            "up": {
              "texture": "#cheese",
              "uv": [
                11.5,
                8.5,
                12.0,
                9.0
              ]
            },
            "down": {
              "texture": "#cheese",
              "uv": [
                6.0,
                7.0,
                6.5,
                7.5
              ],
              "enabled": false
            }
          }
        },
        {
          "name": "voxel34",
          "from": [
            3.0,
            -0.6,
            3.0
          ],
          "to": [
            3.5,
            -0.1,
            3.5
          ],
          "rotationOrigin": [
            0.5,
            0.0,
            1.5
          ],
          "faces": {
            "north": {
              "texture": "#cheese",
              "uv": [
                13.0,
                9.5,
                13.5,
                10.0
              ]
            },
            "east": {
              "texture": "#cheese",
              "uv": [
                12.0,
                8.5,
                12.5,
                9.0
              ]
            },
            "south": {
              "texture": "#cheese",
              "uv": [
                13.0,
                14.0,
                13.5,
                14.5
              ]
            },
            "west": {
              "texture": "#cheese",
              "uv": [
                13.0,
                13.5,
                13.5,
                14.0
              ]
            },
            "up": {
              "texture": "#cheese",
              "uv": [
                14.5,
                15.0,
                15.0,
                15.5
              ]
            },
            "down": {
              "texture": "#cheese",
              "uv": [
                6.0,
                7.0,
                6.5,
                7.5
              ],
              "enabled": false
            }
          }
        },
        {
          "name": "voxel35",
          "from": [
            3.4,
            -0.6,
            1.6
          ],
          "to": [
            3.9,
            -0.1,
            2.1
          ],
          "rotationOrigin": [
            0.5,
            0.0,
            1.4
          ],
          "faces": {
            "north": {
              "texture": "#cheese",
              "uv": [
                14.0,
                11.0,
                14.5,
                11.5
              ]
            },
            "east": {
              "texture": "#cheese",
              "uv": [
                10.0,
                12.5,
                10.5,
                13.0
              ]
            },
            "south": {
              "texture": "#cheese",
              "uv": [
                14.5,
                11.0,
                15.0,
                11.5
              ]
            },
            "west": {
              "texture": "#cheese",
              "uv": [
                15.0,
                10.5,
                15.5,
                11.0
              ]
            },
            "up": {
              "texture": "#cheese",
              "uv": [
                11.5,
                13.0,
                12.0,
                13.5
              ]
            },
            "down": {
              "texture": "#cheese",
              "uv": [
                6.0,
                7.0,
                6.5,
                7.5
              ],
              "enabled": false
            }
          }
        }
      ]
    },
    "file": "shapes/block/food/meal/scrambledeggs.json"
  },
  {
    "op": "add",
    "path": "/elements/0/children/5",
    "value": {
      "name": "cheese 2",
      "from": [
        -0.5,
        2.8,
        -1.0
      ],
      "to": [
        3.5,
        3.3,
        3.0
      ],
      "renderInEditor": false,
      "faces": {
        "north": {
          "texture": "#cheese",
          "uv": [
            10.5,
            3.0,
            14.5,
            3.5
          ],
          "enabled": false
        },
        "east": {
          "texture": "#cheese",
          "uv": [
            11.5,
            1.0,
            15.5,
            1.5
          ],
          "enabled": false
        },
        "south": {
          "texture": "#cheese",
          "uv": [
            10.0,
            2.0,
            14.0,
            2.5
          ],
          "enabled": false
        },
        "west": {
          "texture": "#cheese",
          "uv": [
            11.5,
            7.0,
            15.5,
            7.5
          ],
          "enabled": false
        },
        "up": {
          "texture": "#cheese",
          "uv": [
            11.0,
            1.0,
            15.0,
            5.0
          ],
          "enabled": false
        },
        "down": {
          "texture": "#cheese",
          "uv": [
            0.0,
            0.0,
            4.0,
            4.0
          ],
          "enabled": false
        }
      },
      "children": [
        {
          "name": "voxel37",
          "from": [
            1.5,
            -0.9,
            1.0
          ],
          "to": [
            2.5,
            0.1,
            2.0
          ],
          "rotationOrigin": [
            0.5,
            0.0,
            1.5
          ],
          "faces": {
            "north": {
              "texture": "#cheese",
              "uv": [
                11.5,
                8.5,
                12.5,
                9.5
              ]
            },
            "east": {
              "texture": "#cheese",
              "uv": [
                11.5,
                12.5,
                12.5,
                13.5
              ]
            },
            "south": {
              "texture": "#cheese",
              "uv": [
                12.0,
                11.5,
                13.0,
                12.5
              ]
            },
            "west": {
              "texture": "#cheese",
              "uv": [
                13.0,
                11.0,
                14.0,
                12.0
              ]
            },
            "up": {
              "texture": "#cheese",
              "uv": [
                13.5,
                13.0,
                14.5,
                14.0
              ]
            },
            "down": {
              "texture": "#cheese",
              "uv": [
                6.0,
                7.0,
                7.0,
                8.0
              ],
              "enabled": false
            }
          }
        },
        {
          "name": "voxel38",
          "from": [
            1.6,
            -0.5,
            2.5
          ],
          "to": [
            2.6,
            0.0,
            3.5
          ],
          "rotationOrigin": [
            0.5,
            0.0,
            1.5
          ],
          "faces": {
            "north": {
              "texture": "#cheese",
              "uv": [
                11.5,
                8.5,
                12.5,
                9.0
              ]
            },
            "east": {
              "texture": "#cheese",
              "uv": [
                14.0,
                14.5,
                15.0,
                15.0
              ]
            },
            "south": {
              "texture": "#cheese",
              "uv": [
                11.0,
                12.5,
                12.0,
                13.0
              ]
            },
            "west": {
              "texture": "#cheese",
              "uv": [
                12.0,
                11.5,
                13.0,
                12.0
              ]
            },
            "up": {
              "texture": "#cheese",
              "uv": [
                13.0,
                14.0,
                14.0,
                15.0
              ]
            },
            "down": {
              "texture": "#cheese",
              "uv": [
                6.0,
                7.0,
                7.0,
                8.0
              ],
              "enabled": false
            }
          }
        },
        {
          "name": "voxel39",
          "from": [
            1.0,
            -0.5,
            1.5
          ],
          "to": [
            1.5,
            0.0,
            2.0
          ],
          "rotationOrigin": [
            0.4,
            0.0,
            1.5
          ],
          "faces": {
            "north": {
              "texture": "#cheese",
              "uv": [
                13.0,
                11.0,
                13.5,
                11.5
              ]
            },
            "east": {
              "texture": "#cheese",
              "uv": [
                14.5,
                9.5,
                15.0,
                10.0
              ]
            },
            "south": {
              "texture": "#cheese",
              "uv": [
                13.0,
                14.0,
                13.5,
                14.5
              ]
            },
            "west": {
              "texture": "#cheese",
              "uv": [
                10.0,
                14.0,
                10.5,
                14.5
              ]
            },
            "up": {
              "texture": "#cheese",
              "uv": [
                14.5,
                15.0,
                15.0,
                15.5
              ]
            },
            "down": {
              "texture": "#cheese",
              "uv": [
                6.0,
                7.0,
                6.5,
                7.5
              ],
              "enabled": false
            }
          }
        },
        {
          "name": "voxel40",
          "from": [
            2.0,
            -0.5,
            0.6
          ],
          "to": [
            2.5,
            0.0,
            1.1
          ],
          "rotationOrigin": [
            0.5,
            0.0,
            1.5
          ],
          "faces": {
            "north": {
              "texture": "#cheese",
              "uv": [
                11.5,
                8.5,
                12.0,
                9.0
              ]
            },
            "east": {
              "texture": "#cheese",
              "uv": [
                14.5,
                12.0,
                15.0,
                12.5
              ]
            },
            "south": {
              "texture": "#cheese",
              "uv": [
                14.0,
                9.0,
                14.5,
                9.5
              ]
            },
            "west": {
              "texture": "#cheese",
              "uv": [
                10.0,
                14.5,
                10.5,
                15.0
              ]
            },
            "up": {
              "texture": "#cheese",
              "uv": [
                11.5,
                8.5,
                12.0,
                9.0
              ]
            },
            "down": {
              "texture": "#cheese",
              "uv": [
                6.0,
                7.0,
                6.5,
                7.5
              ],
              "enabled": false
            }
          }
        },
        {
          "name": "voxel41",
          "from": [
            1.0,
            -0.4,
            2.5
          ],
          "to": [
            1.5,
            0.1,
            3.0
          ],
          "rotationOrigin": [
            0.5,
            0.0,
            1.5
          ],
          "faces": {
            "north": {
              "texture": "#cheese",
              "uv": [
                8.5,
                14.0,
                9.0,
                14.5
              ]
            },
            "east": {
              "texture": "#cheese",
              "uv": [
                10.0,
                15.0,
                10.5,
                15.5
              ]
            },
            "south": {
              "texture": "#cheese",
              "uv": [
                13.0,
                9.0,
                13.5,
                9.5
              ]
            },
            "west": {
              "texture": "#cheese",
              "uv": [
                14.5,
                12.0,
                15.0,
                12.5
              ]
            },
            "up": {
              "texture": "#cheese",
              "uv": [
                13.5,
                14.0,
                14.0,
                14.5
              ]
            },
            "down": {
              "texture": "#cheese",
              "uv": [
                6.0,
                7.0,
                6.5,
                7.5
              ],
              "enabled": false
            }
          }
        },
        {
          "name": "voxel42",
          "from": [
            0.1,
            -0.8,
            1.0
          ],
          "to": [
            0.6,
            -0.3,
            1.5
          ],
          "rotationOrigin": [
            0.5,
            0.0,
            1.4
          ],
          "faces": {
            "north": {
              "texture": "#cheese",
              "uv": [
                10.5,
                12.0,
                11.0,
                12.5
              ]
            },
            "east": {
              "texture": "#cheese",
              "uv": [
                10.0,
                11.5,
                10.5,
                12.0
              ]
            },
            "south": {
              "texture": "#cheese",
              "uv": [
                8.5,
                14.0,
                9.0,
                14.5
              ]
            },
            "west": {
              "texture": "#cheese",
              "uv": [
                13.5,
                9.5,
                14.0,
                10.0
              ]
            },
            "up": {
              "texture": "#cheese",
              "uv": [
                15.5,
                12.0,
                16.0,
                12.5
              ]
            },
            "down": {
              "texture": "#cheese",
              "uv": [
                6.0,
                7.0,
                6.5,
                7.5
              ],
              "enabled": false
            }
          }
        }
      ]
    },
    "file": "shapes/block/food/meal/scrambledeggs.json"
  },
  {
    "op": "add",
    "path": "/elements/0/children/6",
    "value": {
      "name": "cheese 3",
      "from": [
        -0.5,
        2.8,
        -1.0
      ],
      "to": [
        3.5,
        3.3,
        3.0
      ],
      "renderInEditor": false,
      "faces": {
        "north": {
          "texture": "#vegetable",
          "uv": [
            10.5,
            3.0,
            14.5,
            3.5
          ],
          "enabled": false
        },
        "east": {
          "texture": "#vegetable",
          "uv": [
            11.5,
            1.0,
            15.5,
            1.5
          ],
          "enabled": false
        },
        "south": {
          "texture": "#vegetable",
          "uv": [
            10.0,
            2.0,
            14.0,
            2.5
          ],
          "enabled": false
        },
        "west": {
          "texture": "#vegetable",
          "uv": [
            11.5,
            7.0,
            15.5,
            7.5
          ],
          "enabled": false
        },
        "up": {
          "texture": "#vegetable",
          "uv": [
            11.0,
            1.0,
            15.0,
            5.0
          ],
          "enabled": false
        },
        "down": {
          "texture": "#vegetable",
          "uv": [
            0.0,
            0.0,
            4.0,
            4.0
          ],
          "enabled": false
        }
      },
      "children": [
        {
          "name": "voxel44",
          "from": [
            2.1,
            -0.9,
            2.0
          ],
          "to": [
            3.1,
            0.1,
            3.0
          ],
          "rotationOrigin": [
            0.5,
            0.0,
            1.5
          ],
          "faces": {
            "north": {
              "texture": "#cheese",
              "uv": [
                13.0,
                13.5,
                14.0,
                14.5
              ]
            },
            "east": {
              "texture": "#cheese",
              "uv": [
                11.0,
                10.5,
                12.0,
                11.5
              ]
            },
            "south": {
              "texture": "#cheese",
              "uv": [
                11.5,
                11.0,
                12.5,
                12.0
              ]
            },
            "west": {
              "texture": "#cheese",
              "uv": [
                12.0,
                9.0,
                13.0,
                10.0
              ]
            },
            "up": {
              "texture": "#cheese",
              "uv": [
                11.5,
                8.5,
                12.5,
                9.5
              ]
            },
            "down": {
              "texture": "#cheese",
              "uv": [
                6.0,
                7.0,
                7.0,
                8.0
              ],
              "enabled": false
            }
          }
        },
        {
          "name": "voxel45",
          "from": [
            2.0,
            -0.8,
            3.4
          ],
          "to": [
            3.0,
            -0.3,
            4.4
          ],
          "rotationOrigin": [
            0.5,
            0.0,
            1.5
          ],
          "faces": {
            "north": {
              "texture": "#cheese",
              "uv": [
                12.0,
                8.5,
                13.0,
                9.0
              ]
            },
            "east": {
              "texture": "#cheese",
              "uv": [
                12.5,
                13.0,
                13.5,
                13.5
              ]
            },
            "south": {
              "texture": "#cheese",
              "uv": [
                12.0,
                8.5,
                13.0,
                9.0
              ]
            },
            "west": {
              "texture": "#cheese",
              "uv": [
                12.5,
                11.5,
                13.5,
                12.0
              ]
            },
            "up": {
              "texture": "#cheese",
              "uv": [
                11.0,
                8.0,
                12.0,
                9.0
              ]
            },
            "down": {
              "texture": "#cheese",
              "uv": [
                6.0,
                7.0,
                7.0,
                8.0
              ],
              "enabled": false
            }
          }
        },
        {
          "name": "voxel46",
          "from": [
            2.0,
            -0.4,
            3.4
          ],
          "to": [
            2.5,
            0.1,
            3.9
          ],
          "rotationOrigin": [
            0.4,
            0.0,
            1.5
          ],
          "faces": {
            "north": {
              "texture": "#cheese",
              "uv": [
                14.0,
                12.5,
                14.5,
                13.0
              ]
            },
            "east": {
              "texture": "#cheese",
              "uv": [
                13.0,
                15.0,
                13.5,
                15.5
              ]
            },
            "south": {
              "texture": "#cheese",
              "uv": [
                11.5,
                8.5,
                12.0,
                9.0
              ]
            },
            "west": {
              "texture": "#cheese",
              "uv": [
                14.0,
                8.5,
                14.5,
                9.0
              ]
            },
            "up": {
              "texture": "#cheese",
              "uv": [
                13.5,
                13.5,
                14.0,
                14.0
              ]
            },
            "down": {
              "texture": "#cheese",
              "uv": [
                6.0,
                7.0,
                6.5,
                7.5
              ],
              "enabled": false
            }
          }
        },
        {
          "name": "voxel47",
          "from": [
            0.1,
            -0.8,
            3.5
          ],
          "to": [
            0.6,
            -0.3,
            4.0
          ],
          "rotationOrigin": [
            0.5,
            0.0,
            1.5
          ],
          "faces": {
            "north": {
              "texture": "#cheese",
              "uv": [
                9.0,
                11.5,
                9.5,
                12.0
              ]
            },
            "east": {
              "texture": "#cheese",
              "uv": [
                14.0,
                15.5,
                14.5,
                16.0
              ]
            },
            "south": {
              "texture": "#cheese",
              "uv": [
                14.5,
                10.5,
                15.0,
                11.0
              ]
            },
            "west": {
              "texture": "#cheese",
              "uv": [
                12.5,
                13.0,
                13.0,
                13.5
              ]
            },
            "up": {
              "texture": "#cheese",
              "uv": [
                14.5,
                11.0,
                15.0,
                11.5
              ]
            },
            "down": {
              "texture": "#cheese",
              "uv": [
                6.0,
                7.0,
                6.5,
                7.5
              ],
              "enabled": false
            }
          }
        },
        {
          "name": "voxel48",
          "from": [
            0.5,
            -0.5,
            3.1
          ],
          "to": [
            1.0,
            0.0,
            3.6
          ],
          "rotationOrigin": [
            0.5,
            0.0,
            1.5
          ],
          "faces": {
            "north": {
              "texture": "#cheese",
              "uv": [
                10.5,
                12.0,
                11.0,
                12.5
              ]
            },
            "east": {
              "texture": "#cheese",
              "uv": [
                13.5,
                15.5,
                14.0,
                16.0
              ]
            },
            "south": {
              "texture": "#cheese",
              "uv": [
                13.5,
                8.0,
                14.0,
                8.5
              ]
            },
            "west": {
              "texture": "#cheese",
              "uv": [
                13.0,
                11.5,
                13.5,
                12.0
              ]
            },
            "up": {
              "texture": "#cheese",
              "uv": [
                9.0,
                14.0,
                9.5,
                14.5
              ]
            },
            "down": {
              "texture": "#cheese",
              "uv": [
                6.0,
                7.0,
                6.5,
                7.5
              ],
              "enabled": false
            }
          }
        }
      ]
    },
    "file": "shapes/block/food/meal/scrambledeggs.json"
  },
  {
    "op": "add",
    "path": "/elements/0/children/7",
    "value": {
      "name": "scrambled eggs 2",
      "from": [
        -0.5,
        2.8,
        -0.5
      ],
      "to": [
        3.5,
        3.3,
        3.5
      ],
      "renderInEditor": false,
      "faces": {
        "north": {
          "texture": "#scrambledegg",
          "uv": [
            10.5,
            3.0,
            14.5,
            3.5
          ],
          "enabled": false
        },
        "east": {
          "texture": "#scrambledegg",
          "uv": [
            11.5,
            1.0,
            15.5,
            1.5
          ],
          "enabled": false
        },
        "south": {
          "texture": "#scrambledegg",
          "uv": [
            10.0,
            2.0,
            14.0,
            2.5
          ],
          "enabled": false
        },
        "west": {
          "texture": "#scrambledegg",
          "uv": [
            11.5,
            7.0,
            15.5,
            7.5
          ],
          "enabled": false
        },
        "up": {
          "texture": "#scrambledegg",
          "uv": [
            11.0,
            1.0,
            15.0,
            5.0
          ],
          "enabled": false
        },
        "down": {
          "texture": "#scrambledegg",
          "uv": [
            0.0,
            0.0,
            4.0,
            4.0
          ],
          "enabled": false
        }
      },
      "children": [
        {
          "name": "voxel50",
          "from": [
            1.5,
            -0.6,
            1.5
          ],
          "to": [
            2.5,
            -0.1,
            2.5
          ],
          "rotationOrigin": [
            0.5,
            0.0,
            1.5
          ],
          "faces": {
            "north": {
              "texture": "#scrambledegg",
              "uv": [
                13.0,
                10.5,
                14.0,
                11.0
              ]
            },
            "east": {
              "texture": "#scrambledegg",
              "uv": [
                11.5,
                9.0,
                12.5,
                9.5
              ]
            },
            "south": {
              "texture": "#scrambledegg",
              "uv": [
                10.5,
                13.0,
                11.5,
                13.5
              ]
            },
            "west": {
              "texture": "#scrambledegg",
              "uv": [
                12.5,
                9.0,
                13.5,
                9.5
              ]
            },
            "up": {
              "texture": "#scrambledegg",
              "uv": [
                12.5,
                9.5,
                13.5,
                10.5
              ]
            },
            "down": {
              "texture": "#scrambledegg",
              "uv": [
                6.0,
                7.0,
                7.0,
                8.0
              ],
              "enabled": false
            }
          }
        },
        {
          "name": "voxel51",
          "from": [
            0.9,
            -0.6,
            2.5
          ],
          "to": [
            1.9,
            -0.1,
            3.5
          ],
          "rotationOrigin": [
            0.5,
            0.0,
            1.5
          ],
          "faces": {
            "north": {
              "texture": "#scrambledegg",
              "uv": [
                11.0,
                8.5,
                12.0,
                9.0
              ]
            },
            "east": {
              "texture": "#scrambledegg",
              "uv": [
                10.0,
                14.5,
                11.0,
                15.0
              ]
            },
            "south": {
              "texture": "#scrambledegg",
              "uv": [
                11.5,
                12.0,
                12.5,
                12.5
              ]
            },
            "west": {
              "texture": "#scrambledegg",
              "uv": [
                14.0,
                10.0,
                15.0,
                10.5
              ]
            },
            "up": {
              "texture": "#scrambledegg",
              "uv": [
                14.0,
                14.5,
                15.0,
                15.5
              ]
            },
            "down": {
              "texture": "#scrambledegg",
              "uv": [
                6.0,
                7.0,
                7.0,
                8.0
              ],
              "enabled": false
            }
          }
        },
        {
          "name": "voxel52",
          "from": [
            0.5,
            -0.6,
            1.0
          ],
          "to": [
            1.0,
            -0.1,
            1.5
          ],
          "rotationOrigin": [
            0.4,
            0.0,
            1.5
          ],
          "faces": {
            "north": {
              "texture": "#scrambledegg",
              "uv": [
                11.0,
                8.5,
                11.5,
                9.0
              ]
            },
            "east": {
              "texture": "#scrambledegg",
              "uv": [
                14.0,
                11.5,
                14.5,
                12.0
              ]
            },
            "south": {
              "texture": "#scrambledegg",
              "uv": [
                15.0,
                13.0,
                15.5,
                13.5
              ]
            },
            "west": {
              "texture": "#scrambledegg",
              "uv": [
                14.0,
                12.0,
                14.5,
                12.5
              ]
            },
            "up": {
              "texture": "#scrambledegg",
              "uv": [
                9.5,
                14.5,
                10.0,
                15.0
              ]
            },
            "down": {
              "texture": "#scrambledegg",
              "uv": [
                6.0,
                7.0,
                6.5,
                7.5
              ],
              "enabled": false
            }
          }
        },
        {
          "name": "voxel53",
          "from": [
            2.5,
            -0.6,
            0.5
          ],
          "to": [
            3.0,
            -0.1,
            1.0
          ],
          "rotationOrigin": [
            0.5,
            0.0,
            1.5
          ],
          "faces": {
            "north": {
              "texture": "#scrambledegg",
              "uv": [
                11.5,
                10.0,
                12.0,
                10.5
              ]
            },
            "east": {
              "texture": "#scrambledegg",
              "uv": [
                12.5,
                11.0,
                13.0,
                11.5
              ]
            },
            "south": {
              "texture": "#scrambledegg",
              "uv": [
                12.0,
                10.0,
                12.5,
                10.5
              ]
            },
            "west": {
              "texture": "#scrambledegg",
              "uv": [
                12.0,
                9.0,
                12.5,
                9.5
              ]
            },
            "up": {
              "texture": "#scrambledegg",
              "uv": [
                11.5,
                8.5,
                12.0,
                9.0
              ]
            },
            "down": {
              "texture": "#scrambledegg",
              "uv": [
                6.0,
                7.0,
                6.5,
                7.5
              ],
              "enabled": false
            }
          }
        },
        {
          "name": "voxel54",
          "from": [
            3.0,
            -0.6,
            3.0
          ],
          "to": [
            3.5,
            -0.1,
            3.5
          ],
          "rotationOrigin": [
            0.5,
            0.0,
            1.5
          ],
          "faces": {
            "north": {
              "texture": "#scrambledegg",
              "uv": [
                13.0,
                9.5,
                13.5,
                10.0
              ]
            },
            "east": {
              "texture": "#scrambledegg",
              "uv": [
                12.0,
                8.5,
                12.5,
                9.0
              ]
            },
            "south": {
              "texture": "#scrambledegg",
              "uv": [
                13.0,
                14.0,
                13.5,
                14.5
              ]
            },
            "west": {
              "texture": "#scrambledegg",
              "uv": [
                13.0,
                13.5,
                13.5,
                14.0
              ]
            },
            "up": {
              "texture": "#scrambledegg",
              "uv": [
                14.5,
                15.0,
                15.0,
                15.5
              ]
            },
            "down": {
              "texture": "#scrambledegg",
              "uv": [
                6.0,
                7.0,
                6.5,
                7.5
              ],
              "enabled": false
            }
          }
        },
        {
          "name": "voxel55",
          "from": [
            3.4,
            -0.6,
            1.6
          ],
          "to": [
            3.9,
            -0.1,
            2.1
          ],
          "rotationOrigin": [
            0.5,
            0.0,
            1.4
          ],
          "faces": {
            "north": {
              "texture": "#scrambledegg",
              "uv": [
                14.0,
                11.0,
                14.5,
                11.5
              ]
            },
            "east": {
              "texture": "#scrambledegg",
              "uv": [
                10.0,
                12.5,
                10.5,
                13.0
              ]
            },
            "south": {
              "texture": "#scrambledegg",
              "uv": [
                14.5,
                11.0,
                15.0,
                11.5
              ]
            },
            "west": {
              "texture": "#scrambledegg",
              "uv": [
                15.0,
                10.5,
                15.5,
                11.0
              ]
            },
            "up": {
              "texture": "#scrambledegg",
              "uv": [
                11.5,
                13.0,
                12.0,
                13.5
              ]
            },
            "down": {
              "texture": "#scrambledegg",
              "uv": [
                6.0,
                7.0,
                6.5,
                7.5
              ],
              "enabled": false
            }
          }
        }
      ]
    },
    "file": "shapes/block/food/meal/scrambledeggs.json"
  },
  {
    "op": "add",
    "path": "/elements/0/children/8",
    "value": {
      "name": "scrambled eggs 3",
      "from": [
        -0.5,
        2.8,
        -1.0
      ],
      "to": [
        3.5,
        3.3,
        3.0
      ],
      "renderInEditor": false,
      "faces": {
        "north": {
          "texture": "#scrambledegg",
          "uv": [
            10.5,
            3.0,
            14.5,
            3.5
          ],
          "enabled": false
        },
        "east": {
          "texture": "#scrambledegg",
          "uv": [
            11.5,
            1.0,
            15.5,
            1.5
          ],
          "enabled": false
        },
        "south": {
          "texture": "#scrambledegg",
          "uv": [
            10.0,
            2.0,
            14.0,
            2.5
          ],
          "enabled": false
        },
        "west": {
          "texture": "#scrambledegg",
          "uv": [
            11.5,
            7.0,
            15.5,
            7.5
          ],
          "enabled": false
        },
        "up": {
          "texture": "#scrambledegg",
          "uv": [
            11.0,
            1.0,
            15.0,
            5.0
          ],
          "enabled": false
        },
        "down": {
          "texture": "#scrambledegg",
          "uv": [
            0.0,
            0.0,
            4.0,
            4.0
          ],
          "enabled": false
        }
      },
      "children": [
        {
          "name": "voxel57",
          "from": [
            1.5,
            -0.9,
            1.0
          ],
          "to": [
            2.5,
            0.1,
            2.0
          ],
          "rotationOrigin": [
            0.5,
            0.0,
            1.5
          ],
          "faces": {
            "north": {
              "texture": "#scrambledegg",
              "uv": [
                12.0,
                12.5,
                13.0,
                13.5
              ]
            },
            "east": {
              "texture": "#scrambledegg",
              "uv": [
                14.5,
                8.0,
                15.5,
                9.0
              ]
            },
            "south": {
              "texture": "#scrambledegg",
              "uv": [
                11.0,
                10.0,
                12.0,
                11.0
              ]
            },
            "west": {
              "texture": "#scrambledegg",
              "uv": [
                12.0,
                15.0,
                13.0,
                16.0
              ]
            },
            "up": {
              "texture": "#scrambledegg",
              "uv": [
                13.0,
                8.0,
                14.0,
                9.0
              ]
            },
            "down": {
              "texture": "#scrambledegg",
              "uv": [
                6.0,
                7.0,
                7.0,
                8.0
              ],
              "enabled": false
            }
          }
        },
        {
          "name": "voxel58",
          "from": [
            1.6,
            -0.5,
            2.5
          ],
          "to": [
            2.6,
            0.0,
            3.5
          ],
          "rotationOrigin": [
            0.5,
            0.0,
            1.5
          ],
          "faces": {
            "north": {
              "texture": "#scrambledegg",
              "uv": [
                15.0,
                9.5,
                16.0,
                10.0
              ]
            },
            "east": {
              "texture": "#scrambledegg",
              "uv": [
                15.0,
                14.5,
                16.0,
                15.0
              ]
            },
            "south": {
              "texture": "#scrambledegg",
              "uv": [
                15.0,
                8.0,
                16.0,
                8.5
              ]
            },
            "west": {
              "texture": "#scrambledegg",
              "uv": [
                8.0,
                13.5,
                9.0,
                14.0
              ]
            },
            "up": {
              "texture": "#scrambledegg",
              "uv": [
                8.0,
                11.0,
                9.0,
                12.0
              ]
            },
            "down": {
              "texture": "#scrambledegg",
              "uv": [
                6.0,
                7.0,
                7.0,
                8.0
              ],
              "enabled": false
            }
          }
        },
        {
          "name": "voxel59",
          "from": [
            1.0,
            -0.5,
            1.5
          ],
          "to": [
            1.5,
            0.0,
            2.0
          ],
          "rotationOrigin": [
            0.4,
            0.0,
            1.5
          ],
          "faces": {
            "north": {
              "texture": "#scrambledegg",
              "uv": [
                13.5,
                10.0,
                14.0,
                10.5
              ]
            },
            "east": {
              "texture": "#scrambledegg",
              "uv": [
                10.5,
                15.0,
                11.0,
                15.5
              ]
            },
            "south": {
              "texture": "#scrambledegg",
              "uv": [
                15.0,
                15.0,
                15.5,
                15.5
              ]
            },
            "west": {
              "texture": "#scrambledegg",
              "uv": [
                14.0,
                9.0,
                14.5,
                9.5
              ]
            },
            "up": {
              "texture": "#scrambledegg",
              "uv": [
                13.5,
                13.5,
                14.0,
                14.0
              ]
            },
            "down": {
              "texture": "#scrambledegg",
              "uv": [
                6.0,
                7.0,
                6.5,
                7.5
              ],
              "enabled": false
            }
          }
        },
        {
          "name": "voxel60",
          "from": [
            2.0,
            -0.5,
            0.6
          ],
          "to": [
            2.5,
            0.0,
            1.1
          ],
          "rotationOrigin": [
            0.5,
            0.0,
            1.5
          ],
          "faces": {
            "north": {
              "texture": "#scrambledegg",
              "uv": [
                15.5,
                11.0,
                16.0,
                11.5
              ]
            },
            "east": {
              "texture": "#scrambledegg",
              "uv": [
                11.5,
                12.0,
                12.0,
                12.5
              ]
            },
            "south": {
              "texture": "#scrambledegg",
              "uv": [
                8.5,
                14.5,
                9.0,
                15.0
              ]
            },
            "west": {
              "texture": "#scrambledegg",
              "uv": [
                11.0,
                8.5,
                11.5,
                9.0
              ]
            },
            "up": {
              "texture": "#scrambledegg",
              "uv": [
                9.0,
                13.0,
                9.5,
                13.5
              ]
            },
            "down": {
              "texture": "#scrambledegg",
              "uv": [
                6.0,
                7.0,
                6.5,
                7.5
              ],
              "enabled": false
            }
          }
        },
        {
          "name": "voxel61",
          "from": [
            1.0,
            -0.4,
            2.5
          ],
          "to": [
            1.5,
            0.1,
            3.0
          ],
          "rotationOrigin": [
            0.5,
            0.0,
            1.5
          ],
          "faces": {
            "north": {
              "texture": "#scrambledegg",
              "uv": [
                14.0,
                12.5,
                14.5,
                13.0
              ]
            },
            "east": {
              "texture": "#scrambledegg",
              "uv": [
                15.0,
                13.5,
                15.5,
                14.0
              ]
            },
            "south": {
              "texture": "#scrambledegg",
              "uv": [
                12.0,
                13.0,
                12.5,
                13.5
              ]
            },
            "west": {
              "texture": "#scrambledegg",
              "uv": [
                14.5,
                11.0,
                15.0,
                11.5
              ]
            },
            "up": {
              "texture": "#scrambledegg",
              "uv": [
                9.5,
                13.5,
                10.0,
                14.0
              ]
            },
            "down": {
              "texture": "#scrambledegg",
              "uv": [
                6.0,
                7.0,
                6.5,
                7.5
              ],
              "enabled": false
            }
          }
        },
        {
          "name": "voxel62",
          "from": [
            0.1,
            -0.8,
            1.0
          ],
          "to": [
            0.6,
            -0.3,
            1.5
          ],
          "rotationOrigin": [
            0.5,
            0.0,
            1.4
          ],
          "faces": {
            "north": {
              "texture": "#scrambledegg",
              "uv": [
                13.0,
                12.0,
                13.5,
                12.5
              ]
            },
            "east": {
              "texture": "#scrambledegg",
              "uv": [
                9.0,
                11.0,
                9.5,
                11.5
              ]
            },
            "south": {
              "texture": "#scrambledegg",
              "uv": [
                14.5,
                13.0,
                15.0,
                13.5
              ]
            },
            "west": {
              "texture": "#scrambledegg",
              "uv": [
                8.0,
                15.5,
                8.5,
                16.0
              ]
            },
            "up": {
              "texture": "#scrambledegg",
              "uv": [
                11.5,
                9.0,
                12.0,
                9.5
              ]
            },
            "down": {
              "texture": "#scrambledegg",
              "uv": [
                6.0,
                7.0,
                6.5,
                7.5
              ],
              "enabled": false
            }
          }
        }
      ]
    },
    "file": "shapes/block/food/meal/scrambledeggs.json"
  },
  {
    "op": "add",
    "path": "/elements/0/children/9",
    "value": {
      "name": "scrambled eggs 4",
      "from": [
        -0.5,
        2.8,
        -1.0
      ],
      "to": [
        3.5,
        3.3,
        3.0
      ],
      "renderInEditor": false,
      "faces": {
        "north": {
          "texture": "#scrambledegg",
          "uv": [
            10.5,
            3.0,
            14.5,
            3.5
          ],
          "enabled": false
        },
        "east": {
          "texture": "#scrambledegg",
          "uv": [
            11.5,
            1.0,
            15.5,
            1.5
          ],
          "enabled": false
        },
        "south": {
          "texture": "#scrambledegg",
          "uv": [
            10.0,
            2.0,
            14.0,
            2.5
          ],
          "enabled": false
        },
        "west": {
          "texture": "#scrambledegg",
          "uv": [
            11.5,
            7.0,
            15.5,
            7.5
          ],
          "enabled": false
        },
        "up": {
          "texture": "#scrambledegg",
          "uv": [
            11.0,
            1.0,
            15.0,
            5.0
          ],
          "enabled": false
        },
        "down": {
          "texture": "#scrambledegg",
          "uv": [
            0.0,
            0.0,
            4.0,
            4.0
          ],
          "enabled": false
        }
      },
      "children": [
        {
          "name": "voxel64",
          "from": [
            2.1,
            -0.9,
            2.0
          ],
          "to": [
            3.1,
            0.1,
            3.0
          ],
          "rotationOrigin": [
            0.5,
            0.0,
            1.5
          ],
          "faces": {
            "north": {
              "texture": "#scrambledegg",
              "uv": [
                11.5,
                12.5,
                12.5,
                13.5
              ]
            },
            "east": {
              "texture": "#scrambledegg",
              "uv": [
                14.0,
                13.5,
                15.0,
                14.5
              ]
            },
            "south": {
              "texture": "#scrambledegg",
              "uv": [
                15.0,
                15.0,
                16.0,
                16.0
              ]
            },
            "west": {
              "texture": "#scrambledegg",
              "uv": [
                14.5,
                10.5,
                15.5,
                11.5
              ]
            },
            "up": {
              "texture": "#scrambledegg",
              "uv": [
                8.5,
                12.0,
                9.5,
                13.0
              ]
            },
            "down": {
              "texture": "#scrambledegg",
              "uv": [
                6.0,
                7.0,
                7.0,
                8.0
              ],
              "enabled": false
            }
          }
        },
        {
          "name": "voxel65",
          "from": [
            2.0,
            -0.8,
            3.4
          ],
          "to": [
            3.0,
            -0.3,
            4.4
          ],
          "rotationOrigin": [
            0.5,
            0.0,
            1.5
          ],
          "faces": {
            "north": {
              "texture": "#scrambledegg",
              "uv": [
                10.5,
                11.5,
                11.5,
                12.0
              ]
            },
            "east": {
              "texture": "#scrambledegg",
              "uv": [
                11.5,
                13.5,
                12.5,
                14.0
              ]
            },
            "south": {
              "texture": "#scrambledegg",
              "uv": [
                8.5,
                11.0,
                9.5,
                11.5
              ]
            },
            "west": {
              "texture": "#scrambledegg",
              "uv": [
                13.0,
                11.5,
                14.0,
                12.0
              ]
            },
            "up": {
              "texture": "#scrambledegg",
              "uv": [
                13.5,
                11.0,
                14.5,
                12.0
              ]
            },
            "down": {
              "texture": "#scrambledegg",
              "uv": [
                6.0,
                7.0,
                7.0,
                8.0
              ],
              "enabled": false
            }
          }
        },
        {
          "name": "voxel66",
          "from": [
            2.0,
            -0.4,
            3.4
          ],
          "to": [
            2.5,
            0.1,
            3.9
          ],
          "rotationOrigin": [
            0.4,
            0.0,
            1.5
          ],
          "faces": {
            "north": {
              "texture": "#scrambledegg",
              "uv": [
                13.0,
                11.0,
                13.5,
                11.5
              ]
            },
            "east": {
              "texture": "#scrambledegg",
              "uv": [
                14.0,
                11.0,
                14.5,
                11.5
              ]
            },
            "south": {
              "texture": "#scrambledegg",
              "uv": [
                9.0,
                15.0,
                9.5,
                15.5
              ]
            },
            "west": {
              "texture": "#scrambledegg",
              "uv": [
                9.5,
                12.0,
                10.0,
                12.5
              ]
            },
            "up": {
              "texture": "#scrambledegg",
              "uv": [
                12.0,
                11.0,
                12.5,
                11.5
              ]
            },
            "down": {
              "texture": "#scrambledegg",
              "uv": [
                6.0,
                7.0,
                6.5,
                7.5
              ],
              "enabled": false
            }
          }
        },
        {
          "name": "voxel67",
          "from": [
            0.1,
            -0.8,
            3.5
          ],
          "to": [
            0.6,
            -0.3,
            4.0
          ],
          "rotationOrigin": [
            0.5,
            0.0,
            1.5
          ],
          "faces": {
            "north": {
              "texture": "#scrambledegg",
              "uv": [
                11.5,
                11.5,
                12.0,
                12.0
              ]
            },
            "east": {
              "texture": "#scrambledegg",
              "uv": [
                9.5,
                12.5,
                10.0,
                13.0
              ]
            },
            "south": {
              "texture": "#scrambledegg",
              "uv": [
                13.0,
                12.0,
                13.5,
                12.5
              ]
            },
            "west": {
              "texture": "#scrambledegg",
              "uv": [
                13.5,
                12.5,
                14.0,
                13.0
              ]
            },
            "up": {
              "texture": "#scrambledegg",
              "uv": [
                9.0,
                12.5,
                9.5,
                13.0
              ]
            },
            "down": {
              "texture": "#scrambledegg",
              "uv": [
                6.0,
                7.0,
                6.5,
                7.5
              ],
              "enabled": false
            }
          }
        },
        {
          "name": "voxel73",
          "from": [
            0.5,
            -0.5,
            3.1
          ],
          "to": [
            1.0,
            0.0,
            3.6
          ],
          "rotationOrigin": [
            0.5,
            0.0,
            1.5
          ],
          "faces": {
            "north": {
              "texture": "#scrambledegg",
              "uv": [
                12.0,
                11.5,
                12.5,
                12.0
              ]
            },
            "east": {
              "texture": "#scrambledegg",
              "uv": [
                13.5,
                11.5,
                14.0,
                12.0
              ]
            },
            "south": {
              "texture": "#scrambledegg",
              "uv": [
                13.5,
                10.0,
                14.0,
                10.5
              ]
            },
            "west": {
              "texture": "#scrambledegg",
              "uv": [
                12.0,
                12.5,
                12.5,
                13.0
              ]
            },
            "up": {
              "texture": "#scrambledegg",
              "uv": [
                10.5,
                12.0,
                11.0,
                12.5
              ]
            },
            "down": {
              "texture": "#scrambledegg",
              "uv": [
                6.0,
                7.0,
                6.5,
                7.5
              ],
              "enabled": false
            }
          }
        }
      ]
    },
    "file": "shapes/block/food/meal/scrambledeggs.json"
  },
  {
    "op": "add",
    "path": "/elements/0/children/10",
    "value": {
      "name": "meatnugget 1",
      "from": [
        0.2,
        2.3,
        -0.1
      ],
      "to": [
        0.8,
        2.7,
        0.5
      ],
      "rotationOrigin": [
        0.2,
        2.3,
        -0.1
      ],
      "faces": {
        "north": {
          "texture": "#meatnugget",
          "uv": [
            4.5,
            5.0,
            5.0,
            5.25
          ]
        },
        "east": {
          "texture": "#meatnugget",
          "uv": [
            3.25,
            3.0,
            3.75,
            3.25
          ]
        },
        "south": {
          "texture": "#meatnugget",
          "uv": [
            3.25,
            3.75,
            3.75,
            4.0
          ]
        },
        "west": {
          "texture": "#meatnugget",
          "uv": [
            4.25,
            4.25,
            4.75,
            4.5
          ]
        },
        "up": {
          "texture": "#meatnugget",
          "uv": [
            2.5,
            4.5,
            3.0,
            5.0
          ]
        },
        "down": {
          "texture": "#meatnugget",
          "uv": [
            4.75,
            3.25,
            5.25,
            3.75
          ]
        }
      },
      "children": [
        {
          "name": "meat1",
          "from": [
            0.8,
            0.0,
            0.4
          ],
          "to": [
            1.2,
            0.35,
            0.8
          ],
          "rotationOrigin": [
            0.8,
            0.0,
            0.4
          ],
          "faces": {
            "north": {
              "texture": "#meatnugget",
              "uv": [
                5.0,
                3.5,
                5.25,
                3.75
              ]
            },
            "east": {
              "texture": "#meatnugget",
              "uv": [
                3.5,
                4.5,
                3.75,
                4.75
              ]
            },
            "south": {
              "texture": "#meatnugget",
              "uv": [
                4.0,
                4.75,
                4.25,
                5.0
              ]
            },
            "west": {
              "texture": "#meatnugget",
              "uv": [
                2.75,
                3.5,
                3.0,
                3.75
              ]
            },
            "up": {
              "texture": "#meatnugget",
              "uv": [
                4.75,
                4.75,
                5.0,
                5.0
              ]
            },
            "down": {
              "texture": "#meatnugget",
              "uv": [
                3.25,
                4.0,
                3.5,
                4.25
              ]
            }
          }
        },
        {
          "name": "meat2",
          "from": [
            2.1,
            0.0,
            2.2
          ],
          "to": [
            2.8,
            0.5,
            2.9
          ],
          "rotationOrigin": [
            2.1,
            0.0,
            2.2
          ],
          "faces": {
            "north": {
              "texture": "#meatnugget",
              "uv": [
                4.5,
                4.5,
                5.0,
                5.0
              ]
            },
            "east": {
              "texture": "#meatnugget",
              "uv": [
                3.0,
                4.5,
                3.5,
                5.0
              ]
            },
            "south": {
              "texture": "#meatnugget",
              "uv": [
                3.0,
                3.5,
                3.5,
                4.0
              ]
            },
            "west": {
              "texture": "#meatnugget",
              "uv": [
                4.5,
                5.0,
                5.0,
                5.5
              ]
            },
            "up": {
              "texture": "#meatnugget",
              "uv": [
                4.5,
                4.5,
                5.0,
                5.0
              ]
            },
            "down": {
              "texture": "#meatnugget",
              "uv": [
                3.5,
                3.5,
                4.0,
                4.0
              ]
            }
          }
        },
        {
          "name": "meat3",
          "from": [
            2.1,
            0.0,
            1.7
          ],
          "to": [
            2.5,
            0.4,
            2.1
          ],
          "rotationOrigin": [
            2.1,
            0.0,
            1.7
          ],
          "faces": {
            "north": {
              "texture": "#meatnugget",
              "uv": [
                4.5,
                2.75,
                4.75,
                3.0
              ]
            },
            "east": {
              "texture": "#meatnugget",
              "uv": [
                3.0,
                3.25,
                3.25,
                3.5
              ]
            },
            "south": {
              "texture": "#meatnugget",
              "uv": [
                4.25,
                5.0,
                4.5,
                5.25
              ]
            },
            "west": {
              "texture": "#meatnugget",
              "uv": [
                3.25,
                4.0,
                3.5,
                4.25
              ]
            },
            "up": {
              "texture": "#meatnugget",
              "uv": [
                4.75,
                4.5,
                5.0,
                4.75
              ]
            },
            "down": {
              "texture": "#meatnugget",
              "uv": [
                2.75,
                4.25,
                3.0,
                4.5
              ]
            }
          }
        },
        {
          "name": "meat4",
          "from": [
            1.85,
            0.0,
            0.6
          ],
          "to": [
            2.35,
            0.4,
            1.1
          ],
          "rotationOrigin": [
            1.9,
            0.0,
            0.6
          ],
          "rotationY": -180.0,
          "faces": {
            "north": {
              "texture": "#meatnugget",
              "uv": [
                3.0,
                3.5,
                3.5,
                4.0
              ]
            },
            "east": {
              "texture": "#meatnugget",
              "uv": [
                3.5,
                5.0,
                4.0,
                5.5
              ]
            },
            "south": {
              "texture": "#meatnugget",
              "uv": [
                3.5,
                3.5,
                4.0,
                4.0
              ]
            },
            "west": {
              "texture": "#meatnugget",
              "uv": [
                5.0,
                3.0,
                5.5,
                3.5
              ]
            },
            "up": {
              "texture": "#meatnugget",
              "uv": [
                4.0,
                4.0,
                4.5,
                4.5
              ]
            },
            "down": {
              "texture": "#meatnugget",
              "uv": [
                3.0,
                5.0,
                3.5,
                5.5
              ]
            }
          }
        }
      ]
    },
    "file": "shapes/block/food/meal/scrambledeggs.json"
  },
  {
    "op": "add",
    "path": "/elements/0/children/11",
    "value": {
      "name": "meatnugget 2",
      "from": [
        1.8,
        2.3,
        3.0
      ],
      "to": [
        2.4,
        2.7,
        3.6
      ],
      "rotationOrigin": [
        1.8,
        2.3,
        3.0
      ],
      "rotationX": -179.99999011687993,
      "rotationY": 5.008955855952477E-06,
      "rotationZ": -179.99999011687993,
      "faces": {
        "north": {
          "texture": "#meatnugget",
          "uv": [
            4.75,
            3.0,
            5.25,
            3.25
          ]
        },
        "east": {
          "texture": "#meatnugget",
          "uv": [
            3.0,
            3.0,
            3.5,
            3.25
          ]
        },
        "south": {
          "texture": "#meatnugget",
          "uv": [
            2.75,
            4.5,
            3.25,
            4.75
          ]
        },
        "west": {
          "texture": "#meatnugget",
          "uv": [
            4.5,
            3.0,
            5.0,
            3.25
          ]
        },
        "up": {
          "texture": "#meatnugget",
          "uv": [
            3.0,
            3.5,
            3.5,
            4.0
          ]
        },
        "down": {
          "texture": "#meatnugget",
          "uv": [
            4.5,
            4.5,
            5.0,
            5.0
          ]
        }
      },
      "children": [
        {
          "name": "meat5",
          "from": [
            0.8,
            0.0,
            0.4
          ],
          "to": [
            1.2,
            0.35,
            0.8
          ],
          "rotationOrigin": [
            0.8,
            0.0,
            0.4
          ],
          "faces": {
            "north": {
              "texture": "#meatnugget",
              "uv": [
                3.25,
                4.25,
                3.5,
                4.5
              ]
            },
            "east": {
              "texture": "#meatnugget",
              "uv": [
                4.75,
                4.0,
                5.0,
                4.25
              ]
            },
            "south": {
              "texture": "#meatnugget",
              "uv": [
                2.75,
                4.5,
                3.0,
                4.75
              ]
            },
            "west": {
              "texture": "#meatnugget",
              "uv": [
                4.75,
                4.75,
                5.0,
                5.0
              ]
            },
            "up": {
              "texture": "#meatnugget",
              "uv": [
                4.75,
                4.25,
                5.0,
                4.5
              ]
            },
            "down": {
              "texture": "#meatnugget",
              "uv": [
                3.25,
                4.75,
                3.5,
                5.0
              ]
            }
          }
        },
        {
          "name": "meat6",
          "from": [
            -0.4,
            0.0,
            1.7
          ],
          "to": [
            0.3,
            0.5,
            2.4
          ],
          "rotationOrigin": [
            -0.4,
            0.0,
            1.7
          ],
          "rotationY": 90.0,
          "faces": {
            "north": {
              "texture": "#meatnugget",
              "uv": [
                2.75,
                3.75,
                3.25,
                4.25
              ]
            },
            "east": {
              "texture": "#meatnugget",
              "uv": [
                4.0,
                3.0,
                4.5,
                3.5
              ]
            },
            "south": {
              "texture": "#meatnugget",
              "uv": [
                2.75,
                2.75,
                3.25,
                3.25
              ]
            },
            "west": {
              "texture": "#meatnugget",
              "uv": [
                4.5,
                3.5,
                5.0,
                4.0
              ]
            },
            "up": {
              "texture": "#meatnugget",
              "uv": [
                3.25,
                4.25,
                3.75,
                4.75
              ]
            },
            "down": {
              "texture": "#meatnugget",
              "uv": [
                4.5,
                4.25,
                5.0,
                4.75
              ]
            }
          }
        },
        {
          "name": "meat7",
          "from": [
            1.1,
            0.0,
            1.7
          ],
          "to": [
            1.5,
            0.4,
            2.1
          ],
          "rotationOrigin": [
            1.1,
            0.0,
            1.7
          ],
          "faces": {
            "north": {
              "texture": "#meatnugget",
              "uv": [
                4.75,
                5.0,
                5.0,
                5.25
              ]
            },
            "east": {
              "texture": "#meatnugget",
              "uv": [
                3.0,
                3.25,
                3.25,
                3.5
              ]
            },
            "south": {
              "texture": "#meatnugget",
              "uv": [
                2.75,
                4.75,
                3.0,
                5.0
              ]
            },
            "west": {
              "texture": "#meatnugget",
              "uv": [
                5.0,
                2.75,
                5.25,
                3.0
              ]
            },
            "up": {
              "texture": "#meatnugget",
              "uv": [
                3.0,
                2.75,
                3.25,
                3.0
              ]
            },
            "down": {
              "texture": "#meatnugget",
              "uv": [
                4.5,
                4.5,
                4.75,
                4.75
              ]
            }
          }
        },
        {
          "name": "meat8",
          "from": [
            1.75,
            0.0,
            1.2
          ],
          "to": [
            2.25,
            0.3,
            1.7
          ],
          "rotationOrigin": [
            1.8,
            0.0,
            1.2
          ],
          "rotationY": -180.0,
          "faces": {
            "north": {
              "texture": "#meatnugget",
              "uv": [
                4.0,
                4.0,
                4.5,
                4.25
              ]
            },
            "east": {
              "texture": "#meatnugget",
              "uv": [
                3.0,
                5.0,
                3.5,
                5.25
              ]
            },
            "south": {
              "texture": "#meatnugget",
              "uv": [
                3.0,
                3.0,
                3.5,
                3.25
              ]
            },
            "west": {
              "texture": "#meatnugget",
              "uv": [
                4.75,
                4.75,
                5.25,
                5.0
              ]
            },
            "up": {
              "texture": "#meatnugget",
              "uv": [
                4.5,
                3.75,
                5.0,
                4.25
              ]
            },
            "down": {
              "texture": "#meatnugget",
              "uv": [
                4.25,
                4.5,
                4.75,
                5.0
              ]
            }
          }
        }
      ]
    },
    "file": "shapes/block/food/meal/scrambledeggs.json"
  },
  {
    "op": "add",
    "path": "/elements/0/children/12",
    "value": {
      "name": "topping",
      "from": [
        -0.1,
        2.3,
        -0.1
      ],
      "to": [
        3.1,
        2.4,
        3.1
      ],
      "renderPass": 3,
      "faces": {
        "north": {
          "texture": "#topping",
          "uv": [
            0.0,
            0.0,
            3.0,
            0.0
          ]
        },
        "east": {
          "texture": "#topping",
          "uv": [
            0.0,
            0.0,
            3.0,
            0.0
          ]
        },
        "south": {
          "texture": "#topping",
          "uv": [
            0.0,
            0.0,
            3.0,
            0.0
          ]
        },
        "west": {
          "texture": "#topping",
          "uv": [
            0.0,
            0.0,
            3.0,
            0.0
          ]
        },
        "up": {
          "texture": "#topping",
          "uv": [
            0.0,
            0.0,
            3.0,
            3.0
          ]
        },
        "down": {
          "texture": "#topping",
          "uv": [
            0.0,
            0.0,
            3.0,
            3.0
          ],
          "enabled": false
        }
      }
    },
    "file": "shapes/block/food/meal/scrambledeggs.json"
  },
  {
    "op": "add",
    "path": "/textureSizes/meatnugget",
    "value": [
      8,
      8
    ],
    "file": "shapes/block/food/meal/scrambledeggs.json"
  }
]