[
  {
    "op": "remove",
    "path": "/ingredients/3",
    "file": "recipes/cooking/scrambledeggs.json"
  },
  {
    "op": "replace",
    "path": "/ingredients/3",
    "value": {
      "code": "milk-base",
      "validStacks": [
        {
          "type": "item",
          "code": "milkportion"
        },
        {
          "type": "item",
          "code": "expandedfoods:pasteurizedmilkportion"
        },
        {
          "type": "item",
          "code": "expandedfoods:soymilk-edible"
        }
      ],
      "minQuantity": 0,
        "maxQuantity": 1,
        "portionSizeLitres": 0.1,
    },
    "file": "recipes/cooking/scrambledeggs.json"
  },
  {
    "op": "add",
    "path": "/ingredients/4",
    "value": {
      "code": "vegetable-extra",
      "validStacks": [
        {
          "type": "item",
          "code": "vegetable-cabbage",
          "shapeElement": "bowl/vegetable 1/*"
        },
        {
          "type": "item",
          "code": "vegetable-carrot",
          "shapeElement": "bowl/vegetable 1/*"
        },
        {
          "type": "item",
          "code": "vegetable-onion",
          "shapeElement": "bowl/vegetable 1/*"
        },
        {
          "type": "item",
          "code": "vegetable-parsnip",
          "shapeElement": "bowl/vegetable 1/*"
        },
        {
          "type": "item",
          "code": "vegetable-turnip",
          "shapeElement": "bowl/vegetable 1/*"
        },
        {
          "type": "item",
          "code": "vegetable-pumpkin",
          "shapeElement": "bowl/vegetable 1/*"
        },
        {
          "type": "item",
          "code": "vegetable-cassava",
          "shapeElement": "bowl/vegetable 1/*"
        },
        {
          "type": "item",
          "code": "vegetable-bellpepper",
          "shapeElement": "bowl/vegetable 1/*"
        },
        {
          "type": "item",
          "code": "mushroom-*",
          "shapeElement": "bowl/vegetable 1/*"
        },
        {
          "type": "item",
          "code": "legume-soybean",
          "shapeElement": "bowl/vegetable 1/*"
        },
        {
          "type": "item",
          "code": "pickledvegetable-*",
          "shapeElement": "bowl/vegetable 1/*"
        },
        {
          "type": "item",
          "code": "pickledlegume-soybean",
          "shapeElement": "bowl/vegetable 1/*"
        },
        {
          "type": "item",
          "code": "expandedfoods:choppedvegetable-carrot",
          "shapeElement": "bowl/vegetable 1/*",
          "textureMapping": [
            "vegetable",
            "group1"
          ]
        },
        {
          "type": "item",
          "code": "expandedfoods:choppedvegetable-pickledcarrot",
          "shapeElement": "bowl/vegetable 1/*",
          "textureMapping": [
            "vegetable",
            "group1"
          ]
        },
        {
          "type": "item",
          "code": "expandedfoods:choppedvegetable-flyagaric",
          "shapeElement": "bowl/vegetable 1/*",
          "textureMapping": [
            "vegetable",
            "group2"
          ]
        },
        {
          "type": "item",
          "code": "expandedfoods:choppedvegetable-bolete",
          "shapeElement": "bowl/vegetable 1/*",
          "textureMapping": [
            "vegetable",
            "group3"
          ]
        },
        {
          "type": "item",
          "code": "expandedfoods:choppedvegetable-parsnip",
          "shapeElement": "bowl/vegetable 1/*",
          "textureMapping": [
            "vegetable",
            "group4"
          ]
        },
        {
          "type": "item",
          "code": "expandedfoods:choppedvegetable-pickledparsnip",
          "shapeElement": "bowl/vegetable 1/*",
          "textureMapping": [
            "vegetable",
            "group4"
          ]
        },
        {
          "type": "item",
          "code": "expandedfoods:choppedvegetable-turnip",
          "shapeElement": "bowl/vegetable 1/*",
          "textureMapping": [
            "vegetable",
            "group5"
          ]
        },
        {
          "type": "item",
          "code": "expandedfoods:choppedvegetable-pickledturnip",
          "shapeElement": "bowl/vegetable 1/*",
          "textureMapping": [
            "vegetable",
            "group5"
          ]
        },
        {
          "type": "item",
          "code": "expandedfoods:choppedvegetable-onion",
          "shapeElement": "bowl/vegetable 1/*",
          "textureMapping": [
            "vegetable",
            "group6"
          ]
        },
        {
          "type": "item",
          "code": "expandedfoods:choppedvegetable-pickledonion",
          "shapeElement": "bowl/vegetable 1/*",
          "textureMapping": [
            "vegetable",
            "group6"
          ]
        },
        {
          "type": "item",
          "code": "expandedfoods:choppedvegetable-fieldmushroom",
          "shapeElement": "bowl/vegetable 1/*",
          "textureMapping": [
            "vegetable",
            "group7"
          ]
        },
        {
          "type": "item",
          "code": "expandedfoods:choppedvegetable-pumpkin",
          "shapeElement": "bowl/vegetable 1/*",
          "textureMapping": [
            "vegetable",
            "group8"
          ]
        },
        {
          "type": "item",
          "code": "expandedfoods:choppedvegetable-pickledpumpkin",
          "shapeElement": "bowl/vegetable 1/*",
          "textureMapping": [
            "vegetable",
            "group8"
          ]
        },
        {
          "type": "item",
          "code": "expandedfoods:choppedvegetable-cabbage",
          "shapeElement": "bowl/vegetable 1/*",
          "textureMapping": [
            "vegetable",
            "group10"
          ]
        },
        {
          "type": "item",
          "code": "expandedfoods:choppedvegetable-cassava",
          "shapeElement": "bowl/vegetable 1/*",
          "textureMapping": [
            "vegetable",
            "group11"
          ]
        },
        {
          "type": "item",
          "code": "expandedfoods:choppedvegetable-bellpepper",
          "shapeElement": "bowl/vegetable 1/*",
          "textureMapping": [
            "fruit",
            "group8"
          ]
        },
        {
          "type": "item",
          "code": "expandedfoods:choppedvegetable-cattailroot",
          "shapeElement": "bowl/vegetable 1/*",
          "textureMapping": [
            "vegetable",
            "group11"
          ]
        },
        {
          "type": "item",
          "code": "expandedfoods:choppedvegetable-papyrusroot",
          "shapeElement": "bowl/vegetable 1/*",
          "textureMapping": [
            "vegetable",
            "group11"
          ]
        }
      ],
      "minQuantity": 0,
      "maxQuantity": 1
    },
    "file": "recipes/cooking/scrambledeggs.json"
  },
  {
    "op": "add",
    "path": "/ingredients/5",
    "value": {
      "code": "vegetable-base2",
      "validStacks": [
        {
          "type": "item",
          "code": "vegetable-cabbage",
          "shapeElement": "bowl/vegetable 2/*"
        },
        {
          "type": "item",
          "code": "vegetable-carrot",
          "shapeElement": "bowl/vegetable 2/*"
        },
        {
          "type": "item",
          "code": "vegetable-onion",
          "shapeElement": "bowl/vegetable 2/*"
        },
        {
          "type": "item",
          "code": "vegetable-parsnip",
          "shapeElement": "bowl/vegetable 2/*"
        },
        {
          "type": "item",
          "code": "vegetable-turnip",
          "shapeElement": "bowl/vegetable 2/*"
        },
        {
          "type": "item",
          "code": "vegetable-pumpkin",
          "shapeElement": "bowl/vegetable 2/*"
        },
        {
          "type": "item",
          "code": "vegetable-cassava",
          "shapeElement": "bowl/vegetable 2/*"
        },
        {
          "type": "item",
          "code": "vegetable-bellpepper",
          "shapeElement": "bowl/vegetable 2/*"
        },
        {
          "type": "item",
          "code": "mushroom-*",
          "shapeElement": "bowl/vegetable 2/*"
        },
        {
          "type": "item",
          "code": "legume-soybean",
          "shapeElement": "bowl/vegetable 2/*"
        },
        {
          "type": "item",
          "code": "pickledvegetable-*",
          "shapeElement": "bowl/vegetable 2/*"
        },
        {
          "type": "item",
          "code": "pickledlegume-soybean",
          "shapeElement": "bowl/vegetable 2/*"
        },
        {
          "type": "item",
          "code": "expandedfoods:choppedvegetable-carrot",
          "shapeElement": "bowl/vegetable 2/*",
          "textureMapping": [
            "vegetable",
            "group1"
          ]
        },
        {
          "type": "item",
          "code": "expandedfoods:choppedvegetable-pickledcarrot",
          "shapeElement": "bowl/vegetable 2/*",
          "textureMapping": [
            "vegetable",
            "group1"
          ]
        },
        {
          "type": "item",
          "code": "expandedfoods:choppedvegetable-flyagaric",
          "shapeElement": "bowl/vegetable 2/*",
          "textureMapping": [
            "vegetable",
            "group2"
          ]
        },
        {
          "type": "item",
          "code": "expandedfoods:choppedvegetable-bolete",
          "shapeElement": "bowl/vegetable 2/*",
          "textureMapping": [
            "vegetable",
            "group3"
          ]
        },
        {
          "type": "item",
          "code": "expandedfoods:choppedvegetable-parsnip",
          "shapeElement": "bowl/vegetable 2/*",
          "textureMapping": [
            "vegetable",
            "group4"
          ]
        },
        {
          "type": "item",
          "code": "expandedfoods:choppedvegetable-pickledparsnip",
          "shapeElement": "bowl/vegetable 2/*",
          "textureMapping": [
            "vegetable",
            "group4"
          ]
        },
        {
          "type": "item",
          "code": "expandedfoods:choppedvegetable-turnip",
          "shapeElement": "bowl/vegetable 2/*",
          "textureMapping": [
            "vegetable",
            "group5"
          ]
        },
        {
          "type": "item",
          "code": "expandedfoods:choppedvegetable-pickledturnip",
          "shapeElement": "bowl/vegetable 2/*",
          "textureMapping": [
            "vegetable",
            "group5"
          ]
        },
        {
          "type": "item",
          "code": "expandedfoods:choppedvegetable-onion",
          "shapeElement": "bowl/vegetable 2/*",
          "textureMapping": [
            "vegetable",
            "group6"
          ]
        },
        {
          "type": "item",
          "code": "expandedfoods:choppedvegetable-pickledonion",
          "shapeElement": "bowl/vegetable 2/*",
          "textureMapping": [
            "vegetable",
            "group6"
          ]
        },
        {
          "type": "item",
          "code": "expandedfoods:choppedvegetable-fieldmushroom",
          "shapeElement": "bowl/vegetable 2/*",
          "textureMapping": [
            "vegetable",
            "group7"
          ]
        },
        {
          "type": "item",
          "code": "expandedfoods:choppedvegetable-pumpkin",
          "shapeElement": "bowl/vegetable 2/*",
          "textureMapping": [
            "vegetable",
            "group8"
          ]
        },
        {
          "type": "item",
          "code": "expandedfoods:choppedvegetable-pickledpumpkin",
          "shapeElement": "bowl/vegetable 2/*",
          "textureMapping": [
            "vegetable",
            "group8"
          ]
        },
        {
          "type": "item",
          "code": "expandedfoods:choppedvegetable-cabbage",
          "shapeElement": "bowl/vegetable 2/*",
          "textureMapping": [
            "vegetable",
            "group10"
          ]
        },
        {
          "type": "item",
          "code": "expandedfoods:choppedvegetable-cassava",
          "shapeElement": "bowl/vegetable 2/*",
          "textureMapping": [
            "vegetable",
            "group11"
          ]
        },
        {
          "type": "item",
          "code": "expandedfoods:choppedvegetable-bellpepper",
          "shapeElement": "bowl/vegetable 2/*",
          "textureMapping": [
            "fruit",
            "group8"
          ]
        },
        {
          "type": "item",
          "code": "expandedfoods:choppedvegetable-cattailroot",
          "shapeElement": "bowl/vegetable 2/*",
          "textureMapping": [
            "vegetable",
            "group11"
          ]
        },
        {
          "type": "item",
          "code": "expandedfoods:choppedvegetable-papyrusroot",
          "shapeElement": "bowl/vegetable 2/*",
          "textureMapping": [
            "vegetable",
            "group11"
          ]
        }
      ],
      "minQuantity": 0,
      "maxQuantity": 1
    },
    "file": "recipes/cooking/scrambledeggs.json"
  },
  {
    "op": "add",
    "path": "/ingredients/6",
    "value": {
      "code": "protein-extra",
      "validStacks": [
        {
          "type": "item",
          "code": "expandedfoods:meatnugget-bushmeat-raw",
          "shapeElement": "bowl/meatnugget 1/*",
          "textureMapping": [
            "meatnugget",
            "redmeat-raw"
          ]
        },
        {
          "type": "item",
          "code": "expandedfoods:meatnugget-redmeat-raw",
          "shapeElement": "bowl/meatnugget 1/*",
          "textureMapping": [
            "meatnugget",
            "redmeat-raw"
          ]
        },
        {
          "type": "item",
          "code": "expandedfoods:meatnugget-poultry-raw",
          "shapeElement": "bowl/meatnugget 1/*",
          "textureMapping": [
            "meatnugget",
            "poultry-raw"
          ]
        },
        {
          "type": "item",
          "code": "expandedfoods:sausage-bushmeat-raw",
          "shapeElement": "bowl/meatnugget 1/*",
          "textureMapping": [
            "meatnugget",
            "redmeat-raw"
          ]
        },
        {
          "type": "item",
          "code": "expandedfoods:sausage-bushmeat-dried",
          "shapeElement": "bowl/meatnugget 1/*",
          "textureMapping": [
            "meatnugget",
            "redmeat-raw"
          ]
        },
        {
          "type": "item",
          "code": "expandedfoods:sausage-bushmeatcheese-raw",
          "shapeElement": "bowl/meatnugget 1/*",
          "textureMapping": [
            "meatnugget",
            "redmeat-raw"
          ]
        },
        {
          "type": "item",
          "code": "expandedfoods:sausage-bushmeatcheese-dried",
          "shapeElement": "bowl/meatnugget 1/*",
          "textureMapping": [
            "meatnugget",
            "redmeat-raw"
          ]
        },
        {
          "type": "item",
          "code": "expandedfoods:sausage-poultry-raw",
          "shapeElement": "bowl/meatnugget 1/*",
          "textureMapping": [
            "meatnugget",
            "poultry-raw"
          ]
        },
        {
          "type": "item",
          "code": "expandedfoods:sausage-poultry-dried",
          "shapeElement": "bowl/meatnugget 1/*",
          "textureMapping": [
            "meatnugget",
            "poultry-raw"
          ]
        },
        {
          "type": "item",
          "code": "expandedfoods:sausage-poultrycheese-raw",
          "shapeElement": "bowl/meatnugget 1/*",
          "textureMapping": [
            "meatnugget",
            "poultry-raw"
          ]
        },
        {
          "type": "item",
          "code": "expandedfoods:sausage-poultrycheese-dried",
          "shapeElement": "bowl/meatnugget 1/*",
          "textureMapping": [
            "meatnugget",
            "poultry-raw"
          ]
        },
        {
          "type": "item",
          "code": "expandedfoods:sausage-redmeat-raw",
          "shapeElement": "bowl/meatnugget 1/*",
          "textureMapping": [
            "meatnugget",
            "redmeat-raw"
          ]
        },
        {
          "type": "item",
          "code": "expandedfoods:sausage-redmeat-dried",
          "shapeElement": "bowl/meatnugget 1/*",
          "textureMapping": [
            "meatnugget",
            "redmeat-raw"
          ]
        },
        {
          "type": "item",
          "code": "expandedfoods:sausage-redmeatcheese-raw",
          "shapeElement": "bowl/meatnugget 1/*",
          "textureMapping": [
            "meatnugget",
            "redmeat-raw"
          ]
        },
        {
          "type": "item",
          "code": "expandedfoods:sausage-redmeatcheese-dried",
          "shapeElement": "bowl/meatnugget 1/*",
          "textureMapping": [
            "meatnugget",
            "redmeat-raw"
          ]
        },
        {
          "type": "item",
          "code": "expandedfoods:meatnugget-bushmeat-cured",
          "shapeElement": "bowl/meatnugget 1/*",
          "textureMapping": [
            "meatnugget",
            "redmeat-raw"
          ]
        },
        {
          "type": "item",
          "code": "expandedfoods:meatnugget-redmeat-cured",
          "shapeElement": "bowl/meatnugget 1/*",
          "textureMapping": [
            "meatnugget",
            "redmeat-raw"
          ]
        },
        {
          "type": "item",
          "code": "expandedfoods:meatnugget-poultry-cured",
          "shapeElement": "bowl/meatnugget 1/*",
          "textureMapping": [
            "meatnugget",
            "poultry-raw"
          ]
        },
        {
          "type": "item",
          "code": "expandedfoods:agedmeat-bushmeat-raw",
          "shapeElement": "bowl/meatnugget 1/*",
          "textureMapping": [
            "meatnugget",
            "redmeat-raw"
          ]
        },
        {
          "type": "item",
          "code": "expandedfoods:agedmeat-redmeat-raw",
          "shapeElement": "bowl/meatnugget 1/*",
          "textureMapping": [
            "meatnugget",
            "redmeat-raw"
          ]
        },
        {
          "type": "item",
          "code": "expandedfoods:agedmeat-poultry-raw",
          "shapeElement": "bowl/meatnugget 1/*",
          "textureMapping": [
            "meatnugget",
            "poultry-raw"
          ]
        }
      ],
      "minQuantity": 0,
      "maxQuantity": 1
    },
    "file": "recipes/cooking/scrambledeggs.json"
  },
  {
    "op": "add",
    "path": "/ingredients/7",
    "value": {
      "code": "meat-extra",
      "validStacks": [
        {
          "type": "item",
          "code": "expandedfoods:meatnugget-bushmeat-raw",
          "shapeElement": "bowl/meatnugget 2/*",
          "textureMapping": [
            "meatnugget",
            "redmeat-raw"
          ]
        },
        {
          "type": "item",
          "code": "expandedfoods:meatnugget-redmeat-raw",
          "shapeElement": "bowl/meatnugget 2/*",
          "textureMapping": [
            "meatnugget",
            "redmeat-raw"
          ]
        },
        {
          "type": "item",
          "code": "expandedfoods:meatnugget-poultry-raw",
          "shapeElement": "bowl/meatnugget 2/*",
          "textureMapping": [
            "meatnugget",
            "poultry-raw"
          ]
        },
        {
          "type": "item",
          "code": "expandedfoods:sausage-bushmeat-raw",
          "shapeElement": "bowl/meatnugget 2/*",
          "textureMapping": [
            "meatnugget",
            "redmeat-raw"
          ]
        },
        {
          "type": "item",
          "code": "expandedfoods:sausage-bushmeat-dried",
          "shapeElement": "bowl/meatnugget 2/*",
          "textureMapping": [
            "meatnugget",
            "redmeat-raw"
          ]
        },
        {
          "type": "item",
          "code": "expandedfoods:sausage-bushmeatcheese-raw",
          "shapeElement": "bowl/meatnugget 2/*",
          "textureMapping": [
            "meatnugget",
            "redmeat-raw"
          ]
        },
        {
          "type": "item",
          "code": "expandedfoods:sausage-bushmeatcheese-dried",
          "shapeElement": "bowl/meatnugget 2/*",
          "textureMapping": [
            "meatnugget",
            "redmeat-raw"
          ]
        },
        {
          "type": "item",
          "code": "expandedfoods:sausage-poultry-raw",
          "shapeElement": "bowl/meatnugget 2/*",
          "textureMapping": [
            "meatnugget",
            "poultry-raw"
          ]
        },
        {
          "type": "item",
          "code": "expandedfoods:sausage-poultry-dried",
          "shapeElement": "bowl/meatnugget 2/*",
          "textureMapping": [
            "meatnugget",
            "poultry-raw"
          ]
        },
        {
          "type": "item",
          "code": "expandedfoods:sausage-poultrycheese-raw",
          "shapeElement": "bowl/meatnugget 2/*",
          "textureMapping": [
            "meatnugget",
            "poultry-raw"
          ]
        },
        {
          "type": "item",
          "code": "expandedfoods:sausage-poultrycheese-dried",
          "shapeElement": "bowl/meatnugget 2/*",
          "textureMapping": [
            "meatnugget",
            "poultry-raw"
          ]
        },
        {
          "type": "item",
          "code": "expandedfoods:sausage-redmeat-raw",
          "shapeElement": "bowl/meatnugget 2/*",
          "textureMapping": [
            "meatnugget",
            "redmeat-raw"
          ]
        },
        {
          "type": "item",
          "code": "expandedfoods:sausage-redmeat-dried",
          "shapeElement": "bowl/meatnugget 2/*",
          "textureMapping": [
            "meatnugget",
            "redmeat-raw"
          ]
        },
        {
          "type": "item",
          "code": "expandedfoods:sausage-redmeatcheese-raw",
          "shapeElement": "bowl/meatnugget 2/*",
          "textureMapping": [
            "meatnugget",
            "redmeat-raw"
          ]
        },
        {
          "type": "item",
          "code": "expandedfoods:sausage-redmeatcheese-dried",
          "shapeElement": "bowl/meatnugget 2/*",
          "textureMapping": [
            "meatnugget",
            "redmeat-raw"
          ]
        },
        {
          "type": "item",
          "code": "expandedfoods:meatnugget-bushmeat-cured",
          "shapeElement": "bowl/meatnugget 2/*",
          "textureMapping": [
            "meatnugget",
            "redmeat-raw"
          ]
        },
        {
          "type": "item",
          "code": "expandedfoods:meatnugget-redmeat-cured",
          "shapeElement": "bowl/meatnugget 2/*",
          "textureMapping": [
            "meatnugget",
            "redmeat-raw"
          ]
        },
        {
          "type": "item",
          "code": "expandedfoods:meatnugget-poultry-cured",
          "shapeElement": "bowl/meatnugget 2/*",
          "textureMapping": [
            "meatnugget",
            "poultry-raw"
          ]
        },
        {
          "type": "item",
          "code": "expandedfoods:agedmeat-bushmeat-raw",
          "shapeElement": "bowl/meatnugget 2/*",
          "textureMapping": [
            "meatnugget",
            "redmeat-raw"
          ]
        },
        {
          "type": "item",
          "code": "expandedfoods:agedmeat-redmeat-raw",
          "shapeElement": "bowl/meatnugget 2/*",
          "textureMapping": [
            "meatnugget",
            "redmeat-raw"
          ]
        },
        {
          "type": "item",
          "code": "expandedfoods:agedmeat-poultry-raw",
          "shapeElement": "bowl/meatnugget 2/*",
          "textureMapping": [
            "meatnugget",
            "poultry-raw"
          ]
        }
      ],
      "minQuantity": 0,
      "maxQuantity": 1
    },
    "file": "recipes/cooking/scrambledeggs.json"
  },
  {
    "op": "add",
    "path": "/ingredients/8",
    "value": {
      "code": "topping-sauce",
      "validStacks": [
        {
          "type": "item",
          "code": "expandedfoods:soysauce",
          "shapeElement": "bowl/topping/*",
          "textureMapping": [
            "topping",
            "fishsauce"
          ]
        },
        {
          "type": "item",
          "code": "expandedfoods:foodoilportion-flax",
          "shapeElement": "bowl/topping/*",
          "textureMapping": [
            "topping",
            "foodoil"
          ]
        },
        {
          "type": "item",
          "code": "expandedfoods:foodoilportion-rice",
          "shapeElement": "bowl/topping/*",
          "textureMapping": [
            "topping",
            "foodoil"
          ]
        },
        {
          "type": "item",
          "code": "expandedfoods:foodoilportion-seed",
          "shapeElement": "bowl/topping/*",
          "textureMapping": [
            "topping",
            "foodoil"
          ]
        },
        {
          "type": "item",
          "code": "expandedfoods:foodoilportion-soy",
          "shapeElement": "bowl/topping/*",
          "textureMapping": [
            "topping",
            "foodoil"
          ]
        },
        {
            "type": "item",
            "code": "expandedfoods:foodoilportion-sunflower",
            "shapeElement": "bowl/topping/*",
            "textureMapping": [
                "topping",
                "foodoil"
            ]
        },
        {
          "type": "item",
          "code": "expandedfoods:foodoilportion-peanut",
          "shapeElement": "bowl/topping/*",
	  "textureMapping": [
	    "topping",
	    "foodoil"
	 ]
        },
        {
          "type": "item",
          "code": "expandedfoods:lard",
          "shapeElement": "bowl/topping/*",
          "textureMapping": [
            "topping",
            "lard"
          ]
        }
      ],
      "minQuantity": 0,
        "maxQuantity": 1,
        "portionSizeLitres":  0.1,
    },
    "file": "recipes/cooking/scrambledeggs.json"
  },
  {
    "op": "add",
    "path": "/ingredients/9",
    "value": {
      "code": "salt",
      "validStacks": [
        {
          "type": "item",
          "code": "salt"
        }
      ],
      "minQuantity": 0,
      "maxQuantity": 1
    },
    "file": "recipes/cooking/scrambledeggs.json"
  },
 {
    "op": "add",
    "path": "/ingredients/6/validStacks/-",
    "value": { type: "item", code: "expandedfoods:sausageherb-bushmeat-raw",  shapeElement: "bowl/meatnugget 1/*", textureMapping: ["meatnugget", "redmeat-raw"] },
    "file": "recipes/cooking/scrambledeggs.json",
    dependsOn: [{ "modid": "wildfarming" }]
  },
 {
    "op": "add",
    "path": "/ingredients/6/validStacks/-",
    "value": { type: "item", code: "expandedfoods:sausageherb-bushmeat-dried",  shapeElement: "bowl/meatnugget 1/*", textureMapping: ["meatnugget", "redmeat-raw"] },
    "file": "recipes/cooking/scrambledeggs.json",
    dependsOn: [{ "modid": "wildfarming" }]
  },
 {
    "op": "add",
    "path": "/ingredients/6/validStacks/-",
    "value": { type: "item", code: "expandedfoods:sausageherb-bushmeatcheese-raw",  shapeElement: "bowl/meatnugget 1/*", textureMapping: ["meatnugget", "redmeat-raw"] },
    "file": "recipes/cooking/scrambledeggs.json",
    dependsOn: [{ "modid": "wildfarming" }]
  },
 {
    "op": "add",
    "path": "/ingredients/6/validStacks/-",
    "value": { type: "item", code: "expandedfoods:sausageherb-bushmeatcheese-dried",  shapeElement: "bowl/meatnugget 1/*", textureMapping: ["meatnugget", "redmeat-raw"] },
    "file": "recipes/cooking/scrambledeggs.json",
    dependsOn: [{ "modid": "wildfarming" }]
  },
 {
    "op": "add",
    "path": "/ingredients/6/validStacks/-",
    "value": { type: "item", code: "expandedfoods:sausageherb-poultry-raw",  shapeElement: "bowl/meatnugget 1/*", textureMapping: ["meatnugget", "poultry-raw"] },
    "file": "recipes/cooking/scrambledeggs.json",
    dependsOn: [{ "modid": "wildfarming" }]
  },
 {
    "op": "add",
    "path": "/ingredients/6/validStacks/-",
    "value": { type: "item", code: "expandedfoods:sausageherb-poultry-dried",  shapeElement: "bowl/meatnugget 1/*", textureMapping: ["meatnugget", "poultry-raw"] },
    "file": "recipes/cooking/scrambledeggs.json",
    dependsOn: [{ "modid": "wildfarming" }]
  },
 {
    "op": "add",
    "path": "/ingredients/6/validStacks/-",
    "value": { type: "item", code: "expandedfoods:sausageherb-poultrycheese-raw",  shapeElement: "bowl/meatnugget 1/*", textureMapping: ["meatnugget", "poultry-raw"] },
    "file": "recipes/cooking/scrambledeggs.json",
    dependsOn: [{ "modid": "wildfarming" }]
  },
 {
    "op": "add",
    "path": "/ingredients/6/validStacks/-",
    "value": { type: "item", code: "expandedfoods:sausageherb-poultrycheese-dried",  shapeElement: "bowl/meatnugget 1/*", textureMapping: ["meatnugget", "poultry-raw"] },
    "file": "recipes/cooking/scrambledeggs.json",
    dependsOn: [{ "modid": "wildfarming" }]
  },
 {
    "op": "add",
    "path": "/ingredients/6/validStacks/-",
    "value": { type: "item", code: "expandedfoods:sausageherb-redmeat-raw",  shapeElement: "bowl/meatnugget 1/*", textureMapping: ["meatnugget", "redmeat-raw"] },
    "file": "recipes/cooking/scrambledeggs.json",
    dependsOn: [{ "modid": "wildfarming" }]
  },
 {
    "op": "add",
    "path": "/ingredients/6/validStacks/-",
    "value": { type: "item", code: "expandedfoods:sausageherb-redmeat-dried",  shapeElement: "bowl/meatnugget 1/*", textureMapping: ["meatnugget", "redmeat-raw"] },
    "file": "recipes/cooking/scrambledeggs.json",
    dependsOn: [{ "modid": "wildfarming" }]
  },
 {
    "op": "add",
    "path": "/ingredients/6/validStacks/-",
    "value": { type: "item", code: "expandedfoods:sausageherb-redmeatcheese-raw",  shapeElement: "bowl/meatnugget 1/*", textureMapping: ["meatnugget", "redmeat-raw"] },
    "file": "recipes/cooking/scrambledeggs.json",
    dependsOn: [{ "modid": "wildfarming" }]
  },
 {
    "op": "add",
    "path": "/ingredients/6/validStacks/-",
    "value": { type: "item", code: "expandedfoods:sausageherb-redmeatcheese-dried",  shapeElement: "bowl/meatnugget 1/*", textureMapping: ["meatnugget", "redmeat-raw"] },
    "file": "recipes/cooking/scrambledeggs.json",
    dependsOn: [{ "modid": "wildfarming" }]
  },
 {
    "op": "add",
    "path": "/ingredients/7/validStacks/-",
    "value": { type: "item", code: "expandedfoods:sausageherb-bushmeat-raw",  shapeElement: "bowl/meatnugget 2/*", textureMapping: ["meatnugget", "redmeat-raw"] },
    "file": "recipes/cooking/scrambledeggs.json",
    dependsOn: [{ "modid": "wildfarming" }]
  },
 {
    "op": "add",
    "path": "/ingredients/7/validStacks/-",
    "value": { type: "item", code: "expandedfoods:sausageherb-bushmeat-dried",  shapeElement: "bowl/meatnugget 2/*", textureMapping: ["meatnugget", "redmeat-raw"] },
    "file": "recipes/cooking/scrambledeggs.json",
    dependsOn: [{ "modid": "wildfarming" }]
  },
 {
    "op": "add",
    "path": "/ingredients/7/validStacks/-",
    "value": { type: "item", code: "expandedfoods:sausageherb-bushmeatcheese-raw",  shapeElement: "bowl/meatnugget 2/*", textureMapping: ["meatnugget", "redmeat-raw"] },
    "file": "recipes/cooking/scrambledeggs.json",
    dependsOn: [{ "modid": "wildfarming" }]
  },
 {
    "op": "add",
    "path": "/ingredients/7/validStacks/-",
    "value": { type: "item", code: "expandedfoods:sausageherb-bushmeatcheese-dried",  shapeElement: "bowl/meatnugget 2/*", textureMapping: ["meatnugget", "redmeat-raw"] },
    "file": "recipes/cooking/scrambledeggs.json",
    dependsOn: [{ "modid": "wildfarming" }]
  },
 {
    "op": "add",
    "path": "/ingredients/7/validStacks/-",
    "value": { type: "item", code: "expandedfoods:sausageherb-poultry-raw",  shapeElement: "bowl/meatnugget 2/*", textureMapping: ["meatnugget", "poultry-raw"] },
    "file": "recipes/cooking/scrambledeggs.json",
    dependsOn: [{ "modid": "wildfarming" }]
  },
 {
    "op": "add",
    "path": "/ingredients/7/validStacks/-",
    "value": { type: "item", code: "expandedfoods:sausageherb-poultry-dried",  shapeElement: "bowl/meatnugget 2/*", textureMapping: ["meatnugget", "poultry-raw"] },
    "file": "recipes/cooking/scrambledeggs.json",
    dependsOn: [{ "modid": "wildfarming" }]
  },
 {
    "op": "add",
    "path": "/ingredients/7/validStacks/-",
    "value": { type: "item", code: "expandedfoods:sausageherb-poultrycheese-raw",  shapeElement: "bowl/meatnugget 2/*", textureMapping: ["meatnugget", "poultry-raw"] },
    "file": "recipes/cooking/scrambledeggs.json",
    dependsOn: [{ "modid": "wildfarming" }]
  },
 {
    "op": "add",
    "path": "/ingredients/7/validStacks/-",
    "value": { type: "item", code: "expandedfoods:sausageherb-poultrycheese-dried",  shapeElement: "bowl/meatnugget 2/*", textureMapping: ["meatnugget", "poultry-raw"] },
    "file": "recipes/cooking/scrambledeggs.json",
    dependsOn: [{ "modid": "wildfarming" }]
  },
 {
    "op": "add",
    "path": "/ingredients/7/validStacks/-",
    "value": { type: "item", code: "expandedfoods:sausageherb-redmeat-raw",  shapeElement: "bowl/meatnugget 2/*", textureMapping: ["meatnugget", "redmeat-raw"] },
    "file": "recipes/cooking/scrambledeggs.json",
    dependsOn: [{ "modid": "wildfarming" }]
  },
 {
    "op": "add",
    "path": "/ingredients/7/validStacks/-",
    "value": { type: "item", code: "expandedfoods:sausageherb-redmeat-dried",  shapeElement: "bowl/meatnugget 2/*", textureMapping: ["meatnugget", "redmeat-raw"] },
    "file": "recipes/cooking/scrambledeggs.json",
    dependsOn: [{ "modid": "wildfarming" }]
  },
 {
    "op": "add",
    "path": "/ingredients/7/validStacks/-",
    "value": { type: "item", code: "expandedfoods:sausageherb-redmeatcheese-raw",  shapeElement: "bowl/meatnugget 2/*", textureMapping: ["meatnugget", "redmeat-raw"] },
    "file": "recipes/cooking/scrambledeggs.json",
    dependsOn: [{ "modid": "wildfarming" }]
  },
 {
    "op": "add",
    "path": "/ingredients/7/validStacks/-",
    "value": { type: "item", code: "expandedfoods:sausageherb-redmeatcheese-dried",  shapeElement: "bowl/meatnugget 2/*", textureMapping: ["meatnugget", "redmeat-raw"] },
    "file": "recipes/cooking/scrambledeggs.json",
    dependsOn: [{ "modid": "wildfarming" }]
  },
 {
    "op": "add",
    "path": "/ingredients/6/validStacks/-",
    "value": { "type": "item", "code": "expandedfoods:fishnugget-raw", "shapeElement": "bowl/meatnugget 1/*",  "textureMapping": [ "meatnugget", "fishfillet-raw"  ] },
    "file": "recipes/cooking/scrambledeggs.json",
    dependsOn: [{ "modid": "primitivesurvival" }]
  },
 {
    "op": "add",
    "path": "/ingredients/6/validStacks/-",
    "value": { "type": "item", "code": "expandedfoods:crabnugget-raw", "shapeElement": "bowl/meatnugget 1/*",  "textureMapping": [ "meatnugget", "crabmeat"  ] },
    "file": "recipes/cooking/scrambledeggs.json",
    dependsOn: [{ "modid": "primitivesurvival" }]
  },
 {
    "op": "add",
    "path": "/ingredients/6/validStacks/-",
    "value": { "type": "item", "code": "expandedfoods:snakenugget-raw", "shapeElement": "bowl/meatnugget 1/*",  "textureMapping": [ "meatnugget", "snakemeat"  ] },
    "file": "recipes/cooking/scrambledeggs.json",
    dependsOn: [{ "modid": "primitivesurvival" }]
  },
 {
    "op": "add",
    "path": "/ingredients/6/validStacks/-",
    "value": { "type": "item", "code": "expandedfoods:sausagefish-normal-raw",  "shapeElement": "bowl/meatnugget 1/*", "textureMapping": [ "meatnugget", "poultry-raw" ] },
    "file": "recipes/cooking/scrambledeggs.json",
    dependsOn: [{ "modid": "primitivesurvival" }]
  },
 {
    "op": "add",
    "path": "/ingredients/6/validStacks/-",
    "value": { "type": "item", "code": "expandedfoods:sausagefish-normal-dried", "shapeElement": "bowl/meatnugget 1/*", "textureMapping": [ "meatnugget", "poultry-raw" ] },
    "file": "recipes/cooking/scrambledeggs.json",
    dependsOn: [{ "modid": "primitivesurvival" }]
  },
 {
    "op": "add",
    "path": "/ingredients/6/validStacks/-",
    "value": { "type": "item", "code": "expandedfoods:sausagefish-cheese-raw", "shapeElement": "bowl/meatnugget 1/*", "textureMapping": [ "meatnugget", "poultry-raw" ] },
    "file": "recipes/cooking/scrambledeggs.json",
    dependsOn: [{ "modid": "primitivesurvival" }]
  },
 {
    "op": "add",
    "path": "/ingredients/6/validStacks/-",
    "value": { "type": "item", "code": "expandedfoods:sausagefish-cheese-dried", "shapeElement": "bowl/meatnugget 1/*", "textureMapping": [ "meatnugget", "poultry-raw" ] },
    "file": "recipes/cooking/scrambledeggs.json",
    dependsOn: [{ "modid": "primitivesurvival" }]
  },
 {
    "op": "add",
    "path": "/ingredients/6/validStacks/-",
    "value": { "type": "item", "code": "expandedfoods:sausagecrab-normal-raw", "shapeElement": "bowl/meatnugget 1/*", "textureMapping": [ "meatnugget", "crabmeat" ] },
    "file": "recipes/cooking/scrambledeggs.json",
    dependsOn: [{ "modid": "primitivesurvival" }]
  },
 {
    "op": "add",
    "path": "/ingredients/6/validStacks/-",
    "value": { "type": "item", "code": "expandedfoods:sausagecrab-normal-dried", "shapeElement": "bowl/meatnugget 1/*", "textureMapping": [ "meatnugget", "crabmeat" ] },
    "file": "recipes/cooking/scrambledeggs.json",
    dependsOn: [{ "modid": "primitivesurvival" }]
  },
 {
    "op": "add",
    "path": "/ingredients/6/validStacks/-",
    "value": { "type": "item", "code": "expandedfoods:sausagecrab-cheese-raw", "shapeElement": "bowl/meatnugget 1/*", "textureMapping": [ "meatnugget", "crabmeat" ] },
    "file": "recipes/cooking/scrambledeggs.json",
    dependsOn: [{ "modid": "primitivesurvival" }]
  },
 {
    "op": "add",
    "path": "/ingredients/6/validStacks/-",
    "value": { "type": "item", "code": "expandedfoods:sausagecrab-cheese-dried", "shapeElement": "bowl/meatnugget 1/*", "textureMapping": [ "meatnugget", "crabmeat" ] },
    "file": "recipes/cooking/scrambledeggs.json",
    dependsOn: [{ "modid": "primitivesurvival" }]
  },
 {
    "op": "add",
    "path": "/ingredients/6/validStacks/-",
    "value": { "type": "item", "code": "expandedfoods:sausagesnake-normal-raw", "shapeElement": "bowl/meatnugget 1/*", "textureMapping": [ "meatnugget", "snakemeat" ] },
    "file": "recipes/cooking/scrambledeggs.json",
    dependsOn: [{ "modid": "primitivesurvival" }]
  },
 {
    "op": "add",
    "path": "/ingredients/6/validStacks/-",
    "value": { "type": "item", "code": "expandedfoods:sausagesnake-normal-dried", "shapeElement": "bowl/meatnugget 1/*", "textureMapping": [ "meatnugget", "snakemeat" ] },
    "file": "recipes/cooking/scrambledeggs.json",
    dependsOn: [{ "modid": "primitivesurvival" }]
  },
 {
    "op": "add",
    "path": "/ingredients/6/validStacks/-",
    "value": { "type": "item", "code": "expandedfoods:sausagesnake-cheese-raw", "shapeElement": "bowl/meatnugget 1/*", "textureMapping": [ "meatnugget", "snakemeat" ] },
    "file": "recipes/cooking/scrambledeggs.json",
    dependsOn: [{ "modid": "primitivesurvival" }]
  },
 {
    "op": "add",
    "path": "/ingredients/6/validStacks/-",
    "value": { "type": "item", "code": "expandedfoods:sausagesnake-cheese-dried", "shapeElement": "bowl/meatnugget 1/*", "textureMapping": [ "meatnugget", "snakemeat" ] },
    "file": "recipes/cooking/scrambledeggs.json",
    dependsOn: [{ "modid": "primitivesurvival" }]
  },
 {
    "op": "add",
    "path": "/ingredients/7/validStacks/-",
    "value": { "type": "item", "code": "expandedfoods:fishnugget-raw", "shapeElement": "bowl/meatnugget 2/*",  "textureMapping": [ "meatnugget", "fishfillet-raw"  ] },
    "file": "recipes/cooking/scrambledeggs.json",
    dependsOn: [{ "modid": "primitivesurvival" }]
  },
 {
    "op": "add",
    "path": "/ingredients/7/validStacks/-",
    "value": { "type": "item", "code": "expandedfoods:crabnugget-raw", "shapeElement": "bowl/meatnugget 2/*",  "textureMapping": [ "meatnugget", "crabmeat"  ] },
    "file": "recipes/cooking/scrambledeggs.json",
    dependsOn: [{ "modid": "primitivesurvival" }]
  },
 {
    "op": "add",
    "path": "/ingredients/7/validStacks/-",
    "value": { "type": "item", "code": "expandedfoods:snakenugget-raw", "shapeElement": "bowl/meatnugget 2/*",  "textureMapping": [ "meatnugget", "snakemeat"  ] },
    "file": "recipes/cooking/scrambledeggs.json",
    dependsOn: [{ "modid": "primitivesurvival" }]
  },
 {
    "op": "add",
    "path": "/ingredients/7/validStacks/-",
    "value": { "type": "item", "code": "expandedfoods:sausagefish-normal-raw",  "shapeElement": "bowl/meatnugget 2/*", "textureMapping": [ "meatnugget", "poultry-raw" ] },
    "file": "recipes/cooking/scrambledeggs.json",
    dependsOn: [{ "modid": "primitivesurvival" }]
  },
 {
    "op": "add",
    "path": "/ingredients/7/validStacks/-",
    "value": { "type": "item", "code": "expandedfoods:sausagefish-normal-dried", "shapeElement": "bowl/meatnugget 2/*", "textureMapping": [ "meatnugget", "poultry-raw" ] },
    "file": "recipes/cooking/scrambledeggs.json",
    dependsOn: [{ "modid": "primitivesurvival" }]
  },
 {
    "op": "add",
    "path": "/ingredients/7/validStacks/-",
    "value": { "type": "item", "code": "expandedfoods:sausagefish-cheese-raw", "shapeElement": "bowl/meatnugget 2/*", "textureMapping": [ "meatnugget", "poultry-raw" ] },
    "file": "recipes/cooking/scrambledeggs.json",
    dependsOn: [{ "modid": "primitivesurvival" }]
  },
 {
    "op": "add",
    "path": "/ingredients/7/validStacks/-",
    "value": { "type": "item", "code": "expandedfoods:sausagefish-cheese-dried", "shapeElement": "bowl/meatnugget 2/*", "textureMapping": [ "meatnugget", "poultry-raw" ] },
    "file": "recipes/cooking/scrambledeggs.json",
    dependsOn: [{ "modid": "primitivesurvival" }]
  },
 {
    "op": "add",
    "path": "/ingredients/7/validStacks/-",
    "value": { "type": "item", "code": "expandedfoods:sausagecrab-normal-raw", "shapeElement": "bowl/meatnugget 2/*", "textureMapping": [ "meatnugget", "crabmeat" ] },
    "file": "recipes/cooking/scrambledeggs.json",
    dependsOn: [{ "modid": "primitivesurvival" }]
  },
 {
    "op": "add",
    "path": "/ingredients/7/validStacks/-",
    "value": { "type": "item", "code": "expandedfoods:sausagecrab-normal-dried", "shapeElement": "bowl/meatnugget 2/*", "textureMapping": [ "meatnugget", "crabmeat" ] },
    "file": "recipes/cooking/scrambledeggs.json",
    dependsOn: [{ "modid": "primitivesurvival" }]
  },
 {
    "op": "add",
    "path": "/ingredients/7/validStacks/-",
    "value": { "type": "item", "code": "expandedfoods:sausagecrab-cheese-raw", "shapeElement": "bowl/meatnugget 2/*", "textureMapping": [ "meatnugget", "crabmeat" ] },
    "file": "recipes/cooking/scrambledeggs.json",
    dependsOn: [{ "modid": "primitivesurvival" }]
  },
 {
    "op": "add",
    "path": "/ingredients/7/validStacks/-",
    "value": { "type": "item", "code": "expandedfoods:sausagecrab-cheese-dried", "shapeElement": "bowl/meatnugget 2/*", "textureMapping": [ "meatnugget", "crabmeat" ] },
    "file": "recipes/cooking/scrambledeggs.json",
    dependsOn: [{ "modid": "primitivesurvival" }]
  },
 {
    "op": "add",
    "path": "/ingredients/7/validStacks/-",
    "value": { "type": "item", "code": "expandedfoods:sausagesnake-normal-raw", "shapeElement": "bowl/meatnugget 2/*", "textureMapping": [ "meatnugget", "snakemeat" ] },
    "file": "recipes/cooking/scrambledeggs.json",
    dependsOn: [{ "modid": "primitivesurvival" }]
  },
 {
    "op": "add",
    "path": "/ingredients/7/validStacks/-",
    "value": { "type": "item", "code": "expandedfoods:sausagesnake-normal-dried", "shapeElement": "bowl/meatnugget 2/*", "textureMapping": [ "meatnugget", "snakemeat" ] },
    "file": "recipes/cooking/scrambledeggs.json",
    dependsOn: [{ "modid": "primitivesurvival" }]
  },
 {
    "op": "add",
    "path": "/ingredients/7/validStacks/-",
    "value": { "type": "item", "code": "expandedfoods:sausagesnake-cheese-raw", "shapeElement": "bowl/meatnugget 2/*", "textureMapping": [ "meatnugget", "snakemeat" ] },
    "file": "recipes/cooking/scrambledeggs.json",
    dependsOn: [{ "modid": "primitivesurvival" }]
  },
 {
    "op": "add",
    "path": "/ingredients/7/validStacks/-",
    "value": { "type": "item", "code": "expandedfoods:sausagesnake-cheese-dried", "shapeElement": "bowl/meatnugget 2/*", "textureMapping": [ "meatnugget", "snakemeat" ] },
    "file": "recipes/cooking/scrambledeggs.json",
    dependsOn: [{ "modid": "primitivesurvival" }]
  },
 {
    "op": "add",
    "path": "/ingredients/6/validStacks/-",
    "value": { "type": "item", "code": "expandedfoods:sausagefishherb-normal-raw", "shapeElement": "bowl/meatnugget 1/*", "textureMapping": [ "meatnugget", "poultry-raw" ] },
    "file": "recipes/cooking/scrambledeggs.json",
    dependsOn: [{ "modid": "primitivesurvival" }, { "modid": "wildfarming" }]
  },
 {
    "op": "add",
    "path": "/ingredients/6/validStacks/-",
    "value": { "type": "item", "code": "expandedfoods:sausagefishherb-normal-dried", "shapeElement": "bowl/meatnugget 1/*", "textureMapping": [ "meatnugget", "poultry-raw" ] },
    "file": "recipes/cooking/scrambledeggs.json",
    dependsOn: [{ "modid": "primitivesurvival" }, { "modid": "wildfarming" }]
  },
 {
    "op": "add",
    "path": "/ingredients/6/validStacks/-",
    "value": { "type": "item", "code": "expandedfoods:sausagefishherb-cheese-raw", "shapeElement": "bowl/meatnugget 1/*", "textureMapping": [ "meatnugget", "poultry-raw" ] },
    "file": "recipes/cooking/scrambledeggs.json",
    dependsOn: [{ "modid": "primitivesurvival" }, { "modid": "wildfarming" }]
  },
 {
    "op": "add",
    "path": "/ingredients/6/validStacks/-",
    "value": { "type": "item", "code": "expandedfoods:sausagefishherb-cheese-dried", "shapeElement": "bowl/meatnugget 1/*", "textureMapping": [ "meatnugget", "poultry-raw" ] },
    "file": "recipes/cooking/scrambledeggs.json",
    dependsOn: [{ "modid": "primitivesurvival" }, { "modid": "wildfarming" }]
  },
 {
    "op": "add",
    "path": "/ingredients/6/validStacks/-",
    "value": { "type": "item", "code": "expandedfoods:sausagecrabherb-normal-raw", "shapeElement": "bowl/meatnugget 1/*", "textureMapping": [ "meatnugget", "crabmeat" ] },
    "file": "recipes/cooking/scrambledeggs.json",
    dependsOn: [{ "modid": "primitivesurvival" }, { "modid": "wildfarming" }]
  },
 {
    "op": "add",
    "path": "/ingredients/6/validStacks/-",
    "value": { "type": "item", "code": "expandedfoods:sausagecrabherb-normal-dried", "shapeElement": "bowl/meatnugget 1/*", "textureMapping": [ "meatnugget", "crabmeat" ] },
    "file": "recipes/cooking/scrambledeggs.json",
    dependsOn: [{ "modid": "primitivesurvival" }, { "modid": "wildfarming" }]
  },
 {
    "op": "add",
    "path": "/ingredients/6/validStacks/-",
    "value": { "type": "item", "code": "expandedfoods:sausagecrabherb-cheese-raw", "shapeElement": "bowl/meatnugget 1/*", "textureMapping": [ "meatnugget", "crabmeat" ] },
    "file": "recipes/cooking/scrambledeggs.json",
    dependsOn: [{ "modid": "primitivesurvival" }, { "modid": "wildfarming" }]
  },
 {
    "op": "add",
    "path": "/ingredients/6/validStacks/-",
    "value": { "type": "item", "code": "expandedfoods:sausagecrabherb-cheese-dried", "shapeElement": "bowl/meatnugget 1/*", "textureMapping": [ "meatnugget", "crabmeat" ] },
    "file": "recipes/cooking/scrambledeggs.json",
    dependsOn: [{ "modid": "primitivesurvival" }, { "modid": "wildfarming" }]
  },
 {
    "op": "add",
    "path": "/ingredients/6/validStacks/-",
    "value": { "type": "item", "code": "expandedfoods:sausagesnakeherb-normal-raw", "shapeElement": "bowl/meatnugget 1/*", "textureMapping": [ "meatnugget", "snakemeat" ] },
    "file": "recipes/cooking/scrambledeggs.json",
    dependsOn: [{ "modid": "primitivesurvival" }, { "modid": "wildfarming" }]
  },
 {
    "op": "add",
    "path": "/ingredients/6/validStacks/-",
    "value": { "type": "item", "code": "expandedfoods:sausagesnakeherb-normal-dried", "shapeElement": "bowl/meatnugget 1/*", "textureMapping": [ "meatnugget", "snakemeat" ] },
    "file": "recipes/cooking/scrambledeggs.json",
    dependsOn: [{ "modid": "primitivesurvival" }, { "modid": "wildfarming" }]
  },
 {
    "op": "add",
    "path": "/ingredients/6/validStacks/-",
    "value": { "type": "item", "code": "expandedfoods:sausagesnakeherb-cheese-raw", "shapeElement": "bowl/meatnugget 1/*", "textureMapping": [ "meatnugget", "snakemeat" ] },
    "file": "recipes/cooking/scrambledeggs.json",
    dependsOn: [{ "modid": "primitivesurvival" }, { "modid": "wildfarming" }]
  },
 {
    "op": "add",
    "path": "/ingredients/6/validStacks/-",
    "value": { "type": "item", "code": "expandedfoods:sausagesnakeherb-cheese-dried", "shapeElement": "bowl/meatnugget 1/*",  "textureMapping": [ "meatnugget", "snakemeat" ] },
    "file": "recipes/cooking/scrambledeggs.json",
    dependsOn: [{ "modid": "primitivesurvival" }, { "modid": "wildfarming" }]
  },
 {
    "op": "add",
    "path": "/ingredients/7/validStacks/-",
    "value": { "type": "item", "code": "expandedfoods:sausagefishherb-normal-raw", "shapeElement": "bowl/meatnugget 2/*", "textureMapping": [ "meatnugget", "poultry-raw" ] },
    "file": "recipes/cooking/scrambledeggs.json",
    dependsOn: [{ "modid": "primitivesurvival" }, { "modid": "wildfarming" }]
  },
 {
    "op": "add",
    "path": "/ingredients/7/validStacks/-",
    "value": { "type": "item", "code": "expandedfoods:sausagefishherb-normal-dried", "shapeElement": "bowl/meatnugget 2/*", "textureMapping": [ "meatnugget", "poultry-raw" ] },
    "file": "recipes/cooking/scrambledeggs.json",
    dependsOn: [{ "modid": "primitivesurvival" }, { "modid": "wildfarming" }]
  },
 {
    "op": "add",
    "path": "/ingredients/7/validStacks/-",
    "value": { "type": "item", "code": "expandedfoods:sausagefishherb-cheese-raw", "shapeElement": "bowl/meatnugget 2/*", "textureMapping": [ "meatnugget", "poultry-raw" ] },
    "file": "recipes/cooking/scrambledeggs.json",
    dependsOn: [{ "modid": "primitivesurvival" }, { "modid": "wildfarming" }]
  },
 {
    "op": "add",
    "path": "/ingredients/7/validStacks/-",
    "value": { "type": "item", "code": "expandedfoods:sausagefishherb-cheese-dried", "shapeElement": "bowl/meatnugget 2/*", "textureMapping": [ "meatnugget", "poultry-raw" ] },
    "file": "recipes/cooking/scrambledeggs.json",
    dependsOn: [{ "modid": "primitivesurvival" }, { "modid": "wildfarming" }]
  },
 {
    "op": "add",
    "path": "/ingredients/7/validStacks/-",
    "value": { "type": "item", "code": "expandedfoods:sausagecrabherb-normal-raw", "shapeElement": "bowl/meatnugget 2/*", "textureMapping": [ "meatnugget", "crabmeat" ] },
    "file": "recipes/cooking/scrambledeggs.json",
    dependsOn: [{ "modid": "primitivesurvival" }, { "modid": "wildfarming" }]
  },
 {
    "op": "add",
    "path": "/ingredients/7/validStacks/-",
    "value": { "type": "item", "code": "expandedfoods:sausagecrabherb-normal-dried", "shapeElement": "bowl/meatnugget 2/*", "textureMapping": [ "meatnugget", "crabmeat" ] },
    "file": "recipes/cooking/scrambledeggs.json",
    dependsOn: [{ "modid": "primitivesurvival" }, { "modid": "wildfarming" }]
  },
 {
    "op": "add",
    "path": "/ingredients/7/validStacks/-",
    "value": { "type": "item", "code": "expandedfoods:sausagecrabherb-cheese-raw", "shapeElement": "bowl/meatnugget 2/*", "textureMapping": [ "meatnugget", "crabmeat" ] },
    "file": "recipes/cooking/scrambledeggs.json",
    dependsOn: [{ "modid": "primitivesurvival" }, { "modid": "wildfarming" }]
  },
 {
    "op": "add",
    "path": "/ingredients/7/validStacks/-",
    "value": { "type": "item", "code": "expandedfoods:sausagecrabherb-cheese-dried", "shapeElement": "bowl/meatnugget 2/*", "textureMapping": [ "meatnugget", "crabmeat" ] },
    "file": "recipes/cooking/scrambledeggs.json",
    dependsOn: [{ "modid": "primitivesurvival" }, { "modid": "wildfarming" }]
  },
 {
    "op": "add",
    "path": "/ingredients/7/validStacks/-",
    "value": { "type": "item", "code": "expandedfoods:sausagesnakeherb-normal-raw", "shapeElement": "bowl/meatnugget 2/*", "textureMapping": [ "meatnugget", "snakemeat" ] },
    "file": "recipes/cooking/scrambledeggs.json",
    dependsOn: [{ "modid": "primitivesurvival" }, { "modid": "wildfarming" }]
  },
 {
    "op": "add",
    "path": "/ingredients/7/validStacks/-",
    "value": { "type": "item", "code": "expandedfoods:sausagesnakeherb-normal-dried", "shapeElement": "bowl/meatnugget 2/*", "textureMapping": [ "meatnugget", "snakemeat" ] },
    "file": "recipes/cooking/scrambledeggs.json",
    dependsOn: [{ "modid": "primitivesurvival" }, { "modid": "wildfarming" }]
  },
 {
    "op": "add",
    "path": "/ingredients/7/validStacks/-",
    "value": { "type": "item", "code": "expandedfoods:sausagesnakeherb-cheese-raw", "shapeElement": "bowl/meatnugget 2/*", "textureMapping": [ "meatnugget", "snakemeat" ] },
    "file": "recipes/cooking/scrambledeggs.json",
    dependsOn: [{ "modid": "primitivesurvival" }, { "modid": "wildfarming" }]
  },
 {
    "op": "add",
    "path": "/ingredients/7/validStacks/-",
    "value": { "type": "item", "code": "expandedfoods:sausagesnakeherb-cheese-dried", "shapeElement": "bowl/meatnugget 2/*",  "textureMapping": [ "meatnugget", "snakemeat" ] },
    "file": "recipes/cooking/scrambledeggs.json",
    dependsOn: [{ "modid": "primitivesurvival" }, { "modid": "wildfarming" }]
  },
 {
    "op": "add",
    "path": "/ingredients/8/validStacks/-",
    "value": {
          "type": "item",
          "code": "fishsauce",
          "shapeElement": "bowl/topping/*",
          "textureMapping": [
            "topping",
            "fishsauce"
          ]
    },
    "file": "recipes/cooking/scrambledeggs.json",
    dependsOn: [{ "modid": "primitivesurvival" }]
  },
]