[
  {
    "op": "replace",
    "path": "/elements/0/children/0/children/1/faces/up/uv/1",
    "value": 4.0,
    "file": "shapes/block/food/pie/quarter.json"
  },
  {
    "op": "replace",
    "path": "/elements/0/children/0/children/1/faces/up/uv/3",
    "value": 8.0,
    "file": "shapes/block/food/pie/quarter.json"
  },
  {
    "op": "replace",
    "path": "/elements/0/children/0/children/2/faces/up/uv/1",
    "value": 4.0,
    "file": "shapes/block/food/pie/quarter.json"
  },
  {
    "op": "replace",
    "path": "/elements/0/children/0/children/2/faces/up/uv/3",
    "value": 8.0,
    "file": "shapes/block/food/pie/quarter.json"
  }
]