[
  {
    "op": "replace",
    "path": "/elements/0/children/0/children/1/faces/up/uv/0",
    "value": 4.0,
    "file": "shapes/block/food/pie/full-fill1.json"
  },
  {
    "op": "replace",
    "path": "/elements/0/children/0/children/1/faces/up/uv/1",
    "value": 4.0,
    "file": "shapes/block/food/pie/full-fill1.json"
  },
  {
    "op": "replace",
    "path": "/elements/0/children/0/children/1/faces/up/uv/2",
    "value": 12.0,
    "file": "shapes/block/food/pie/full-fill1.json"
  },
  {
    "op": "replace",
    "path": "/elements/0/children/0/children/1/faces/up/uv/3",
    "value": 12.0,
    "file": "shapes/block/food/pie/full-fill1.json"
  }
]