{
	ingredientPattern: "RTS,PGC,RTS",
	enabled: false,
	ingredients: {
		"S": { type: "item", code: "game:metalplate-steel", quantity: 1 },
		"T": { type: "item", code: "locustmod:plating", quantity: 1 },
		"P": { type: "item", code: "locustmod:advparts", quantity: 1 },
		"G": { type: "block", code: "game:glass-quartz", quantity: 1 },
		"C": { type: "item", code: "backpackpackplus:core", quantity: 1 },
		"R": { type: "item", code: "locustmod:fieldresonator", quantity: 1 }
	},
	width: 3,
	height: 3,
	output: { type: "item", code: "backpackpackplus:blackhole"  }
}