[
	{
  "ingredientPattern": "QQQ,QFQ,_C_",
  "ingredients": {
    "Q": {
      "type": "item", 
	  "code": "game:ore-quartz", "quantity": 2
    },
    "F": {
      "type": "item",
      "code": "filament", "quantity": 2
    },
	"C": {
      "type": "block",
      "code": "copperparts"
    }
	},
  "width": 3,
  "height": 3,
  "output": { type: "item", code: "bulb", "quantity": 2  }
	},
	{
	"ingredientPattern": "QQQ,QFQ,_C_",
  "ingredients": {
    "Q": {
      "type": "item", 
	  "code": "game:clearquartz", "quantity": 1
    },
   "F": {
      "type": "item",
      "code": "filament", "quantity": 2
    },
	"C": {
      "type": "block",
      "code": "copperparts"
    }
  },
  "width": 3,
  "height": 3,
  "output": { type: "item", code: "bulb", "quantity": 2  }
	},
	{
	"ingredientPattern": "H,B",
  "ingredients": {
    "H": {
      "type": "item", 
	  "code": "game:hammer-*", isTool: true, toolDurabilityCost: 1
    },
   "B": {
      "type": "item",
      "code": "bulb", "quantity": 1
    }
  },
  "width": 1,
  "height": 2,
  "shapeless": true,
  "output": { type: "item", code: "filament", "quantity": 1  }
	}
]
