[
	{
  "ingredientPattern": "_F_,SCX,HBZ",
  "ingredients": {
    "S": {
      "type": "item", 
	  "code": "game:longbladehead-steel", "quantity": 1
    },
    "C": {
      "type": "item",
      "code": "coil", "quantity": 8
    },
	"H": {
      "type": "item",
      "code": "metalhaft", "quantity": 1
    },
	"B": {
      "type": "item",
      "code": "czbatt", "quantity": 1
    },
	"F": {
      "type": "item",
      "code": "filament", "quantity": 4
    },
	"Z": {
      "type": "item",
      "code": "game:solderingiron", isTool: true, toolDurabilityCost: 5
    },
	"X": {
      "type": "item",
      "code": "game:solderbar-*", "quantity": 5
    }
	},
  "width": 3,
  "height": 3,
  recipeGroup: 1,
  "averageDurability": false,
  "output": { type: "item", code: "electricsword", "quantity": 1  }
	},
	{
	"ingredientPattern": "SC_",
  "ingredients": {
    "S": {
      "type": "item", 
	  "code": "electricsword", "quantity": 1
    },
    "C": {
      "type": "item",
      "code": "czbatt", "quantity": 1
    }
  },
  "width": 3,
  "height": 1,
  "shapeless": true,
  "averageDurability": false,
  "output": { type: "item", code: "electricsword", "quantity": 1  }
	}
]
