[
	{
  "ingredientPattern": "PQ,TX",
  "ingredients": {
    "P": {
      "type": "item", 
	  "code": "plating", "quantity": 1
    },
    "Q": {
      "type": "block",
      "code": "game:metal-parts", "quantity": 1
    },
	"T": {
      "type": "block", 
	  "code": "brassparts", "quantity": 1
    },
	"X": {
      "type": "item",
      "code": "schematic-basicpart", isTool: true, toolDurabilityCost: 0
    }
	},
  "width": 2,
  "height": 2,
  recipeGroup: 1,
  "shapeless": true,
  "output": { type: "item", code: "fieldresonator", "quantity": 4  }
	}
]
