[	
	{
  "ingredientPattern": "QIQ,CBC,ZPX",
  "ingredients": {
    "Q": {
      "type": "block", 
	  "code": "game:glassslab-plain-down-free", "quantity": 1
    },
    "B": {
      "type": "item",
      "code": "bulb"
    },
	"P": {
      "type": "item",
      "code": "czbatt"
	},
    "I": {
      "type": "item",
      "code": "game:metalplate-molybdochalkos"
    },
	"Z": {
      "type": "item",
      "code": "game:solderingiron", isTool: true, toolDurabilityCost: 1
    },
	"X": {
      "type": "item",
      "code": "game:solderbar-*", "quantity": 1
    },
    "C": {
      "type": "item",
      "code": "coil", "quantity": 1
    }
  },
  "width": 3,
  "height": 3,
  "output": { type: "block", code: "elantern-up", "quantity": 1  }
	},
	{
  "ingredientPattern": "QIQ,CBC,ZPX",
  "ingredients": {
    "Q": {
      "type": "block", 
	  "code": "game:glassslab-plain-down-free", "quantity": 1
    },
    "B": {
      "type": "item",
      "code": "bulb"
    },
	"P": {
      "type": "item",
      "code": "czbatt"
	},
    "I": {
      "type": "item",
      "code": "game:metalplate-lead"
    },
	"Z": {
      "type": "item",
      "code": "game:solderingiron", isTool: true, toolDurabilityCost: 1
    },
	"X": {
      "type": "item",
      "code": "game:solderbar-*", "quantity": 1
    },
    "C": {
      "type": "item",
      "code": "coil", "quantity": 1
    }
  },
  "width": 3,
  "height": 3,
  "output": { type: "block", code: "elantern-up", "quantity": 1  }
	}
]