[
	{
  "ingredientPattern": "LGB,XCM,S__",
  "ingredients": {
    "X": {
      "type": "item", 
	  "code": "schematic-gaunt", isTool: true, toolDurabilityCost: 0
    },
    "L": {
      "type": "item",
      "code": "game:leather-*", "quantity": 4
    },
	"B": {
      "type": "item",
      "code": "game:gem-diamond-rough", "quantity": 1
    },
	"M": {
      "type": "item",
      "code": "advparts", "quantity": 1
    },
	"G": {
      "type": "item",
      "code": "gloveframe"
    },
	"C": {
      "type": "item",
      "code": "temporalcore"
    },
	"S": {
      "type": "item",
      "code": "game:metalplate-steel", "quantity": 1
    }
	},
  "width": 3,
  "height": 3,
  recipeGroup: 1,
  "averageDurability": false,
  "output": { type: "item", code: "glove", "quantity": 1  }
	},
	{
	"ingredientPattern": "SC_",
  "ingredients": {
    "S": {
      "type": "item", 
	  "code": "glove", "quantity": 1
    },
    "C": {
      "type": "item",
      "code": "temporalpowercell", "quantity": 24
    }
  },
  "width": 3,
  "height": 1,
  "shapeless": true,
  "averageDurability": false,
  "output": { type: "item", code: "glove", "quantity": 1  }
	}
]
