[
	{
  "ingredientPattern": "_X_,BRC,PVP",
  "ingredients": {
	"R": {
      "type": "item", 
	  "code": "fieldresonator", "quantity": 4
    },
	"P": {
      "type": "item", 
	  "code": "plating", "quantity": 2
    },
	"V": {
      "type": "item", 
	  "code": "game:metalplate-steel", "quantity": 2
    },
    "X": {
      "type": "item", 
	  "code": "schematic-advpart", isTool: true, toolDurabilityCost: 0
    },
	"B": {
      "type": "item",
      "code": "advparts", "quantity": 2
    },
	"C": {
      "type": "item",
      "code": "temporalcore"
    }
	},
  "width": 3,
  "height": 3,
  "output": { type: "block", code: "game:creativerotor-north", "quantity": 1  }
	}
]
