{
  "ingredientPattern": "PEP,GSG,PXP",
  "ingredients": {
    "P": {
      "type": "item", 
	  "code": "temporalpowercell", "quantity": 4
    },
    "E": {
      "type": "item",
      "code": "fieldresonator", "quantity": 4
    },
	"G": {
      "type": "item",
      "code": "game:gear-temporal", "quantity": 1
    },
	"S": {
      "type": "item",
      "code": "game:metalplate-steel", "quantity": 1
    },
	"X": {
      "type": "item",
      "code": "schematic-advpart", isTool: true, toolDurabilityCost: 0
    }
  },
  "width": 3,
  "height": 3,
  "shapeless": true,
  "output": { type: "item", code: "temporalcore", "quantity": 1  }
}
