{
  "ingredientPattern": "_BW,BFT",
  "ingredients": {
    "B": {
      "type": "block",
      "code": "game:rock-bauxite"
    },
    "W": {
      "type": "block",
      "code": "game:plaster-plain"
    },
    "F": {
      "type": "item",
      "code": "game:fat",
	  "quantity": 2
    },
    "T": {
      "type": "block",
      "code": "game:torch-*-lit-up"
    }
  },
  "width": 3,
  "height": 2,
  "shapeless": false,
  "output": { type: "block", code: "artlamp-brown" }
}
