{
  "ingredientPattern": "W,P,L",
  "ingredients": {
    "W": {
      "type": "block",
      "code": "zeekea:linen-*-down",
	  "name": "color",
	  "allowedVariants": ["carbon_black", "verdigris", "ultramarine", "cinnabar", "chalk_white" ]
    },
    "P": {
      "type": "item",
      "code": "game:plank-*",
	  "name": "wood",
	  "allowedVariants": ["acacia", "birch", "kapok", "maple", "oak", "pine", "baldcypress", "larch", "redwood", "ebony", "walnut", "purpleheart"]
    },
    "L": {
      "type": "block",
      "code": "game:log-placed-*-ud",
	  "quantity": 2,
	  "name": "wood",
	  "allowedVariants": ["acacia", "birch", "kapok", "maple", "oak", "pine", "baldcypress", "larch", "redwood", "ebony", "walnut", "purpleheart"]
    },
  },
  "width": 1,
  "height": 3,
  "shapeless": false,
  "output": { type: "block", code: "barchair-{wood}-{color}" }
}
