{
  "ingredientPattern": "RPR,SSS,P_P",
  "ingredients": {
	"R": {
      "type": "item",
      "code": "game:stone-*"
    },
	"S": {
      "type": "item",
      "code": "game:stick"
    },
    "P": {
      "type": "item",
      "code": "game:plank-*",
	  "name": "wood",
	  "allowedVariants": ["acacia", "birch", "kapok", "maple", "oak", "pine", "baldcypress", "larch", "redwood", "ebony", "walnut", "purpleheart"]
    }
  },
  "width": 3,
  "height": 3,
  "shapeless": false,
  "output": { type: "block", code: "bench-{wood}-north" }
}
