{
  "ingredientPattern": "PPP	SBS	S_S",
  "ingredients": {
    "P": {
      "type": "item",
      "code": "game:plank-*",
	  "name": "wood",
	  "allowedVariants": ["acacia", "birch", "kapok", "maple", "oak", "pine", "baldcypress", "larch", "redwood", "ebony", "walnut", "purpleheart"]
    },
    "S": {
      "type": "item",
      "code": "game:stick"
    },
    "B": {
      "type": "block",
      "code": "game:stationarybasket-east",
	  "attributes": { type: "vine" }
    }
  },
  "width": 3,
  "height": 3,
  "shapeless": false,
  "output": { type: "block", code: "nightstand-{wood}-north" }
}
