{
	"editor": {
		"allAngles": false,
		"singleTexture": false
	},
	"textureWidth": 16,
	"textureHeight": 16,
	"textures": {
		"material": "block/stone/ore/saltpeter"
	},
	"elements": [
		{
			"name": "Down",
			"from": [ 0.0, 0.0, 0.0 ], 
			"to": [ 16.0, 1.0, 16.0 ], 
			"faces": {
				"north": { "texture": "#material", "uv": [ 0.0, 0.0, 16.0, 1.0 ] },
				"east": { "texture": "#material", "uv": [ 0.0, 0.0, 16.0, 1.0 ] },
				"south": { "texture": "#material", "uv": [ 0.0, 0.0, 16.0, 1.0 ] },
				"west": { "texture": "#material", "uv": [ 0.0, 0.0, 16.0, 1.0 ] },
				"up": { "texture": "#material", "uv": [ 0.0, 0.0, 16.0, 16.0 ] },
				"down": { "texture": "#material", "uv": [ 0.0, 0.0, 16.0, 16.0 ] }
			}
		}
	]}