{
    "textures": {
        "material": "block/stone/ore/saltpeter"
    },
    "elements": [
        {
            "name": "South",
            "from": [ 1.0, 0.0, 15.0 ], 
            "to": [ 15.0, 16.0, 16.0 ], 
            "faces": {
                "north": { "texture": "#material", "uv": [ 0.0, 0.0, 14.0, 16.0 ]},
                "east": { "texture": "#material", "uv": [ 0.0, 0.0, 1.0, 16.0 ]},
                "south": { "texture": "#material", "uv": [ 0.0, 0.0, 14.0, 16.0 ]},
                "west": { "texture": "#material", "uv": [ 0.0, 0.0, 1.0, 16.0 ]},
                "up": { "texture": "#material", "uv": [ 0.0, 0.0, 14.0, 1.0 ]},
                "down": { "texture": "#material", "uv": [ 0.0, 0.0, 14.0, 1.0 ]}
            }
        },
        {
            "name": "North",
            "from": [ 0.0, 0.0, 0.0 ], 
            "to": [ 16.0, 16.0, 1.0 ], 
            "faces": {
                "north": { "texture": "#material", "uv": [ 0.0, 0.0, 16.0, 16.0 ]},
                "east": { "texture": "#material", "uv": [ 0.0, 0.0, 1.0, 15.0 ]},
                "south": { "texture": "#material", "uv": [ 0.0, 0.0, 16.0, 16.0 ]},
                "west": { "texture": "#material", "uv": [ 0.0, 0.0, 1.0, 16.0 ]},
                "up": { "texture": "#material", "uv": [ 0.0, 0.0, 16.0, 1.0 ]},
                "down": { "texture": "#material", "uv": [ 0.0, 0.0, 16.0, 1.0 ]}
            }
        },
        {
            "name": "West",
            "from": [ 0.0, 0.0, 1.0 ], 
            "to": [ 1.0, 16.0, 16.0 ], 
            "faces": {
                "north": { "texture": "#material", "uv": [ 0.0, 0.0, 1.0, 16.0 ]},
                "east": { "texture": "#material", "uv": [ 0.0, 0.0, 15.0, 16.0 ]},
                "south": { "texture": "#material", "uv": [ 0.0, 0.0, 1.0, 16.0 ]},
                "west": { "texture": "#material", "uv": [ 0.0, 0.0, 15.0, 16.0 ]},
                "up": { "texture": "#material", "uv": [ 0.0, 0.0, 1.0, 15.0 ]},
                "down": { "texture": "#material", "uv": [ 0.0, 0.0, 1.0, 15.0 ]}
            }
        },
        {
            "name": "East",
            "from": [ 15.0, 0.0, 1.0 ], 
            "to": [ 16.0, 16.0, 16.0 ], 
            "faces": {
                "north": { "texture": "#material", "uv": [ 0.0, 0.0, 1.0, 16.0 ]},
                "east": { "texture": "#material", "uv": [ 0.0, 0.0, 15.0, 16.0 ]},
                "south": { "texture": "#material", "uv": [ 0.0, 0.0, 1.0, 16.0 ]},
                "west": { "texture": "#material", "uv": [ 0.0, 0.0, 15.0, 16.0 ]},
                "up": { "texture": "#material", "uv": [ 0.0, 0.0, 1.0, 15.0 ]},
                "down": { "texture": "#material", "uv": [ 0.0, 0.0, 1.0, 15.0 ]}
            }
        }
    ]
}