{
	"editor": {
		"allAngles": false,
		"entityTextureMode": false
	},
	"textureWidth": 16,
	"textureHeight": 16,
	"textureSizes": {
	},
	"textures": {
	},
	"elements": [
		{
			"name": "A10",
			"from": [ 2.0, 8.75, 7.5 ], 
			"to": [ 4.0, 14.0, 9.5 ], 
			"rotationOrigin": [ 3.0, 11.375, 8.5 ],
			"faces": {
				"north": { "texture": "#chime", "uv": [ 10.0, 0.0, 12.0, 5.25 ], "autoUv": false, "windMode": [0,0,0,0] },
				"east": { "texture": "#chime", "uv": [ 11.0, 4.0, 13.0, 9.25 ], "autoUv": false, "windMode": [0,0,0,0] },
				"south": { "texture": "#chime", "uv": [ 10.5, 0.0, 12.5, 5.25 ], "autoUv": false, "windMode": [0,0,0,0] },
				"west": { "texture": "#chime", "uv": [ 11.0, 0.0, 13.0, 5.25 ], "autoUv": false, "windMode": [0,0,0,0] },
				"up": { "texture": "#chime", "uv": [ 11.0, 4.5, 13.0, 6.5 ], "enabled": false, "autoUv": false, "windMode": [-1,-1,-1,-1] },
				"down": { "texture": "#chime", "uv": [ 10.0, 3.5, 12.0, 5.5 ], "autoUv": false, "windMode": [0,0,0,0] }
			}
		},
		{
			"name": "A21",
			"from": [ 2.25, 5.75, 7.75 ], 
			"to": [ 3.75, 8.75, 9.25 ], 
			"rotationOrigin": [ 3.0, 7.25, 8.5 ],
			"faces": {
				"north": { "texture": "#chime", "uv": [ 11.5, 8.0, 13.0, 11.0 ], "autoUv": false, "windMode": [0,0,0,0] },
				"east": { "texture": "#chime", "uv": [ 13.5, 6.5, 15.0, 9.5 ], "autoUv": false, "windMode": [0,0,0,0] },
				"south": { "texture": "#chime", "uv": [ 11.5, 7.5, 13.0, 10.5 ], "autoUv": false, "windMode": [0,0,0,0] },
				"west": { "texture": "#chime", "uv": [ 11.0, 0.0, 12.5, 3.0 ], "autoUv": false, "windMode": [0,0,0,0] },
				"up": { "texture": "#chime", "uv": [ 0.0, 0.0, 1.5, 1.5 ], "enabled": false, "autoUv": false, "windMode": [-1,-1,-1,-1] },
				"down": { "texture": "#chime", "uv": [ 14.0, 1.0, 15.5, 2.5 ], "autoUv": false, "windMode": [0,0,0,0] }
			}
		},
		{
			"name": "A32",
			"from": [ 6.1387, 4.995, 7.75 ], 
			"to": [ 8.1387, 13.995, 9.25 ], 
			"rotationOrigin": [ 7.1387, 8.995, 8.5 ],
			"rotationZ": 75.0,
			"faces": {
				"north": { "texture": "#chime", "uv": [ 10.0, 0.0, 12.0, 8.0 ], "autoUv": false, "windMode": [0,0,0,0] },
				"east": { "texture": "#chime", "uv": [ 10.0, 0.0, 11.5, 8.0 ], "autoUv": false, "windMode": [0,0,0,0] },
				"south": { "texture": "#chime", "uv": [ 11.5, 0.0, 13.5, 8.0 ], "autoUv": false, "windMode": [0,0,0,0] },
				"west": { "texture": "#chime", "uv": [ 14.0, 0.5, 15.5, 8.5 ], "autoUv": false, "windMode": [0,0,0,0] },
				"up": { "texture": "#null", "uv": [ 0.0, 1.0, 2.0, 1.5 ], "enabled": false, "autoUv": false, "windMode": [-1,-1,-1,-1] },
				"down": { "texture": "#chime", "uv": [ 13.5, 5.0, 15.5, 6.5 ], "autoUv": false, "windMode": [0,0,0,0] }
			}
		},
		{
			"name": "A53",
			"from": [ 11.7013, 6.0715, 8.0 ], 
			"to": [ 13.2013, 9.0715, 9.0 ], 
			"rotationOrigin": [ 12.4513, 7.5715, 8.5 ],
			"rotationZ": 75.0,
			"faces": {
				"north": { "texture": "#chime", "uv": [ 10.0, 6.5, 11.5, 9.5 ], "autoUv": false, "windMode": [0,0,0,0] },
				"east": { "texture": "#chime", "uv": [ 10.0, 6.5, 11.0, 9.5 ], "autoUv": false, "windMode": [0,0,0,0] },
				"south": { "texture": "#chime", "uv": [ 10.0, 6.5, 11.5, 9.5 ], "autoUv": false, "windMode": [0,0,0,0] },
				"west": { "texture": "#chime", "uv": [ 14.0, 9.5, 15.0, 12.5 ], "autoUv": false, "windMode": [0,0,0,0] },
				"up": { "texture": "#chime", "uv": [ 0.0, 0.0, 1.5, 1.0 ], "enabled": false, "autoUv": false, "windMode": [-1,-1,-1,-1] },
				"down": { "texture": "#chime", "uv": [ 11.0, 9.0, 12.5, 10.0 ], "autoUv": false, "windMode": [0,0,0,0] }
			}
		},
		{
			"name": "A44",
			"from": [ 6.869, 5.4699, 8.0 ], 
			"to": [ 8.369, 9.7199, 9.0 ], 
			"rotationOrigin": [ 7.619, 7.0949, 8.5 ],
			"rotationZ": 22.5,
			"faces": {
				"north": { "texture": "#chime", "uv": [ 10.0, 6.0, 11.5, 9.25 ], "autoUv": false, "windMode": [0,0,0,0] },
				"east": { "texture": "#chime", "uv": [ 13.5, 9.5, 14.5, 12.75 ], "autoUv": false, "windMode": [0,0,0,0] },
				"south": { "texture": "#chime", "uv": [ 10.0, 1.5, 11.5, 4.75 ], "autoUv": false, "windMode": [0,0,0,0] },
				"west": { "texture": "#chime", "uv": [ 14.0, 5.5, 15.0, 8.75 ], "autoUv": false, "windMode": [0,0,0,0] },
				"up": { "texture": "#chime", "uv": [ 0.0, 0.0, 1.5, 1.0 ], "enabled": false, "autoUv": false },
				"down": { "texture": "#chime", "uv": [ 14.0, 11.5, 15.5, 12.5 ], "autoUv": false, "windMode": [0,0,0,0] }
			}
		},
		{
			"name": "R15",
			"from": [ 2.75, 14.0, 8.0 ], 
			"to": [ 3.5, 15.5, 8.75 ], 
			"rotationOrigin": [ 8.0, 0.0, 8.0 ],
			"faces": {
				"north": { "texture": "#chime", "uv": [ 8.0, 4.0, 9.0, 5.5 ], "autoUv": false, "windMode": [0,0,0,0] },
				"east": { "texture": "#chime", "uv": [ 8.5, 2.0, 9.5, 3.5 ], "autoUv": false, "windMode": [0,0,0,0] },
				"south": { "texture": "#chime", "uv": [ 8.0, 5.0, 9.0, 6.5 ], "autoUv": false, "windMode": [0,0,0,0] },
				"west": { "texture": "#chime", "uv": [ 8.5, 1.5, 9.5, 3.0 ], "autoUv": false, "windMode": [0,0,0,0] },
				"up": { "texture": "#chime", "uv": [ 0.0, 0.0, 0.75, 0.75 ], "enabled": false, "autoUv": false, "windMode": [-1,-1,-1,-1] },
				"down": { "texture": "#chime", "uv": [ 0.0, 0.0, 0.75, 0.75 ], "enabled": false, "autoUv": false, "windMode": [-1,-1,-1,-1] }
			}
		},
		{
			"name": "R36",
			"from": [ 12.5, 8.0, 8.25 ], 
			"to": [ 13.25, 15.5, 9.0 ], 
			"rotationOrigin": [ 8.0, 0.0, 8.0 ],
			"faces": {
				"north": { "texture": "#chime", "uv": [ 8.5, 8.5, 9.5, 16.0 ], "autoUv": false, "windMode": [0,0,0,0] },
				"east": { "texture": "#chime", "uv": [ 7.5, 8.5, 8.5, 16.0 ], "autoUv": false, "windMode": [0,0,0,0] },
				"south": { "texture": "#chime", "uv": [ 8.5, 0.0, 9.5, 7.5 ], "autoUv": false, "windMode": [0,0,0,0] },
				"west": { "texture": "#chime", "uv": [ 8.0, 8.5, 9.0, 16.0 ], "autoUv": false, "windMode": [0,0,0,0] },
				"up": { "texture": "#chime", "uv": [ 0.0, 0.0, 0.75, 0.75 ], "enabled": false, "autoUv": false, "windMode": [-1,-1,-1,-1] },
				"down": { "texture": "#chime", "uv": [ 0.0, 0.0, 0.75, 0.75 ], "enabled": false, "autoUv": false }
			}
		},
		{
			"name": "R47",
			"from": [ 11.75, 6.5, 7.75 ], 
			"to": [ 13.25, 8.5, 9.25 ], 
			"rotationOrigin": [ 13.0, 7.5, 8.5 ],
			"rotationZ": -22.5,
			"faces": {
				"north": { "texture": "#chime", "uv": [ 7.5, 10.5, 9.0, 12.5 ], "autoUv": false, "windMode": [0,0,0,0] },
				"east": { "texture": "#chime", "uv": [ 8.0, 10.5, 9.5, 12.5 ], "autoUv": false, "windMode": [0,0,0,0] },
				"south": { "texture": "#chime", "uv": [ 7.5, 12.5, 9.0, 14.5 ], "autoUv": false, "windMode": [0,0,0,0] },
				"west": { "texture": "#chime", "uv": [ 8.0, 10.5, 9.5, 12.5 ], "autoUv": false, "windMode": [0,0,0,0] },
				"up": { "texture": "#chime", "uv": [ 8.0, 12.5, 9.5, 14.0 ], "autoUv": false, "windMode": [0,0,0,0] },
				"down": { "texture": "#chime", "uv": [ 8.0, 8.0, 9.5, 9.5 ], "autoUv": false, "windMode": [0,0,0,0] }
			}
		},
		{
			"name": "R28",
			"from": [ 1.75, 13.5, 7.25 ], 
			"to": [ 4.25, 14.25, 9.75 ], 
			"rotationOrigin": [ 8.0, 0.0, 8.0 ],
			"faces": {
				"north": { "texture": "#chime", "uv": [ 7.5, 6.0, 9.5, 5.0 ], "autoUv": false, "windMode": [0,0,0,0] },
				"east": { "texture": "#chime", "uv": [ 7.5, 0.5, 9.5, 1.5 ], "autoUv": false, "windMode": [0,0,0,0] },
				"south": { "texture": "#chime", "uv": [ 7.5, 9.5, 9.5, 10.5 ], "autoUv": false, "windMode": [0,0,0,0] },
				"west": { "texture": "#chime", "uv": [ 7.5, 4.5, 9.5, 5.5 ], "autoUv": false, "windMode": [0,0,0,0] },
				"up": { "texture": "#chime", "uv": [ 7.5, 2.5, 9.5, 4.5 ], "autoUv": false, "windMode": [0,0,0,0] },
				"down": { "texture": "#chime", "uv": [ 7.5, 0.5, 9.5, 2.5 ], "autoUv": false, "windMode": [0,0,0,0] }
			}
		},
		{
			"name": "T19",
			"from": [ 2.25, 1.0, 8.5 ], 
			"to": [ 3.75, 4.0, 9.25 ], 
			"rotationOrigin": [ 3.0, 2.5, 8.375 ],
			"faces": {
				"north": { "texture": "#chime", "uv": [ 9.5, 5.5, 11.0, 8.5 ], "autoUv": false, "windMode": [8,8,8,8] },
				"east": { "texture": "#chime", "uv": [ 10.5, 5.5, 11.25, 8.5 ], "autoUv": false, "windMode": [8,8,8,8] },
				"south": { "texture": "#chime", "uv": [ 9.5, 3.5, 11.0, 6.5 ], "autoUv": false, "windMode": [8,8,8,8] },
				"west": { "texture": "#chime", "uv": [ 10.5, 4.5, 11.25, 7.5 ], "autoUv": false, "windMode": [8,8,8,8] },
				"up": { "texture": "#chime", "uv": [ 10.0, 8.5, 11.5, 9.25 ], "autoUv": false, "windMode": [8,8,8,8] },
				"down": { "texture": "#chime", "uv": [ 14.0, 7.0, 15.5, 7.75 ], "autoUv": false, "windMode": [8,8,8,8] }
			}
		},
		{
			"name": "T210",
			"from": [ 2.25, -0.25, 8.5 ], 
			"to": [ 3.0, 1.0, 9.0 ], 
			"rotationOrigin": [ 2.625, 0.375, 8.25 ],
			"faces": {
				"north": { "texture": "#chime", "uv": [ 11.5, 2.0, 12.25, 3.25 ], "autoUv": false, "windMode": [8,8,8,8] },
				"east": { "texture": "#chime", "uv": [ 12.0, 1.5, 12.5, 2.75 ], "autoUv": false, "windMode": [8,8,8,8] },
				"south": { "texture": "#chime", "uv": [ 10.5, 0.5, 11.25, 1.75 ], "autoUv": false, "windMode": [8,8,8,8] },
				"west": { "texture": "#chime", "uv": [ 11.0, 2.5, 11.5, 3.75 ], "autoUv": false, "windMode": [8,8,8,8] },
				"up": { "texture": "#chime", "uv": [ 11.0, 2.0, 11.75, 2.5 ], "enabled": false, "autoUv": false, "windMode": [-1,-1,-1,-1] },
				"down": { "texture": "#chime", "uv": [ 14.0, 9.5, 14.75, 10.0 ], "autoUv": false, "windMode": [8,8,8,8] }
			}
		},
		{
			"name": "T411",
			"from": [ 5.25, 1.75, 8.0 ], 
			"to": [ 6.0, 3.0, 8.5 ], 
			"rotationOrigin": [ 5.375, 2.375, 8.0 ],
			"rotationY": 90.0,
			"faces": {
				"north": { "texture": "#chime", "uv": [ 9.5, 4.5, 10.25, 5.75 ], "autoUv": false, "windMode": [8,8,8,8] },
				"east": { "texture": "#chime", "uv": [ 11.0, 3.5, 11.25, 4.75 ], "autoUv": false, "windMode": [8,8,8,8] },
				"south": { "texture": "#chime", "uv": [ 10.0, 5.0, 10.75, 6.25 ], "autoUv": false, "windMode": [8,8,8,8] },
				"west": { "texture": "#chime", "uv": [ 9.5, 4.5, 9.75, 5.75 ], "autoUv": false, "windMode": [8,8,8,8] },
				"up": { "texture": "#chime", "uv": [ 11.0, 6.5, 11.75, 6.75 ], "enabled": false, "autoUv": false, "windMode": [-1,-1,-1,-1] },
				"down": { "texture": "#chime", "uv": [ 13.5, 10.5, 14.25, 10.75 ], "autoUv": false, "windMode": [8,8,8,8] }
			}
		},
		{
			"name": "T312",
			"from": [ 5.0, 3.0, 7.75 ], 
			"to": [ 6.5, 6.0, 8.5 ], 
			"rotationOrigin": [ 5.75, 4.5, 8.125 ],
			"rotationX": 180.0,
			"rotationY": 90.0,
			"rotationZ": 180.0,
			"faces": {
				"north": { "texture": "#chime", "uv": [ 9.5, 4.0, 11.0, 7.0 ], "autoUv": false, "windMode": [8,8,8,8] },
				"east": { "texture": "#chime", "uv": [ 12.5, 1.5, 13.25, 4.5 ], "autoUv": false, "windMode": [8,8,8,8] },
				"south": { "texture": "#chime", "uv": [ 10.0, 2.0, 11.5, 5.0 ], "autoUv": false, "windMode": [8,8,8,8] },
				"west": { "texture": "#chime", "uv": [ 12.5, 2.0, 13.25, 5.0 ], "autoUv": false, "windMode": [8,8,8,8] },
				"up": { "texture": "#chime", "uv": [ 12.0, 3.0, 13.5, 3.75 ], "autoUv": false, "windMode": [8,8,8,8] },
				"down": { "texture": "#chime", "uv": [ 13.5, 6.5, 15.0, 7.25 ], "autoUv": false, "windMode": [8,8,8,8] }
			}
		},
		{
			"name": "T613",
			"from": [ 9.0, 1.25, 9.0 ], 
			"to": [ 9.75, 2.5, 9.5 ], 
			"rotationOrigin": [ 9.875, 1.875, 8.75 ],
			"rotationY": 90.0,
			"faces": {
				"north": { "texture": "#chime", "uv": [ 10.5, 3.0, 11.25, 4.25 ], "autoUv": false, "windMode": [8,8,8,8] },
				"east": { "texture": "#chime", "uv": [ 12.0, 4.0, 12.25, 5.25 ], "autoUv": false, "windMode": [8,8,8,8] },
				"south": { "texture": "#chime", "uv": [ 11.0, 2.5, 11.75, 3.75 ], "autoUv": false, "windMode": [8,8,8,8] },
				"west": { "texture": "#chime", "uv": [ 12.0, 3.0, 12.25, 4.25 ], "autoUv": false, "windMode": [8,8,8,8] },
				"up": { "texture": "#chime", "uv": [ 0.0, 0.0, 0.75, 0.25 ], "enabled": false, "autoUv": false },
				"down": { "texture": "#chime", "uv": [ 14.5, 8.5, 15.25, 8.75 ], "autoUv": false, "windMode": [8,8,8,8] }
			}
		},
		{
			"name": "T514",
			"from": [ 9.5, 2.5, 8.5 ], 
			"to": [ 11.0, 5.5, 9.25 ], 
			"rotationOrigin": [ 10.25, 4.0, 8.875 ],
			"rotationX": 180.0,
			"rotationY": 90.0,
			"rotationZ": 180.0,
			"faces": {
				"north": { "texture": "#chime", "uv": [ 11.0, 2.5, 12.5, 5.5 ], "autoUv": false, "windMode": [8,8,8,8] },
				"east": { "texture": "#chime", "uv": [ 9.5, 5.0, 10.25, 8.0 ], "autoUv": false, "windMode": [8,8,8,8] },
				"south": { "texture": "#chime", "uv": [ 10.5, 3.0, 12.0, 6.0 ], "autoUv": false, "windMode": [8,8,8,8] },
				"west": { "texture": "#chime", "uv": [ 12.0, 0.5, 12.75, 3.5 ], "autoUv": false, "windMode": [8,8,8,8] },
				"up": { "texture": "#chime", "uv": [ 11.0, 2.5, 12.5, 3.25 ], "autoUv": false, "windMode": [8,8,8,8] },
				"down": { "texture": "#chime", "uv": [ 14.0, 5.5, 15.5, 6.25 ], "autoUv": false, "windMode": [8,8,8,8] }
			}
		},
		{
			"name": "T715",
			"from": [ 7.75, -0.5, 8.0 ], 
			"to": [ 8.5, 0.75, 8.5 ], 
			"rotationOrigin": [ 2.625, 0.375, 8.25 ],
			"faces": {
				"north": { "texture": "#chime", "uv": [ 10.0, 2.5, 10.75, 3.75 ], "autoUv": false, "windMode": [8,8,8,8] },
				"east": { "texture": "#chime", "uv": [ 11.5, 1.0, 12.0, 2.25 ], "autoUv": false, "windMode": [8,8,8,8] },
				"south": { "texture": "#chime", "uv": [ 10.0, 1.5, 10.75, 2.75 ], "autoUv": false, "windMode": [8,8,8,8] },
				"west": { "texture": "#chime", "uv": [ 11.5, 4.0, 12.0, 5.25 ], "autoUv": false, "windMode": [8,8,8,8] },
				"up": { "texture": "#chime", "uv": [ 12.0, 2.5, 12.75, 3.0 ], "enabled": false, "autoUv": false },
				"down": { "texture": "#chime", "uv": [ 14.0, 4.5, 14.75, 5.0 ], "autoUv": false, "windMode": [8,8,8,8] }
			}
		},
		{
			"name": "T816",
			"from": [ 7.25, 0.75, 8.0 ], 
			"to": [ 8.75, 3.75, 8.75 ], 
			"rotationOrigin": [ 3.0, 2.5, 8.375 ],
			"faces": {
				"north": { "texture": "#chime", "uv": [ 10.0, 3.0, 11.5, 6.0 ], "autoUv": false, "windMode": [8,8,8,8] },
				"east": { "texture": "#chime", "uv": [ 10.5, 3.5, 11.25, 6.5 ], "autoUv": false, "windMode": [8,8,8,8] },
				"south": { "texture": "#chime", "uv": [ 10.5, 0.5, 12.0, 3.5 ], "autoUv": false, "windMode": [8,8,8,8] },
				"west": { "texture": "#chime", "uv": [ 12.0, 0.5, 12.75, 3.5 ], "autoUv": false, "windMode": [8,8,8,8] },
				"up": { "texture": "#chime", "uv": [ 10.5, 2.5, 12.0, 3.25 ], "autoUv": false, "windMode": [8,8,8,8] },
				"down": { "texture": "#chime", "uv": [ 14.0, 10.0, 15.5, 10.75 ], "autoUv": false, "windMode": [8,8,8,8] }
			}
		},
		{
			"name": "T1017",
			"from": [ 12.5, 0.25, 8.0 ], 
			"to": [ 13.25, 1.5, 8.5 ], 
			"rotationOrigin": [ 2.625, 0.375, 8.25 ],
			"faces": {
				"north": { "texture": "#chime", "uv": [ 10.5, 7.0, 11.25, 8.25 ], "autoUv": false, "windMode": [8,8,8,8] },
				"east": { "texture": "#chime", "uv": [ 10.5, 2.0, 11.0, 3.25 ], "autoUv": false, "windMode": [8,8,8,8] },
				"south": { "texture": "#chime", "uv": [ 10.5, 4.5, 11.25, 5.75 ], "autoUv": false, "windMode": [8,8,8,8] },
				"west": { "texture": "#chime", "uv": [ 12.5, 2.5, 13.0, 3.75 ], "autoUv": false, "windMode": [8,8,8,8] },
				"up": { "texture": "#chime", "uv": [ 0.0, 0.0, 0.75, 0.5 ], "enabled": false, "autoUv": false },
				"down": { "texture": "#chime", "uv": [ 14.0, 6.5, 14.75, 7.0 ], "autoUv": false, "windMode": [8,8,8,8] }
			}
		},
		{
			"name": "T918",
			"from": [ 11.75, 1.5, 7.75 ], 
			"to": [ 13.25, 4.5, 8.5 ], 
			"rotationOrigin": [ 3.0, 2.5, 8.375 ],
			"faces": {
				"north": { "texture": "#chime", "uv": [ 10.0, 1.0, 11.5, 4.0 ], "autoUv": false, "windMode": [8,8,8,8] },
				"east": { "texture": "#chime", "uv": [ 11.5, 2.0, 12.25, 5.0 ], "autoUv": false, "windMode": [8,8,8,8] },
				"south": { "texture": "#chime", "uv": [ 10.5, 4.0, 12.0, 7.0 ], "autoUv": false, "windMode": [8,8,8,8] },
				"west": { "texture": "#chime", "uv": [ 9.5, 5.5, 10.25, 8.5 ], "autoUv": false, "windMode": [8,8,8,8] },
				"up": { "texture": "#chime", "uv": [ 10.0, 5.5, 11.5, 6.25 ], "autoUv": false, "windMode": [8,8,8,8] },
				"down": { "texture": "#chime", "uv": [ 14.0, 8.0, 15.5, 8.75 ], "autoUv": false, "windMode": [8,8,8,8] }
			}
		},
		{
			"name": "R519",
			"from": [ 12.25, 4.5, 8.0 ], 
			"to": [ 12.75, 6.75, 8.25 ], 
			"rotationOrigin": [ 8.0, 0.0, 8.0 ],
			"faces": {
				"north": { "texture": "#chime", "uv": [ 8.0, 5.0, 8.5, 7.25 ], "autoUv": false, "windMode": [8,0,0,8] },
				"east": { "texture": "#chime", "uv": [ 7.5, 7.0, 8.0, 9.25 ], "autoUv": false, "windMode": [8,0,0,8] },
				"south": { "texture": "#chime", "uv": [ 8.0, 6.0, 8.5, 8.25 ], "autoUv": false, "windMode": [8,8,0,0] },
				"west": { "texture": "#chime", "uv": [ 8.0, 5.0, 8.5, 7.25 ], "autoUv": false, "windMode": [8,8,0,0] },
				"up": { "texture": "#chime", "uv": [ 0.0, 0.0, 0.5, 0.25 ], "enabled": false, "autoUv": false, "windMode": [-1,-1,-1,-1] },
				"down": { "texture": "#chime", "uv": [ 0.0, 0.0, 0.5, 0.25 ], "enabled": false, "autoUv": false }
			}
		},
		{
			"name": "R620",
			"from": [ 10.0, 5.5, 8.75 ], 
			"to": [ 10.5, 7.25, 9.0 ], 
			"rotationOrigin": [ 8.0, 0.0, 8.5 ],
			"faces": {
				"north": { "texture": "#chime", "uv": [ 8.0, 8.0, 8.5, 9.75 ], "autoUv": false, "windMode": [8,0,0,8] },
				"east": { "texture": "#chime", "uv": [ 8.0, 6.0, 8.25, 7.75 ], "autoUv": false, "windMode": [8,0,0,8] },
				"south": { "texture": "#chime", "uv": [ 8.0, 9.0, 8.5, 10.75 ], "autoUv": false, "windMode": [8,8,0,0] },
				"west": { "texture": "#chime", "uv": [ 8.0, 9.0, 8.25, 10.75 ], "autoUv": false, "windMode": [8,8,0,0] },
				"up": { "texture": "#chime", "uv": [ 0.0, 0.0, 0.5, 0.25 ], "enabled": false, "autoUv": false },
				"down": { "texture": "#chime", "uv": [ 0.0, 0.0, 0.5, 0.25 ], "enabled": false, "autoUv": false }
			}
		},
		{
			"name": "R721",
			"from": [ 5.5, 6.0, 8.0 ], 
			"to": [ 6.0, 8.5, 8.25 ], 
			"rotationOrigin": [ 8.0, 0.0, 7.75 ],
			"faces": {
				"north": { "texture": "#chime", "uv": [ 8.0, 9.0, 8.5, 6.5 ], "autoUv": false, "windMode": [8,0,0,8] },
				"east": { "texture": "#chime", "uv": [ 8.0, 5.0, 8.25, 7.5 ], "autoUv": false, "windMode": [8,0,0,8] },
				"south": { "texture": "#chime", "uv": [ 8.0, 6.0, 8.5, 8.5 ], "autoUv": false, "windMode": [8,8,0,0] },
				"west": { "texture": "#chime", "uv": [ 8.0, 8.0, 8.25, 10.5 ], "autoUv": false, "windMode": [8,8,0,0] },
				"up": { "texture": "#chime", "uv": [ 0.0, 0.0, 0.5, 0.25 ], "enabled": false, "autoUv": false },
				"down": { "texture": "#chime", "uv": [ 0.0, 0.0, 0.5, 0.25 ], "enabled": false, "autoUv": false }
			}
		},
		{
			"name": "R822",
			"from": [ 7.75, 3.75, 8.25 ], 
			"to": [ 8.25, 5.75, 8.5 ], 
			"rotationOrigin": [ 8.0, 0.0, 8.0 ],
			"faces": {
				"north": { "texture": "#chime", "uv": [ 8.0, 6.0, 8.5, 8.0 ], "autoUv": false, "windMode": [8,0,0,8] },
				"east": { "texture": "#chime", "uv": [ 8.0, 5.0, 8.25, 7.0 ], "autoUv": false, "windMode": [8,0,0,8] },
				"south": { "texture": "#chime", "uv": [ 8.0, 3.0, 8.5, 5.0 ], "autoUv": false, "windMode": [8,8,0,0] },
				"west": { "texture": "#chime", "uv": [ 8.0, 9.0, 8.25, 11.0 ], "autoUv": false, "windMode": [8,8,0,0] },
				"up": { "texture": "#chime", "uv": [ 0.0, 0.0, 0.5, 0.25 ], "enabled": false, "autoUv": false, "windMode": [-1,-1,-1,-1] },
				"down": { "texture": "#chime", "uv": [ 0.0, 0.0, 0.5, 0.25 ], "enabled": false, "autoUv": false }
			}
		},
		{
			"name": "R923",
			"from": [ 2.75, 4.0, 8.75 ], 
			"to": [ 3.25, 5.75, 9.0 ], 
			"rotationOrigin": [ 8.0, 0.0, 8.0 ],
			"faces": {
				"north": { "texture": "#chime", "uv": [ 8.0, 3.0, 8.5, 4.75 ], "autoUv": false, "windMode": [8,0,0,8] },
				"east": { "texture": "#chime", "uv": [ 8.0, 6.0, 8.25, 7.75 ], "autoUv": false, "windMode": [8,0,0,8] },
				"south": { "texture": "#chime", "uv": [ 9.0, 8.0, 9.5, 9.75 ], "autoUv": false, "windMode": [8,8,0,0] },
				"west": { "texture": "#chime", "uv": [ 8.0, 9.0, 8.25, 10.75 ], "autoUv": false, "windMode": [8,8,0,0] },
				"up": { "texture": "#chime", "uv": [ 0.0, 0.0, 0.5, 0.25 ], "enabled": false, "autoUv": false },
				"down": { "texture": "#chime", "uv": [ 0.0, 0.0, 0.5, 0.25 ], "enabled": false, "autoUv": false }
			}
		},
		{
			"name": "B124",
			"from": [ 12.0, 4.6, 7.75 ], 
			"to": [ 13.0, 4.85, 8.5 ], 
			"rotationOrigin": [ 2.625, 0.375, 8.25 ],
			"faces": {
				"north": { "texture": "#chime", "uv": [ 3.5, 3.0, 4.5, 3.25 ], "autoUv": false, "windMode": [8,8,8,8] },
				"east": { "texture": "#chime", "uv": [ 3.5, 3.0, 4.25, 3.25 ], "autoUv": false, "windMode": [8,8,8,8] },
				"south": { "texture": "#chime", "uv": [ 3.5, 3.0, 4.5, 3.25 ], "autoUv": false, "windMode": [8,8,8,8] },
				"west": { "texture": "#chime", "uv": [ 3.5, 3.0, 4.25, 3.25 ], "autoUv": false, "windMode": [8,8,8,8] },
				"up": { "texture": "#chime", "uv": [ 3.0, 4.5, 4.0, 5.25 ], "autoUv": false, "windMode": [8,8,8,8] },
				"down": { "texture": "#chime", "uv": [ 2.5, 3.0, 3.5, 3.75 ], "autoUv": false, "windMode": [8,8,8,8] }
			}
		},
		{
			"name": "B225",
			"from": [ 9.75, 5.6, 8.5 ], 
			"to": [ 10.75, 5.85, 9.25 ], 
			"rotationOrigin": [ 0.625, 0.375, 9.25 ],
			"faces": {
				"north": { "texture": "#chime", "uv": [ 5.0, 6.5, 6.0, 6.75 ], "autoUv": false, "windMode": [8,8,8,8] },
				"east": { "texture": "#chime", "uv": [ 2.0, 5.5, 2.75, 5.75 ], "autoUv": false, "windMode": [8,8,8,8] },
				"south": { "texture": "#chime", "uv": [ 3.0, 7.5, 4.0, 7.75 ], "autoUv": false, "windMode": [8,8,8,8] },
				"west": { "texture": "#chime", "uv": [ 5.0, 6.5, 5.75, 6.75 ], "autoUv": false, "windMode": [8,8,8,8] },
				"up": { "texture": "#chime", "uv": [ 2.0, 3.0, 3.0, 3.75 ], "autoUv": false, "windMode": [8,8,8,8] },
				"down": { "texture": "#chime", "uv": [ 2.0, 1.0, 3.0, 1.75 ], "autoUv": false, "windMode": [8,8,8,8] }
			}
		},
		{
			"name": "B326",
			"from": [ 5.25, 6.1, 7.75 ], 
			"to": [ 6.25, 6.35, 8.5 ], 
			"rotationOrigin": [ 2.625, 0.375, 8.25 ],
			"faces": {
				"north": { "texture": "#chime", "uv": [ 2.0, 5.5, 3.0, 5.75 ], "autoUv": false, "windMode": [8,8,8,8] },
				"east": { "texture": "#chime", "uv": [ 5.0, 6.5, 5.75, 6.75 ], "autoUv": false, "windMode": [8,8,8,8] },
				"south": { "texture": "#chime", "uv": [ 2.0, 5.5, 3.0, 5.75 ], "autoUv": false, "windMode": [8,8,8,8] },
				"west": { "texture": "#chime", "uv": [ 6.5, 5.5, 7.25, 5.75 ], "autoUv": false, "windMode": [8,8,8,8] },
				"up": { "texture": "#chime", "uv": [ 3.0, 1.0, 4.0, 1.75 ], "autoUv": false, "windMode": [8,8,8,8] },
				"down": { "texture": "#chime", "uv": [ 2.0, 1.0, 3.0, 1.75 ], "autoUv": false, "windMode": [8,8,8,8] }
			}
		},
		{
			"name": "B427",
			"from": [ 7.5, 3.85, 8.0 ], 
			"to": [ 8.5, 4.1, 8.75 ], 
			"rotationOrigin": [ 2.625, -0.625, 8.25 ],
			"faces": {
				"north": { "texture": "#chime", "uv": [ 2.5, 4.5, 3.5, 4.75 ], "autoUv": false, "windMode": [8,8,8,8] },
				"east": { "texture": "#chime", "uv": [ 3.5, 6.0, 4.25, 6.25 ], "autoUv": false, "windMode": [8,8,8,8] },
				"south": { "texture": "#chime", "uv": [ 3.0, 5.0, 4.0, 5.25 ], "autoUv": false, "windMode": [8,8,8,8] },
				"west": { "texture": "#chime", "uv": [ 3.0, 5.0, 3.75, 5.25 ], "autoUv": false, "windMode": [8,8,8,8] },
				"up": { "texture": "#chime", "uv": [ 2.0, 4.5, 3.0, 5.25 ], "autoUv": false, "windMode": [8,8,8,8] },
				"down": { "texture": "#chime", "uv": [ 3.0, 3.0, 4.0, 3.75 ], "autoUv": false, "windMode": [8,8,8,8] }
			}
		},
		{
			"name": "B528",
			"from": [ 2.5, 4.1, 8.5 ], 
			"to": [ 3.5, 4.35, 9.25 ], 
			"rotationOrigin": [ -0.375, -1.625, 9.25 ],
			"faces": {
				"north": { "texture": "#chime", "uv": [ 4.0, 5.5, 5.0, 5.75 ], "autoUv": false, "windMode": [8,8,8,8] },
				"east": { "texture": "#chime", "uv": [ 0.0, 0.0, 0.75, 0.25 ], "autoUv": false, "windMode": [8,8,8,8] },
				"south": { "texture": "#chime", "uv": [ 2.5, 7.0, 3.5, 7.25 ], "autoUv": false, "windMode": [8,8,8,8] },
				"west": { "texture": "#chime", "uv": [ 3.0, 5.5, 3.75, 5.75 ], "autoUv": false, "windMode": [8,8,8,8] },
				"up": { "texture": "#chime", "uv": [ 3.5, 9.0, 4.5, 9.75 ], "autoUv": false, "windMode": [8,8,8,8] },
				"down": { "texture": "#chime", "uv": [ 3.0, 4.0, 4.0, 4.75 ], "autoUv": false, "windMode": [8,8,8,8] }
			}
		},
		{
			"name": "R1029",
			"from": [ 2.5, 15.5, 7.75 ], 
			"to": [ 3.75, 16.0, 9.0 ], 
			"rotationOrigin": [ 8.0, 0.0, 8.0 ],
			"faces": {
				"north": { "texture": "#chime", "uv": [ 8.0, 11.5, 9.25, 12.0 ], "autoUv": false, "windMode": [0,0,0,0], "windData": [0,1,1,0] },
				"east": { "texture": "#chime", "uv": [ 8.0, 11.5, 9.25, 12.0 ], "autoUv": false, "windMode": [0,0,0,0], "windData": [0,1,1,0] },
				"south": { "texture": "#chime", "uv": [ 8.0, 10.5, 9.25, 11.0 ], "autoUv": false, "windMode": [0,0,0,0], "windData": [0,0,1,1] },
				"west": { "texture": "#chime", "uv": [ 7.5, 10.5, 8.75, 11.0 ], "autoUv": false, "windMode": [0,0,0,0], "windData": [0,0,1,1] },
				"up": { "texture": "#chime", "uv": [ 7.5, 9.5, 8.75, 10.75 ], "autoUv": false, "windMode": [0,0,0,0], "windData": [1,1,1,1] },
				"down": { "texture": "#chime", "uv": [ 7.5, 7.0, 8.75, 8.25 ], "autoUv": false, "windMode": [0,0,0,0] }
			}
		},
		{
			"name": "R1130",
			"from": [ 12.25, 15.5, 8.0 ], 
			"to": [ 13.5, 16.0, 9.25 ], 
			"rotationOrigin": [ 8.0, 0.0, 8.0 ],
			"faces": {
				"north": { "texture": "#chime", "uv": [ 8.0, 7.0, 9.25, 8.5 ], "autoUv": false, "windMode": [0,0,0,0], "windData": [0,1,1,0] },
				"east": { "texture": "#chime", "uv": [ 8.0, 11.5, 9.25, 12.0 ], "autoUv": false, "windMode": [0,0,0,0], "windData": [0,1,1,0] },
				"south": { "texture": "#chime", "uv": [ 8.0, 10.5, 9.25, 11.0 ], "autoUv": false, "windMode": [0,0,0,0], "windData": [0,0,1,1] },
				"west": { "texture": "#chime", "uv": [ 7.5, 8.5, 8.75, 9.0 ], "autoUv": false, "windMode": [0,0,0,0], "windData": [0,0,1,1] },
				"up": { "texture": "#chime", "uv": [ 8.0, 2.0, 9.25, 3.25 ], "autoUv": false, "windMode": [0,0,0,0], "windData": [1,1,1,1] },
				"down": { "texture": "#chime", "uv": [ 8.0, 7.0, 9.25, 8.25 ], "autoUv": false, "windMode": [0,0,0,0] }
			}
		},
		{
			"name": "R32",
			"from": [ 10.15, 6.75, 7.5 ], 
			"to": [ 10.65, 9.0, 9.5 ], 
			"rotationOrigin": [ 11.0, 7.5, 8.5 ],
			"rotationZ": -22.5,
			"faces": {
				"north": { "texture": "#chime", "uv": [ 8.5, 10.5, 9.0, 12.5 ], "windMode": [0,0,0,0] },
				"east": { "texture": "#chime", "uv": [ 7.5, 8.5, 9.5, 10.5 ], "windMode": [0,0,0,0] },
				"south": { "texture": "#chime", "uv": [ 8.5, 11.5, 9.0, 13.5 ], "windMode": [0,0,0,0] },
				"west": { "texture": "#chime", "uv": [ 7.5, 10.5, 9.5, 12.5 ], "windMode": [0,0,0,0] },
				"up": { "texture": "#chime", "uv": [ 8.5, 12.5, 9.0, 14.5 ], "windMode": [0,0,0,0] },
				"down": { "texture": "#chime", "uv": [ 8.0, 8.0, 8.5, 10.0 ], "windMode": [0,0,0,0] }
			}
		},
		{
			"name": "R33",
			"from": [ 5.6, 8.0, 7.5 ], 
			"to": [ 6.1, 10.5, 9.5 ], 
			"rotationOrigin": [ 6.0, 8.5, 8.5 ],
			"rotationZ": -22.5,
			"faces": {
				"north": { "texture": "#chime", "uv": [ 8.5, 10.5, 9.0, 13.0 ], "windMode": [0,0,0,0] },
				"east": { "texture": "#chime", "uv": [ 7.5, 8.5, 9.5, 11.0 ], "windMode": [0,0,0,0] },
				"south": { "texture": "#chime", "uv": [ 8.5, 11.5, 9.0, 14.0 ], "windMode": [0,0,0,0] },
				"west": { "texture": "#chime", "uv": [ 7.5, 10.5, 9.5, 13.0 ], "windMode": [0,0,0,0] },
				"up": { "texture": "#chime", "uv": [ 8.5, 12.5, 9.0, 14.5 ], "windMode": [0,0,0,0] },
				"down": { "texture": "#chime", "uv": [ 8.0, 8.0, 8.5, 10.0 ], "windMode": [0,0,0,0] }
			}
		}
	]}