{
  
  "elements": [
    {
      "name": "plaque",
      "from": [
        2.0,
        2.0,
        -0.94
      ],
      "to": [
        8.75,
        8.75,
        2.16
      ],
      "rotationOrigin": [
        8.5625,
        2.75,
        -0.75
      ],
      "rotationZ": -45.0,
      "faces": {
        "north": {
          "texture": "#plaque",
          "uv": [
            0.0,
            0.5,
            6.5,
            7.0
          ]
        },
        "east": {
          "texture": "#plaque",
          "uv": [
            0.0,
            0.5,
            3.0,
            7.0
          ]
        },
        "south": {
          "texture": "#plaque",
          "uv": [
            0.0,
            0.5,
            6.5,
            7.0
          ]
        },
        "west": {
          "texture": "#plaque",
          "uv": [
            0.0,
            0.5,
            3.0,
            7.0
          ]
        },
        "up": {
          "texture": "#plaque",
          "uv": [
            0.0,
            0.5,
            6.5,
            3.5
          ]
        },
        "down": {
          "texture": "#plaque",
          "uv": [
            0.0,
            5.5,
            6.5,
            8.5
          ]
        }
      },
      "children": [
        {
          "name": "plaque2",
          "from": [
            -0.0693,
            -0.1055,
            0.0225
          ],
          "to": [
            4.6557,
            5.2195,
            3.0225
          ],
          "rotationOrigin": [
            -0.1443,
            0.0445,
            0.0
          ],
          "rotationZ": 45.00000115147458,
          "faces": {
            "north": {
              "texture": "#plaque",
              "uv": [
                10.0,
                6.0,
                16.0,
                13.0
              ]
            },
            "east": {
              "texture": "#plaque",
              "uv": [
                11.5,
                6.0,
                15.5,
                13.0
              ]
            },
            "south": {
              "texture": "#plaque",
              "uv": [
                10.0,
                6.0,
                16.0,
                13.0
              ]
            },
            "west": {
              "texture": "#plaque",
              "uv": [
                11.5,
                6.0,
                15.5,
                13.0
              ]
            },
            "up": {
              "texture": "#plaque",
              "uv": [
                4.5,
                6.0,
                10.5,
                10.0
              ]
            },
            "down": {
              "texture": "#plaque",
              "uv": [
                4.0,
                6.0,
                10.0,
                10.0
              ]
            }
          }
        },
        {
          "name": "plaque3",
          "from": [
            0.6807,
            5.2195,
            0.0225
          ],
          "to": [
            8.7807,
            5.9695,
            3.0225
          ],
          "rotationOrigin": [
            -0.1443,
            0.0445,
            0.0
          ],
          "rotationZ": 45.00000115147458,
          "faces": {
            "north": {
              "texture": "#plaque",
              "uv": [
                3.0,
                2.5,
                13.5,
                3.5
              ]
            },
            "east": {
              "texture": "#plaque",
              "uv": [
                8.0,
                4.0,
                12.0,
                5.0
              ]
            },
            "south": {
              "texture": "#plaque",
              "uv": [
                2.5,
                3.0,
                13.0,
                4.0
              ]
            },
            "west": {
              "texture": "#plaque",
              "uv": [
                3.5,
                1.5,
                7.5,
                2.5
              ]
            },
            "up": {
              "texture": "#plaque",
              "uv": [
                2.5,
                6.0,
                13.0,
                10.0
              ]
            },
            "down": {
              "texture": "#plaque",
              "uv": [
                3.5,
                0.5,
                14.0,
                4.5
              ],
              "enabled": false
            }
          }
        },
        {
          "name": "plaque4",
          "from": [
            0.9004,
            5.7498,
            0.0225
          ],
          "to": [
            7.5004,
            6.4998,
            3.0225
          ],
          "rotationOrigin": [
            -0.6746,
            0.5748,
            0.0
          ],
          "rotationZ": 45.00000115147458,
          "faces": {
            "north": {
              "texture": "#plaque",
              "uv": [
                7.0,
                6.0,
                15.5,
                7.0
              ]
            },
            "east": {
              "texture": "#plaque",
              "uv": [
                9.5,
                2.5,
                13.5,
                3.5
              ]
            },
            "south": {
              "texture": "#plaque",
              "uv": [
                6.0,
                1.5,
                14.5,
                2.5
              ]
            },
            "west": {
              "texture": "#plaque",
              "uv": [
                3.0,
                2.5,
                7.0,
                3.5
              ]
            },
            "up": {
              "texture": "#plaque",
              "uv": [
                6.0,
                0.5,
                14.5,
                4.5
              ]
            },
            "down": {
              "texture": "#plaque",
              "uv": [
                0.0,
                3.0,
                8.5,
                7.0
              ],
              "enabled": false
            }
          }
        },
        {
          "name": "plaque5",
          "from": [
            1.8,
            6.8638,
            0.0225
          ],
          "to": [
            6.675,
            12.1138,
            3.0225
          ],
          "rotationOrigin": [
            6.75,
            6.9388,
            0.0
          ],
          "rotationZ": 45.00000115147458,
          "faces": {
            "north": {
              "texture": "#plaque",
              "uv": [
                9.5,
                6.0,
                16.0,
                13.0
              ]
            },
            "east": {
              "texture": "#plaque",
              "uv": [
                11.5,
                6.0,
                15.5,
                13.0
              ]
            },
            "south": {
              "texture": "#plaque",
              "uv": [
                9.5,
                6.0,
                16.0,
                13.0
              ]
            },
            "west": {
              "texture": "#plaque",
              "uv": [
                11.5,
                6.0,
                15.5,
                13.0
              ]
            },
            "up": {
              "texture": "#plaque",
              "uv": [
                1.5,
                6.0,
                8.0,
                10.0
              ]
            },
            "down": {
              "texture": "#plaque",
              "uv": [
                1.0,
                6.0,
                7.5,
                10.0
              ]
            }
          }
        }
      ]
    },
    {
       "name": "L_Antler_Base",
              "from": [
        10.0,
        9.5,
        1.3
      ],
      "to": [
        12.175,
        11.9,
        3.175
      ],
      "rotationOrigin": [
        11.341,
        10.9436,
        2.3864
      ],
      "rotationX": 78.0,
      "rotationY": 53.0,
      "rotationZ": -28.0,
              "faces": {
                "north": {
                  "uv": [
                    9.33333,
                    5.58333,
                    9.69583,
                    5.98333
                  ],
                  "rotation": 180,
                  "texture": "#deerhead"
                },
                "east": {
                  "uv": [
                    9.33333,
                    5.58333,
                    9.64583,
                    5.98333
                  ],
                  "rotation": 180,
                  "texture": "#deerhead"
                },
                "south": {
                  "uv": [
                    9.33333,
                    5.58333,
                    9.69583,
                    5.98333
                  ],
                  "rotation": 180,
                  "texture": "#deerhead"
                },
                "west": {
                  "uv": [
                    9.33333,
                    5.58333,
                    9.66667,
                    6
                  ],
                  "rotation": 180,
                  "texture": "#deerhead"
                },
                "up": {
                  "uv": [
                    9.33333,
                    5.58333,
                    9.64583,
                    5.94583
                  ],
                  "rotation": 90,
                  "texture": "#deerhead"
                },
                "down": {
                  "uv": [
                    9.33333,
                    5.58333,
                    9.64583,
                    5.94583
                  ],
                  "rotation": 270,
                  "texture": "#deerhead"
                }
              },
              "children": [
                {
                  "name": "L_Ant12",
                  "from": [
                    0.75,
                    5.85,
                    0.375
                  ],
                  "to": [
                    1.8,
                    8.025,
                    1.125
                  ],
                  "rotationOrigin": [
                    1.275,
                    6.75,
                    0.75
                  ],
                  "faces": {
                    "north": {
                      "uv": [
                        2.75,
                        8.66667,
                        3.08333,
                        8.83333
                      ],
                      "rotation": 270,
                      "texture": "#deerhead"
                    },
                    "east": {
                      "uv": [
                        2.75,
                        8.75,
                        3.1125,
                        8.925
                      ],
                      "rotation": 270,
                      "texture": "#deerhead"
                    },
                    "south": {
                      "uv": [
                        2.75,
                        8.75,
                        3.1125,
                        8.925
                      ],
                      "rotation": 270,
                      "texture": "#deerhead"
                    },
                    "west": {
                      "uv": [
                        2.75,
                        8.75,
                        3.1125,
                        8.925
                      ],
                      "rotation": 270,
                      "texture": "#deerhead"
                    },
                    "up": {
                      "uv": [
                        10.16667,
                        8,
                        10.33333,
                        8.16667
                      ],
                      "rotation": 180,
                      "texture": "#deerhead"
                    },
                    "down": {
                      "uv": [
                        9.91667,
                        7.75,
                        10.08333,
                        7.91667
                      ],
                      "texture": "#deerhead"
                    }
                  }
                },
                {
                  "name": "L_Ant11",
                  "from": [
                    0.375,
                    -1.125,
                    0.375
                  ],
                  "to": [
                    1.8,
                    5.925,
                    1.5
                  ],
                  "rotationOrigin": [
                    1.0875,
                    2.4,
                    0.9375
                  ],
                  "faces": {
                    "north": {
                      "uv": [
                        3.83333,
                        9.58333,
                        5.00833,
                        9.82083
                      ],
                      "rotation": 90,
                      "texture": "#deerhead"
                    },
                    "east": {
                      "uv": [
                        3.91667,
                        9.66667,
                        5.09167,
                        9.85417
                      ],
                      "rotation": 90,
                      "texture": "#deerhead"
                    },
                    "south": {
                      "uv": [
                        3.91667,
                        9.66667,
                        5.09167,
                        9.90417
                      ],
                      "rotation": 90,
                      "texture": "#deerhead"
                    },
                    "west": {
                      "uv": [
                        3.91667,
                        9.66667,
                        5.09167,
                        9.85417
                      ],
                      "rotation": 90,
                      "texture": "#deerhead"
                    },
                    "up": {
                      "uv": [
                        10.33333,
                        8.33333,
                        10.58333,
                        8.5
                      ],
                      "texture": "#deerhead"
                    },
                    "down": {
                      "uv": [
                        9.5,
                        7.75,
                        9.7375,
                        7.9375
                      ],
                      "rotation": 180,
                      "texture": "#deerhead"
                    }
                  }
                },
                {
                  "name": "L_Ant10",
                  "from": [
                    0.525,
                    4.0456,
                    0.7206
                  ],
                  "to": [
                    1.65,
                    5.6206,
                    8.0706
                  ],
                  "rotationOrigin": [
                    1.0875,
                    4.8331,
                    4.3956
                  ],
                  "rotationX": -22.499993,
                  "rotationZ": 4.0E-6,
                  "faces": {
                    "north": {
                      "uv": [
                        9.66667,
                        7.75,
                        9.85417,
                        8.0125
                      ],
                      "rotation": 180,
                      "texture": "#deerhead"
                    },
                    "east": {
                      "uv": [
                        3.08333,
                        9.25,
                        4.30833,
                        9.5125
                      ],
                      "rotation": 180,
                      "texture": "#deerhead"
                    },
                    "south": {
                      "uv": [
                        10.33333,
                        8.25,
                        10.5,
                        8.5
                      ],
                      "rotation": 180,
                      "texture": "#deerhead"
                    },
                    "west": {
                      "uv": [
                        3.08333,
                        9.25,
                        4.33333,
                        9.5
                      ],
                      "rotation": 180,
                      "texture": "#deerhead"
                    },
                    "up": {
                      "uv": [
                        3.16667,
                        9.08333,
                        4.41667,
                        9.25
                      ],
                      "rotation": 90,
                      "texture": "#deerhead"
                    },
                    "down": {
                      "uv": [
                        3.08333,
                        9.25,
                        4.33333,
                        9.5
                      ],
                      "rotation": 270,
                      "texture": "#deerhead"
                    }
                  }
                },
                {
                  "name": "L_Ant9",
                  "from": [
                    0.675,
                    6.8742,
                    1.7947
                  ],
                  "to": [
                    1.5,
                    9.6492,
                    2.6197
                  ],
                  "rotationOrigin": [
                    1.0875,
                    8.1867,
                    2.2072
                  ],
                  "rotationX": -22.499993,
                  "rotationZ": 4.0E-6,
                  "faces": {
                    "north": {
                      "uv": [
                        2.66667,
                        8.16667,
                        3.15417,
                        8.30417
                      ],
                      "rotation": 90,
                      "texture": "#deerhead"
                    },
                    "east": {
                      "uv": [
                        2.66667,
                        8.16667,
                        3.15417,
                        8.30417
                      ],
                      "rotation": 90,
                      "texture": "#deerhead"
                    },
                    "south": {
                      "uv": [
                        2.66667,
                        8.16667,
                        3.15417,
                        8.30417
                      ],
                      "rotation": 90,
                      "texture": "#deerhead"
                    },
                    "west": {
                      "uv": [
                        2.66667,
                        8.16667,
                        3.15417,
                        8.30417
                      ],
                      "rotation": 90,
                      "texture": "#deerhead"
                    },
                    "up": {
                      "uv": [
                        9.33333,
                        7.58333,
                        9.47083,
                        7.72083
                      ],
                      "texture": "#deerhead"
                    },
                    "down": {
                      "uv": [
                        9.66667,
                        7.91667,
                        9.80417,
                        8.05417
                      ],
                      "rotation": 180,
                      "texture": "#deerhead"
                    }
                  }
                },
                {
                  "name": "L_Ant8",
                  "from": [
                    0.675,
                    5.0922,
                    2.6415
                  ],
                  "to": [
                    1.5,
                    7.2672,
                    3.8415
                  ],
                  "rotationOrigin": [
                    1.0875,
                    6.1797,
                    3.2415
                  ],
                  "rotationX": -22.499993,
                  "rotationZ": 4.0E-6,
                  "faces": {
                    "north": {
                      "uv": [
                        2.66667,
                        7.75,
                        3.02917,
                        7.95
                      ],
                      "rotation": 90,
                      "texture": "#deerhead"
                    },
                    "east": {
                      "uv": [
                        2.66667,
                        7.75,
                        3.02917,
                        7.95
                      ],
                      "rotation": 90,
                      "texture": "#deerhead"
                    },
                    "south": {
                      "uv": [
                        2.66667,
                        7.75,
                        3.02917,
                        7.95
                      ],
                      "rotation": 90,
                      "texture": "#deerhead"
                    },
                    "west": {
                      "uv": [
                        2.66667,
                        7.75,
                        3.02917,
                        7.95
                      ],
                      "rotation": 90,
                      "texture": "#deerhead"
                    },
                    "up": {
                      "uv": [
                        9.58333,
                        7.75,
                        9.72083,
                        7.95
                      ],
                      "texture": "#deerhead"
                    },
                    "down": {
                      "uv": [
                        9.75,
                        7.83333,
                        9.8875,
                        8.03333
                      ],
                      "rotation": 180,
                      "texture": "#deerhead"
                    }
                  }
                },
                {
                  "name": "L_Ant6",
                  "from": [
                    0.675,
                    5.9979,
                    4.9202
                  ],
                  "to": [
                    1.5,
                    7.8729,
                    6.1202
                  ],
                  "rotationOrigin": [
                    1.0875,
                    7.0104,
                    5.5202
                  ],
                  "rotationX": -22.499993,
                  "rotationZ": 4.0E-6,
                  "faces": {
                    "north": {
                      "uv": [
                        2.83333,
                        8.33333,
                        3.17083,
                        8.47083
                      ],
                      "rotation": 90,
                      "texture": "#deerhead"
                    },
                    "east": {
                      "uv": [
                        2.83333,
                        8.33333,
                        3.17083,
                        8.53333
                      ],
                      "rotation": 90,
                      "texture": "#deerhead"
                    },
                    "south": {
                      "uv": [
                        2.83333,
                        8.33333,
                        3.17083,
                        8.47083
                      ],
                      "rotation": 90,
                      "texture": "#deerhead"
                    },
                    "west": {
                      "uv": [
                        2.83333,
                        8.33333,
                        3.17083,
                        8.53333
                      ],
                      "rotation": 90,
                      "texture": "#deerhead"
                    },
                    "up": {
                      "uv": [
                        9.58333,
                        7.83333,
                        9.72083,
                        8.03333
                      ],
                      "texture": "#deerhead"
                    },
                    "down": {
                      "uv": [
                        9.58333,
                        8,
                        9.72083,
                        8.2
                      ],
                      "rotation": 180,
                      "texture": "#deerhead"
                    }
                  }
                },
                {
                  "name": "L_Ant7",
                  "from": [
                    0.675,
                    7.6291,
                    4.4445
                  ],
                  "to": [
                    1.5,
                    9.6541,
                    5.2695
                  ],
                  "rotationOrigin": [
                    1.0875,
                    8.6416,
                    4.857
                  ],
                  "rotationX": -22.499993,
                  "rotationZ": 4.0E-6,
                  "faces": {
                    "north": {
                      "uv": [
                        3,
                        8.33333,
                        3.3375,
                        8.47083
                      ],
                      "rotation": 90,
                      "texture": "#deerhead"
                    },
                    "east": {
                      "uv": [
                        3,
                        8.33333,
                        3.3375,
                        8.47083
                      ],
                      "rotation": 90,
                      "texture": "#deerhead"
                    },
                    "south": {
                      "uv": [
                        3,
                        8.33333,
                        3.3375,
                        8.47083
                      ],
                      "rotation": 90,
                      "texture": "#deerhead"
                    },
                    "west": {
                      "uv": [
                        3,
                        8.33333,
                        3.3375,
                        8.47083
                      ],
                      "rotation": 90,
                      "texture": "#deerhead"
                    },
                    "up": {
                      "uv": [
                        9.66667,
                        7.75,
                        9.80417,
                        7.8875
                      ],
                      "texture": "#deerhead"
                    },
                    "down": {
                      "uv": [
                        9.58333,
                        7.83333,
                        9.72083,
                        7.97083
                      ],
                      "rotation": 180,
                      "texture": "#deerhead"
                    }
                  }
                },
                {
                  "name": "L_Ant5",
                  "from": [
                    -3.0877,
                    6.6,
                    8.2378
                  ],
                  "to": [
                    -2.2627,
                    8.175,
                    9.0628
                  ],
                  "rotationOrigin": [
                    -2.6752,
                    7.3875,
                    8.6503
                  ],
                  "rotationX": -1.0E-6,
                  "rotationY": 22.499998,
                  "rotationZ": -1.0E-6,
                  "faces": {
                    "north": {
                      "uv": [
                        4,
                        9,
                        4.2625,
                        9.1375
                      ],
                      "rotation": 90,
                      "texture": "#deerhead"
                    },
                    "east": {
                      "uv": [
                        4,
                        9,
                        4.2625,
                        9.1375
                      ],
                      "rotation": 90,
                      "texture": "#deerhead"
                    },
                    "south": {
                      "uv": [
                        4,
                        9,
                        4.2625,
                        9.1375
                      ],
                      "rotation": 90,
                      "texture": "#deerhead"
                    },
                    "west": {
                      "uv": [
                        4,
                        9,
                        4.2625,
                        9.1375
                      ],
                      "rotation": 90,
                      "texture": "#deerhead"
                    },
                    "up": {
                      "uv": [
                        9.33333,
                        7.75,
                        9.47083,
                        7.8875
                      ],
                      "texture": "#deerhead"
                    },
                    "down": {
                      "uv": [
                        9.83333,
                        7.75,
                        9.97083,
                        7.8875
                      ],
                      "rotation": 180,
                      "texture": "#deerhead"
                    }
                  }
                },
                {
                  "name": "L_Ant4",
                  "from": [
                    -0.6877,
                    7.875,
                    7.3378
                  ],
                  "to": [
                    0.1373,
                    9.375,
                    8.1628
                  ],
                  "rotationOrigin": [
                    -0.2752,
                    8.55,
                    7.7503
                  ],
                  "rotationY": 22.499998,
                  "faces": {
                    "north": {
                      "uv": [
                        4.58333,
                        9.16667,
                        4.85833,
                        9.30417
                      ],
                      "rotation": 90,
                      "texture": "#deerhead"
                    },
                    "east": {
                      "uv": [
                        4.58333,
                        9.16667,
                        4.85833,
                        9.30417
                      ],
                      "rotation": 90,
                      "texture": "#deerhead"
                    },
                    "south": {
                      "uv": [
                        4.58333,
                        9.16667,
                        4.85833,
                        9.30417
                      ],
                      "rotation": 90,
                      "texture": "#deerhead"
                    },
                    "west": {
                      "uv": [
                        4.58333,
                        9.16667,
                        4.85833,
                        9.30417
                      ],
                      "rotation": 90,
                      "texture": "#deerhead"
                    },
                    "up": {
                      "uv": [
                        9.33333,
                        7.83333,
                        9.47083,
                        7.97083
                      ],
                      "texture": "#deerhead"
                    },
                    "down": {
                      "uv": [
                        9.66667,
                        8,
                        9.80417,
                        8.1375
                      ],
                      "rotation": 180,
                      "texture": "#deerhead"
                    }
                  }
                },
                {
                  "name": "L_Ant3",
                  "from": [
                    -1.0484,
                    6.6,
                    7.4095
                  ],
                  "to": [
                    0.1516,
                    7.875,
                    8.2345
                  ],
                  "rotationOrigin": [
                    -0.4484,
                    7.2375,
                    7.822
                  ],
                  "rotationY": 22.499998,
                  "faces": {
                    "north": {
                      "uv": [
                        4.5,
                        9.41667,
                        4.7,
                        9.62917
                      ],
                      "rotation": 180,
                      "texture": "#deerhead"
                    },
                    "east": {
                      "uv": [
                        4.5,
                        9.41667,
                        4.6375,
                        9.62917
                      ],
                      "rotation": 180,
                      "texture": "#deerhead"
                    },
                    "south": {
                      "uv": [
                        4.5,
                        9.41667,
                        4.7,
                        9.62917
                      ],
                      "rotation": 180,
                      "texture": "#deerhead"
                    },
                    "west": {
                      "uv": [
                        4.5,
                        9.41667,
                        4.6375,
                        9.62917
                      ],
                      "rotation": 180,
                      "texture": "#deerhead"
                    },
                    "up": {
                      "uv": [
                        4.5,
                        9.41667,
                        4.6375,
                        9.61667
                      ],
                      "rotation": 90,
                      "texture": "#deerhead"
                    },
                    "down": {
                      "uv": [
                        4.5,
                        9.41667,
                        4.6375,
                        9.61667
                      ],
                      "rotation": 270,
                      "texture": "#deerhead"
                    }
                  }
                },
                {
                  "name": "L_Ant2",
                  "from": [
                    -4.7128,
                    5.25,
                    7.6901
                  ],
                  "to": [
                    1.7372,
                    6.675,
                    8.8151
                  ],
                  "rotationOrigin": [
                    -1.4878,
                    5.9625,
                    8.2526
                  ],
                  "rotationY": 22.499998,
                  "faces": {
                    "north": {
                      "uv": [
                        1,
                        8.58333,
                        2.075,
                        8.82083
                      ],
                      "rotation": 180,
                      "texture": "#deerhead"
                    },
                    "east": {
                      "uv": [
                        10.33333,
                        8.25,
                        10.5,
                        8.5
                      ],
                      "rotation": 180,
                      "texture": "#deerhead"
                    },
                    "south": {
                      "uv": [
                        1,
                        8.58333,
                        2.075,
                        8.82083
                      ],
                      "rotation": 180,
                      "texture": "#deerhead"
                    },
                    "west": {
                      "uv": [
                        10.41667,
                        8.25,
                        10.58333,
                        8.5
                      ],
                      "rotation": 180,
                      "texture": "#deerhead"
                    },
                    "up": {
                      "uv": [
                        2.16667,
                        9.16667,
                        3.25,
                        9.41667
                      ],
                      "rotation": 90,
                      "texture": "#deerhead"
                    },
                    "down": {
                      "uv": [
                        1,
                        8.58333,
                        2.075,
                        8.82083
                      ],
                      "rotation": 270,
                      "texture": "#deerhead"
                    }
                  }
                },
                {
                  "name": "L_Ant1",
                  "from": [
                    -6.2762,
                    5.4,
                    8.519
                  ],
                  "to": [
                    -4.0262,
                    6.375,
                    9.494
                  ],
                  "rotationOrigin": [
                    -5.1512,
                    5.8875,
                    9.0065
                  ],
                  "rotationY": -22.499998,
                  "faces": {
                    "north": {
                      "uv": [
                        2.75,
                        8.91667,
                        3.16667,
                        9.08333
                      ],
                      "texture": "#deerhead"
                    },
                    "east": {
                      "uv": [
                        9.58333,
                        8,
                        9.74583,
                        8.1625
                      ],
                      "texture": "#deerhead"
                    },
                    "south": {
                      "uv": [
                        2.75,
                        8.91667,
                        3.16667,
                        9.08333
                      ],
                      "texture": "#deerhead"
                    },
                    "west": {
                      "uv": [
                        9.66667,
                        7.75,
                        9.82917,
                        7.9125
                      ],
                      "texture": "#deerhead"
                    },
                    "up": {
                      "uv": [
                        2.75,
                        8.91667,
                        3.16667,
                        9.08333
                      ],
                      "rotation": 270,
                      "texture": "#deerhead"
                    },
                    "down": {
                      "uv": [
                        2.75,
                        8.91667,
                        3.16667,
                        9.08333
                      ],
                      "rotation": 90,
                      "texture": "#deerhead"
                    }
                  }
                }
              ]
            },
            {
              "name": "R_Antler_Base",
             "from": [
        4.63,
        9.6,
        1.45
      ],
      "to": [
        6.805,
        12.0,
        3.325
      ],
      "rotationOrigin": [
        5.716,
        10.9436,
        2.3864
      ],
      "rotationX": 83.0,
      "rotationY": 125.0,
      "rotationZ": -30.0,
              "faces": {
                "north": {
                  "uv": [
                    9.69583,
                    5.58333,
                    9.33333,
                    5.98333
                  ],
                  "rotation": 180,
                  "texture": "#deerhead"
                },
                "east": {
                  "uv": [
                    9.64583,
                    5.58333,
                    9.33333,
                    5.98333
                  ],
                  "rotation": 180,
                  "texture": "#deerhead"
                },
                "south": {
                  "uv": [
                    9.69583,
                    5.58333,
                    9.33333,
                    5.98333
                  ],
                  "rotation": 180,
                  "texture": "#deerhead"
                },
                "west": {
                  "uv": [
                    9.66667,
                    5.58333,
                    9.33333,
                    6
                  ],
                  "rotation": 180,
                  "texture": "#deerhead"
                },
                "up": {
                  "uv": [
                    9.64583,
                    5.58333,
                    9.33333,
                    5.94583
                  ],
                  "rotation": 90,
                  "texture": "#deerhead"
                },
                "down": {
                  "uv": [
                    9.64583,
                    5.58333,
                    9.33333,
                    5.94583
                  ],
                  "rotation": 270,
                  "texture": "#deerhead"
                }
              },
              "children": [
                {
                  "name": "R_Ant12",
                  "from": [
                    0.75,
                    5.85,
                    0.75
                  ],
                  "to": [
                    1.8,
                    8.025,
                    1.5
                  ],
                  "rotationOrigin": [
                    1.275,
                    6.75,
                    1.125
                  ],
                  "faces": {
                    "north": {
                      "uv": [
                        2.75,
                        8.925,
                        3.1125,
                        8.75
                      ],
                      "rotation": 270,
                      "texture": "#deerhead"
                    },
                    "east": {
                      "uv": [
                        2.75,
                        8.925,
                        3.1125,
                        8.75
                      ],
                      "rotation": 270,
                      "texture": "#deerhead"
                    },
                    "south": {
                      "uv": [
                        2.75,
                        8.83333,
                        3.08333,
                        8.66667
                      ],
                      "rotation": 270,
                      "texture": "#deerhead"
                    },
                    "west": {
                      "uv": [
                        2.75,
                        8.925,
                        3.1125,
                        8.75
                      ],
                      "rotation": 270,
                      "texture": "#deerhead"
                    },
                    "up": {
                      "uv": [
                        10.16667,
                        8.16667,
                        10.33333,
                        8
                      ],
                      "rotation": 180,
                      "texture": "#deerhead"
                    },
                    "down": {
                      "uv": [
                        9.91667,
                        7.91667,
                        10.08333,
                        7.75
                      ],
                      "texture": "#deerhead"
                    }
                  }
                },
                {
                  "name": "R_Ant10",
                  "from": [
                    0.525,
                    4.0456,
                    -6.1956
                  ],
                  "to": [
                    1.65,
                    5.6206,
                    1.1544
                  ],
                  "rotationOrigin": [
                    1.0875,
                    4.8331,
                    -2.5206
                  ],
                  "rotationX": 22.499993,
                  "rotationZ": -4.0E-6,
                  "faces": {
                    "north": {
                      "uv": [
                        10.5,
                        8.25,
                        10.33333,
                        8.5
                      ],
                      "rotation": 180,
                      "texture": "#deerhead"
                    },
                    "east": {
                      "uv": [
                        4.30833,
                        9.25,
                        3.08333,
                        9.5125
                      ],
                      "rotation": 180,
                      "texture": "#deerhead"
                    },
                    "south": {
                      "uv": [
                        9.85417,
                        7.75,
                        9.66667,
                        8.0125
                      ],
                      "rotation": 180,
                      "texture": "#deerhead"
                    },
                    "west": {
                      "uv": [
                        4.33333,
                        9.25,
                        3.08333,
                        9.5
                      ],
                      "rotation": 180,
                      "texture": "#deerhead"
                    },
                    "up": {
                      "uv": [
                        4.41667,
                        9.08333,
                        3.16667,
                        9.25
                      ],
                      "rotation": 90,
                      "texture": "#deerhead"
                    },
                    "down": {
                      "uv": [
                        4.33333,
                        9.25,
                        3.08333,
                        9.5
                      ],
                      "rotation": 270,
                      "texture": "#deerhead"
                    }
                  }
                },
                {
                  "name": "R_Ant8",
                  "from": [
                    0.675,
                    5.0922,
                    -1.9665
                  ],
                  "to": [
                    1.5,
                    7.2672,
                    -0.7665
                  ],
                  "rotationOrigin": [
                    1.0875,
                    6.1797,
                    -1.3665
                  ],
                  "rotationX": 22.499993,
                  "rotationZ": -4.0E-6,
                  "faces": {
                    "north": {
                      "uv": [
                        2.66667,
                        7.95,
                        3.02917,
                        7.75
                      ],
                      "rotation": 90,
                      "texture": "#deerhead"
                    },
                    "east": {
                      "uv": [
                        2.66667,
                        7.95,
                        3.02917,
                        7.75
                      ],
                      "rotation": 90,
                      "texture": "#deerhead"
                    },
                    "south": {
                      "uv": [
                        2.66667,
                        7.95,
                        3.02917,
                        7.75
                      ],
                      "rotation": 90,
                      "texture": "#deerhead"
                    },
                    "west": {
                      "uv": [
                        2.66667,
                        7.95,
                        3.02917,
                        7.75
                      ],
                      "rotation": 90,
                      "texture": "#deerhead"
                    },
                    "up": {
                      "uv": [
                        9.58333,
                        7.95,
                        9.72083,
                        7.75
                      ],
                      "texture": "#deerhead"
                    },
                    "down": {
                      "uv": [
                        9.75,
                        8.03333,
                        9.8875,
                        7.83333
                      ],
                      "rotation": 180,
                      "texture": "#deerhead"
                    }
                  }
                },
                {
                  "name": "R_Ant7",
                  "from": [
                    0.675,
                    7.6291,
                    -3.3945
                  ],
                  "to": [
                    1.5,
                    9.6541,
                    -2.5695
                  ],
                  "rotationOrigin": [
                    1.0875,
                    8.6416,
                    -2.982
                  ],
                  "rotationX": 22.499993,
                  "rotationZ": -4.0E-6,
                  "faces": {
                    "north": {
                      "uv": [
                        3,
                        8.47083,
                        3.3375,
                        8.33333
                      ],
                      "rotation": 90,
                      "texture": "#deerhead"
                    },
                    "east": {
                      "uv": [
                        3,
                        8.47083,
                        3.3375,
                        8.33333
                      ],
                      "rotation": 90,
                      "texture": "#deerhead"
                    },
                    "south": {
                      "uv": [
                        3,
                        8.47083,
                        3.3375,
                        8.33333
                      ],
                      "rotation": 90,
                      "texture": "#deerhead"
                    },
                    "west": {
                      "uv": [
                        3,
                        8.47083,
                        3.3375,
                        8.33333
                      ],
                      "rotation": 90,
                      "texture": "#deerhead"
                    },
                    "up": {
                      "uv": [
                        9.66667,
                        7.8875,
                        9.80417,
                        7.75
                      ],
                      "texture": "#deerhead"
                    },
                    "down": {
                      "uv": [
                        9.58333,
                        7.97083,
                        9.72083,
                        7.83333
                      ],
                      "rotation": 180,
                      "texture": "#deerhead"
                    }
                  }
                },
                {
                  "name": "R_Ant6",
                  "from": [
                    0.675,
                    5.9979,
                    -4.2452
                  ],
                  "to": [
                    1.5,
                    7.8729,
                    -3.0452
                  ],
                  "rotationOrigin": [
                    1.0875,
                    7.0104,
                    -3.6452
                  ],
                  "rotationX": 22.499993,
                  "rotationZ": -4.0E-6,
                  "faces": {
                    "north": {
                      "uv": [
                        2.83333,
                        8.47083,
                        3.17083,
                        8.33333
                      ],
                      "rotation": 90,
                      "texture": "#deerhead"
                    },
                    "east": {
                      "uv": [
                        2.83333,
                        8.53333,
                        3.17083,
                        8.33333
                      ],
                      "rotation": 90,
                      "texture": "#deerhead"
                    },
                    "south": {
                      "uv": [
                        2.83333,
                        8.47083,
                        3.17083,
                        8.33333
                      ],
                      "rotation": 90,
                      "texture": "#deerhead"
                    },
                    "west": {
                      "uv": [
                        2.83333,
                        8.53333,
                        3.17083,
                        8.33333
                      ],
                      "rotation": 90,
                      "texture": "#deerhead"
                    },
                    "up": {
                      "uv": [
                        9.58333,
                        8.03333,
                        9.72083,
                        7.83333
                      ],
                      "texture": "#deerhead"
                    },
                    "down": {
                      "uv": [
                        9.58333,
                        8.2,
                        9.72083,
                        8
                      ],
                      "rotation": 180,
                      "texture": "#deerhead"
                    }
                  }
                },
                {
                  "name": "R_Ant9",
                  "from": [
                    0.675,
                    6.8742,
                    -0.7447
                  ],
                  "to": [
                    1.5,
                    9.6492,
                    0.0803
                  ],
                  "rotationOrigin": [
                    1.0875,
                    8.1867,
                    -0.3322
                  ],
                  "rotationX": 22.499993,
                  "rotationZ": -4.0E-6,
                  "faces": {
                    "north": {
                      "uv": [
                        2.66667,
                        8.30417,
                        3.15417,
                        8.16667
                      ],
                      "rotation": 90,
                      "texture": "#deerhead"
                    },
                    "east": {
                      "uv": [
                        2.66667,
                        8.30417,
                        3.15417,
                        8.16667
                      ],
                      "rotation": 90,
                      "texture": "#deerhead"
                    },
                    "south": {
                      "uv": [
                        2.66667,
                        8.30417,
                        3.15417,
                        8.16667
                      ],
                      "rotation": 90,
                      "texture": "#deerhead"
                    },
                    "west": {
                      "uv": [
                        2.66667,
                        8.30417,
                        3.15417,
                        8.16667
                      ],
                      "rotation": 90,
                      "texture": "#deerhead"
                    },
                    "up": {
                      "uv": [
                        9.33333,
                        7.72083,
                        9.47083,
                        7.58333
                      ],
                      "texture": "#deerhead"
                    },
                    "down": {
                      "uv": [
                        9.66667,
                        8.05417,
                        9.80417,
                        7.91667
                      ],
                      "rotation": 180,
                      "texture": "#deerhead"
                    }
                  }
                },
                {
                  "name": "R_Ant4",
                  "from": [
                    -0.6877,
                    7.875,
                    -6.2878
                  ],
                  "to": [
                    0.1373,
                    9.375,
                    -5.4628
                  ],
                  "rotationOrigin": [
                    -0.2752,
                    8.55,
                    -5.8753
                  ],
                  "rotationY": -22.499998,
                  "faces": {
                    "north": {
                      "uv": [
                        4.58333,
                        9.30417,
                        4.85833,
                        9.16667
                      ],
                      "rotation": 90,
                      "texture": "#deerhead"
                    },
                    "east": {
                      "uv": [
                        4.58333,
                        9.30417,
                        4.85833,
                        9.16667
                      ],
                      "rotation": 90,
                      "texture": "#deerhead"
                    },
                    "south": {
                      "uv": [
                        4.58333,
                        9.30417,
                        4.85833,
                        9.16667
                      ],
                      "rotation": 90,
                      "texture": "#deerhead"
                    },
                    "west": {
                      "uv": [
                        4.58333,
                        9.30417,
                        4.85833,
                        9.16667
                      ],
                      "rotation": 90,
                      "texture": "#deerhead"
                    },
                    "up": {
                      "uv": [
                        9.33333,
                        7.97083,
                        9.47083,
                        7.83333
                      ],
                      "texture": "#deerhead"
                    },
                    "down": {
                      "uv": [
                        9.66667,
                        8.1375,
                        9.80417,
                        8
                      ],
                      "rotation": 180,
                      "texture": "#deerhead"
                    }
                  }
                },
                {
                  "name": "R_Ant3",
                  "from": [
                    -1.0484,
                    6.6,
                    -6.3595
                  ],
                  "to": [
                    0.1516,
                    7.875,
                    -5.5345
                  ],
                  "rotationOrigin": [
                    -0.4484,
                    7.2375,
                    -5.947
                  ],
                  "rotationY": -22.499998,
                  "faces": {
                    "north": {
                      "uv": [
                        4.7,
                        9.41667,
                        4.5,
                        9.62917
                      ],
                      "rotation": 180,
                      "texture": "#deerhead"
                    },
                    "east": {
                      "uv": [
                        4.6375,
                        9.41667,
                        4.5,
                        9.62917
                      ],
                      "rotation": 180,
                      "texture": "#deerhead"
                    },
                    "south": {
                      "uv": [
                        4.7,
                        9.41667,
                        4.5,
                        9.62917
                      ],
                      "rotation": 180,
                      "texture": "#deerhead"
                    },
                    "west": {
                      "uv": [
                        4.6375,
                        9.41667,
                        4.5,
                        9.62917
                      ],
                      "rotation": 180,
                      "texture": "#deerhead"
                    },
                    "up": {
                      "uv": [
                        4.6375,
                        9.41667,
                        4.5,
                        9.61667
                      ],
                      "rotation": 90,
                      "texture": "#deerhead"
                    },
                    "down": {
                      "uv": [
                        4.6375,
                        9.41667,
                        4.5,
                        9.61667
                      ],
                      "rotation": 270,
                      "texture": "#deerhead"
                    }
                  }
                },
                {
                  "name": "R_Ant2",
                  "from": [
                    -4.7128,
                    5.25,
                    -6.9401
                  ],
                  "to": [
                    1.7372,
                    6.675,
                    -5.8151
                  ],
                  "rotationOrigin": [
                    -1.4878,
                    5.9625,
                    -6.3776
                  ],
                  "rotationY": -22.499998,
                  "faces": {
                    "north": {
                      "uv": [
                        2.075,
                        8.58333,
                        1,
                        8.82083
                      ],
                      "rotation": 180,
                      "texture": "#deerhead"
                    },
                    "east": {
                      "uv": [
                        10.5,
                        8.25,
                        10.33333,
                        8.5
                      ],
                      "rotation": 180,
                      "texture": "#deerhead"
                    },
                    "south": {
                      "uv": [
                        2.075,
                        8.58333,
                        1,
                        8.82083
                      ],
                      "rotation": 180,
                      "texture": "#deerhead"
                    },
                    "west": {
                      "uv": [
                        10.58333,
                        8.25,
                        10.41667,
                        8.5
                      ],
                      "rotation": 180,
                      "texture": "#deerhead"
                    },
                    "up": {
                      "uv": [
                        3.25,
                        9.16667,
                        2.16667,
                        9.41667
                      ],
                      "rotation": 90,
                      "texture": "#deerhead"
                    },
                    "down": {
                      "uv": [
                        2.075,
                        8.58333,
                        1,
                        8.82083
                      ],
                      "rotation": 270,
                      "texture": "#deerhead"
                    }
                  }
                },
                {
                  "name": "R_Ant1",
                  "from": [
                    -6.2762,
                    5.4,
                    -7.619
                  ],
                  "to": [
                    -4.0262,
                    6.375,
                    -6.644
                  ],
                  "rotationOrigin": [
                    -5.1512,
                    5.8875,
                    -7.1315
                  ],
                  "rotationY": 22.499998,
                  "faces": {
                    "north": {
                      "uv": [
                        3.16667,
                        8.91667,
                        2.75,
                        9.08333
                      ],
                      "texture": "#deerhead"
                    },
                    "east": {
                      "uv": [
                        9.74583,
                        8,
                        9.58333,
                        8.1625
                      ],
                      "texture": "#deerhead"
                    },
                    "south": {
                      "uv": [
                        3.16667,
                        8.91667,
                        2.75,
                        9.08333
                      ],
                      "texture": "#deerhead"
                    },
                    "west": {
                      "uv": [
                        9.82917,
                        7.75,
                        9.66667,
                        7.9125
                      ],
                      "texture": "#deerhead"
                    },
                    "up": {
                      "uv": [
                        3.16667,
                        8.91667,
                        2.75,
                        9.08333
                      ],
                      "rotation": 270,
                      "texture": "#deerhead"
                    },
                    "down": {
                      "uv": [
                        3.16667,
                        8.91667,
                        2.75,
                        9.08333
                      ],
                      "rotation": 90,
                      "texture": "#deerhead"
                    }
                  }
                },
                {
                  "name": "R_Ant5",
                  "from": [
                    -3.0877,
                    6.6,
                    -7.1878
                  ],
                  "to": [
                    -2.2627,
                    8.175,
                    -6.3628
                  ],
                  "rotationOrigin": [
                    -2.6752,
                    7.3875,
                    -6.7753
                  ],
                  "rotationY": -22.499998,
                  "faces": {
                    "north": {
                      "uv": [
                        4,
                        9.1375,
                        4.2625,
                        9
                      ],
                      "rotation": 90,
                      "texture": "#deerhead"
                    },
                    "east": {
                      "uv": [
                        4,
                        9.1375,
                        4.2625,
                        9
                      ],
                      "rotation": 90,
                      "texture": "#deerhead"
                    },
                    "south": {
                      "uv": [
                        4,
                        9.1375,
                        4.2625,
                        9
                      ],
                      "rotation": 90,
                      "texture": "#deerhead"
                    },
                    "west": {
                      "uv": [
                        4,
                        9.1375,
                        4.2625,
                        9
                      ],
                      "rotation": 90,
                      "texture": "#deerhead"
                    },
                    "up": {
                      "uv": [
                        9.33333,
                        7.8875,
                        9.47083,
                        7.75
                      ],
                      "texture": "#deerhead"
                    },
                    "down": {
                      "uv": [
                        9.83333,
                        7.8875,
                        9.97083,
                        7.75
                      ],
                      "rotation": 180,
                      "texture": "#deerhead"
                    }
                  }
                },
                {
                  "name": "R_Ant11",
                  "from": [
                    0.375,
                    -1.125,
                    0.375
                  ],
                  "to": [
                    1.8,
                    5.925,
                    1.5
                  ],
                  "rotationOrigin": [
                    1.0875,
                    2.4,
                    0.9375
                  ],
                  "rotationX": -2.2566816896820956E-6,
                  "rotationY": -2.5555467431373152E-6,
                  "rotationZ": -3.415094397496438E-6,
                  "faces": {
                    "north": {
                      "uv": [
                        3.91667,
                        9.90417,
                        5.09167,
                        9.66667
                      ],
                      "rotation": 90,
                      "texture": "#deerhead"
                    },
                    "east": {
                      "uv": [
                        3.91667,
                        9.85417,
                        5.09167,
                        9.66667
                      ],
                      "rotation": 90,
                      "texture": "#deerhead"
                    },
                    "south": {
                      "uv": [
                        3.83333,
                        9.82083,
                        5.00833,
                        9.58333
                      ],
                      "rotation": 90,
                      "texture": "#deerhead"
                    },
                    "west": {
                      "uv": [
                        3.91667,
                        9.85417,
                        5.09167,
                        9.66667
                      ],
                      "rotation": 90,
                      "texture": "#deerhead"
                    },
                    "up": {
                      "uv": [
                        10.33333,
                        8.5,
                        10.58333,
                        8.33333
                      ],
                      "texture": "#deerhead"
                    },
                    "down": {
                      "uv": [
                        9.5,
                        7.9375,
                        9.7375,
                        7.75
                      ],
                      "rotation": 180,
                      "texture": "#deerhead"
            }
          }
        }
      ]
    }
  ]
}