{
	"editor": {
		"allAngles": false,
		"entityTextureMode": false
	},
	"textureWidth": 16,
	"textureHeight": 16,
	"textureSizes": {
	},
	"textures": {
	},
	"elements": [
		{
			"name": "cube0",
			"from": [ 14.7284, 0.0, 6.1205 ], 
			"to": [ 15.9784, 16.0, 7.1205 ], 
			"rotationOrigin": [ 15.3534, 8.0, 6.6205 ],
			"rotationX": 0.0,
			"rotationY": 30.0,
			"rotationZ": 0.0,
			"faces": {
				"north": { "texture": "#wood", "uv": [ 0.0, 7.5, 16.0, 8.5 ], "rotation": 90 },
				"east": { "texture": "#wood", "uv": [ 0.0, 9.0, 16.0, 10.0 ], "rotation": 90 },
				"south": { "texture": "#wood", "uv": [ 0.0, 3.5, 16.0, 4.5 ], "rotation": 90 },
				"west": { "texture": "#wood", "uv": [ 0.0, 8.5, 16.0, 9.5 ], "rotation": 90 },
				"up": { "texture": "#wood", "uv": [ 5.5, 1.5, 6.5, 2.5 ], "rotation": 90 },
				"down": { "texture": "#wood", "uv": [ 4.5, 5.0, 5.5, 6.0 ], "rotation": 270 }
			}
		},
		{
			"name": "cube1",
			"from": [ 8.0168, 0.0, 9.9955 ], 
			"to": [ 9.2668, 16.0, 10.9955 ], 
			"rotationOrigin": [ 8.6418, 8.0, 10.4955 ],
			"rotationX": 0.0,
			"rotationY": 30.0,
			"rotationZ": 0.0,
			"faces": {
				"north": { "texture": "#wood", "uv": [ 0.0, 8.0, 16.0, 9.0 ], "rotation": 90 },
				"east": { "texture": "#wood", "uv": [ 0.0, 2.5, 16.0, 3.5 ], "rotation": 90 },
				"south": { "texture": "#wood", "uv": [ 0.0, 9.0, 16.0, 10.0 ], "rotation": 90 },
				"west": { "texture": "#wood", "uv": [ 0.0, 8.5, 16.0, 9.5 ], "rotation": 90 },
				"up": { "texture": "#wood", "uv": [ 2.0, 4.0, 3.0, 5.0 ], "rotation": 90 },
				"down": { "texture": "#wood", "uv": [ 6.0, 10.5, 7.0, 11.5 ], "rotation": 270 }
			}
		},
		{
			"name": "cube2",
			"from": [ 8.7476, 0.0, 8.308 ], 
			"to": [ 15.2476, 0.5, 8.808 ], 
			"rotationOrigin": [ 11.9976, 0.25, 8.558 ],
			"rotationX": 0.0,
			"rotationY": 30.0,
			"rotationZ": 0.0,
			"faces": {
				"north": { "texture": "#wood", "uv": [ 3.5, 9.5, 10.0, 10.0 ], "autoUv": false },
				"east": { "texture": "#wood", "uv": [ 0.0, 2.0, 0.5, 0.5 ], "enabled": false, "autoUv": false },
				"south": { "texture": "#wood", "uv": [ 9.5, 4.5, 16.0, 5.0 ], "autoUv": false },
				"west": { "texture": "#wood", "uv": [ 0.0, 0.0, 0.5, 0.5 ], "enabled": false, "autoUv": false },
				"up": { "texture": "#wood", "uv": [ 5.5, 6.0, 12.0, 6.5 ], "rotation": 180 },
				"down": { "texture": "#wood", "uv": [ 4.0, 11.0, 10.5, 11.5 ], "rotation": 180 }
			}
		},
		{
			"name": "cube3",
			"from": [ 8.7476, 15.5, 8.308 ], 
			"to": [ 15.2476, 16.0, 8.808 ], 
			"rotationOrigin": [ 11.9976, 15.75, 8.558 ],
			"rotationX": 0.0,
			"rotationY": 30.0,
			"rotationZ": 0.0,
			"faces": {
				"north": { "texture": "#wood", "uv": [ 3.5, 3.5, 10.0, 4.0 ], "autoUv": false, "windMode": [-1,-1,-1,-1], "windData": [0,1,0,0] },
				"east": { "texture": "#wood", "uv": [ 3.0, 4.5, 3.5, 5.0 ], "enabled": false, "windMode": [-1,-1,-1,-1], "windData": [0,0,1,0] },
				"south": { "texture": "#wood", "uv": [ 3.5, 3.5, 10.0, 4.0 ], "windMode": [-1,-1,-1,-1], "windData": [0,0,1,1] },
				"west": { "texture": "#wood", "uv": [ 5.0, 6.0, 5.5, 6.5 ], "enabled": false, "autoUv": false },
				"up": { "texture": "#wood", "uv": [ 6.5, 6.0, 13.0, 6.5 ], "windMode": [-1,-1,-1,-1], "windData": [1,1,1,0] },
				"down": { "texture": "#wood", "uv": [ 3.5, 5.5, 10.0, 6.0 ], "rotation": 180 }
			}
		},
		{
			"name": "cube4",
			"from": [ 8.7476, 6.0, 8.258 ], 
			"to": [ 15.2476, 6.5, 8.858 ], 
			"rotationOrigin": [ 11.9976, 6.25, 8.558 ],
			"rotationX": 0.0,
			"rotationY": 30.0,
			"rotationZ": 0.0,
			"faces": {
				"north": { "texture": "#wood", "uv": [ 4.0, 3.5, 10.5, 4.0 ] },
				"east": { "texture": "#wood", "uv": [ 0.0, 0.0, 0.6, 0.5 ], "enabled": false, "autoUv": false },
				"south": { "texture": "#wood", "uv": [ 6.5, 3.0, 13.0, 3.5 ] },
				"west": { "texture": "#wood", "uv": [ 0.0, 1.0, 0.6, 0.5 ], "enabled": false, "autoUv": false },
				"up": { "texture": "#wood", "uv": [ 6.5, 6.0, 13.0, 6.5 ] },
				"down": { "texture": "#wood", "uv": [ 4.0, 5.5, 10.5, 6.0 ], "rotation": 180 }
			}
		},
		{
			"name": "cube5",
			"from": [ 8.7476, 9.5, 8.258 ], 
			"to": [ 15.2476, 10.0, 8.858 ], 
			"rotationOrigin": [ 11.9976, 9.75, 8.558 ],
			"rotationX": 0.0,
			"rotationY": 30.0,
			"rotationZ": 0.0,
			"faces": {
				"north": { "texture": "#wood", "uv": [ 3.5, 4.0, 10.0, 4.5 ] },
				"east": { "texture": "#0", "uv": [ 0.0, 0.0, 0.6, 0.5 ], "enabled": false, "autoUv": false },
				"south": { "texture": "#wood", "uv": [ 3.5, 4.0, 10.0, 4.5 ] },
				"west": { "texture": "#0", "uv": [ 0.0, 0.0, 0.6, 0.5 ], "enabled": false, "autoUv": false },
				"up": { "texture": "#wood", "uv": [ 6.5, 6.0, 13.0, 6.5 ] },
				"down": { "texture": "#wood", "uv": [ 3.5, 5.5, 10.0, 6.0 ] }
			}
		},
		{
			"name": "cube6",
			"from": [ 4.2995, 7.75, 8.4028 ], 
			"to": [ 19.2995, 8.25, 8.9028 ], 
			"rotationOrigin": [ 11.7995, 8.0, 8.6528 ],
			"rotationY": 30.0,
			"rotationZ": 90.0,
			"faces": {
				"north": { "texture": "#wood", "uv": [ 0.0, 8.0, 15.0, 8.5 ] },
				"east": { "texture": "#wood", "uv": [ 0.0, 0.0, 0.5, 0.5 ], "enabled": false },
				"south": { "texture": "#wood", "uv": [ 0.5, 9.0, 15.5, 9.5 ] },
				"west": { "texture": "#wood", "uv": [ 0.0, 0.0, 0.5, 0.5 ], "enabled": false, "autoUv": false },
				"up": { "texture": "#wood", "uv": [ 0.5, 8.0, 15.5, 8.5 ] },
				"down": { "texture": "#wood", "uv": [ 0.0, 8.0, 15.0, 8.5 ], "rotation": 180 }
			}
		},
		{
			"name": "InnerCloth2",
			"from": [ 8.7351, 0.5, 8.4114 ], 
			"to": [ 15.2351, 15.5, 8.6614 ], 
			"rotationOrigin": [ 11.9851, 8.0, 8.5364 ],
			"rotationX": 0.0,
			"rotationY": 30.0,
			"rotationZ": 0.0,
			"faces": {
				"north": { "texture": "#cloth", "uv": [ 5.0, 0.5, 11.5, 15.5 ], "autoUv": false },
				"east": { "texture": "#cloth", "uv": [ 0.0, 0.0, 0.25, 15.0 ], "enabled": false, "autoUv": false },
				"south": { "texture": "#cloth", "uv": [ 5.0, 0.5, 11.5, 15.5 ], "autoUv": false },
				"west": { "texture": "#cloth", "uv": [ 0.0, 0.0, 0.25, 15.0 ], "enabled": false, "autoUv": false },
				"up": { "texture": "#cloth", "uv": [ 0.0, 0.0, 0.25, 6.5 ], "rotation": 90, "enabled": false, "autoUv": false },
				"down": { "texture": "#cloth", "uv": [ 0.0, 0.0, 0.25, 6.5 ], "rotation": 270, "enabled": false, "autoUv": false }
			}
		},
		{
			"name": "cube8",
			"from": [ 8.7476, 3.0, 8.258 ], 
			"to": [ 15.2476, 3.5, 8.858 ], 
			"rotationOrigin": [ 11.9976, 3.25, 8.558 ],
			"rotationX": 0.0,
			"rotationY": 30.0,
			"rotationZ": 0.0,
			"faces": {
				"north": { "texture": "#wood", "uv": [ 2.0, 3.0, 8.5, 3.5 ] },
				"east": { "texture": "#wood", "uv": [ 0.0, 0.0, 0.6, 0.5 ], "enabled": false, "autoUv": false },
				"south": { "texture": "#wood", "uv": [ 1.5, 2.5, 8.0, 3.0 ] },
				"west": { "texture": "#wood", "uv": [ 0.0, 0.0, 0.6, 0.5 ], "enabled": false, "autoUv": false },
				"up": { "texture": "#wood", "uv": [ 6.5, 6.0, 13.0, 6.5 ] },
				"down": { "texture": "#wood", "uv": [ 3.5, 5.5, 10.0, 6.0 ], "rotation": 180 }
			}
		},
		{
			"name": "cube9",
			"from": [ 8.7476, 12.5, 8.258 ], 
			"to": [ 15.2476, 13.0, 8.858 ], 
			"rotationOrigin": [ 11.9976, 12.75, 8.558 ],
			"rotationX": 0.0,
			"rotationY": 30.0,
			"rotationZ": 0.0,
			"faces": {
				"north": { "texture": "#wood", "uv": [ 5.0, 7.5, 11.5, 8.0 ], "autoUv": false },
				"east": { "texture": "#wood", "uv": [ 0.0, 0.0, 0.5, 0.5 ], "rotation": 90, "enabled": false },
				"south": { "texture": "#wood", "uv": [ 5.5, 9.0, 12.0, 9.5 ], "autoUv": false },
				"west": { "texture": "#wood", "uv": [ 0.0, 0.0, 0.6, 0.5 ], "enabled": false, "autoUv": false },
				"up": { "texture": "#wood", "uv": [ 6.5, 6.0, 13.0, 6.5 ] },
				"down": { "texture": "#wood", "uv": [ 4.0, 5.5, 10.5, 6.0 ], "rotation": 180 }
			}
		},
		{
			"name": "cube10",
			"from": [ -3.467, 7.75, 8.3089 ], 
			"to": [ 11.533, 8.25, 8.8089 ], 
			"rotationOrigin": [ 4.033, 8.0, 8.5589 ],
			"rotationY": -30.0,
			"rotationZ": 90.0,
			"faces": {
				"north": { "texture": "#wood", "uv": [ 0.5, 3.0, 15.5, 3.5 ], "autoUv": false },
				"east": { "texture": "#wood", "uv": [ 0.0, 0.0, 0.5, 0.5 ], "enabled": false, "autoUv": false },
				"south": { "texture": "#wood", "uv": [ 0.5, 3.0, 15.5, 3.5 ], "autoUv": false },
				"west": { "texture": "#wood", "uv": [ 0.0, 0.0, 0.5, 0.5 ], "enabled": false, "autoUv": false },
				"up": { "texture": "#wood", "uv": [ 0.0, 4.0, 15.0, 4.5 ], "rotation": 180 },
				"down": { "texture": "#wood", "uv": [ 0.0, 3.5, 15.0, 4.0 ], "rotation": 180 }
			}
		},
		{
			"name": "cube11",
			"from": [ 0.7476, 9.5, 8.258 ], 
			"to": [ 7.2476, 10.0, 8.858 ], 
			"rotationOrigin": [ 3.9976, 9.75, 8.558 ],
			"rotationX": 0.0,
			"rotationY": -30.0,
			"rotationZ": 0.0,
			"faces": {
				"north": { "texture": "#wood", "uv": [ 3.0, 3.5, 9.5, 4.0 ], "autoUv": false },
				"east": { "texture": "#wood", "uv": [ 0.0, 0.0, 0.6, 0.5 ], "enabled": false, "autoUv": false },
				"south": { "texture": "#wood", "uv": [ 1.5, 3.0, 8.0, 3.5 ] },
				"west": { "texture": "#wood", "uv": [ 0.0, 0.0, 0.6, 0.5 ], "enabled": false, "autoUv": false },
				"up": { "texture": "#wood", "uv": [ 6.0, 6.0, 12.5, 6.5 ], "rotation": 180 },
				"down": { "texture": "#wood", "uv": [ 3.5, 5.5, 10.0, 6.0 ], "rotation": 180 }
			}
		},
		{
			"name": "cube12",
			"from": [ 0.7476, 12.5, 8.258 ], 
			"to": [ 7.2476, 13.0, 8.858 ], 
			"rotationOrigin": [ 3.9976, 12.75, 8.558 ],
			"rotationX": 0.0,
			"rotationY": -30.0,
			"rotationZ": 0.0,
			"faces": {
				"north": { "texture": "#wood", "uv": [ 1.0, 9.0, 7.5, 9.5 ], "autoUv": false },
				"east": { "texture": "#wood", "uv": [ 0.0, 0.0, 0.5, 0.5 ], "enabled": false },
				"south": { "texture": "#wood", "uv": [ 5.5, 4.0, 12.0, 4.5 ], "autoUv": false },
				"west": { "texture": "#wood", "uv": [ 0.0, 0.0, 0.6, 0.5 ], "enabled": false, "autoUv": false },
				"up": { "texture": "#wood", "uv": [ 6.0, 6.0, 12.5, 6.5 ], "rotation": 180 },
				"down": { "texture": "#wood", "uv": [ 3.5, 5.5, 10.0, 6.0 ], "rotation": 180 }
			}
		},
		{
			"name": "cube13",
			"from": [ 0.7476, 15.5, 8.308 ], 
			"to": [ 7.2476, 16.0, 8.808 ], 
			"rotationOrigin": [ 3.9976, 15.75, 8.558 ],
			"rotationX": 0.0,
			"rotationY": -30.0,
			"rotationZ": 0.0,
			"faces": {
				"north": { "texture": "#wood", "uv": [ 2.0, 3.0, 8.5, 3.5 ], "autoUv": false },
				"east": { "texture": "#wood", "uv": [ 0.0, 0.0, 0.5, 0.5 ], "rotation": 90, "enabled": false, "autoUv": false },
				"south": { "texture": "#wood", "uv": [ 2.0, 3.0, 8.5, 3.5 ], "autoUv": false },
				"west": { "texture": "#wood", "uv": [ 0.0, 0.0, 0.5, 0.5 ], "enabled": false, "autoUv": false },
				"up": { "texture": "#wood", "uv": [ 6.0, 6.0, 12.5, 6.5 ], "rotation": 180 },
				"down": { "texture": "#wood", "uv": [ 8.0, 5.5, 14.5, 6.0 ], "rotation": 180 }
			}
		},
		{
			"name": "cube14",
			"from": [ 0.7476, 6.0, 8.258 ], 
			"to": [ 7.2476, 6.5, 8.858 ], 
			"rotationOrigin": [ 3.9976, 6.25, 8.558 ],
			"rotationX": 0.0,
			"rotationY": -30.0,
			"rotationZ": 0.0,
			"faces": {
				"north": { "texture": "#wood", "uv": [ 4.0, 3.5, 10.5, 4.0 ], "autoUv": false },
				"east": { "texture": "#wood", "uv": [ 0.0, 0.0, 0.6, 0.5 ], "enabled": false, "autoUv": false },
				"south": { "texture": "#wood", "uv": [ 2.0, 4.0, 8.5, 4.5 ], "autoUv": false },
				"west": { "texture": "#wood", "uv": [ 0.0, 0.0, 0.6, 0.5 ], "enabled": false, "autoUv": false },
				"up": { "texture": "#wood", "uv": [ 6.5, 0.5, 13.0, 1.0 ], "rotation": 180 },
				"down": { "texture": "#wood", "uv": [ 3.5, 5.5, 10.0, 6.0 ], "rotation": 180 }
			}
		},
		{
			"name": "cube15",
			"from": [ 0.7476, 3.0, 8.258 ], 
			"to": [ 7.2476, 3.5, 8.858 ], 
			"rotationOrigin": [ 3.9976, 3.25, 8.558 ],
			"rotationX": 0.0,
			"rotationY": -30.0,
			"rotationZ": 0.0,
			"faces": {
				"north": { "texture": "#wood", "uv": [ 5.0, 2.5, 11.5, 3.0 ] },
				"east": { "texture": "#wood", "uv": [ 0.0, 0.0, 0.6, 0.5 ], "enabled": false, "autoUv": false },
				"south": { "texture": "#wood", "uv": [ 2.0, 3.5, 8.5, 4.0 ] },
				"west": { "texture": "#wood", "uv": [ 0.0, 0.0, 0.6, 0.5 ], "enabled": false, "autoUv": false },
				"up": { "texture": "#wood", "uv": [ 6.0, 6.0, 12.5, 6.5 ] },
				"down": { "texture": "#wood", "uv": [ 8.0, 5.5, 14.5, 6.0 ], "rotation": 180 }
			}
		},
		{
			"name": "cube16",
			"from": [ 0.7476, 0.0, 8.308 ], 
			"to": [ 7.2476, 0.5, 8.808 ], 
			"rotationOrigin": [ 3.9976, 0.25, 8.558 ],
			"rotationX": 0.0,
			"rotationY": -30.0,
			"rotationZ": 0.0,
			"faces": {
				"north": { "texture": "#wood", "uv": [ 1.5, 3.0, 8.0, 3.5 ] },
				"east": { "texture": "#wood", "uv": [ 0.0, 0.0, 0.5, 0.5 ], "enabled": false, "autoUv": false },
				"south": { "texture": "#wood", "uv": [ 3.5, 4.0, 10.0, 4.5 ] },
				"west": { "texture": "#wood", "uv": [ 0.0, 0.0, 0.5, 0.5 ], "enabled": false, "autoUv": false },
				"up": { "texture": "#wood", "uv": [ 6.0, 6.0, 12.5, 6.5 ] },
				"down": { "texture": "#wood", "uv": [ 3.5, 5.5, 10.0, 6.0 ], "rotation": 180 }
			}
		},
		{
			"name": "cube17",
			"from": [ 0.0168, 0.0, 6.1205 ], 
			"to": [ 1.2668, 16.0, 7.1205 ], 
			"rotationOrigin": [ 0.6418, 8.0, 6.6205 ],
			"rotationX": 0.0,
			"rotationY": -30.0,
			"rotationZ": 0.0,
			"faces": {
				"north": { "texture": "#wood", "uv": [ 0.0, 8.0, 16.0, 9.0 ], "rotation": 90 },
				"east": { "texture": "#wood", "uv": [ 0.0, 8.0, 16.0, 9.0 ], "rotation": 90 },
				"south": { "texture": "#wood", "uv": [ 0.0, 9.0, 16.0, 10.0 ], "rotation": 90 },
				"west": { "texture": "#wood", "uv": [ 0.0, 3.0, 16.0, 4.0 ], "rotation": 90 },
				"up": { "texture": "#wood", "uv": [ 3.0, 6.5, 4.0, 7.5 ], "rotation": 90 },
				"down": { "texture": "#wood", "uv": [ 5.5, 5.0, 6.5, 6.0 ], "rotation": 270 }
			}
		},
		{
			"name": "cube18",
			"from": [ 6.7284, 0.0, 9.9955 ], 
			"to": [ 7.9784, 16.0, 10.9955 ], 
			"rotationOrigin": [ 7.3534, 8.0, 10.4955 ],
			"rotationX": 0.0,
			"rotationY": -30.0,
			"rotationZ": 0.0,
			"faces": {
				"north": { "texture": "#wood", "uv": [ 0.0, 2.5, 16.0, 3.5 ], "rotation": 90 },
				"east": { "texture": "#wood", "uv": [ 0.0, 9.5, 16.0, 10.5 ], "rotation": 90 },
				"south": { "texture": "#wood", "uv": [ 0.0, 8.5, 16.0, 9.5 ], "rotation": 90 },
				"west": { "texture": "#wood", "uv": [ 0.0, 7.5, 16.0, 8.5 ], "rotation": 90 },
				"up": { "texture": "#wood", "uv": [ 5.0, 1.5, 6.0, 2.5 ], "rotation": 90 },
				"down": { "texture": "#wood", "uv": [ 2.0, 2.5, 3.0, 3.5 ], "rotation": 270 }
			}
		},
		{
			"name": "InnerCloth1",
			"from": [ 0.7601, 0.5, 8.4114 ], 
			"to": [ 7.2601, 15.5, 8.6614 ], 
			"rotationOrigin": [ 4.0101, 8.0, 8.5364 ],
			"rotationX": 0.0,
			"rotationY": -30.0,
			"rotationZ": 0.0,
			"faces": {
				"north": { "texture": "#cloth", "uv": [ 0.0, 0.0, 6.5, 15.0 ], "autoUv": false },
				"east": { "texture": "#cloth", "uv": [ 0.0, 0.0, 0.25, 15.0 ], "enabled": false, "autoUv": false },
				"south": { "texture": "#cloth", "uv": [ 0.0, 0.0, 6.5, 15.0 ], "autoUv": false },
				"west": { "texture": "#cloth", "uv": [ 0.0, 0.0, 0.25, 15.0 ], "enabled": false, "autoUv": false },
				"up": { "texture": "#cloth", "uv": [ 0.0, 0.0, 0.25, 6.5 ], "rotation": 90, "enabled": false, "autoUv": false },
				"down": { "texture": "#cloth", "uv": [ 0.0, 0.0, 0.25, 6.5 ], "rotation": 270, "enabled": false, "autoUv": false }
			}
		}
	]}