{
	"editor": {
		"allAngles": true,
		"entityTextureMode": false
	},
	"textureWidth": 16,
	"textureHeight": 16,
	"textureSizes": {
	},
	"textures": {
	},
	"elements": [
		{
			"name": "Side",
			"from": [ 1.0, 0.0, 1.0 ], 
			"to": [ 15.0, 3.4, 2.0 ], 
			"rotationOrigin": [ 9.0, 8.0, 9.0 ],
			"faces": {
				"north": { "texture": "#0", "uv": [ 0.0, 0.0, 14.0, 3.0 ] },
				"east": { "texture": "#0", "uv": [ 0.0, 0.0, 1.0, 3.0 ] },
				"south": { "texture": "#0", "uv": [ 0.0, 0.0, 14.0, 3.0 ] },
				"west": { "texture": "#0", "uv": [ 0.0, 0.0, 1.0, 3.0 ] },
				"up": { "texture": "#0", "uv": [ 0.0, 0.0, 14.0, 1.0 ] },
				"down": { "texture": "#0", "uv": [ 0.0, 0.0, 14.0, 1.0 ] }
			}
		},
		{
			"name": "Side2",
			"from": [ 1.0, 0.0, 2.0 ], 
			"to": [ 2.0, 3.8, 14.0 ], 
			"rotationOrigin": [ 9.0, 8.0, 10.0 ],
			"faces": {
				"north": { "texture": "#0", "uv": [ 0.0, 0.0, 1.0, 3.5 ] },
				"east": { "texture": "#0", "uv": [ 0.0, 0.0, 12.0, 3.5 ] },
				"south": { "texture": "#0", "uv": [ 0.0, 0.0, 1.0, 3.5 ] },
				"west": { "texture": "#0", "uv": [ 0.0, 0.0, 12.0, 3.5 ] },
				"up": { "texture": "#0", "uv": [ 0.0, 0.0, 1.0, 12.0 ] },
				"down": { "texture": "#0", "uv": [ 0.0, 0.0, 1.0, 12.0 ] }
			}
		},
		{
			"name": "Side3",
			"from": [ 14.0, 0.0, 2.0 ], 
			"to": [ 15.0, 3.8, 14.0 ], 
			"rotationOrigin": [ 22.0, 8.0, 10.0 ],
			"faces": {
				"north": { "texture": "#0", "uv": [ 0.0, 0.0, 1.0, 3.5 ] },
				"east": { "texture": "#0", "uv": [ 0.0, 0.0, 12.0, 3.5 ] },
				"south": { "texture": "#0", "uv": [ 0.0, 0.0, 1.0, 3.5 ] },
				"west": { "texture": "#0", "uv": [ 0.0, 0.0, 12.0, 3.5 ] },
				"up": { "texture": "#0", "uv": [ 0.0, 0.0, 1.0, 12.0 ] },
				"down": { "texture": "#0", "uv": [ 0.0, 0.0, 1.0, 12.0 ] }
			}
		},
		{
			"name": "Side4",
			"from": [ 1.0, 0.0, 14.0 ], 
			"to": [ 15.0, 3.5, 15.0 ], 
			"rotationOrigin": [ 9.0, 8.0, 22.0 ],
			"faces": {
				"north": { "texture": "#0", "uv": [ 0.0, 0.0, 14.0, 3.5 ] },
				"east": { "texture": "#0", "uv": [ 0.0, 0.0, 1.0, 3.5 ] },
				"south": { "texture": "#0", "uv": [ 0.0, 0.0, 14.0, 3.5 ] },
				"west": { "texture": "#0", "uv": [ 0.0, 0.0, 1.0, 3.5 ] },
				"up": { "texture": "#0", "uv": [ 0.0, 0.0, 14.0, 1.0 ] },
				"down": { "texture": "#0", "uv": [ 0.0, 0.0, 14.0, 1.0 ] }
			}
		},
		{
			"name": "Element",
			"from": [ 0.1, 0.1, 13.8 ], 
			"to": [ 2.5, 1.1, 15.2 ], 
			"rotationOrigin": [ 1.3, 0.85, 14.7 ],
			"rotationY": -45.0,
			"faces": {
				"north": { "texture": "#1", "uv": [ 0.0, 0.0, 2.0, 1.0 ] },
				"east": { "texture": "#1", "uv": [ 0.0, 0.0, 1.0, 1.0 ] },
				"south": { "texture": "#1", "uv": [ 0.0, 0.0, 2.0, 1.0 ] },
				"west": { "texture": "#1", "uv": [ 0.0, 0.0, 1.0, 1.0 ] },
				"up": { "texture": "#1", "uv": [ 0.0, 0.0, 2.0, 1.0 ] },
				"down": { "texture": "#1", "uv": [ 0.0, 0.0, 2.0, 1.0 ] }
			}
		},
		{
			"name": "Element",
			"from": [ 0.8, 0.1, 0.1 ], 
			"to": [ 2.2, 1.1, 2.5 ], 
			"rotationOrigin": [ 1.3, 0.85, 1.3 ],
			"rotationY": -45.0,
			"faces": {
				"north": { "texture": "#1", "uv": [ 0.0, 0.0, 1.0, 1.0 ] },
				"east": { "texture": "#1", "uv": [ 0.0, 0.0, 2.0, 1.0 ] },
				"south": { "texture": "#1", "uv": [ 0.0, 0.0, 1.0, 1.0 ] },
				"west": { "texture": "#1", "uv": [ 0.0, 0.0, 2.0, 1.0 ] },
				"up": { "texture": "#1", "uv": [ 0.0, 0.0, 2.0, 1.0 ], "rotation": 90 },
				"down": { "texture": "#1", "uv": [ 0.0, 0.0, 2.0, 1.0 ], "rotation": 270 }
			}
		},
		{
			"name": "Element",
			"from": [ 13.5, 0.1, 0.8 ], 
			"to": [ 15.9, 1.1, 2.2 ], 
			"rotationOrigin": [ 14.7, 0.85, 1.3 ],
			"rotationY": -45.0,
			"faces": {
				"north": { "texture": "#1", "uv": [ 0.0, 0.0, 2.0, 1.0 ] },
				"east": { "texture": "#1", "uv": [ 0.0, 0.0, 1.0, 1.0 ] },
				"south": { "texture": "#1", "uv": [ 0.0, 0.0, 2.0, 1.0 ] },
				"west": { "texture": "#1", "uv": [ 0.0, 0.0, 1.0, 1.0 ] },
				"up": { "texture": "#1", "uv": [ 0.0, 0.0, 2.0, 1.0 ], "rotation": 180 },
				"down": { "texture": "#1", "uv": [ 0.0, 0.0, 2.0, 1.0 ], "rotation": 180 }
			}
		},
		{
			"name": "Element",
			"from": [ 13.8, 0.1, 13.5 ], 
			"to": [ 15.2, 1.1, 15.9 ], 
			"rotationOrigin": [ 14.7, 0.85, 14.7 ],
			"rotationY": -45.0,
			"faces": {
				"north": { "texture": "#1", "uv": [ 0.0, 0.0, 1.0, 1.0 ] },
				"east": { "texture": "#1", "uv": [ 0.0, 0.0, 2.0, 1.0 ] },
				"south": { "texture": "#1", "uv": [ 0.0, 0.0, 1.0, 1.0 ] },
				"west": { "texture": "#1", "uv": [ 0.0, 0.0, 2.0, 1.0 ] },
				"up": { "texture": "#1", "uv": [ 0.0, 0.0, 2.0, 1.0 ], "rotation": 270 },
				"down": { "texture": "#1", "uv": [ 0.0, 0.0, 2.0, 1.0 ], "rotation": 90 }
			}
		},
		{
			"name": "Element",
			"from": [ 0.1, 2.1, 13.8 ], 
			"to": [ 2.5, 3.1, 15.2 ], 
			"rotationOrigin": [ 1.3, 2.85, 14.7 ],
			"rotationY": -45.0,
			"faces": {
				"north": { "texture": "#1", "uv": [ 0.0, 0.0, 2.0, 1.0 ] },
				"east": { "texture": "#1", "uv": [ 0.0, 0.0, 1.0, 1.0 ] },
				"south": { "texture": "#1", "uv": [ 0.0, 0.0, 2.0, 1.0 ] },
				"west": { "texture": "#1", "uv": [ 0.0, 0.0, 1.0, 1.0 ] },
				"up": { "texture": "#1", "uv": [ 0.0, 0.0, 2.0, 1.0 ] },
				"down": { "texture": "#1", "uv": [ 0.0, 0.0, 2.0, 1.0 ] }
			}
		},
		{
			"name": "Element",
			"from": [ 0.8, 2.1, 0.1 ], 
			"to": [ 2.2, 3.1, 2.5 ], 
			"rotationOrigin": [ 1.3, 2.85, 1.3 ],
			"rotationY": -45.0,
			"faces": {
				"north": { "texture": "#1", "uv": [ 0.0, 0.0, 1.0, 1.0 ] },
				"east": { "texture": "#1", "uv": [ 0.0, 0.0, 2.0, 1.0 ] },
				"south": { "texture": "#1", "uv": [ 0.0, 0.0, 1.0, 1.0 ] },
				"west": { "texture": "#1", "uv": [ 0.0, 0.0, 2.0, 1.0 ] },
				"up": { "texture": "#1", "uv": [ 0.0, 0.0, 2.0, 1.0 ], "rotation": 90 },
				"down": { "texture": "#1", "uv": [ 0.0, 0.0, 2.0, 1.0 ], "rotation": 270 }
			}
		},
		{
			"name": "Element",
			"from": [ 13.5, 2.1, 0.8 ], 
			"to": [ 15.9, 3.1, 2.2 ], 
			"rotationOrigin": [ 14.7, 2.85, 1.3 ],
			"rotationY": -45.0,
			"faces": {
				"north": { "texture": "#1", "uv": [ 0.0, 0.0, 2.0, 1.0 ] },
				"east": { "texture": "#1", "uv": [ 0.0, 0.0, 1.0, 1.0 ] },
				"south": { "texture": "#1", "uv": [ 0.0, 0.0, 2.0, 1.0 ] },
				"west": { "texture": "#1", "uv": [ 0.0, 0.0, 1.0, 1.0 ] },
				"up": { "texture": "#1", "uv": [ 0.0, 0.0, 2.0, 1.0 ], "rotation": 180 },
				"down": { "texture": "#1", "uv": [ 0.0, 0.0, 2.0, 1.0 ], "rotation": 180 }
			}
		},
		{
			"name": "Element",
			"from": [ 13.8, 2.1, 13.5 ], 
			"to": [ 15.2, 3.1, 15.9 ], 
			"rotationOrigin": [ 14.7, 2.85, 14.7 ],
			"rotationY": -45.0,
			"faces": {
				"north": { "texture": "#1", "uv": [ 0.0, 0.0, 1.0, 1.0 ] },
				"east": { "texture": "#1", "uv": [ 0.0, 0.0, 2.0, 1.0 ] },
				"south": { "texture": "#1", "uv": [ 0.0, 0.0, 1.0, 1.0 ] },
				"west": { "texture": "#1", "uv": [ 0.0, 0.0, 2.0, 1.0 ] },
				"up": { "texture": "#1", "uv": [ 0.0, 0.0, 2.0, 1.0 ], "rotation": 270 },
				"down": { "texture": "#1", "uv": [ 0.0, 0.0, 2.0, 1.0 ], "rotation": 90 }
			}
		},
		{
			"name": "Center",
			"from": [ 2.0, 0.2, 2.0 ], 
			"to": [ 14.0, 4.2, 14.0 ], 
			"rotationOrigin": [ 9.0, 8.2, 10.0 ],
			"faces": {
				"north": { "texture": "#0", "uv": [ 1.5, 5.0, 13.5, 9.0 ] },
				"east": { "texture": "#0", "uv": [ 2.5, 5.5, 14.5, 9.5 ] },
				"south": { "texture": "#0", "uv": [ 2.5, 5.0, 14.5, 9.0 ] },
				"west": { "texture": "#0", "uv": [ 2.5, 5.0, 14.5, 9.0 ] },
				"up": { "texture": "#0", "uv": [ 4.0, 4.0, 16.0, 16.0 ] },
				"down": { "texture": "#0", "uv": [ 4.0, 4.0, 16.0, 16.0 ] }
			}
		},
		{
			"name": "Button",
			"from": [ 7.0, 3.4, 7.0 ], 
			"to": [ 9.0, 4.4, 9.0 ], 
			"rotationOrigin": [ 9.0, 8.4, 10.0 ],
			"faces": {
				"north": { "texture": "#1", "uv": [ 0.0, 0.0, 2.0, 1.0 ] },
				"east": { "texture": "#1", "uv": [ 0.0, 0.0, 2.0, 1.0 ] },
				"south": { "texture": "#1", "uv": [ 0.0, 0.0, 2.0, 1.0 ] },
				"west": { "texture": "#1", "uv": [ 0.0, 0.0, 2.0, 1.0 ] },
				"up": { "texture": "#1", "uv": [ 0.0, 0.0, 2.0, 2.0 ] },
				"down": { "texture": "#1", "uv": [ 0.0, 0.0, 2.0, 2.0 ] }
			}
		},
		{
			"name": "Element",
			"from": [ 12.0, 3.2, 3.5 ], 
			"to": [ 15.1, 4.4, 4.5 ], 
			"rotationOrigin": [ 10.0, 9.2, 0.5 ],
			"faces": {
				"north": { "texture": "#1", "uv": [ 0.0, 0.0, 3.0, 1.0 ] },
				"east": { "texture": "#1", "uv": [ 0.0, 0.0, 1.0, 1.0 ] },
				"south": { "texture": "#1", "uv": [ 0.0, 0.0, 3.0, 1.0 ] },
				"west": { "texture": "#1", "uv": [ 0.0, 0.0, 1.0, 1.0 ] },
				"up": { "texture": "#1", "uv": [ 0.0, 0.0, 3.0, 1.0 ] },
				"down": { "texture": "#1", "uv": [ 0.0, 0.0, 3.0, 1.0 ] }
			}
		},
		{
			"name": "Element",
			"from": [ 12.0, 3.2, 5.5 ], 
			"to": [ 15.1, 4.4, 6.5 ], 
			"rotationOrigin": [ 10.0, 9.2, 2.5 ],
			"faces": {
				"north": { "texture": "#1", "uv": [ 0.0, 0.0, 3.0, 1.0 ] },
				"east": { "texture": "#1", "uv": [ 0.0, 0.0, 1.0, 1.0 ] },
				"south": { "texture": "#1", "uv": [ 0.0, 0.0, 3.0, 1.0 ] },
				"west": { "texture": "#1", "uv": [ 0.0, 0.0, 1.0, 1.0 ] },
				"up": { "texture": "#1", "uv": [ 0.0, 0.0, 3.0, 1.0 ] },
				"down": { "texture": "#1", "uv": [ 0.0, 0.0, 3.0, 1.0 ] }
			}
		},
		{
			"name": "Element",
			"from": [ 5.45, 3.2, 1.75 ], 
			"to": [ 6.45, 4.4, 4.85 ], 
			"rotationOrigin": [ 7.95, 3.8, 3.3 ],
			"faces": {
				"north": { "texture": "#1", "uv": [ 0.0, 0.0, 1.0, 1.0 ] },
				"east": { "texture": "#1", "uv": [ 0.0, 0.0, 3.0, 1.0 ] },
				"south": { "texture": "#1", "uv": [ 0.0, 0.0, 1.0, 1.0 ] },
				"west": { "texture": "#1", "uv": [ 0.0, 0.0, 3.0, 1.0 ] },
				"up": { "texture": "#1", "uv": [ 0.0, 0.0, 3.0, 1.0 ], "rotation": 270 },
				"down": { "texture": "#1", "uv": [ 0.0, 0.0, 3.0, 1.0 ], "rotation": 90 }
			}
		},
		{
			"name": "Element",
			"from": [ 5.45, 3.2, 11.15 ], 
			"to": [ 6.45, 4.4, 14.25 ], 
			"rotationOrigin": [ 7.95, 3.8, 12.7 ],
			"faces": {
				"north": { "texture": "#1", "uv": [ 0.0, 0.0, 1.0, 1.0 ] },
				"east": { "texture": "#1", "uv": [ 0.0, 0.0, 3.0, 1.0 ] },
				"south": { "texture": "#1", "uv": [ 0.0, 0.0, 1.0, 1.0 ] },
				"west": { "texture": "#1", "uv": [ 0.0, 0.0, 3.0, 1.0 ] },
				"up": { "texture": "#1", "uv": [ 0.0, 0.0, 3.0, 1.0 ], "rotation": 270 },
				"down": { "texture": "#1", "uv": [ 0.0, 0.0, 3.0, 1.0 ], "rotation": 90 }
			}
		},
		{
			"name": "Element",
			"from": [ 12.0, 3.2, 7.5 ], 
			"to": [ 15.1, 4.4, 8.5 ], 
			"rotationOrigin": [ 10.0, 9.2, 4.5 ],
			"faces": {
				"north": { "texture": "#1", "uv": [ 0.0, 0.0, 3.0, 1.0 ] },
				"east": { "texture": "#1", "uv": [ 0.0, 0.0, 1.0, 1.0 ] },
				"south": { "texture": "#1", "uv": [ 0.0, 0.0, 3.0, 1.0 ] },
				"west": { "texture": "#1", "uv": [ 0.0, 0.0, 1.0, 1.0 ] },
				"up": { "texture": "#1", "uv": [ 0.0, 0.0, 3.0, 1.0 ] },
				"down": { "texture": "#1", "uv": [ 0.0, 0.0, 3.0, 1.0 ] }
			}
		},
		{
			"name": "Element",
			"from": [ 7.45, 3.2, 1.75 ], 
			"to": [ 8.45, 4.4, 4.85 ], 
			"rotationOrigin": [ 7.95, 3.8, 3.3 ],
			"faces": {
				"north": { "texture": "#1", "uv": [ 0.0, 0.0, 1.0, 1.0 ] },
				"east": { "texture": "#1", "uv": [ 0.0, 0.0, 3.0, 1.0 ] },
				"south": { "texture": "#1", "uv": [ 0.0, 0.0, 1.0, 1.0 ] },
				"west": { "texture": "#1", "uv": [ 0.0, 0.0, 3.0, 1.0 ] },
				"up": { "texture": "#1", "uv": [ 0.0, 0.0, 3.0, 1.0 ], "rotation": 270 },
				"down": { "texture": "#1", "uv": [ 0.0, 0.0, 3.0, 1.0 ], "rotation": 90 }
			}
		},
		{
			"name": "Element",
			"from": [ 7.45, 3.2, 11.15 ], 
			"to": [ 8.45, 4.4, 14.25 ], 
			"rotationOrigin": [ 7.95, 3.8, 12.7 ],
			"faces": {
				"north": { "texture": "#1", "uv": [ 0.0, 0.0, 1.0, 1.0 ] },
				"east": { "texture": "#1", "uv": [ 0.0, 0.0, 3.0, 1.0 ] },
				"south": { "texture": "#1", "uv": [ 0.0, 0.0, 1.0, 1.0 ] },
				"west": { "texture": "#1", "uv": [ 0.0, 0.0, 3.0, 1.0 ] },
				"up": { "texture": "#1", "uv": [ 0.0, 0.0, 3.0, 1.0 ], "rotation": 270 },
				"down": { "texture": "#1", "uv": [ 0.0, 0.0, 3.0, 1.0 ], "rotation": 90 }
			}
		},
		{
			"name": "Element",
			"from": [ 12.0, 3.2, 9.5 ], 
			"to": [ 15.1, 4.4, 10.5 ], 
			"rotationOrigin": [ 10.0, 9.2, 6.5 ],
			"faces": {
				"north": { "texture": "#1", "uv": [ 0.0, 0.0, 3.0, 1.0 ] },
				"east": { "texture": "#1", "uv": [ 0.0, 0.0, 1.0, 1.0 ] },
				"south": { "texture": "#1", "uv": [ 0.0, 0.0, 3.0, 1.0 ] },
				"west": { "texture": "#1", "uv": [ 0.0, 0.0, 1.0, 1.0 ] },
				"up": { "texture": "#1", "uv": [ 0.0, 0.0, 3.0, 1.0 ] },
				"down": { "texture": "#1", "uv": [ 0.0, 0.0, 3.0, 1.0 ] }
			}
		},
		{
			"name": "Element",
			"from": [ 9.45, 3.2, 1.75 ], 
			"to": [ 10.45, 4.4, 4.85 ], 
			"rotationOrigin": [ 7.95, 3.8, 3.3 ],
			"faces": {
				"north": { "texture": "#1", "uv": [ 0.0, 0.0, 1.0, 1.0 ] },
				"east": { "texture": "#1", "uv": [ 0.0, 0.0, 3.0, 1.0 ] },
				"south": { "texture": "#1", "uv": [ 0.0, 0.0, 1.0, 1.0 ] },
				"west": { "texture": "#1", "uv": [ 0.0, 0.0, 3.0, 1.0 ] },
				"up": { "texture": "#1", "uv": [ 0.0, 0.0, 3.0, 1.0 ], "rotation": 270 },
				"down": { "texture": "#1", "uv": [ 0.0, 0.0, 3.0, 1.0 ], "rotation": 90 }
			}
		},
		{
			"name": "Element",
			"from": [ 9.45, 3.2, 11.15 ], 
			"to": [ 10.45, 4.4, 14.25 ], 
			"rotationOrigin": [ 7.95, 3.8, 12.7 ],
			"faces": {
				"north": { "texture": "#1", "uv": [ 0.0, 0.0, 1.0, 1.0 ] },
				"east": { "texture": "#1", "uv": [ 0.0, 0.0, 3.0, 1.0 ] },
				"south": { "texture": "#1", "uv": [ 0.0, 0.0, 1.0, 1.0 ] },
				"west": { "texture": "#1", "uv": [ 0.0, 0.0, 3.0, 1.0 ] },
				"up": { "texture": "#1", "uv": [ 0.0, 0.0, 3.0, 1.0 ], "rotation": 270 },
				"down": { "texture": "#1", "uv": [ 0.0, 0.0, 3.0, 1.0 ], "rotation": 90 }
			}
		},
		{
			"name": "Element",
			"from": [ 12.0, 3.2, 11.5 ], 
			"to": [ 15.1, 4.4, 12.5 ], 
			"rotationOrigin": [ 10.0, 9.2, 8.5 ],
			"faces": {
				"north": { "texture": "#1", "uv": [ 0.0, 0.0, 3.0, 1.0 ] },
				"east": { "texture": "#1", "uv": [ 0.0, 0.0, 1.0, 1.0 ] },
				"south": { "texture": "#1", "uv": [ 0.0, 0.0, 3.0, 1.0 ] },
				"west": { "texture": "#1", "uv": [ 0.0, 0.0, 1.0, 1.0 ] },
				"up": { "texture": "#1", "uv": [ 0.0, 0.0, 3.0, 1.0 ] },
				"down": { "texture": "#1", "uv": [ 0.0, 0.0, 3.0, 1.0 ] }
			}
		},
		{
			"name": "Element",
			"from": [ 0.9, 3.2, 3.5 ], 
			"to": [ 4.0, 4.4, 4.5 ], 
			"rotationOrigin": [ -1.1, 9.2, 0.5 ],
			"faces": {
				"north": { "texture": "#1", "uv": [ 0.0, 0.0, 3.0, 1.0 ] },
				"east": { "texture": "#1", "uv": [ 0.0, 0.0, 1.0, 1.0 ] },
				"south": { "texture": "#1", "uv": [ 0.0, 0.0, 3.0, 1.0 ] },
				"west": { "texture": "#1", "uv": [ 0.0, 0.0, 1.0, 1.0 ] },
				"up": { "texture": "#1", "uv": [ 0.0, 0.0, 3.0, 1.0 ] },
				"down": { "texture": "#1", "uv": [ 0.0, 0.0, 3.0, 1.0 ] }
			}
		},
		{
			"name": "Element",
			"from": [ 0.9, 3.2, 5.5 ], 
			"to": [ 4.0, 4.4, 6.5 ], 
			"rotationOrigin": [ -1.1, 9.2, 2.5 ],
			"faces": {
				"north": { "texture": "#1", "uv": [ 0.0, 0.0, 3.0, 1.0 ] },
				"east": { "texture": "#1", "uv": [ 0.0, 0.0, 1.0, 1.0 ] },
				"south": { "texture": "#1", "uv": [ 0.0, 0.0, 3.0, 1.0 ] },
				"west": { "texture": "#1", "uv": [ 0.0, 0.0, 1.0, 1.0 ] },
				"up": { "texture": "#1", "uv": [ 0.0, 0.0, 3.0, 1.0 ] },
				"down": { "texture": "#1", "uv": [ 0.0, 0.0, 3.0, 1.0 ] }
			}
		},
		{
			"name": "Element",
			"from": [ 0.9, 3.2, 7.5 ], 
			"to": [ 4.0, 4.4, 8.5 ], 
			"rotationOrigin": [ -1.1, 9.2, 4.5 ],
			"faces": {
				"north": { "texture": "#1", "uv": [ 0.0, 0.0, 3.0, 1.0 ] },
				"east": { "texture": "#1", "uv": [ 0.0, 0.0, 1.0, 1.0 ] },
				"south": { "texture": "#1", "uv": [ 0.0, 0.0, 3.0, 1.0 ] },
				"west": { "texture": "#1", "uv": [ 0.0, 0.0, 1.0, 1.0 ] },
				"up": { "texture": "#1", "uv": [ 0.0, 0.0, 3.0, 1.0 ] },
				"down": { "texture": "#1", "uv": [ 0.0, 0.0, 3.0, 1.0 ] }
			}
		},
		{
			"name": "Element",
			"from": [ 0.9, 3.2, 9.5 ], 
			"to": [ 4.0, 4.4, 10.5 ], 
			"rotationOrigin": [ -1.1, 9.2, 6.5 ],
			"faces": {
				"north": { "texture": "#1", "uv": [ 0.0, 0.0, 3.0, 1.0 ] },
				"east": { "texture": "#1", "uv": [ 0.0, 0.0, 1.0, 1.0 ] },
				"south": { "texture": "#1", "uv": [ 0.0, 0.0, 3.0, 1.0 ] },
				"west": { "texture": "#1", "uv": [ 0.0, 0.0, 1.0, 1.0 ] },
				"up": { "texture": "#1", "uv": [ 0.0, 0.0, 3.0, 1.0 ] },
				"down": { "texture": "#1", "uv": [ 0.0, 0.0, 3.0, 1.0 ] }
			}
		},
		{
			"name": "Element",
			"from": [ 0.9, 3.2, 11.5 ], 
			"to": [ 4.0, 4.4, 12.5 ], 
			"rotationOrigin": [ -1.1, 9.2, 8.5 ],
			"faces": {
				"north": { "texture": "#1", "uv": [ 0.0, 0.0, 3.0, 1.0 ] },
				"east": { "texture": "#1", "uv": [ 0.0, 0.0, 1.0, 1.0 ] },
				"south": { "texture": "#1", "uv": [ 0.0, 0.0, 3.0, 1.0 ] },
				"west": { "texture": "#1", "uv": [ 0.0, 0.0, 1.0, 1.0 ] },
				"up": { "texture": "#1", "uv": [ 0.0, 0.0, 3.0, 1.0 ] },
				"down": { "texture": "#1", "uv": [ 0.0, 0.0, 3.0, 1.0 ] }
			}
		}
	]}