{

	"elements": [
		{
			"name": null,
			"from": [14.0, 0.0, 14.0],
			"to": [15.0, 3.0, 15.0],
			"rotationOrigin": [9.0, 0.0, 8.0],
			"rotationX": 0.0,
			"rotationY": 0.0,
			"rotationZ": 0.0,
			"faces": {
				"north": {"uv": [2.5, 2.5, 3.5, 5.5], "rotation": 0.0, "texture": "#woodtex"},
				"east": null,
				"south": {"uv": [7.0, 2.5, 8.0, 5.5], "rotation": 0.0, "texture": "#woodtex"},
				"west": {"uv": [3.0, 2.5, 4.0, 5.5], "rotation": 0.0, "texture": "#woodtex"},
				"up": null,
				"down": {"uv": [12.5, 5.0, 13.5, 6.0], "rotation": 0.0, "texture": "#woodtex"}
			}
		},
		{
			"name": null,
			"from": [14.5, 6.0, 10.0],
			"to": [15.5, 7.0, 13.0],
			"rotationOrigin": [9.0, 0.0, 8.0],
			"rotationX": 0.0,
			"rotationY": 0.0,
			"rotationZ": 0.0,
			"faces": {
				"north": {"uv": [2.5, 6.5, 3.5, 7.5], "rotation": 0.0, "texture": "#wickertex"},
				"east": {"uv": [9.0, 3.5, 12.0, 4.5], "rotation": 0.0, "texture": "#wickertex"},
				"south": {"uv": [8.5, 8.0, 9.5, 9.0], "rotation": 0.0, "texture": "#wickertex"},
				"west": {"uv": [4.0, 8.5, 7.0, 9.5], "rotation": 0.0, "texture": "#wickertex"},
				"up": {"uv": [6.5, 7.0, 9.5, 8.0], "rotation": 90.0, "texture": "#wickertex"},
				"down": {"uv": [1.0, 9.5, 4.0, 10.5], "rotation": 90.0, "texture": "#wickertex"}
			}
		},
		{
			"name": null,
			"from": [14.5, 7.0, 6.0],
			"to": [15.5, 8.0, 10.0],
			"rotationOrigin": [9.0, 0.0, 8.0],
			"rotationX": 0.0,
			"rotationY": 0.0,
			"rotationZ": 0.0,
			"faces": {
				"north": {"uv": [7.0, 6.0, 8.0, 7.0], "rotation": 0.0, "texture": "#wickertex"},
				"east": {"uv": [1.5, 6.0, 5.5, 7.0], "rotation": 0.0, "texture": "#wickertex"},
				"south": {"uv": [3.5, 7.0, 4.5, 8.0], "rotation": 0.0, "texture": "#wickertex"},
				"west": {"uv": [10.0, 4.0, 14.0, 5.0], "rotation": 0.0, "texture": "#wickertex"},
				"up": {"uv": [1.0, 3.5, 5.0, 4.5], "rotation": 90.0, "texture": "#wickertex"},
				"down": {"uv": [5.0, 5.5, 9.0, 6.5], "rotation": 90.0, "texture": "#wickertex"}
			}
		},
		{
			"name": null,
			"from": [14.5, 6.0, 3.0],
			"to": [15.5, 7.0, 6.0],
			"rotationOrigin": [9.0, 0.0, 8.0],
			"rotationX": 0.0,
			"rotationY": 0.0,
			"rotationZ": 0.0,
			"faces": {
				"north": {"uv": [0.0, 0.0, 1.0, 1.0], "rotation": 0.0, "texture": "#wickertex"},
				"east": {"uv": [2.5, 8.0, 5.5, 9.0], "rotation": 0.0, "texture": "#wickertex"},
				"south": {"uv": [3.0, 8.5, 4.0, 9.5], "rotation": 0.0, "texture": "#wickertex"},
				"west": {"uv": [11.0, 2.5, 14.0, 3.5], "rotation": 0.0, "texture": "#wickertex"},
				"up": {"uv": [2.0, 5.0, 5.0, 6.0], "rotation": 90.0, "texture": "#wickertex"},
				"down": {"uv": [13.0, 6.5, 16.0, 7.5], "rotation": 90.0, "texture": "#wickertex"}
			}
		},
		{
			"name": null,
			"from": [14.5, 8.0, 2.5],
			"to": [15.5, 9.0, 5.5],
			"rotationOrigin": [9.0, 0.0, 8.0],
			"rotationX": 0.0,
			"rotationY": 0.0,
			"rotationZ": 0.0,
			"faces": {
				"north": {"uv": [5.5, 4.0, 6.5, 5.0], "rotation": 0.0, "texture": "#wickertex"},
				"east": {"uv": [2.5, 4.5, 5.5, 5.5], "rotation": 0.0, "texture": "#wickertex"},
				"south": {"uv": [3.5, 6.5, 4.5, 7.5], "rotation": 0.0, "texture": "#wickertex"},
				"west": {"uv": [1.0, 6.0, 4.0, 7.0], "rotation": 0.0, "texture": "#wickertex"},
				"up": {"uv": [2.0, 1.5, 5.0, 2.5], "rotation": 90.0, "texture": "#wickertex"},
				"down": {"uv": [6.0, 4.5, 9.0, 5.5], "rotation": 90.0, "texture": "#wickertex"}
			}
		},
		{
			"name": null,
			"from": [14.5, 8.0, 5.5],
			"to": [15.5, 13.0, 6.5],
			"rotationOrigin": [9.0, 0.0, 8.0],
			"rotationX": 0.0,
			"rotationY": 0.0,
			"rotationZ": 0.0,
			"faces": {
				"north": {"uv": [4.0, 3.0, 5.0, 8.0], "rotation": 0.0, "texture": "#wickertex"},
				"east": {"uv": [3.5, 3.5, 4.5, 8.5], "rotation": 0.0, "texture": "#wickertex"},
				"south": {"uv": [4.0, 3.0, 5.0, 8.0], "rotation": 0.0, "texture": "#wickertex"},
				"west": {"uv": [4.0, 5.0, 5.0, 10.0], "rotation": 0.0, "texture": "#wickertex"},
				"up": {"uv": [3.0, 6.0, 4.0, 7.0], "rotation": 0.0, "texture": "#wickertex"},
				"down": {"uv": [6.0, 2.0, 7.0, 3.0], "rotation": 0.0, "texture": "#wickertex"}
			}
		},
		{
			"name": null,
			"from": [14.5, 8.0, 10.5],
			"to": [15.5, 9.0, 13.5],
			"rotationOrigin": [9.0, 0.0, 8.0],
			"rotationX": 0.0,
			"rotationY": 0.0,
			"rotationZ": 0.0,
			"faces": {
				"north": {"uv": [3.5, 9.0, 4.5, 10.0], "rotation": 0.0, "texture": "#wickertex"},
				"east": {"uv": [1.5, 7.5, 4.5, 8.5], "rotation": 0.0, "texture": "#wickertex"},
				"south": {"uv": [10.0, 9.0, 11.0, 10.0], "rotation": 0.0, "texture": "#wickertex"},
				"west": {"uv": [9.0, 10.5, 12.0, 11.5], "rotation": 0.0, "texture": "#wickertex"},
				"up": {"uv": [6.5, 4.5, 9.5, 5.5], "rotation": 90.0, "texture": "#wickertex"},
				"down": {"uv": [2.0, 10.0, 5.0, 11.0], "rotation": 90.0, "texture": "#wickertex"}
			}
		},
		{
			"name": null,
			"from": [14.5, 10.0, 10.5],
			"to": [15.5, 11.0, 13.5],
			"rotationOrigin": [9.0, 0.0, 8.0],
			"rotationX": 0.0,
			"rotationY": 0.0,
			"rotationZ": 0.0,
			"faces": {
				"north": {"uv": [11.0, 8.5, 12.0, 9.5], "rotation": 0.0, "texture": "#wickertex"},
				"east": {"uv": [6.0, 9.5, 9.0, 10.5], "rotation": 0.0, "texture": "#wickertex"},
				"south": {"uv": [9.5, 8.0, 10.5, 9.0], "rotation": 0.0, "texture": "#wickertex"},
				"west": {"uv": [2.0, 13.0, 5.0, 14.0], "rotation": 0.0, "texture": "#wickertex"},
				"up": {"uv": [7.0, 4.5, 10.0, 5.5], "rotation": 90.0, "texture": "#wickertex"},
				"down": {"uv": [6.0, 5.0, 9.0, 6.0], "rotation": 90.0, "texture": "#wickertex"}
			}
		},
		{
			"name": null,
			"from": [14.5, 10.0, 2.5],
			"to": [15.5, 11.0, 5.5],
			"rotationOrigin": [9.0, 0.0, 8.0],
			"rotationX": 0.0,
			"rotationY": 0.0,
			"rotationZ": 0.0,
			"faces": {
				"north": {"uv": [9.0, 8.5, 10.0, 9.5], "rotation": 0.0, "texture": "#wickertex"},
				"east": {"uv": [2.5, 4.5, 5.5, 5.5], "rotation": 0.0, "texture": "#wickertex"},
				"south": {"uv": [6.0, 6.0, 7.0, 7.0], "rotation": 0.0, "texture": "#wickertex"},
				"west": {"uv": [4.0, 5.5, 7.0, 6.5], "rotation": 0.0, "texture": "#wickertex"},
				"up": {"uv": [5.0, 5.0, 8.0, 6.0], "rotation": 90.0, "texture": "#wickertex"},
				"down": {"uv": [9.5, 4.5, 12.5, 5.5], "rotation": 90.0, "texture": "#wickertex"}
			}
		},
		{
			"name": null,
			"from": [14.5, 8.0, 9.5],
			"to": [15.5, 13.0, 10.5],
			"rotationOrigin": [9.0, 0.0, 8.0],
			"rotationX": 0.0,
			"rotationY": 0.0,
			"rotationZ": 0.0,
			"faces": {
				"north": {"uv": [4.0, 3.5, 5.0, 8.5], "rotation": 0.0, "texture": "#wickertex"},
				"east": {"uv": [3.5, 3.5, 4.5, 8.5], "rotation": 0.0, "texture": "#wickertex"},
				"south": {"uv": [3.0, 3.5, 4.0, 8.5], "rotation": 0.0, "texture": "#wickertex"},
				"west": {"uv": [4.0, 5.5, 5.0, 10.5], "rotation": 0.0, "texture": "#wickertex"},
				"up": {"uv": [15.0, 7.0, 16.0, 8.0], "rotation": 0.0, "texture": "#wickertex"},
				"down": {"uv": [13.0, 11.0, 14.0, 12.0], "rotation": 0.0, "texture": "#wickertex"}
			}
		},
		{
			"name": null,
			"from": [14.5, 12.0, 2.5],
			"to": [15.5, 13.0, 5.5],
			"rotationOrigin": [9.0, 0.0, 8.0],
			"rotationX": 0.0,
			"rotationY": 0.0,
			"rotationZ": 0.0,
			"faces": {
				"north": {"uv": [1.5, 5.0, 2.5, 6.0], "rotation": 0.0, "texture": "#wickertex"},
				"east": {"uv": [3.0, 5.5, 6.0, 6.5], "rotation": 0.0, "texture": "#wickertex"},
				"south": {"uv": [13.0, 4.5, 14.0, 5.5], "rotation": 0.0, "texture": "#wickertex"},
				"west": {"uv": [3.0, 9.0, 6.0, 10.0], "rotation": 0.0, "texture": "#wickertex"},
				"up": {"uv": [4.0, 2.5, 7.0, 3.5], "rotation": 90.0, "texture": "#wickertex"},
				"down": {"uv": [3.5, 2.5, 6.5, 3.5], "rotation": 90.0, "texture": "#wickertex"}
			}
		},
		{
			"name": null,
			"from": [14.5, 13.0, 6.0],
			"to": [15.5, 14.0, 10.0],
			"rotationOrigin": [9.0, 0.0, 8.0],
			"rotationX": 0.0,
			"rotationY": 0.0,
			"rotationZ": 0.0,
			"faces": {
				"north": {"uv": [0.0, 0.0, 1.0, 1.0], "rotation": 0.0, "texture": "#wickertex"},
				"east": {"uv": [8.0, 4.0, 12.0, 5.0], "rotation": 0.0, "texture": "#wickertex"},
				"south": {"uv": [8.0, 4.5, 9.0, 5.5], "rotation": 0.0, "texture": "#wickertex"},
				"west": {"uv": [8.5, 5.0, 12.5, 6.0], "rotation": 0.0, "texture": "#wickertex"},
				"up": {"uv": [8.5, 4.5, 12.5, 5.5], "rotation": 90.0, "texture": "#wickertex"},
				"down": {"uv": [9.0, 4.5, 13.0, 5.5], "rotation": 90.0, "texture": "#wickertex"}
			}
		},
		{
			"name": null,
			"from": [14.5, 14.0, 3.0],
			"to": [15.5, 15.0, 6.0],
			"rotationOrigin": [9.0, 0.0, 8.0],
			"rotationX": 0.0,
			"rotationY": 0.0,
			"rotationZ": 0.0,
			"faces": {
				"north": {"uv": [11.0, 6.0, 12.0, 7.0], "rotation": 0.0, "texture": "#wickertex"},
				"east": {"uv": [1.5, 6.5, 4.5, 7.5], "rotation": 0.0, "texture": "#wickertex"},
				"south": {"uv": [3.0, 5.0, 4.0, 6.0], "rotation": 0.0, "texture": "#wickertex"},
				"west": {"uv": [8.5, 8.0, 11.5, 9.0], "rotation": 0.0, "texture": "#wickertex"},
				"up": {"uv": [5.0, 5.0, 8.0, 6.0], "rotation": 90.0, "texture": "#wickertex"},
				"down": {"uv": [3.5, 3.5, 6.5, 4.5], "rotation": 90.0, "texture": "#wickertex"}
			}
		},
		{
			"name": null,
			"from": [14.5, 14.0, 10.0],
			"to": [15.5, 15.0, 13.0],
			"rotationOrigin": [9.0, 0.0, 8.0],
			"rotationX": 0.0,
			"rotationY": 0.0,
			"rotationZ": 0.0,
			"faces": {
				"north": {"uv": [3.5, 5.5, 4.5, 6.5], "rotation": 0.0, "texture": "#wickertex"},
				"east": {"uv": [2.0, 7.0, 5.0, 8.0], "rotation": 0.0, "texture": "#wickertex"},
				"south": {"uv": [5.5, 4.5, 6.5, 5.5], "rotation": 0.0, "texture": "#wickertex"},
				"west": {"uv": [3.5, 5.5, 6.5, 6.5], "rotation": 0.0, "texture": "#wickertex"},
				"up": {"uv": [3.5, 6.5, 6.5, 7.5], "rotation": 90.0, "texture": "#wickertex"},
				"down": {"uv": [4.5, 7.0, 7.5, 8.0], "rotation": 90.0, "texture": "#wickertex"}
			}
		},
		{
			"name": null,
			"from": [14.5, 12.0, 10.5],
			"to": [15.5, 13.0, 13.5],
			"rotationOrigin": [9.0, 0.0, 8.0],
			"rotationX": 0.0,
			"rotationY": 0.0,
			"rotationZ": 0.0,
			"faces": {
				"north": {"uv": [10.0, 6.5, 11.0, 7.5], "rotation": 0.0, "texture": "#wickertex"},
				"east": {"uv": [2.0, 6.0, 5.0, 7.0], "rotation": 0.0, "texture": "#wickertex"},
				"south": {"uv": [5.0, 6.5, 6.0, 7.5], "rotation": 0.0, "texture": "#wickertex"},
				"west": {"uv": [4.5, 5.5, 7.5, 6.5], "rotation": 0.0, "texture": "#wickertex"},
				"up": {"uv": [3.0, 4.0, 6.0, 5.0], "rotation": 90.0, "texture": "#wickertex"},
				"down": {"uv": [8.0, 6.0, 11.0, 7.0], "rotation": 90.0, "texture": "#wickertex"}
			}
		},
		{
			"name": null,
			"from": [14.5, 2.0, 4.0],
			"to": [15.5, 3.0, 5.0],
			"rotationOrigin": [9.0, 0.0, 8.0],
			"rotationX": 0.0,
			"rotationY": 0.0,
			"rotationZ": 0.0,
			"faces": {
				"north": {"uv": [6.0, 3.0, 7.0, 4.0], "rotation": 0.0, "texture": "#woodtex"},
				"east": {"uv": [5.0, 2.5, 6.0, 3.5], "rotation": 0.0, "texture": "#woodtex"},
				"south": {"uv": [7.0, 4.5, 8.0, 5.5], "rotation": 0.0, "texture": "#woodtex"},
				"west": {"uv": [4.5, 5.0, 5.5, 6.0], "rotation": 0.0, "texture": "#woodtex"},
				"up": null,
				"down": {"uv": [8.0, 5.0, 9.0, 6.0], "rotation": 0.0, "texture": "#woodtex"}
			}
		},
		{
			"name": null,
			"from": [14.5, 2.0, 11.0],
			"to": [15.5, 3.0, 12.0],
			"rotationOrigin": [9.0, 0.0, 8.0],
			"rotationX": 0.0,
			"rotationY": 0.0,
			"rotationZ": 0.0,
			"faces": {
				"north": {"uv": [6.0, 3.0, 7.0, 4.0], "rotation": 0.0, "texture": "#woodtex"},
				"east": {"uv": [5.0, 2.5, 6.0, 3.5], "rotation": 0.0, "texture": "#woodtex"},
				"south": null,
				"west": {"uv": [4.5, 5.0, 5.5, 6.0], "rotation": 0.0, "texture": "#woodtex"},
				"up": null,
				"down": {"uv": [8.0, 5.0, 9.0, 6.0], "rotation": 0.0, "texture": "#woodtex"}
			}
		},
		{
			"name": null,
			"from": [14.5, 1.0, 3.0],
			"to": [15.5, 3.0, 4.0],
			"rotationOrigin": [9.0, 0.0, 8.0],
			"rotationX": 0.0,
			"rotationY": 0.0,
			"rotationZ": 0.0,
			"faces": {
				"north": {"uv": [6.0, 2.0, 7.0, 4.0], "rotation": 0.0, "texture": "#woodtex"},
				"east": {"uv": [8.0, 3.0, 9.0, 5.0], "rotation": 0.0, "texture": "#woodtex"},
				"south": {"uv": [5.0, 3.5, 6.0, 5.5], "rotation": 0.0, "texture": "#woodtex"},
				"west": {"uv": [7.0, 4.0, 8.0, 6.0], "rotation": 0.0, "texture": "#woodtex"},
				"up": null,
				"down": {"uv": [14.0, 5.0, 15.0, 6.0], "rotation": 0.0, "texture": "#woodtex"}
			}
		},
		{
			"name": null,
			"from": [14.5, 1.0, 12.0],
			"to": [15.5, 3.0, 13.0],
			"rotationOrigin": [9.0, 0.0, 8.0],
			"rotationX": 0.0,
			"rotationY": 0.0,
			"rotationZ": 0.0,
			"faces": {
				"north": {"uv": [6.0, 2.0, 7.0, 4.0], "rotation": 0.0, "texture": "#woodtex"},
				"east": {"uv": [8.0, 3.0, 9.0, 5.0], "rotation": 0.0, "texture": "#woodtex"},
				"south": {"uv": [3.0, 4.0, 4.0, 6.0], "rotation": 0.0, "texture": "#woodtex"},
				"west": {"uv": [7.5, 4.0, 8.5, 6.0], "rotation": 0.0, "texture": "#woodtex"},
				"up": null,
				"down": {"uv": [14.0, 5.0, 15.0, 6.0], "rotation": 0.0, "texture": "#woodtex"}
			}
		},
		{
			"name": null,
			"from": [15.0, 0.0, 1.0],
			"to": [16.0, 3.0, 3.0],
			"rotationOrigin": [9.0, 0.0, 8.0],
			"rotationX": 0.0,
			"rotationY": 0.0,
			"rotationZ": 0.0,
			"faces": {
				"north": {"uv": [7.0, 2.5, 8.0, 5.5], "rotation": 0.0, "texture": "#woodtex"},
				"east": {"uv": [5.5, 2.5, 7.5, 5.5], "rotation": 0.0, "texture": "#woodtex"},
				"south": {"uv": [4.0, 2.5, 5.0, 5.5], "rotation": 0.0, "texture": "#woodtex"},
				"west": {"uv": [5.0, 3.0, 7.0, 6.0], "rotation": 0.0, "texture": "#woodtex"},
				"up": null,
				"down": {"uv": [14.0, 5.0, 16.0, 6.0], "rotation": 90.0, "texture": "#woodtex"}
			}
		},
		{
			"name": null,
			"from": [15.0, 0.0, 13.0],
			"to": [16.0, 3.0, 15.0],
			"rotationOrigin": [9.0, 0.0, 8.0],
			"rotationX": 0.0,
			"rotationY": 0.0,
			"rotationZ": 0.0,
			"faces": {
				"north": {"uv": [4.5, 2.5, 5.5, 5.5], "rotation": 0.0, "texture": "#woodtex"},
				"east": {"uv": [6.0, 2.5, 8.0, 5.5], "rotation": 0.0, "texture": "#woodtex"},
				"south": {"uv": [5.5, 2.5, 6.5, 5.5], "rotation": 0.0, "texture": "#woodtex"},
				"west": {"uv": [6.5, 3.0, 8.5, 6.0], "rotation": 0.0, "texture": "#woodtex"},
				"up": null,
				"down": {"uv": [14.0, 5.0, 16.0, 6.0], "rotation": 90.0, "texture": "#woodtex"}
			}
		},
		{
			"name": null,
			"from": [14.0, 3.0, 1.0],
			"to": [16.0, 5.0, 15.0],
			"rotationOrigin": [9.0, 0.0, 8.0],
			"rotationX": 0.0,
			"rotationY": 0.0,
			"rotationZ": 0.0,
			"faces": {
				"north": {"uv": [0.0, 9.0, 2.0, 11.0], "rotation": 0.0, "texture": "#woodtex"},
				"east": {"uv": [2.0, 9.0, 16.0, 11.0], "rotation": 0.0, "texture": "#woodtex"},
				"south": {"uv": [14.0, 9.0, 16.0, 11.0], "rotation": 0.0, "texture": "#woodtex"},
				"west": {"uv": [0.0, 9.0, 14.0, 11.0], "rotation": 0.0, "texture": "#woodtex"},
				"up": {"uv": [0.0, 8.0, 14.0, 10.0], "rotation": 90.0, "texture": "#woodtex"},
				"down": {"uv": [2.0, 5.0, 16.0, 6.0], "rotation": 90.0, "texture": "#woodtex"}
			}
		},
		{
			"name": null,
			"from": [14.0, 5.0, 1.0],
			"to": [16.0, 15.0, 3.0],
			"rotationOrigin": [9.0, 0.0, 8.0],
			"rotationX": 0.0,
			"rotationY": 0.0,
			"rotationZ": 0.0,
			"faces": {
				"north": {"uv": [3.5, 8.0, 13.5, 10.0], "rotation": 90.0, "texture": "#woodtex"},
				"east": {"uv": [1.5, 13.0, 11.5, 15.0], "rotation": 90.0, "texture": "#woodtex"},
				"south": {"uv": [3.5, 12.5, 13.5, 14.5], "rotation": 90.0, "texture": "#woodtex"},
				"west": {"uv": [2.5, 12.5, 12.5, 14.5], "rotation": 90.0, "texture": "#woodtex"},
				"up": null,
				"down": null
			}
		},
		{
			"name": null,
			"from": [14.0, 5.0, 13.0],
			"to": [16.0, 15.0, 15.0],
			"rotationOrigin": [9.0, 0.0, 8.0],
			"rotationX": 0.0,
			"rotationY": 0.0,
			"rotationZ": 0.0,
			"faces": {
				"north": {"uv": [1.0, 3.0, 11.0, 5.0], "rotation": 90.0, "texture": "#woodtex"},
				"east": {"uv": [4.0, 7.0, 14.0, 9.0], "rotation": 90.0, "texture": "#woodtex"},
				"south": {"uv": [1.0, 1.5, 11.0, 3.5], "rotation": 90.0, "texture": "#woodtex"},
				"west": {"uv": [1.0, 7.0, 11.0, 9.0], "rotation": 90.0, "texture": "#woodtex"},
				"up": null,
				"down": null
			}
		},
		{
			"name": null,
			"from": [14.0, 0.0, 1.0],
			"to": [15.0, 3.0, 2.0],
			"rotationOrigin": [9.0, 0.0, 8.0],
			"rotationX": 0.0,
			"rotationY": 0.0,
			"rotationZ": 0.0,
			"faces": {
				"north": {"uv": [5.5, 2.5, 6.5, 5.5], "rotation": 0.0, "texture": "#woodtex"},
				"east": null,
				"south": {"uv": [3.0, 2.5, 4.0, 5.5], "rotation": 0.0, "texture": "#woodtex"},
				"west": {"uv": [3.0, 2.5, 4.0, 5.5], "rotation": 0.0, "texture": "#woodtex"},
				"up": null,
				"down": {"uv": [12.5, 5.0, 13.5, 6.0], "rotation": 0.0, "texture": "#woodtex"}
			}
		},
		{
			"name": null,
			"from": [0.0, 15.0, 0.0],
			"to": [16.0, 16.0, 16.0],
			"rotationOrigin": [8.0, 0.0, 8.0],
			"rotationX": 0.0,
			"rotationY": 0.0,
			"rotationZ": 0.0,
			"faces": {
				"north": {"uv": [0.0, 0.0, 16.0, 1.0], "rotation": 0.0, "texture": "#wickertex"},
				"east": {"uv": [0.0, 0.0, 16.0, 1.0], "rotation": 0.0, "texture": "#wickertex"},
				"south": {"uv": [0.0, 0.0, 16.0, 1.0], "rotation": 0.0, "texture": "#wickertex"},
				"west": {"uv": [0.0, 0.0, 16.0, 1.0], "rotation": 0.0, "texture": "#wickertex"},
				"up": {"uv": [0.0, 0.0, 16.0, 16.0], "rotation": 0.0, "texture": "#wickertex"},
				"down": {"uv": [0.0, 0.0, 16.0, 16.0], "rotation": 0.0, "texture": "#wickertex"}
			}
		},
		{
			"name": null,
			"from": [16.0, 15.0, 1.0],
			"to": [17.0, 16.0, 15.0],
			"rotationOrigin": [24.0, 0.0, 8.0],
			"rotationX": 0.0,
			"rotationY": 0.0,
			"rotationZ": 0.0,
			"faces": {
				"north": {"uv": [0.0, 0.0, 1.0, 1.0], "rotation": 0.0, "texture": "#wickertex"},
				"east": {"uv": [0.0, 0.0, 14.0, 1.0], "rotation": 0.0, "texture": "#wickertex"},
				"south": {"uv": [0.0, 0.0, 1.0, 1.0], "rotation": 0.0, "texture": "#wickertex"},
				"west": {"uv": [0.0, 0.0, 14.0, 1.0], "rotation": 0.0, "texture": "#wickertex"},
				"up": {"uv": [0.0, 0.0, 1.0, 14.0], "rotation": 0.0, "texture": "#wickertex"},
				"down": {"uv": [0.0, 0.0, 1.0, 14.0], "rotation": 0.0, "texture": "#wickertex"}
			}
		},
		{
			"name": null,
			"from": [-1.0, 15.0, 1.0],
			"to": [0.0, 16.0, 15.0],
			"rotationOrigin": [6.0, 0.0, 8.0],
			"rotationX": 0.0,
			"rotationY": 0.0,
			"rotationZ": 0.0,
			"faces": {
				"north": {"uv": [0.0, 0.0, 1.0, 1.0], "rotation": 0.0, "texture": "#wickertex"},
				"east": {"uv": [0.0, 0.0, 14.0, 1.0], "rotation": 0.0, "texture": "#wickertex"},
				"south": {"uv": [0.0, 0.0, 1.0, 1.0], "rotation": 0.0, "texture": "#wickertex"},
				"west": {"uv": [0.0, 0.0, 14.0, 1.0], "rotation": 0.0, "texture": "#wickertex"},
				"up": {"uv": [0.0, 0.0, 1.0, 14.0], "rotation": 0.0, "texture": "#wickertex"},
				"down": {"uv": [0.0, 0.0, 1.0, 14.0], "rotation": 0.0, "texture": "#wickertex"}
			}
		},
		{
			"name": null,
			"from": [1.0, 15.0, -1.0],
			"to": [15.0, 16.0, 0.0],
			"rotationOrigin": [8.0, 0.0, -8.0],
			"rotationX": 0.0,
			"rotationY": 0.0,
			"rotationZ": 0.0,
			"faces": {
				"north": {"uv": [0.0, 0.0, 14.0, 1.0], "rotation": 0.0, "texture": "#wickertex"},
				"east": {"uv": [0.0, 0.0, 1.0, 1.0], "rotation": 0.0, "texture": "#wickertex"},
				"south": {"uv": [0.0, 0.0, 14.0, 1.0], "rotation": 0.0, "texture": "#wickertex"},
				"west": {"uv": [0.0, 0.0, 1.0, 1.0], "rotation": 0.0, "texture": "#wickertex"},
				"up": {"uv": [0.0, 0.0, 14.0, 1.0], "rotation": 0.0, "texture": "#wickertex"},
				"down": {"uv": [0.0, 0.0, 14.0, 1.0], "rotation": 0.0, "texture": "#wickertex"}
			}
		},
		{
			"name": null,
			"from": [1.0, 15.0, 16.0],
			"to": [15.0, 16.0, 17.0],
			"rotationOrigin": [8.0, 0.0, 10.0],
			"rotationX": 0.0,
			"rotationY": 0.0,
			"rotationZ": 0.0,
			"faces": {
				"north": {"uv": [0.0, 0.0, 14.0, 1.0], "rotation": 0.0, "texture": "#wickertex"},
				"east": {"uv": [0.0, 0.0, 1.0, 1.0], "rotation": 0.0, "texture": "#wickertex"},
				"south": {"uv": [0.0, 0.0, 14.0, 1.0], "rotation": 0.0, "texture": "#wickertex"},
				"west": {"uv": [0.0, 0.0, 1.0, 1.0], "rotation": 0.0, "texture": "#wickertex"},
				"up": {"uv": [0.0, 0.0, 14.0, 1.0], "rotation": 0.0, "texture": "#wickertex"},
				"down": {"uv": [0.0, 0.0, 14.0, 1.0], "rotation": 0.0, "texture": "#wickertex"}
			}
		},
		{
			"name": null,
			"from": [1.0, 0.0, 1.0],
			"to": [2.0, 3.0, 2.0],
			"rotationOrigin": [7.0, 0.0, 8.0],
			"rotationX": 0.0,
			"rotationY": 0.0,
			"rotationZ": 0.0,
			"faces": {
				"north": {"uv": [7.0, 2.5, 8.0, 5.5], "rotation": 0.0, "texture": "#woodtex"},
				"east": {"uv": [3.0, 2.5, 4.0, 5.5], "rotation": 0.0, "texture": "#woodtex"},
				"south": {"uv": [2.5, 2.5, 3.5, 5.5], "rotation": 0.0, "texture": "#woodtex"},
				"west": null,
				"up": null,
				"down": {"uv": [12.5, 5.0, 13.5, 6.0], "rotation": 180.0, "texture": "#woodtex"}
			}
		},
		{
			"name": null,
			"from": [0.5, 6.0, 3.0],
			"to": [1.5, 7.0, 6.0],
			"rotationOrigin": [7.0, 0.0, 8.0],
			"rotationX": 0.0,
			"rotationY": 0.0,
			"rotationZ": 0.0,
			"faces": {
				"north": {"uv": [8.5, 8.0, 9.5, 9.0], "rotation": 0.0, "texture": "#wickertex"},
				"east": {"uv": [4.0, 8.5, 7.0, 9.5], "rotation": 0.0, "texture": "#wickertex"},
				"south": {"uv": [2.5, 6.5, 3.5, 7.5], "rotation": 0.0, "texture": "#wickertex"},
				"west": {"uv": [9.0, 3.5, 12.0, 4.5], "rotation": 0.0, "texture": "#wickertex"},
				"up": {"uv": [6.5, 7.0, 9.5, 8.0], "rotation": 270.0, "texture": "#wickertex"},
				"down": {"uv": [1.0, 9.5, 4.0, 10.5], "rotation": 270.0, "texture": "#wickertex"}
			}
		},
		{
			"name": null,
			"from": [0.5, 7.0, 6.0],
			"to": [1.5, 8.0, 10.0],
			"rotationOrigin": [7.0, 0.0, 8.0],
			"rotationX": 0.0,
			"rotationY": 0.0,
			"rotationZ": 0.0,
			"faces": {
				"north": {"uv": [3.5, 7.0, 4.5, 8.0], "rotation": 0.0, "texture": "#wickertex"},
				"east": {"uv": [10.0, 4.0, 14.0, 5.0], "rotation": 0.0, "texture": "#wickertex"},
				"south": {"uv": [7.0, 6.0, 8.0, 7.0], "rotation": 0.0, "texture": "#wickertex"},
				"west": {"uv": [1.5, 6.0, 5.5, 7.0], "rotation": 0.0, "texture": "#wickertex"},
				"up": {"uv": [1.0, 3.5, 5.0, 4.5], "rotation": 270.0, "texture": "#wickertex"},
				"down": {"uv": [5.0, 5.5, 9.0, 6.5], "rotation": 270.0, "texture": "#wickertex"}
			}
		},
		{
			"name": null,
			"from": [0.5, 6.0, 10.0],
			"to": [1.5, 7.0, 13.0],
			"rotationOrigin": [7.0, 0.0, 8.0],
			"rotationX": 0.0,
			"rotationY": 0.0,
			"rotationZ": 0.0,
			"faces": {
				"north": {"uv": [3.0, 8.5, 4.0, 9.5], "rotation": 0.0, "texture": "#wickertex"},
				"east": {"uv": [11.0, 2.5, 14.0, 3.5], "rotation": 0.0, "texture": "#wickertex"},
				"south": {"uv": [0.0, 0.0, 1.0, 1.0], "rotation": 0.0, "texture": "#wickertex"},
				"west": {"uv": [2.5, 8.0, 5.5, 9.0], "rotation": 0.0, "texture": "#wickertex"},
				"up": {"uv": [2.0, 5.0, 5.0, 6.0], "rotation": 270.0, "texture": "#wickertex"},
				"down": {"uv": [13.0, 6.5, 16.0, 7.5], "rotation": 270.0, "texture": "#wickertex"}
			}
		},
		{
			"name": null,
			"from": [0.5, 8.0, 10.5],
			"to": [1.5, 9.0, 13.5],
			"rotationOrigin": [7.0, 0.0, 8.0],
			"rotationX": 0.0,
			"rotationY": 0.0,
			"rotationZ": 0.0,
			"faces": {
				"north": {"uv": [3.5, 6.5, 4.5, 7.5], "rotation": 0.0, "texture": "#wickertex"},
				"east": {"uv": [1.0, 6.0, 4.0, 7.0], "rotation": 0.0, "texture": "#wickertex"},
				"south": {"uv": [5.5, 4.0, 6.5, 5.0], "rotation": 0.0, "texture": "#wickertex"},
				"west": {"uv": [2.5, 4.5, 5.5, 5.5], "rotation": 0.0, "texture": "#wickertex"},
				"up": {"uv": [2.0, 1.5, 5.0, 2.5], "rotation": 270.0, "texture": "#wickertex"},
				"down": {"uv": [6.0, 4.5, 9.0, 5.5], "rotation": 270.0, "texture": "#wickertex"}
			}
		},
		{
			"name": null,
			"from": [0.5, 8.0, 9.5],
			"to": [1.5, 13.0, 10.5],
			"rotationOrigin": [7.0, 0.0, 8.0],
			"rotationX": 0.0,
			"rotationY": 0.0,
			"rotationZ": 0.0,
			"faces": {
				"north": {"uv": [4.0, 3.0, 5.0, 8.0], "rotation": 0.0, "texture": "#wickertex"},
				"east": {"uv": [4.0, 5.0, 5.0, 10.0], "rotation": 0.0, "texture": "#wickertex"},
				"south": {"uv": [4.0, 3.0, 5.0, 8.0], "rotation": 0.0, "texture": "#wickertex"},
				"west": {"uv": [3.5, 3.5, 4.5, 8.5], "rotation": 0.0, "texture": "#wickertex"},
				"up": {"uv": [3.0, 6.0, 4.0, 7.0], "rotation": 180.0, "texture": "#wickertex"},
				"down": {"uv": [6.0, 2.0, 7.0, 3.0], "rotation": 180.0, "texture": "#wickertex"}
			}
		},
		{
			"name": null,
			"from": [0.5, 8.0, 2.5],
			"to": [1.5, 9.0, 5.5],
			"rotationOrigin": [7.0, 0.0, 8.0],
			"rotationX": 0.0,
			"rotationY": 0.0,
			"rotationZ": 0.0,
			"faces": {
				"north": {"uv": [10.0, 9.0, 11.0, 10.0], "rotation": 0.0, "texture": "#wickertex"},
				"east": {"uv": [9.0, 10.5, 12.0, 11.5], "rotation": 0.0, "texture": "#wickertex"},
				"south": {"uv": [3.5, 9.0, 4.5, 10.0], "rotation": 0.0, "texture": "#wickertex"},
				"west": {"uv": [1.5, 7.5, 4.5, 8.5], "rotation": 0.0, "texture": "#wickertex"},
				"up": {"uv": [6.5, 4.5, 9.5, 5.5], "rotation": 270.0, "texture": "#wickertex"},
				"down": {"uv": [2.0, 10.0, 5.0, 11.0], "rotation": 270.0, "texture": "#wickertex"}
			}
		},
		{
			"name": null,
			"from": [0.5, 10.0, 2.5],
			"to": [1.5, 11.0, 5.5],
			"rotationOrigin": [7.0, 0.0, 8.0],
			"rotationX": 0.0,
			"rotationY": 0.0,
			"rotationZ": 0.0,
			"faces": {
				"north": {"uv": [9.5, 8.0, 10.5, 9.0], "rotation": 0.0, "texture": "#wickertex"},
				"east": {"uv": [2.0, 13.0, 5.0, 14.0], "rotation": 0.0, "texture": "#wickertex"},
				"south": {"uv": [11.0, 8.5, 12.0, 9.5], "rotation": 0.0, "texture": "#wickertex"},
				"west": {"uv": [6.0, 9.5, 9.0, 10.5], "rotation": 0.0, "texture": "#wickertex"},
				"up": {"uv": [7.0, 4.5, 10.0, 5.5], "rotation": 270.0, "texture": "#wickertex"},
				"down": {"uv": [6.0, 5.0, 9.0, 6.0], "rotation": 270.0, "texture": "#wickertex"}
			}
		},
		{
			"name": null,
			"from": [0.5, 10.0, 10.5],
			"to": [1.5, 11.0, 13.5],
			"rotationOrigin": [7.0, 0.0, 8.0],
			"rotationX": 0.0,
			"rotationY": 0.0,
			"rotationZ": 0.0,
			"faces": {
				"north": {"uv": [6.0, 6.0, 7.0, 7.0], "rotation": 0.0, "texture": "#wickertex"},
				"east": {"uv": [4.0, 5.5, 7.0, 6.5], "rotation": 0.0, "texture": "#wickertex"},
				"south": {"uv": [9.0, 8.5, 10.0, 9.5], "rotation": 0.0, "texture": "#wickertex"},
				"west": {"uv": [2.5, 4.5, 5.5, 5.5], "rotation": 0.0, "texture": "#wickertex"},
				"up": {"uv": [5.0, 5.0, 8.0, 6.0], "rotation": 270.0, "texture": "#wickertex"},
				"down": {"uv": [9.5, 4.5, 12.5, 5.5], "rotation": 270.0, "texture": "#wickertex"}
			}
		},
		{
			"name": null,
			"from": [0.5, 8.0, 5.5],
			"to": [1.5, 13.0, 6.5],
			"rotationOrigin": [7.0, 0.0, 8.0],
			"rotationX": 0.0,
			"rotationY": 0.0,
			"rotationZ": 0.0,
			"faces": {
				"north": {"uv": [3.0, 3.5, 4.0, 8.5], "rotation": 0.0, "texture": "#wickertex"},
				"east": {"uv": [4.0, 5.5, 5.0, 10.5], "rotation": 0.0, "texture": "#wickertex"},
				"south": {"uv": [4.0, 3.5, 5.0, 8.5], "rotation": 0.0, "texture": "#wickertex"},
				"west": {"uv": [3.5, 3.5, 4.5, 8.5], "rotation": 0.0, "texture": "#wickertex"},
				"up": {"uv": [15.0, 7.0, 16.0, 8.0], "rotation": 180.0, "texture": "#wickertex"},
				"down": {"uv": [13.0, 11.0, 14.0, 12.0], "rotation": 180.0, "texture": "#wickertex"}
			}
		},
		{
			"name": null,
			"from": [0.5, 12.0, 10.5],
			"to": [1.5, 13.0, 13.5],
			"rotationOrigin": [7.0, 0.0, 8.0],
			"rotationX": 0.0,
			"rotationY": 0.0,
			"rotationZ": 0.0,
			"faces": {
				"north": {"uv": [13.0, 4.5, 14.0, 5.5], "rotation": 0.0, "texture": "#wickertex"},
				"east": {"uv": [3.0, 9.0, 6.0, 10.0], "rotation": 0.0, "texture": "#wickertex"},
				"south": {"uv": [1.5, 5.0, 2.5, 6.0], "rotation": 0.0, "texture": "#wickertex"},
				"west": {"uv": [3.0, 5.5, 6.0, 6.5], "rotation": 0.0, "texture": "#wickertex"},
				"up": {"uv": [4.0, 2.5, 7.0, 3.5], "rotation": 270.0, "texture": "#wickertex"},
				"down": {"uv": [3.5, 2.5, 6.5, 3.5], "rotation": 270.0, "texture": "#wickertex"}
			}
		},
		{
			"name": null,
			"from": [0.5, 13.0, 6.0],
			"to": [1.5, 14.0, 10.0],
			"rotationOrigin": [7.0, 0.0, 8.0],
			"rotationX": 0.0,
			"rotationY": 0.0,
			"rotationZ": 0.0,
			"faces": {
				"north": {"uv": [8.0, 4.5, 9.0, 5.5], "rotation": 0.0, "texture": "#wickertex"},
				"east": {"uv": [8.5, 5.0, 12.5, 6.0], "rotation": 0.0, "texture": "#wickertex"},
				"south": {"uv": [0.0, 0.0, 1.0, 1.0], "rotation": 0.0, "texture": "#wickertex"},
				"west": {"uv": [8.0, 4.0, 12.0, 5.0], "rotation": 0.0, "texture": "#wickertex"},
				"up": {"uv": [8.5, 4.5, 12.5, 5.5], "rotation": 270.0, "texture": "#wickertex"},
				"down": {"uv": [9.0, 4.5, 13.0, 5.5], "rotation": 270.0, "texture": "#wickertex"}
			}
		},
		{
			"name": null,
			"from": [0.5, 14.0, 10.0],
			"to": [1.5, 15.0, 13.0],
			"rotationOrigin": [7.0, 0.0, 8.0],
			"rotationX": 0.0,
			"rotationY": 0.0,
			"rotationZ": 0.0,
			"faces": {
				"north": {"uv": [3.0, 5.0, 4.0, 6.0], "rotation": 0.0, "texture": "#wickertex"},
				"east": {"uv": [8.5, 8.0, 11.5, 9.0], "rotation": 0.0, "texture": "#wickertex"},
				"south": {"uv": [11.0, 6.0, 12.0, 7.0], "rotation": 0.0, "texture": "#wickertex"},
				"west": {"uv": [1.5, 6.5, 4.5, 7.5], "rotation": 0.0, "texture": "#wickertex"},
				"up": {"uv": [5.0, 5.0, 8.0, 6.0], "rotation": 270.0, "texture": "#wickertex"},
				"down": {"uv": [3.5, 3.5, 6.5, 4.5], "rotation": 270.0, "texture": "#wickertex"}
			}
		},
		{
			"name": null,
			"from": [0.5, 14.0, 3.0],
			"to": [1.5, 15.0, 6.0],
			"rotationOrigin": [7.0, 0.0, 8.0],
			"rotationX": 0.0,
			"rotationY": 0.0,
			"rotationZ": 0.0,
			"faces": {
				"north": {"uv": [5.5, 4.5, 6.5, 5.5], "rotation": 0.0, "texture": "#wickertex"},
				"east": {"uv": [3.5, 5.5, 6.5, 6.5], "rotation": 0.0, "texture": "#wickertex"},
				"south": {"uv": [3.5, 5.5, 4.5, 6.5], "rotation": 0.0, "texture": "#wickertex"},
				"west": {"uv": [2.0, 7.0, 5.0, 8.0], "rotation": 0.0, "texture": "#wickertex"},
				"up": {"uv": [3.5, 6.5, 6.5, 7.5], "rotation": 270.0, "texture": "#wickertex"},
				"down": {"uv": [4.5, 7.0, 7.5, 8.0], "rotation": 270.0, "texture": "#wickertex"}
			}
		},
		{
			"name": null,
			"from": [0.5, 12.0, 2.5],
			"to": [1.5, 13.0, 5.5],
			"rotationOrigin": [7.0, 0.0, 8.0],
			"rotationX": 0.0,
			"rotationY": 0.0,
			"rotationZ": 0.0,
			"faces": {
				"north": {"uv": [5.0, 6.5, 6.0, 7.5], "rotation": 0.0, "texture": "#wickertex"},
				"east": {"uv": [4.5, 5.5, 7.5, 6.5], "rotation": 0.0, "texture": "#wickertex"},
				"south": {"uv": [10.0, 6.5, 11.0, 7.5], "rotation": 0.0, "texture": "#wickertex"},
				"west": {"uv": [2.0, 6.0, 5.0, 7.0], "rotation": 0.0, "texture": "#wickertex"},
				"up": {"uv": [3.0, 4.0, 6.0, 5.0], "rotation": 270.0, "texture": "#wickertex"},
				"down": {"uv": [8.0, 6.0, 11.0, 7.0], "rotation": 270.0, "texture": "#wickertex"}
			}
		},
		{
			"name": null,
			"from": [0.5, 2.0, 11.0],
			"to": [1.5, 3.0, 12.0],
			"rotationOrigin": [7.0, 0.0, 8.0],
			"rotationX": 0.0,
			"rotationY": 0.0,
			"rotationZ": 0.0,
			"faces": {
				"north": {"uv": [7.0, 4.5, 8.0, 5.5], "rotation": 0.0, "texture": "#woodtex"},
				"east": {"uv": [4.5, 5.0, 5.5, 6.0], "rotation": 0.0, "texture": "#woodtex"},
				"south": {"uv": [6.0, 3.0, 7.0, 4.0], "rotation": 0.0, "texture": "#woodtex"},
				"west": {"uv": [5.0, 2.5, 6.0, 3.5], "rotation": 0.0, "texture": "#woodtex"},
				"up": null,
				"down": {"uv": [8.0, 5.0, 9.0, 6.0], "rotation": 180.0, "texture": "#woodtex"}
			}
		},
		{
			"name": null,
			"from": [0.5, 2.0, 4.0],
			"to": [1.5, 3.0, 5.0],
			"rotationOrigin": [7.0, 0.0, 8.0],
			"rotationX": 0.0,
			"rotationY": 0.0,
			"rotationZ": 0.0,
			"faces": {
				"north": null,
				"east": {"uv": [4.5, 5.0, 5.5, 6.0], "rotation": 0.0, "texture": "#woodtex"},
				"south": {"uv": [6.0, 3.0, 7.0, 4.0], "rotation": 0.0, "texture": "#woodtex"},
				"west": {"uv": [5.0, 2.5, 6.0, 3.5], "rotation": 0.0, "texture": "#woodtex"},
				"up": null,
				"down": {"uv": [8.0, 5.0, 9.0, 6.0], "rotation": 180.0, "texture": "#woodtex"}
			}
		},
		{
			"name": null,
			"from": [0.5, 1.0, 12.0],
			"to": [1.5, 3.0, 13.0],
			"rotationOrigin": [7.0, 0.0, 8.0],
			"rotationX": 0.0,
			"rotationY": 0.0,
			"rotationZ": 0.0,
			"faces": {
				"north": {"uv": [5.0, 3.5, 6.0, 5.5], "rotation": 0.0, "texture": "#woodtex"},
				"east": {"uv": [7.0, 4.0, 8.0, 6.0], "rotation": 0.0, "texture": "#woodtex"},
				"south": {"uv": [6.0, 2.0, 7.0, 4.0], "rotation": 0.0, "texture": "#woodtex"},
				"west": {"uv": [8.0, 3.0, 9.0, 5.0], "rotation": 0.0, "texture": "#woodtex"},
				"up": null,
				"down": {"uv": [14.0, 5.0, 15.0, 6.0], "rotation": 180.0, "texture": "#woodtex"}
			}
		},
		{
			"name": null,
			"from": [0.5, 1.0, 3.0],
			"to": [1.5, 3.0, 4.0],
			"rotationOrigin": [7.0, 0.0, 8.0],
			"rotationX": 0.0,
			"rotationY": 0.0,
			"rotationZ": 0.0,
			"faces": {
				"north": {"uv": [3.0, 4.0, 4.0, 6.0], "rotation": 0.0, "texture": "#woodtex"},
				"east": {"uv": [7.5, 4.0, 8.5, 6.0], "rotation": 0.0, "texture": "#woodtex"},
				"south": {"uv": [6.0, 2.0, 7.0, 4.0], "rotation": 0.0, "texture": "#woodtex"},
				"west": {"uv": [8.0, 3.0, 9.0, 5.0], "rotation": 0.0, "texture": "#woodtex"},
				"up": null,
				"down": {"uv": [14.0, 5.0, 15.0, 6.0], "rotation": 180.0, "texture": "#woodtex"}
			}
		},
		{
			"name": null,
			"from": [0.0, 0.0, 13.0],
			"to": [1.0, 3.0, 15.0],
			"rotationOrigin": [7.0, 0.0, 8.0],
			"rotationX": 0.0,
			"rotationY": 0.0,
			"rotationZ": 0.0,
			"faces": {
				"north": {"uv": [4.0, 2.5, 5.0, 5.5], "rotation": 0.0, "texture": "#woodtex"},
				"east": {"uv": [5.0, 3.0, 7.0, 6.0], "rotation": 0.0, "texture": "#woodtex"},
				"south": {"uv": [7.0, 2.5, 8.0, 5.5], "rotation": 0.0, "texture": "#woodtex"},
				"west": {"uv": [5.5, 2.5, 7.5, 5.5], "rotation": 0.0, "texture": "#woodtex"},
				"up": null,
				"down": {"uv": [14.0, 5.0, 16.0, 6.0], "rotation": 270.0, "texture": "#woodtex"}
			}
		},
		{
			"name": null,
			"from": [0.0, 0.0, 1.0],
			"to": [1.0, 3.0, 3.0],
			"rotationOrigin": [7.0, 0.0, 8.0],
			"rotationX": 0.0,
			"rotationY": 0.0,
			"rotationZ": 0.0,
			"faces": {
				"north": {"uv": [5.5, 2.5, 6.5, 5.5], "rotation": 0.0, "texture": "#woodtex"},
				"east": {"uv": [6.5, 3.0, 8.5, 6.0], "rotation": 0.0, "texture": "#woodtex"},
				"south": {"uv": [4.5, 2.5, 5.5, 5.5], "rotation": 0.0, "texture": "#woodtex"},
				"west": {"uv": [6.0, 2.5, 8.0, 5.5], "rotation": 0.0, "texture": "#woodtex"},
				"up": null,
				"down": {"uv": [14.0, 5.0, 16.0, 6.0], "rotation": 270.0, "texture": "#woodtex"}
			}
		},
		{
			"name": null,
			"from": [1.0, 0.0, 14.0],
			"to": [2.0, 3.0, 15.0],
			"rotationOrigin": [8.0, 0.0, 9.0],
			"rotationX": 0.0,
			"rotationY": 0.0,
			"rotationZ": 0.0,
			"faces": {
				"north": {"uv": [3.0, 2.5, 4.0, 5.5], "rotation": 0.0, "texture": "#woodtex"},
				"east": {"uv": [2.5, 2.5, 3.5, 5.5], "rotation": 0.0, "texture": "#woodtex"},
				"south": null,
				"west": {"uv": [7.0, 2.5, 8.0, 5.5], "rotation": 0.0, "texture": "#woodtex"},
				"up": null,
				"down": {"uv": [12.5, 5.0, 13.5, 6.0], "rotation": 270.0, "texture": "#woodtex"}
			}
		},
		{
			"name": null,
			"from": [3.0, 6.0, 14.5],
			"to": [6.0, 7.0, 15.5],
			"rotationOrigin": [8.0, 0.0, 9.0],
			"rotationX": 0.0,
			"rotationY": 0.0,
			"rotationZ": 0.0,
			"faces": {
				"north": {"uv": [4.0, 8.5, 7.0, 9.5], "rotation": 0.0, "texture": "#wickertex"},
				"east": {"uv": [2.5, 6.5, 3.5, 7.5], "rotation": 0.0, "texture": "#wickertex"},
				"south": {"uv": [9.0, 3.5, 12.0, 4.5], "rotation": 0.0, "texture": "#wickertex"},
				"west": {"uv": [8.5, 8.0, 9.5, 9.0], "rotation": 0.0, "texture": "#wickertex"},
				"up": {"uv": [6.5, 7.0, 9.5, 8.0], "rotation": 180.0, "texture": "#wickertex"},
				"down": {"uv": [1.0, 9.5, 4.0, 10.5], "rotation": 0.0, "texture": "#wickertex"}
			}
		},
		{
			"name": null,
			"from": [6.0, 7.0, 14.5],
			"to": [10.0, 8.0, 15.5],
			"rotationOrigin": [8.0, 0.0, 9.0],
			"rotationX": 0.0,
			"rotationY": 0.0,
			"rotationZ": 0.0,
			"faces": {
				"north": {"uv": [10.0, 4.0, 14.0, 5.0], "rotation": 0.0, "texture": "#wickertex"},
				"east": {"uv": [7.0, 6.0, 8.0, 7.0], "rotation": 0.0, "texture": "#wickertex"},
				"south": {"uv": [1.5, 6.0, 5.5, 7.0], "rotation": 0.0, "texture": "#wickertex"},
				"west": {"uv": [3.5, 7.0, 4.5, 8.0], "rotation": 0.0, "texture": "#wickertex"},
				"up": {"uv": [1.0, 3.5, 5.0, 4.5], "rotation": 180.0, "texture": "#wickertex"},
				"down": {"uv": [5.0, 5.5, 9.0, 6.5], "rotation": 0.0, "texture": "#wickertex"}
			}
		},
		{
			"name": null,
			"from": [10.0, 6.0, 14.5],
			"to": [13.0, 7.0, 15.5],
			"rotationOrigin": [8.0, 0.0, 9.0],
			"rotationX": 0.0,
			"rotationY": 0.0,
			"rotationZ": 0.0,
			"faces": {
				"north": {"uv": [11.0, 2.5, 14.0, 3.5], "rotation": 0.0, "texture": "#wickertex"},
				"east": {"uv": [0.0, 0.0, 1.0, 1.0], "rotation": 0.0, "texture": "#wickertex"},
				"south": {"uv": [2.5, 8.0, 5.5, 9.0], "rotation": 0.0, "texture": "#wickertex"},
				"west": {"uv": [3.0, 8.5, 4.0, 9.5], "rotation": 0.0, "texture": "#wickertex"},
				"up": {"uv": [2.0, 5.0, 5.0, 6.0], "rotation": 180.0, "texture": "#wickertex"},
				"down": {"uv": [13.0, 6.5, 16.0, 7.5], "rotation": 0.0, "texture": "#wickertex"}
			}
		},
		{
			"name": null,
			"from": [10.5, 8.0, 14.5],
			"to": [13.5, 9.0, 15.5],
			"rotationOrigin": [8.0, 0.0, 9.0],
			"rotationX": 0.0,
			"rotationY": 0.0,
			"rotationZ": 0.0,
			"faces": {
				"north": {"uv": [1.0, 6.0, 4.0, 7.0], "rotation": 0.0, "texture": "#wickertex"},
				"east": {"uv": [5.5, 4.0, 6.5, 5.0], "rotation": 0.0, "texture": "#wickertex"},
				"south": {"uv": [2.5, 4.5, 5.5, 5.5], "rotation": 0.0, "texture": "#wickertex"},
				"west": {"uv": [3.5, 6.5, 4.5, 7.5], "rotation": 0.0, "texture": "#wickertex"},
				"up": {"uv": [2.0, 1.5, 5.0, 2.5], "rotation": 180.0, "texture": "#wickertex"},
				"down": {"uv": [6.0, 4.5, 9.0, 5.5], "rotation": 0.0, "texture": "#wickertex"}
			}
		},
		{
			"name": null,
			"from": [9.5, 8.0, 14.5],
			"to": [10.5, 13.0, 15.5],
			"rotationOrigin": [8.0, 0.0, 9.0],
			"rotationX": 0.0,
			"rotationY": 0.0,
			"rotationZ": 0.0,
			"faces": {
				"north": {"uv": [4.0, 5.0, 5.0, 10.0], "rotation": 0.0, "texture": "#wickertex"},
				"east": {"uv": [4.0, 3.0, 5.0, 8.0], "rotation": 0.0, "texture": "#wickertex"},
				"south": {"uv": [3.5, 3.5, 4.5, 8.5], "rotation": 0.0, "texture": "#wickertex"},
				"west": {"uv": [4.0, 3.0, 5.0, 8.0], "rotation": 0.0, "texture": "#wickertex"},
				"up": {"uv": [3.0, 6.0, 4.0, 7.0], "rotation": 90.0, "texture": "#wickertex"},
				"down": {"uv": [6.0, 2.0, 7.0, 3.0], "rotation": 270.0, "texture": "#wickertex"}
			}
		},
		{
			"name": null,
			"from": [2.5, 8.0, 14.5],
			"to": [5.5, 9.0, 15.5],
			"rotationOrigin": [8.0, 0.0, 9.0],
			"rotationX": 0.0,
			"rotationY": 0.0,
			"rotationZ": 0.0,
			"faces": {
				"north": {"uv": [9.0, 10.5, 12.0, 11.5], "rotation": 0.0, "texture": "#wickertex"},
				"east": {"uv": [3.5, 9.0, 4.5, 10.0], "rotation": 0.0, "texture": "#wickertex"},
				"south": {"uv": [1.5, 7.5, 4.5, 8.5], "rotation": 0.0, "texture": "#wickertex"},
				"west": {"uv": [10.0, 9.0, 11.0, 10.0], "rotation": 0.0, "texture": "#wickertex"},
				"up": {"uv": [6.5, 4.5, 9.5, 5.5], "rotation": 180.0, "texture": "#wickertex"},
				"down": {"uv": [2.0, 10.0, 5.0, 11.0], "rotation": 0.0, "texture": "#wickertex"}
			}
		},
		{
			"name": null,
			"from": [2.5, 10.0, 14.5],
			"to": [5.5, 11.0, 15.5],
			"rotationOrigin": [8.0, 0.0, 9.0],
			"rotationX": 0.0,
			"rotationY": 0.0,
			"rotationZ": 0.0,
			"faces": {
				"north": {"uv": [2.0, 13.0, 5.0, 14.0], "rotation": 0.0, "texture": "#wickertex"},
				"east": {"uv": [11.0, 8.5, 12.0, 9.5], "rotation": 0.0, "texture": "#wickertex"},
				"south": {"uv": [6.0, 9.5, 9.0, 10.5], "rotation": 0.0, "texture": "#wickertex"},
				"west": {"uv": [9.5, 8.0, 10.5, 9.0], "rotation": 0.0, "texture": "#wickertex"},
				"up": {"uv": [7.0, 4.5, 10.0, 5.5], "rotation": 180.0, "texture": "#wickertex"},
				"down": {"uv": [6.0, 5.0, 9.0, 6.0], "rotation": 0.0, "texture": "#wickertex"}
			}
		},
		{
			"name": null,
			"from": [10.5, 10.0, 14.5],
			"to": [13.5, 11.0, 15.5],
			"rotationOrigin": [8.0, 0.0, 9.0],
			"rotationX": 0.0,
			"rotationY": 0.0,
			"rotationZ": 0.0,
			"faces": {
				"north": {"uv": [4.0, 5.5, 7.0, 6.5], "rotation": 0.0, "texture": "#wickertex"},
				"east": {"uv": [9.0, 8.5, 10.0, 9.5], "rotation": 0.0, "texture": "#wickertex"},
				"south": {"uv": [2.5, 4.5, 5.5, 5.5], "rotation": 0.0, "texture": "#wickertex"},
				"west": {"uv": [6.0, 6.0, 7.0, 7.0], "rotation": 0.0, "texture": "#wickertex"},
				"up": {"uv": [5.0, 5.0, 8.0, 6.0], "rotation": 180.0, "texture": "#wickertex"},
				"down": {"uv": [9.5, 4.5, 12.5, 5.5], "rotation": 0.0, "texture": "#wickertex"}
			}
		},
		{
			"name": null,
			"from": [5.5, 8.0, 14.5],
			"to": [6.5, 13.0, 15.5],
			"rotationOrigin": [8.0, 0.0, 9.0],
			"rotationX": 0.0,
			"rotationY": 0.0,
			"rotationZ": 0.0,
			"faces": {
				"north": {"uv": [4.0, 5.5, 5.0, 10.5], "rotation": 0.0, "texture": "#wickertex"},
				"east": {"uv": [4.0, 3.5, 5.0, 8.5], "rotation": 0.0, "texture": "#wickertex"},
				"south": {"uv": [3.5, 3.5, 4.5, 8.5], "rotation": 0.0, "texture": "#wickertex"},
				"west": {"uv": [3.0, 3.5, 4.0, 8.5], "rotation": 0.0, "texture": "#wickertex"},
				"up": {"uv": [15.0, 7.0, 16.0, 8.0], "rotation": 90.0, "texture": "#wickertex"},
				"down": {"uv": [13.0, 11.0, 14.0, 12.0], "rotation": 270.0, "texture": "#wickertex"}
			}
		},
		{
			"name": null,
			"from": [10.5, 12.0, 14.5],
			"to": [13.5, 13.0, 15.5],
			"rotationOrigin": [8.0, 0.0, 9.0],
			"rotationX": 0.0,
			"rotationY": 0.0,
			"rotationZ": 0.0,
			"faces": {
				"north": {"uv": [3.0, 9.0, 6.0, 10.0], "rotation": 0.0, "texture": "#wickertex"},
				"east": {"uv": [1.5, 5.0, 2.5, 6.0], "rotation": 0.0, "texture": "#wickertex"},
				"south": {"uv": [3.0, 5.5, 6.0, 6.5], "rotation": 0.0, "texture": "#wickertex"},
				"west": {"uv": [13.0, 4.5, 14.0, 5.5], "rotation": 0.0, "texture": "#wickertex"},
				"up": {"uv": [4.0, 2.5, 7.0, 3.5], "rotation": 180.0, "texture": "#wickertex"},
				"down": {"uv": [3.5, 2.5, 6.5, 3.5], "rotation": 0.0, "texture": "#wickertex"}
			}
		},
		{
			"name": null,
			"from": [6.0, 13.0, 14.5],
			"to": [10.0, 14.0, 15.5],
			"rotationOrigin": [8.0, 0.0, 9.0],
			"rotationX": 0.0,
			"rotationY": 0.0,
			"rotationZ": 0.0,
			"faces": {
				"north": {"uv": [8.5, 5.0, 12.5, 6.0], "rotation": 0.0, "texture": "#wickertex"},
				"east": {"uv": [0.0, 0.0, 1.0, 1.0], "rotation": 0.0, "texture": "#wickertex"},
				"south": {"uv": [8.0, 4.0, 12.0, 5.0], "rotation": 0.0, "texture": "#wickertex"},
				"west": {"uv": [8.0, 4.5, 9.0, 5.5], "rotation": 0.0, "texture": "#wickertex"},
				"up": {"uv": [8.5, 4.5, 12.5, 5.5], "rotation": 180.0, "texture": "#wickertex"},
				"down": {"uv": [9.0, 4.5, 13.0, 5.5], "rotation": 0.0, "texture": "#wickertex"}
			}
		},
		{
			"name": null,
			"from": [10.0, 14.0, 14.5],
			"to": [13.0, 15.0, 15.5],
			"rotationOrigin": [8.0, 0.0, 9.0],
			"rotationX": 0.0,
			"rotationY": 0.0,
			"rotationZ": 0.0,
			"faces": {
				"north": {"uv": [8.5, 8.0, 11.5, 9.0], "rotation": 0.0, "texture": "#wickertex"},
				"east": {"uv": [11.0, 6.0, 12.0, 7.0], "rotation": 0.0, "texture": "#wickertex"},
				"south": {"uv": [1.5, 6.5, 4.5, 7.5], "rotation": 0.0, "texture": "#wickertex"},
				"west": {"uv": [3.0, 5.0, 4.0, 6.0], "rotation": 0.0, "texture": "#wickertex"},
				"up": {"uv": [5.0, 5.0, 8.0, 6.0], "rotation": 180.0, "texture": "#wickertex"},
				"down": {"uv": [3.5, 3.5, 6.5, 4.5], "rotation": 0.0, "texture": "#wickertex"}
			}
		},
		{
			"name": null,
			"from": [3.0, 14.0, 14.5],
			"to": [6.0, 15.0, 15.5],
			"rotationOrigin": [8.0, 0.0, 9.0],
			"rotationX": 0.0,
			"rotationY": 0.0,
			"rotationZ": 0.0,
			"faces": {
				"north": {"uv": [3.5, 5.5, 6.5, 6.5], "rotation": 0.0, "texture": "#wickertex"},
				"east": {"uv": [3.5, 5.5, 4.5, 6.5], "rotation": 0.0, "texture": "#wickertex"},
				"south": {"uv": [2.0, 7.0, 5.0, 8.0], "rotation": 0.0, "texture": "#wickertex"},
				"west": {"uv": [5.5, 4.5, 6.5, 5.5], "rotation": 0.0, "texture": "#wickertex"},
				"up": {"uv": [3.5, 6.5, 6.5, 7.5], "rotation": 180.0, "texture": "#wickertex"},
				"down": {"uv": [4.5, 7.0, 7.5, 8.0], "rotation": 0.0, "texture": "#wickertex"}
			}
		},
		{
			"name": null,
			"from": [2.5, 12.0, 14.5],
			"to": [5.5, 13.0, 15.5],
			"rotationOrigin": [8.0, 0.0, 9.0],
			"rotationX": 0.0,
			"rotationY": 0.0,
			"rotationZ": 0.0,
			"faces": {
				"north": {"uv": [4.5, 5.5, 7.5, 6.5], "rotation": 0.0, "texture": "#wickertex"},
				"east": {"uv": [10.0, 6.5, 11.0, 7.5], "rotation": 0.0, "texture": "#wickertex"},
				"south": {"uv": [2.0, 6.0, 5.0, 7.0], "rotation": 0.0, "texture": "#wickertex"},
				"west": {"uv": [5.0, 6.5, 6.0, 7.5], "rotation": 0.0, "texture": "#wickertex"},
				"up": {"uv": [3.0, 4.0, 6.0, 5.0], "rotation": 180.0, "texture": "#wickertex"},
				"down": {"uv": [8.0, 6.0, 11.0, 7.0], "rotation": 0.0, "texture": "#wickertex"}
			}
		},
		{
			"name": null,
			"from": [11.0, 2.0, 14.5],
			"to": [12.0, 3.0, 15.5],
			"rotationOrigin": [8.0, 0.0, 9.0],
			"rotationX": 0.0,
			"rotationY": 0.0,
			"rotationZ": 0.0,
			"faces": {
				"north": {"uv": [4.5, 5.0, 5.5, 6.0], "rotation": 0.0, "texture": "#woodtex"},
				"east": {"uv": [6.0, 3.0, 7.0, 4.0], "rotation": 0.0, "texture": "#woodtex"},
				"south": {"uv": [5.0, 2.5, 6.0, 3.5], "rotation": 0.0, "texture": "#woodtex"},
				"west": {"uv": [7.0, 4.5, 8.0, 5.5], "rotation": 0.0, "texture": "#woodtex"},
				"up": null,
				"down": {"uv": [8.0, 5.0, 9.0, 6.0], "rotation": 270.0, "texture": "#woodtex"}
			}
		},
		{
			"name": null,
			"from": [4.0, 2.0, 14.5],
			"to": [5.0, 3.0, 15.5],
			"rotationOrigin": [8.0, 0.0, 9.0],
			"rotationX": 0.0,
			"rotationY": 0.0,
			"rotationZ": 0.0,
			"faces": {
				"north": {"uv": [4.5, 5.0, 5.5, 6.0], "rotation": 0.0, "texture": "#woodtex"},
				"east": {"uv": [6.0, 3.0, 7.0, 4.0], "rotation": 0.0, "texture": "#woodtex"},
				"south": {"uv": [5.0, 2.5, 6.0, 3.5], "rotation": 0.0, "texture": "#woodtex"},
				"west": null,
				"up": null,
				"down": {"uv": [8.0, 5.0, 9.0, 6.0], "rotation": 270.0, "texture": "#woodtex"}
			}
		},
		{
			"name": null,
			"from": [12.0, 1.0, 14.5],
			"to": [13.0, 3.0, 15.5],
			"rotationOrigin": [8.0, 0.0, 9.0],
			"rotationX": 0.0,
			"rotationY": 0.0,
			"rotationZ": 0.0,
			"faces": {
				"north": {"uv": [7.0, 4.0, 8.0, 6.0], "rotation": 0.0, "texture": "#woodtex"},
				"east": {"uv": [6.0, 2.0, 7.0, 4.0], "rotation": 0.0, "texture": "#woodtex"},
				"south": {"uv": [8.0, 3.0, 9.0, 5.0], "rotation": 0.0, "texture": "#woodtex"},
				"west": {"uv": [5.0, 3.5, 6.0, 5.5], "rotation": 0.0, "texture": "#woodtex"},
				"up": null,
				"down": {"uv": [14.0, 5.0, 15.0, 6.0], "rotation": 270.0, "texture": "#woodtex"}
			}
		},
		{
			"name": null,
			"from": [3.0, 1.0, 14.5],
			"to": [4.0, 3.0, 15.5],
			"rotationOrigin": [8.0, 0.0, 9.0],
			"rotationX": 0.0,
			"rotationY": 0.0,
			"rotationZ": 0.0,
			"faces": {
				"north": {"uv": [7.5, 4.0, 8.5, 6.0], "rotation": 0.0, "texture": "#woodtex"},
				"east": {"uv": [6.0, 2.0, 7.0, 4.0], "rotation": 0.0, "texture": "#woodtex"},
				"south": {"uv": [8.0, 3.0, 9.0, 5.0], "rotation": 0.0, "texture": "#woodtex"},
				"west": {"uv": [3.0, 4.0, 4.0, 6.0], "rotation": 0.0, "texture": "#woodtex"},
				"up": null,
				"down": {"uv": [14.0, 5.0, 15.0, 6.0], "rotation": 270.0, "texture": "#woodtex"}
			}
		},
		{
			"name": null,
			"from": [13.0, 0.0, 15.0],
			"to": [15.0, 3.0, 16.0],
			"rotationOrigin": [8.0, 0.0, 9.0],
			"rotationX": 0.0,
			"rotationY": 0.0,
			"rotationZ": 0.0,
			"faces": {
				"north": {"uv": [5.0, 3.0, 7.0, 6.0], "rotation": 0.0, "texture": "#woodtex"},
				"east": {"uv": [7.0, 2.5, 8.0, 5.5], "rotation": 0.0, "texture": "#woodtex"},
				"south": {"uv": [5.5, 2.5, 7.5, 5.5], "rotation": 0.0, "texture": "#woodtex"},
				"west": {"uv": [4.0, 2.5, 5.0, 5.5], "rotation": 0.0, "texture": "#woodtex"},
				"up": null,
				"down": {"uv": [14.0, 5.0, 16.0, 6.0], "rotation": 0.0, "texture": "#woodtex"}
			}
		},
		{
			"name": null,
			"from": [1.0, 0.0, 15.0],
			"to": [3.0, 3.0, 16.0],
			"rotationOrigin": [8.0, 0.0, 9.0],
			"rotationX": 0.0,
			"rotationY": 0.0,
			"rotationZ": 0.0,
			"faces": {
				"north": {"uv": [6.5, 3.0, 8.5, 6.0], "rotation": 0.0, "texture": "#woodtex"},
				"east": {"uv": [4.5, 2.5, 5.5, 5.5], "rotation": 0.0, "texture": "#woodtex"},
				"south": {"uv": [6.0, 2.5, 8.0, 5.5], "rotation": 0.0, "texture": "#woodtex"},
				"west": {"uv": [5.5, 2.5, 6.5, 5.5], "rotation": 0.0, "texture": "#woodtex"},
				"up": null,
				"down": {"uv": [14.0, 5.0, 16.0, 6.0], "rotation": 0.0, "texture": "#woodtex"}
			}
		},
		{
			"name": null,
			"from": [1.0, 3.0, 14.0],
			"to": [15.0, 5.0, 16.0],
			"rotationOrigin": [8.0, 0.0, 9.0],
			"rotationX": 0.0,
			"rotationY": 0.0,
			"rotationZ": 0.0,
			"faces": {
				"north": {"uv": [0.0, 9.0, 14.0, 11.0], "rotation": 0.0, "texture": "#woodtex"},
				"east": {"uv": [0.0, 9.0, 2.0, 11.0], "rotation": 0.0, "texture": "#woodtex"},
				"south": {"uv": [2.0, 9.0, 16.0, 11.0], "rotation": 0.0, "texture": "#woodtex"},
				"west": {"uv": [14.0, 9.0, 16.0, 11.0], "rotation": 0.0, "texture": "#woodtex"},
				"up": {"uv": [0.0, 8.0, 14.0, 10.0], "rotation": 180.0, "texture": "#woodtex"},
				"down": {"uv": [2.0, 5.0, 16.0, 6.0], "rotation": 0.0, "texture": "#woodtex"}
			}
		},
		{
			"name": null,
			"from": [13.0, 5.0, 14.0],
			"to": [15.0, 15.0, 16.0],
			"rotationOrigin": [8.0, 0.0, 9.0],
			"rotationX": 0.0,
			"rotationY": 0.0,
			"rotationZ": 0.0,
			"faces": {
				"north": {"uv": [2.5, 12.5, 12.5, 14.5], "rotation": 90.0, "texture": "#woodtex"},
				"east": {"uv": [3.5, 8.0, 13.5, 10.0], "rotation": 90.0, "texture": "#woodtex"},
				"south": {"uv": [1.5, 13.0, 11.5, 15.0], "rotation": 90.0, "texture": "#woodtex"},
				"west": {"uv": [3.5, 12.5, 13.5, 14.5], "rotation": 90.0, "texture": "#woodtex"},
				"up": null,
				"down": null
			}
		},
		{
			"name": null,
			"from": [1.0, 5.0, 14.0],
			"to": [3.0, 15.0, 16.0],
			"rotationOrigin": [8.0, 0.0, 9.0],
			"rotationX": 0.0,
			"rotationY": 0.0,
			"rotationZ": 0.0,
			"faces": {
				"north": {"uv": [1.0, 7.0, 11.0, 9.0], "rotation": 90.0, "texture": "#woodtex"},
				"east": {"uv": [1.0, 3.0, 11.0, 5.0], "rotation": 90.0, "texture": "#woodtex"},
				"south": {"uv": [4.0, 7.0, 14.0, 9.0], "rotation": 90.0, "texture": "#woodtex"},
				"west": {"uv": [1.0, 1.5, 11.0, 3.5], "rotation": 90.0, "texture": "#woodtex"},
				"up": null,
				"down": null
			}
		},
		{
			"name": null,
			"from": [14.0, 0.0, 14.0],
			"to": [15.0, 3.0, 15.0],
			"rotationOrigin": [8.0, 0.0, 9.0],
			"rotationX": 0.0,
			"rotationY": 0.0,
			"rotationZ": 0.0,
			"faces": {
				"north": {"uv": [3.0, 2.5, 4.0, 5.5], "rotation": 0.0, "texture": "#woodtex"},
				"east": {"uv": [5.5, 2.5, 6.5, 5.5], "rotation": 0.0, "texture": "#woodtex"},
				"south": null,
				"west": {"uv": [3.0, 2.5, 4.0, 5.5], "rotation": 0.0, "texture": "#woodtex"},
				"up": null,
				"down": {"uv": [12.5, 5.0, 13.5, 6.0], "rotation": 270.0, "texture": "#woodtex"}
			}
		},
		{
			"name": null,
			"from": [0.0, 3.0, 1.0],
			"to": [2.0, 5.0, 15.0],
			"rotationOrigin": [7.0, 0.0, 8.0],
			"rotationX": 0.0,
			"rotationY": 0.0,
			"rotationZ": 0.0,
			"faces": {
				"north": {"uv": [14.0, 9.0, 16.0, 11.0], "rotation": 0.0, "texture": "#woodtex"},
				"east": {"uv": [0.0, 9.0, 14.0, 11.0], "rotation": 0.0, "texture": "#woodtex"},
				"south": {"uv": [0.0, 9.0, 2.0, 11.0], "rotation": 0.0, "texture": "#woodtex"},
				"west": {"uv": [2.0, 9.0, 16.0, 11.0], "rotation": 0.0, "texture": "#woodtex"},
				"up": {"uv": [0.0, 8.0, 14.0, 10.0], "rotation": 270.0, "texture": "#woodtex"},
				"down": {"uv": [2.0, 5.0, 16.0, 6.0], "rotation": 270.0, "texture": "#woodtex"}
			}
		},
		{
			"name": null,
			"from": [0.0, 5.0, 13.0],
			"to": [2.0, 15.0, 15.0],
			"rotationOrigin": [7.0, 0.0, 8.0],
			"rotationX": 0.0,
			"rotationY": 0.0,
			"rotationZ": 0.0,
			"faces": {
				"north": {"uv": [3.5, 12.5, 13.5, 14.5], "rotation": 90.0, "texture": "#woodtex"},
				"east": {"uv": [2.5, 12.5, 12.5, 14.5], "rotation": 90.0, "texture": "#woodtex"},
				"south": {"uv": [3.5, 8.0, 13.5, 10.0], "rotation": 90.0, "texture": "#woodtex"},
				"west": {"uv": [1.5, 13.0, 11.5, 15.0], "rotation": 90.0, "texture": "#woodtex"},
				"up": null,
				"down": null
			}
		},
		{
			"name": null,
			"from": [0.0, 5.0, 1.0],
			"to": [2.0, 15.0, 3.0],
			"rotationOrigin": [7.0, 0.0, 8.0],
			"rotationX": 0.0,
			"rotationY": 0.0,
			"rotationZ": 0.0,
			"faces": {
				"north": {"uv": [1.0, 1.5, 11.0, 3.5], "rotation": 90.0, "texture": "#woodtex"},
				"east": {"uv": [1.0, 7.0, 11.0, 9.0], "rotation": 90.0, "texture": "#woodtex"},
				"south": {"uv": [1.0, 3.0, 11.0, 5.0], "rotation": 90.0, "texture": "#woodtex"},
				"west": {"uv": [4.0, 7.0, 14.0, 9.0], "rotation": 90.0, "texture": "#woodtex"},
				"up": null,
				"down": null
			}
		},
		{
			"name": null,
			"from": [1.0, 0.0, 14.0],
			"to": [2.0, 3.0, 15.0],
			"rotationOrigin": [7.0, 0.0, 8.0],
			"rotationX": 0.0,
			"rotationY": 0.0,
			"rotationZ": 0.0,
			"faces": {
				"north": {"uv": [3.0, 2.5, 4.0, 5.5], "rotation": 0.0, "texture": "#woodtex"},
				"east": {"uv": [3.0, 2.5, 4.0, 5.5], "rotation": 0.0, "texture": "#woodtex"},
				"south": {"uv": [5.5, 2.5, 6.5, 5.5], "rotation": 0.0, "texture": "#woodtex"},
				"west": null,
				"up": null,
				"down": {"uv": [12.5, 5.0, 13.5, 6.0], "rotation": 180.0, "texture": "#woodtex"}
			}
		},
		{
			"name": null,
			"from": [14.0, 0.0, 1.0],
			"to": [15.0, 3.0, 2.0],
			"rotationOrigin": [8.0, 0.0, 7.0],
			"rotationX": 0.0,
			"rotationY": 0.0,
			"rotationZ": 0.0,
			"faces": {
				"north": null,
				"east": {"uv": [7.0, 2.5, 8.0, 5.5], "rotation": 0.0, "texture": "#woodtex"},
				"south": {"uv": [3.0, 2.5, 4.0, 5.5], "rotation": 0.0, "texture": "#woodtex"},
				"west": {"uv": [2.5, 2.5, 3.5, 5.5], "rotation": 0.0, "texture": "#woodtex"},
				"up": null,
				"down": {"uv": [12.5, 5.0, 13.5, 6.0], "rotation": 90.0, "texture": "#woodtex"}
			}
		},
		{
			"name": null,
			"from": [10.0, 6.0, 0.5],
			"to": [13.0, 7.0, 1.5],
			"rotationOrigin": [8.0, 0.0, 7.0],
			"rotationX": 0.0,
			"rotationY": 0.0,
			"rotationZ": 0.0,
			"faces": {
				"north": {"uv": [9.0, 3.5, 12.0, 4.5], "rotation": 0.0, "texture": "#wickertex"},
				"east": {"uv": [8.5, 8.0, 9.5, 9.0], "rotation": 0.0, "texture": "#wickertex"},
				"south": {"uv": [4.0, 8.5, 7.0, 9.5], "rotation": 0.0, "texture": "#wickertex"},
				"west": {"uv": [2.5, 6.5, 3.5, 7.5], "rotation": 0.0, "texture": "#wickertex"},
				"up": {"uv": [6.5, 7.0, 9.5, 8.0], "rotation": 0.0, "texture": "#wickertex"},
				"down": {"uv": [1.0, 9.5, 4.0, 10.5], "rotation": 180.0, "texture": "#wickertex"}
			}
		},
		{
			"name": null,
			"from": [6.0, 7.0, 0.5],
			"to": [10.0, 8.0, 1.5],
			"rotationOrigin": [8.0, 0.0, 7.0],
			"rotationX": 0.0,
			"rotationY": 0.0,
			"rotationZ": 0.0,
			"faces": {
				"north": {"uv": [1.5, 6.0, 5.5, 7.0], "rotation": 0.0, "texture": "#wickertex"},
				"east": {"uv": [3.5, 7.0, 4.5, 8.0], "rotation": 0.0, "texture": "#wickertex"},
				"south": {"uv": [10.0, 4.0, 14.0, 5.0], "rotation": 0.0, "texture": "#wickertex"},
				"west": {"uv": [7.0, 6.0, 8.0, 7.0], "rotation": 0.0, "texture": "#wickertex"},
				"up": {"uv": [1.0, 3.5, 5.0, 4.5], "rotation": 0.0, "texture": "#wickertex"},
				"down": {"uv": [5.0, 5.5, 9.0, 6.5], "rotation": 180.0, "texture": "#wickertex"}
			}
		},
		{
			"name": null,
			"from": [3.0, 6.0, 0.5],
			"to": [6.0, 7.0, 1.5],
			"rotationOrigin": [8.0, 0.0, 7.0],
			"rotationX": 0.0,
			"rotationY": 0.0,
			"rotationZ": 0.0,
			"faces": {
				"north": {"uv": [2.5, 8.0, 5.5, 9.0], "rotation": 0.0, "texture": "#wickertex"},
				"east": {"uv": [3.0, 8.5, 4.0, 9.5], "rotation": 0.0, "texture": "#wickertex"},
				"south": {"uv": [11.0, 2.5, 14.0, 3.5], "rotation": 0.0, "texture": "#wickertex"},
				"west": {"uv": [0.0, 0.0, 1.0, 1.0], "rotation": 0.0, "texture": "#wickertex"},
				"up": {"uv": [2.0, 5.0, 5.0, 6.0], "rotation": 0.0, "texture": "#wickertex"},
				"down": {"uv": [13.0, 6.5, 16.0, 7.5], "rotation": 180.0, "texture": "#wickertex"}
			}
		},
		{
			"name": null,
			"from": [2.5, 8.0, 0.5],
			"to": [5.5, 9.0, 1.5],
			"rotationOrigin": [8.0, 0.0, 7.0],
			"rotationX": 0.0,
			"rotationY": 0.0,
			"rotationZ": 0.0,
			"faces": {
				"north": {"uv": [2.5, 4.5, 5.5, 5.5], "rotation": 0.0, "texture": "#wickertex"},
				"east": {"uv": [3.5, 6.5, 4.5, 7.5], "rotation": 0.0, "texture": "#wickertex"},
				"south": {"uv": [1.0, 6.0, 4.0, 7.0], "rotation": 0.0, "texture": "#wickertex"},
				"west": {"uv": [5.5, 4.0, 6.5, 5.0], "rotation": 0.0, "texture": "#wickertex"},
				"up": {"uv": [2.0, 1.5, 5.0, 2.5], "rotation": 0.0, "texture": "#wickertex"},
				"down": {"uv": [6.0, 4.5, 9.0, 5.5], "rotation": 180.0, "texture": "#wickertex"}
			}
		},
		{
			"name": null,
			"from": [5.5, 8.0, 0.5],
			"to": [6.5, 13.0, 1.5],
			"rotationOrigin": [8.0, 0.0, 7.0],
			"rotationX": 0.0,
			"rotationY": 0.0,
			"rotationZ": 0.0,
			"faces": {
				"north": {"uv": [3.5, 3.5, 4.5, 8.5], "rotation": 0.0, "texture": "#wickertex"},
				"east": {"uv": [4.0, 3.0, 5.0, 8.0], "rotation": 0.0, "texture": "#wickertex"},
				"south": {"uv": [4.0, 5.0, 5.0, 10.0], "rotation": 0.0, "texture": "#wickertex"},
				"west": {"uv": [4.0, 3.0, 5.0, 8.0], "rotation": 0.0, "texture": "#wickertex"},
				"up": {"uv": [3.0, 6.0, 4.0, 7.0], "rotation": 270.0, "texture": "#wickertex"},
				"down": {"uv": [6.0, 2.0, 7.0, 3.0], "rotation": 90.0, "texture": "#wickertex"}
			}
		},
		{
			"name": null,
			"from": [10.5, 8.0, 0.5],
			"to": [13.5, 9.0, 1.5],
			"rotationOrigin": [8.0, 0.0, 7.0],
			"rotationX": 0.0,
			"rotationY": 0.0,
			"rotationZ": 0.0,
			"faces": {
				"north": {"uv": [1.5, 7.5, 4.5, 8.5], "rotation": 0.0, "texture": "#wickertex"},
				"east": {"uv": [10.0, 9.0, 11.0, 10.0], "rotation": 0.0, "texture": "#wickertex"},
				"south": {"uv": [9.0, 10.5, 12.0, 11.5], "rotation": 0.0, "texture": "#wickertex"},
				"west": {"uv": [3.5, 9.0, 4.5, 10.0], "rotation": 0.0, "texture": "#wickertex"},
				"up": {"uv": [6.5, 4.5, 9.5, 5.5], "rotation": 0.0, "texture": "#wickertex"},
				"down": {"uv": [2.0, 10.0, 5.0, 11.0], "rotation": 180.0, "texture": "#wickertex"}
			}
		},
		{
			"name": null,
			"from": [10.5, 10.0, 0.5],
			"to": [13.5, 11.0, 1.5],
			"rotationOrigin": [8.0, 0.0, 7.0],
			"rotationX": 0.0,
			"rotationY": 0.0,
			"rotationZ": 0.0,
			"faces": {
				"north": {"uv": [6.0, 9.5, 9.0, 10.5], "rotation": 0.0, "texture": "#wickertex"},
				"east": {"uv": [9.5, 8.0, 10.5, 9.0], "rotation": 0.0, "texture": "#wickertex"},
				"south": {"uv": [2.0, 13.0, 5.0, 14.0], "rotation": 0.0, "texture": "#wickertex"},
				"west": {"uv": [11.0, 8.5, 12.0, 9.5], "rotation": 0.0, "texture": "#wickertex"},
				"up": {"uv": [7.0, 4.5, 10.0, 5.5], "rotation": 0.0, "texture": "#wickertex"},
				"down": {"uv": [6.0, 5.0, 9.0, 6.0], "rotation": 180.0, "texture": "#wickertex"}
			}
		},
		{
			"name": null,
			"from": [2.5, 10.0, 0.5],
			"to": [5.5, 11.0, 1.5],
			"rotationOrigin": [8.0, 0.0, 7.0],
			"rotationX": 0.0,
			"rotationY": 0.0,
			"rotationZ": 0.0,
			"faces": {
				"north": {"uv": [2.5, 4.5, 5.5, 5.5], "rotation": 0.0, "texture": "#wickertex"},
				"east": {"uv": [6.0, 6.0, 7.0, 7.0], "rotation": 0.0, "texture": "#wickertex"},
				"south": {"uv": [4.0, 5.5, 7.0, 6.5], "rotation": 0.0, "texture": "#wickertex"},
				"west": {"uv": [9.0, 8.5, 10.0, 9.5], "rotation": 0.0, "texture": "#wickertex"},
				"up": {"uv": [5.0, 5.0, 8.0, 6.0], "rotation": 0.0, "texture": "#wickertex"},
				"down": {"uv": [9.5, 4.5, 12.5, 5.5], "rotation": 180.0, "texture": "#wickertex"}
			}
		},
		{
			"name": null,
			"from": [9.5, 8.0, 0.5],
			"to": [10.5, 13.0, 1.5],
			"rotationOrigin": [8.0, 0.0, 7.0],
			"rotationX": 0.0,
			"rotationY": 0.0,
			"rotationZ": 0.0,
			"faces": {
				"north": {"uv": [3.5, 3.5, 4.5, 8.5], "rotation": 0.0, "texture": "#wickertex"},
				"east": {"uv": [3.0, 3.5, 4.0, 8.5], "rotation": 0.0, "texture": "#wickertex"},
				"south": {"uv": [4.0, 5.5, 5.0, 10.5], "rotation": 0.0, "texture": "#wickertex"},
				"west": {"uv": [4.0, 3.5, 5.0, 8.5], "rotation": 0.0, "texture": "#wickertex"},
				"up": {"uv": [15.0, 7.0, 16.0, 8.0], "rotation": 270.0, "texture": "#wickertex"},
				"down": {"uv": [13.0, 11.0, 14.0, 12.0], "rotation": 90.0, "texture": "#wickertex"}
			}
		},
		{
			"name": null,
			"from": [2.5, 12.0, 0.5],
			"to": [5.5, 13.0, 1.5],
			"rotationOrigin": [8.0, 0.0, 7.0],
			"rotationX": 0.0,
			"rotationY": 0.0,
			"rotationZ": 0.0,
			"faces": {
				"north": {"uv": [3.0, 5.5, 6.0, 6.5], "rotation": 0.0, "texture": "#wickertex"},
				"east": {"uv": [13.0, 4.5, 14.0, 5.5], "rotation": 0.0, "texture": "#wickertex"},
				"south": {"uv": [3.0, 9.0, 6.0, 10.0], "rotation": 0.0, "texture": "#wickertex"},
				"west": {"uv": [1.5, 5.0, 2.5, 6.0], "rotation": 0.0, "texture": "#wickertex"},
				"up": {"uv": [4.0, 2.5, 7.0, 3.5], "rotation": 0.0, "texture": "#wickertex"},
				"down": {"uv": [3.5, 2.5, 6.5, 3.5], "rotation": 180.0, "texture": "#wickertex"}
			}
		},
		{
			"name": null,
			"from": [6.0, 13.0, 0.5],
			"to": [10.0, 14.0, 1.5],
			"rotationOrigin": [8.0, 0.0, 7.0],
			"rotationX": 0.0,
			"rotationY": 0.0,
			"rotationZ": 0.0,
			"faces": {
				"north": {"uv": [8.0, 4.0, 12.0, 5.0], "rotation": 0.0, "texture": "#wickertex"},
				"east": {"uv": [8.0, 4.5, 9.0, 5.5], "rotation": 0.0, "texture": "#wickertex"},
				"south": {"uv": [8.5, 5.0, 12.5, 6.0], "rotation": 0.0, "texture": "#wickertex"},
				"west": {"uv": [0.0, 0.0, 1.0, 1.0], "rotation": 0.0, "texture": "#wickertex"},
				"up": {"uv": [8.5, 4.5, 12.5, 5.5], "rotation": 0.0, "texture": "#wickertex"},
				"down": {"uv": [9.0, 4.5, 13.0, 5.5], "rotation": 180.0, "texture": "#wickertex"}
			}
		},
		{
			"name": null,
			"from": [3.0, 14.0, 0.5],
			"to": [6.0, 15.0, 1.5],
			"rotationOrigin": [8.0, 0.0, 7.0],
			"rotationX": 0.0,
			"rotationY": 0.0,
			"rotationZ": 0.0,
			"faces": {
				"north": {"uv": [1.5, 6.5, 4.5, 7.5], "rotation": 0.0, "texture": "#wickertex"},
				"east": {"uv": [3.0, 5.0, 4.0, 6.0], "rotation": 0.0, "texture": "#wickertex"},
				"south": {"uv": [8.5, 8.0, 11.5, 9.0], "rotation": 0.0, "texture": "#wickertex"},
				"west": {"uv": [11.0, 6.0, 12.0, 7.0], "rotation": 0.0, "texture": "#wickertex"},
				"up": {"uv": [5.0, 5.0, 8.0, 6.0], "rotation": 0.0, "texture": "#wickertex"},
				"down": {"uv": [3.5, 3.5, 6.5, 4.5], "rotation": 180.0, "texture": "#wickertex"}
			}
		},
		{
			"name": null,
			"from": [10.0, 14.0, 0.5],
			"to": [13.0, 15.0, 1.5],
			"rotationOrigin": [8.0, 0.0, 7.0],
			"rotationX": 0.0,
			"rotationY": 0.0,
			"rotationZ": 0.0,
			"faces": {
				"north": {"uv": [2.0, 7.0, 5.0, 8.0], "rotation": 0.0, "texture": "#wickertex"},
				"east": {"uv": [5.5, 4.5, 6.5, 5.5], "rotation": 0.0, "texture": "#wickertex"},
				"south": {"uv": [3.5, 5.5, 6.5, 6.5], "rotation": 0.0, "texture": "#wickertex"},
				"west": {"uv": [3.5, 5.5, 4.5, 6.5], "rotation": 0.0, "texture": "#wickertex"},
				"up": {"uv": [3.5, 6.5, 6.5, 7.5], "rotation": 0.0, "texture": "#wickertex"},
				"down": {"uv": [4.5, 7.0, 7.5, 8.0], "rotation": 180.0, "texture": "#wickertex"}
			}
		},
		{
			"name": null,
			"from": [10.5, 12.0, 0.5],
			"to": [13.5, 13.0, 1.5],
			"rotationOrigin": [8.0, 0.0, 7.0],
			"rotationX": 0.0,
			"rotationY": 0.0,
			"rotationZ": 0.0,
			"faces": {
				"north": {"uv": [2.0, 6.0, 5.0, 7.0], "rotation": 0.0, "texture": "#wickertex"},
				"east": {"uv": [5.0, 6.5, 6.0, 7.5], "rotation": 0.0, "texture": "#wickertex"},
				"south": {"uv": [4.5, 5.5, 7.5, 6.5], "rotation": 0.0, "texture": "#wickertex"},
				"west": {"uv": [10.0, 6.5, 11.0, 7.5], "rotation": 0.0, "texture": "#wickertex"},
				"up": {"uv": [3.0, 4.0, 6.0, 5.0], "rotation": 0.0, "texture": "#wickertex"},
				"down": {"uv": [8.0, 6.0, 11.0, 7.0], "rotation": 180.0, "texture": "#wickertex"}
			}
		},
		{
			"name": null,
			"from": [4.0, 2.0, 0.5],
			"to": [5.0, 3.0, 1.5],
			"rotationOrigin": [8.0, 0.0, 7.0],
			"rotationX": 0.0,
			"rotationY": 0.0,
			"rotationZ": 0.0,
			"faces": {
				"north": {"uv": [5.0, 2.5, 6.0, 3.5], "rotation": 0.0, "texture": "#woodtex"},
				"east": {"uv": [7.0, 4.5, 8.0, 5.5], "rotation": 0.0, "texture": "#woodtex"},
				"south": {"uv": [4.5, 5.0, 5.5, 6.0], "rotation": 0.0, "texture": "#woodtex"},
				"west": {"uv": [6.0, 3.0, 7.0, 4.0], "rotation": 0.0, "texture": "#woodtex"},
				"up": null,
				"down": {"uv": [8.0, 5.0, 9.0, 6.0], "rotation": 90.0, "texture": "#woodtex"}
			}
		},
		{
			"name": null,
			"from": [11.0, 2.0, 0.5],
			"to": [12.0, 3.0, 1.5],
			"rotationOrigin": [8.0, 0.0, 7.0],
			"rotationX": 0.0,
			"rotationY": 0.0,
			"rotationZ": 0.0,
			"faces": {
				"north": {"uv": [5.0, 2.5, 6.0, 3.5], "rotation": 0.0, "texture": "#woodtex"},
				"east": null,
				"south": {"uv": [4.5, 5.0, 5.5, 6.0], "rotation": 0.0, "texture": "#woodtex"},
				"west": {"uv": [6.0, 3.0, 7.0, 4.0], "rotation": 0.0, "texture": "#woodtex"},
				"up": null,
				"down": {"uv": [8.0, 5.0, 9.0, 6.0], "rotation": 90.0, "texture": "#woodtex"}
			}
		},
		{
			"name": null,
			"from": [3.0, 1.0, 0.5],
			"to": [4.0, 3.0, 1.5],
			"rotationOrigin": [8.0, 0.0, 7.0],
			"rotationX": 0.0,
			"rotationY": 0.0,
			"rotationZ": 0.0,
			"faces": {
				"north": {"uv": [8.0, 3.0, 9.0, 5.0], "rotation": 0.0, "texture": "#woodtex"},
				"east": {"uv": [5.0, 3.5, 6.0, 5.5], "rotation": 0.0, "texture": "#woodtex"},
				"south": {"uv": [7.0, 4.0, 8.0, 6.0], "rotation": 0.0, "texture": "#woodtex"},
				"west": {"uv": [6.0, 2.0, 7.0, 4.0], "rotation": 0.0, "texture": "#woodtex"},
				"up": null,
				"down": {"uv": [14.0, 5.0, 15.0, 6.0], "rotation": 90.0, "texture": "#woodtex"}
			}
		},
		{
			"name": null,
			"from": [12.0, 1.0, 0.5],
			"to": [13.0, 3.0, 1.5],
			"rotationOrigin": [8.0, 0.0, 7.0],
			"rotationX": 0.0,
			"rotationY": 0.0,
			"rotationZ": 0.0,
			"faces": {
				"north": {"uv": [8.0, 3.0, 9.0, 5.0], "rotation": 0.0, "texture": "#woodtex"},
				"east": {"uv": [3.0, 4.0, 4.0, 6.0], "rotation": 0.0, "texture": "#woodtex"},
				"south": {"uv": [7.5, 4.0, 8.5, 6.0], "rotation": 0.0, "texture": "#woodtex"},
				"west": {"uv": [6.0, 2.0, 7.0, 4.0], "rotation": 0.0, "texture": "#woodtex"},
				"up": null,
				"down": {"uv": [14.0, 5.0, 15.0, 6.0], "rotation": 90.0, "texture": "#woodtex"}
			}
		},
		{
			"name": null,
			"from": [1.0, 0.0, 0.0],
			"to": [3.0, 3.0, 1.0],
			"rotationOrigin": [8.0, 0.0, 7.0],
			"rotationX": 0.0,
			"rotationY": 0.0,
			"rotationZ": 0.0,
			"faces": {
				"north": {"uv": [5.5, 2.5, 7.5, 5.5], "rotation": 0.0, "texture": "#woodtex"},
				"east": {"uv": [4.0, 2.5, 5.0, 5.5], "rotation": 0.0, "texture": "#woodtex"},
				"south": {"uv": [5.0, 3.0, 7.0, 6.0], "rotation": 0.0, "texture": "#woodtex"},
				"west": {"uv": [7.0, 2.5, 8.0, 5.5], "rotation": 0.0, "texture": "#woodtex"},
				"up": null,
				"down": {"uv": [14.0, 5.0, 16.0, 6.0], "rotation": 180.0, "texture": "#woodtex"}
			}
		},
		{
			"name": null,
			"from": [13.0, 0.0, 0.0],
			"to": [15.0, 3.0, 1.0],
			"rotationOrigin": [8.0, 0.0, 7.0],
			"rotationX": 0.0,
			"rotationY": 0.0,
			"rotationZ": 0.0,
			"faces": {
				"north": {"uv": [6.0, 2.5, 8.0, 5.5], "rotation": 0.0, "texture": "#woodtex"},
				"east": {"uv": [5.5, 2.5, 6.5, 5.5], "rotation": 0.0, "texture": "#woodtex"},
				"south": {"uv": [6.5, 3.0, 8.5, 6.0], "rotation": 0.0, "texture": "#woodtex"},
				"west": {"uv": [4.5, 2.5, 5.5, 5.5], "rotation": 0.0, "texture": "#woodtex"},
				"up": null,
				"down": {"uv": [14.0, 5.0, 16.0, 6.0], "rotation": 180.0, "texture": "#woodtex"}
			}
		},
		{
			"name": null,
			"from": [1.0, 3.0, 0.0],
			"to": [15.0, 5.0, 2.0],
			"rotationOrigin": [8.0, 0.0, 7.0],
			"rotationX": 0.0,
			"rotationY": 0.0,
			"rotationZ": 0.0,
			"faces": {
				"north": {"uv": [2.0, 9.0, 16.0, 11.0], "rotation": 0.0, "texture": "#woodtex"},
				"east": {"uv": [14.0, 9.0, 16.0, 11.0], "rotation": 0.0, "texture": "#woodtex"},
				"south": {"uv": [0.0, 9.0, 14.0, 11.0], "rotation": 0.0, "texture": "#woodtex"},
				"west": {"uv": [0.0, 9.0, 2.0, 11.0], "rotation": 0.0, "texture": "#woodtex"},
				"up": {"uv": [0.0, 8.0, 14.0, 10.0], "rotation": 0.0, "texture": "#woodtex"},
				"down": {"uv": [2.0, 5.0, 16.0, 6.0], "rotation": 180.0, "texture": "#woodtex"}
			}
		},
		{
			"name": null,
			"from": [1.0, 5.0, 0.0],
			"to": [3.0, 15.0, 2.0],
			"rotationOrigin": [8.0, 0.0, 7.0],
			"rotationX": 0.0,
			"rotationY": 0.0,
			"rotationZ": 0.0,
			"faces": {
				"north": {"uv": [1.5, 13.0, 11.5, 15.0], "rotation": 90.0, "texture": "#woodtex"},
				"east": {"uv": [3.5, 12.5, 13.5, 14.5], "rotation": 90.0, "texture": "#woodtex"},
				"south": {"uv": [2.5, 12.5, 12.5, 14.5], "rotation": 90.0, "texture": "#woodtex"},
				"west": {"uv": [3.5, 8.0, 13.5, 10.0], "rotation": 90.0, "texture": "#woodtex"},
				"up": null,
				"down": null
			}
		},
		{
			"name": null,
			"from": [13.0, 5.0, 0.0],
			"to": [15.0, 15.0, 2.0],
			"rotationOrigin": [8.0, 0.0, 7.0],
			"rotationX": 0.0,
			"rotationY": 0.0,
			"rotationZ": 0.0,
			"faces": {
				"north": {"uv": [4.0, 7.0, 14.0, 9.0], "rotation": 90.0, "texture": "#woodtex"},
				"east": {"uv": [1.0, 1.5, 11.0, 3.5], "rotation": 90.0, "texture": "#woodtex"},
				"south": {"uv": [1.0, 7.0, 11.0, 9.0], "rotation": 90.0, "texture": "#woodtex"},
				"west": {"uv": [1.0, 3.0, 11.0, 5.0], "rotation": 90.0, "texture": "#woodtex"},
				"up": null,
				"down": null
			}
		},
		{
			"name": null,
			"from": [1.0, 0.0, 1.0],
			"to": [2.0, 3.0, 2.0],
			"rotationOrigin": [8.0, 0.0, 7.0],
			"rotationX": 0.0,
			"rotationY": 0.0,
			"rotationZ": 0.0,
			"faces": {
				"north": null,
				"east": {"uv": [3.0, 2.5, 4.0, 5.5], "rotation": 0.0, "texture": "#woodtex"},
				"south": {"uv": [3.0, 2.5, 4.0, 5.5], "rotation": 0.0, "texture": "#woodtex"},
				"west": {"uv": [5.5, 2.5, 6.5, 5.5], "rotation": 0.0, "texture": "#woodtex"},
				"up": null,
				"down": {"uv": [12.5, 5.0, 13.5, 6.0], "rotation": 90.0, "texture": "#woodtex"}
			}
		}
	]
}