{
	code: "stoneroadslab",
	attributes: {
		handbook: {
			groupBy: ["stoneroadslab-*-free"]
		},
	},
	shapeByType: { 
		"*-snow": {base: "block/roads/slab-snow-lowered" },
		"*": {base: "block/roads/slab-lowered" },
	},
	creativeinventory: { "general": ["*-free"], "construction": ["*-free"], "moreroads": ["*-free"] },
	blockmaterial: "Stone",
	replaceable: 900,
	lightAbsorption: 99,
	variantgroups: [
		{ code: "type", states: ["blue", "fire"] },
		{ code: "cover", states: ["free", "snow"] },
	],
	textures: {
		"slab": { base: "block/road/stoneroad{type}1",
		alternates: [
			{base: "block/road/stoneroad{type}2",},
			{base: "block/road/stoneroad{type}3",},
			{base: "block/road/stoneroad{type}4",},
			],
		},
	},
	drops: [{ code: "stoneroadslab-{type}-free" }],
	resistance: 2.4,
	walkspeedmultiplier: 1.45,
	sideopaque: {
		all: false,
		down: true
	},
	sidesolid: {
		all: false,
		down: true
	},
	selectionbox: { x1: 0, y1: 0, z1:0, x2: 1, y2: 0.5, z2: 1 },
	collisionbox: { x1: 0, y1: 0, z1:0, x2: 1, y2: 0.5, z2: 1 },
	heldTpIdleAnimation: "holdbothhandslarge", heldTpUseAnimation: "twohandplaceblock",
	tpHandTransform: {
		translation: { x: -1.2, y: -1.1, z: -0.8 },
		rotation: { x: -2, y: 25, z: -78 },
		scale: 0.37
	},
	sounds: {
		walk: "game:walk/stone",
		byTool: {
			"Pickaxe": { hit: "game:block/rock-hit-pickaxe", break: "game:block/rock-break-pickaxe" }
		}
	},
}