﻿[
  {
    "op": "add",
    "path": "/ingredients/2/validStacks/-",
    "value": { type: "item", code: "expandedfoods:acornbreadedvegetable-*-partbaked",  shapeElement: "bowl/vegetable 3/*", textureMapping: ["vegetable", "breading-acorn-partbaked"]},
    "file": "recipes/mixing/salad.json",
    dependsOn: [{ "modid": "acorns" }]
  },
  {
    "op": "add",
    "path": "/ingredients/2/validStacks/-",
    "value": { type: "item", code: "expandedfoods:acornbreadedvegetable-*-cooked",  shapeElement: "bowl/vegetable 3/*", textureMapping: ["vegetable", "breading-acorn"]},
    "file": "recipes/mixing/salad.json",
    dependsOn: [{ "modid": "acorns" }]
  },
  {
    "op": "add",
    "path": "/ingredients/2/validStacks/-",
    "value": { type: "item", code: "expandedfoods:acornbreadedvegetable-*-charred",  shapeElement: "bowl/vegetable 3/*", textureMapping: ["vegetable", "breading-acorn-charred"]},
    "file": "recipes/mixing/salad.json",
    dependsOn: [{ "modid": "acorns" }]
  },
  {
    "op": "add",
    "path": "/ingredients/2/validStacks/-",
    "value": { type: "item", code: "expandedfoods:acornbreadedvegetable-*-syruppartbaked",  shapeElement: "bowl/vegetable 3/*", textureMapping: ["vegetable", "breading-acorn-syrup"]},
    "file": "recipes/mixing/salad.json",
    dependsOn: [{ "modid": "acorns" }]
  },
  {
    "op": "add",
    "path": "/ingredients/2/validStacks/-",
    "value": { type: "item", code: "expandedfoods:acornbreadedvegetable-*-syrupv",  shapeElement: "bowl/vegetable 3/*", textureMapping: ["vegetable", "breading-acorn-syrup"]},
    "file": "recipes/mixing/salad.json",
    dependsOn: [{ "modid": "acorns" }]
  },
  {
    "op": "add",
    "path": "/ingredients/2/validStacks/-",
    "value": { type: "item", code: "expandedfoods:acornbreadedvegetable-*-syrupcharred",  shapeElement: "bowl/vegetable 3/*", textureMapping: ["vegetable", "breading-acorn-syrup"]},
    "file": "recipes/mixing/salad.json",
    dependsOn: [{ "modid": "acorns" }]
  },
  {
    "op": "add",
    "path": "/ingredients/3/validStacks/-",
    "value": { type: "item", code: "expandedfoods:acornbreadedvegetable-*-partbaked",  shapeElement: "bowl/vegetable 4/*", textureMapping: ["vegetable", "breading-acorn-partbaked"]},
    "file": "recipes/mixing/salad.json",
    dependsOn: [{ "modid": "acorns" }]
  },
  {
    "op": "add",
    "path": "/ingredients/3/validStacks/-",
    "value": { type: "item", code: "expandedfoods:acornbreadedvegetable-*-cooked",  shapeElement: "bowl/vegetable 4/*", textureMapping: ["vegetable", "breading-acorn"]},
    "file": "recipes/mixing/salad.json",
    dependsOn: [{ "modid": "acorns" }]
  },
  {
    "op": "add",
    "path": "/ingredients/3/validStacks/-",
    "value": { type: "item", code: "expandedfoods:acornbreadedvegetable-*-charred",  shapeElement: "bowl/vegetable 4/*", textureMapping: ["vegetable", "breading-acorn-charred"]},
    "file": "recipes/mixing/salad.json",
    dependsOn: [{ "modid": "acorns" }]
  },
  {
    "op": "add",
    "path": "/ingredients/3/validStacks/-",
    "value": { type: "item", code: "expandedfoods:acornbreadedvegetable-*-syruppartbaked",  shapeElement: "bowl/vegetable 4/*", textureMapping: ["vegetable", "breading-acorn-syrup"]},
    "file": "recipes/mixing/salad.json",
    dependsOn: [{ "modid": "acorns" }]
  },
  {
    "op": "add",
    "path": "/ingredients/3/validStacks/-",
    "value": { type: "item", code: "expandedfoods:acornbreadedvegetable-*-syrupv",  shapeElement: "bowl/vegetable 4/*", textureMapping: ["vegetable", "breading-acorn-syrup"]},
    "file": "recipes/mixing/salad.json",
    dependsOn: [{ "modid": "acorns" }]
  },
  {
    "op": "add",
    "path": "/ingredients/3/validStacks/-",
    "value": { type: "item", code: "expandedfoods:acornbreadedvegetable-*-syrupcharred",  shapeElement: "bowl/vegetable 4/*", textureMapping: ["vegetable", "breading-acorn-syrup"]},
    "file": "recipes/mixing/salad.json",
    dependsOn: [{ "modid": "acorns" }]
  },
  {
    "op": "add",
    "path": "/ingredients/5/validStacks/-",
    "value": { type: "item", code: "expandedfoods:acornbreadedmeatnugget-bushmeat-syruppartbaked",  shapeElement: "bowl/red meat/*", textureMapping: ["meat", "breading-acorn-syrup"]  },	
    "file": "recipes/mixing/salad.json",
    dependsOn: [{ "modid": "acorns" }]
  },
  {
    "op": "add",
    "path": "/ingredients/5/validStacks/-",
    "value": { type: "item", code: "expandedfoods:acornbreadedmeatnugget-poultry-syruppartbaked",  shapeElement: "bowl/poultry/*", textureMapping: ["meat", "breading-acorn-syrup"]  },		
    "file": "recipes/mixing/salad.json",
    dependsOn: [{ "modid": "acorns" }]
  },
  {
    "op": "add",
    "path": "/ingredients/5/validStacks/-",
    "value": { type: "item", code: "expandedfoods:acornbreadedmeatnugget-redmeat-syruppartbaked",  shapeElement: "bowl/red meat/*", textureMapping: ["meat", "breading-acorn-syrup"]  },
    "file": "recipes/mixing/salad.json",
    dependsOn: [{ "modid": "acorns" }]
  },
  {
    "op": "add",
    "path": "/ingredients/5/validStacks/-",
    "value": { type: "item", code: "expandedfoods:acornbreadedmeatnugget-bushmeat-syrups",  shapeElement: "bowl/red meat/*", textureMapping: ["meat", "breading-acorn-syrup"]  },	
    "file": "recipes/mixing/salad.json",
    dependsOn: [{ "modid": "acorns" }]
  },
  {
    "op": "add",
    "path": "/ingredients/5/validStacks/-",
    "value": { type: "item", code: "expandedfoods:acornbreadedmeatnugget-poultry-syrups",  shapeElement: "bowl/poultry/*", textureMapping: ["meat", "breading-acorn-syrup"]  },		
    "file": "recipes/mixing/salad.json",
    dependsOn: [{ "modid": "acorns" }]
  },
  {
    "op": "add",
    "path": "/ingredients/5/validStacks/-",
    "value": { type: "item", code: "expandedfoods:acornbreadedmeatnugget-redmeat-syrups",  shapeElement: "bowl/red meat/*", textureMapping: ["meat", "breading-acorn-syrup"]  },	
    "file": "recipes/mixing/salad.json",
    dependsOn: [{ "modid": "acorns" }]
  },
  {
    "op": "add",
    "path": "/ingredients/5/validStacks/-",
    "value": { type: "item", code: "expandedfoods:acornbreadedmeatnugget-bushmeat-syrupcharred",  shapeElement: "bowl/red meat/*", textureMapping: ["meat", "breading-acorn-syrup"]  },	
    "file": "recipes/mixing/salad.json",
    dependsOn: [{ "modid": "acorns" }]
  },
  {
    "op": "add",
    "path": "/ingredients/5/validStacks/-",
    "value": { type: "item", code: "expandedfoods:acornbreadedmeatnugget-poultry-syrupcharred",  shapeElement: "bowl/poultry/*", textureMapping: ["meat", "breading-acorn-syrup"]  },	
    "file": "recipes/mixing/salad.json",
    dependsOn: [{ "modid": "acorns" }]
  },
  {
    "op": "add",
    "path": "/ingredients/5/validStacks/-",
    "value": { type: "item", code: "expandedfoods:acornbreadedmeatnugget-redmeat-syrupcharred",  shapeElement: "bowl/red meat/*", textureMapping: ["meat", "breading-acorn-syrup"]  },
    "file": "recipes/mixing/salad.json",
    dependsOn: [{ "modid": "acorns" }]
  },
  {
    "op": "add",
    "path": "/ingredients/5/validStacks/-",
    "value": { type: "item", code: "expandedfoods:acornbreadedmeatnugget-bushmeat-partbaked",  shapeElement: "bowl/red meat/*", textureMapping: ["meat", "breading-acorn-partbaked"]  },	
    "file": "recipes/mixing/salad.json",
    dependsOn: [{ "modid": "acorns" }]
  },
  {
    "op": "add",
    "path": "/ingredients/5/validStacks/-",
    "value": { type: "item", code: "expandedfoods:acornbreadedmeatnugget-poultry-partbaked",  shapeElement: "bowl/poultry/*", textureMapping: ["meat", "breading-acorn-partbaked"]  },	
    "file": "recipes/mixing/salad.json",
    dependsOn: [{ "modid": "acorns" }]
  },
  {
    "op": "add",
    "path": "/ingredients/5/validStacks/-",
    "value": { type: "item", code: "expandedfoods:acornbreadedmeatnugget-redmeat-partbaked",  shapeElement: "bowl/red meat/*", textureMapping: ["meat", "breading-acorn-partbaked"]  },	
    "file": "recipes/mixing/salad.json",
    dependsOn: [{ "modid": "acorns" }]
  },
  {
    "op": "add",
    "path": "/ingredients/5/validStacks/-",
    "value": { type: "item", code: "expandedfoods:acornbreadedmeatnugget-bushmeat-tender",  shapeElement: "bowl/red meat/*", textureMapping: ["meat", "breading-acorn"]  },
    "file": "recipes/mixing/salad.json",
    dependsOn: [{ "modid": "acorns" }]
  },
  {
    "op": "add",
    "path": "/ingredients/5/validStacks/-",
    "value": { type: "item", code: "expandedfoods:acornbreadedmeatnugget-poultry-tender",  shapeElement: "bowl/poultry/*", textureMapping: ["meat", "breading-acorn"]  },	
    "file": "recipes/mixing/salad.json",
    dependsOn: [{ "modid": "acorns" }]
  },
  {
    "op": "add",
    "path": "/ingredients/5/validStacks/-",
    "value": { type: "item", code: "expandedfoods:acornbreadedmeatnugget-redmeat-tender",  shapeElement: "bowl/red meat/*", textureMapping: ["meat", "breading-acorn"]  },	
    "file": "recipes/mixing/salad.json",
    dependsOn: [{ "modid": "acorns" }]
  },
  {
    "op": "add",
    "path": "/ingredients/5/validStacks/-",
    "value": { type: "item", code: "expandedfoods:acornbreadedmeatnugget-bushmeat-charred",  shapeElement: "bowl/red meat/*", textureMapping: ["meat", "breading-acorn-charred"]  },	
    "file": "recipes/mixing/salad.json",
    dependsOn: [{ "modid": "acorns" }]
  },
  {
    "op": "add",
    "path": "/ingredients/5/validStacks/-",
    "value": { type: "item", code: "expandedfoods:acornbreadedmeatnugget-poultry-charred",  shapeElement: "bowl/poultry/*", textureMapping: ["meat", "breading-acorn-charred"]  },
    "file": "recipes/mixing/salad.json",
    dependsOn: [{ "modid": "acorns" }]
  },
  {
    "op": "add",
    "path": "/ingredients/5/validStacks/-",
    "value": { type: "item", code: "expandedfoods:acornbreadedmeatnugget-redmeat-charred",  shapeElement: "bowl/red meat/*", textureMapping: ["meat", "breading-acorn-charred"]  },	
    "file": "recipes/mixing/salad.json",
    dependsOn: [{ "modid": "acorns" }]
  },
  {
    "op": "add",
    "path": "/ingredients/11/validStacks/-",
    "value": { type: "item", code: "expandedfoods:acornbreadcrumbs-*"},
    "file": "recipes/mixing/salad.json",
    dependsOn: [{ "modid": "acorns" }]
  },
  {
    "op": "add",
    "path": "/ingredients/12/validStacks/-",
    "value": { type: "item", code: "expandedfoods:acornbreadedball-partbaked", shapeElement: "bowl/meatnugget 1/*", textureMapping: ["meatnugget", "breading-acorn-partbaked"] },
    "file": "recipes/mixing/salad.json",
    dependsOn: [{ "modid": "acorns" }]
  },
  {
    "op": "add",
    "path": "/ingredients/12/validStacks/-",
    "value": { type: "item", code: "expandedfoods:acornbreadedball-cooked", shapeElement: "bowl/meatnugget 1/*", textureMapping: ["meatnugget", "breading-acorn"] },
    "file": "recipes/mixing/salad.json",
    dependsOn: [{ "modid": "acorns" }]
  },
  {
    "op": "add",
    "path": "/ingredients/12/validStacks/-",
    "value": { type: "item", code: "expandedfoods:acornbreadedball-charred", shapeElement: "bowl/meatnugget 1/*", textureMapping: ["meatnugget", "breading-acorn-charred"] },
    "file": "recipes/mixing/salad.json",
    dependsOn: [{ "modid": "acorns" }]
  },
  {
    "op": "add",
    "path": "/ingredients/12/validStacks/-",
    "value": { type: "item", code: "expandedfoods:acornbreadedball-syruppartbaked", shapeElement: "bowl/meatnugget 1/*", textureMapping: ["meatnugget", "breading-acorn-syrup"] },
    "file": "recipes/mixing/salad.json",
    dependsOn: [{ "modid": "acorns" }]
  },
  {
    "op": "add",
    "path": "/ingredients/12/validStacks/-",
    "value": { type: "item", code: "expandedfoods:acornbreadedball-syrup", shapeElement: "bowl/meatnugget 1/*", textureMapping: ["meatnugget", "breading-acorn-syrup"] },
    "file": "recipes/mixing/salad.json",
    dependsOn: [{ "modid": "acorns" }]
  },
  {
    "op": "add",
    "path": "/ingredients/12/validStacks/-",
    "value": { type: "item", code: "expandedfoods:acornbreadedball-syrupcharred", shapeElement: "bowl/meatnugget 1/*", textureMapping: ["meatnugget", "breading-acorn-syrup"] },
    "file": "recipes/mixing/salad.json",
    dependsOn: [{ "modid": "acorns" }]
  },
  {
    "op": "add",
    "path": "/ingredients/13/validStacks/-",
    "value": { type: "item", code: "expandedfoods:acornportion",  shapeElement: "bowl/nuts 1/*", textureMapping: ["acorns", "acorns"]},
    "file": "recipes/mixing/salad.json",
    dependsOn: [{ "modid": "acorns" }]
  },
  {
    "op": "add",
    "path": "/ingredients/14/validStacks/-",
    "value": { type: "item", code: "expandedfoods:acornportion",  shapeElement: "bowl/nuts 2/*", textureMapping: ["acorns", "acorns"]},
    "file": "recipes/mixing/salad.json",
    dependsOn: [{ "modid": "acorns" }]
  },

]