﻿[
 {
    file: "expandedfoods:itemtypes/food/acorns/mixing/trailmixvegetarian.json",
    op: "add",
    path: "/enabled",
    value: "false",
    dependsOn: [ { "modid": "acorns", "invert": true  } ]
 },
 {
    "file": "expandedfoods:recipes/kneading/acorns/trailmixvegetarian.json",
    op: "add", 
    path: "/0/enabled", 
    value: "false",
    dependsOn: [{ "modid": "acorns", "invert": true }]
 },
 {
    "file": "expandedfoods:recipes/kneading/acorns/trailmixvegetarian.json",
    op: "add", 
    path: "/1/enabled", 
    value: "false",
    dependsOn: [{ "modid": "acorns", "invert": true }]
 },
 {
    "file": "expandedfoods:recipes/kneading/acorns/trailmixvegetarian.json",
    op: "add", 
    path: "/2/enabled", 
    value: "false",
    dependsOn: [{ "modid": "acorns", "invert": true }]
 },
 {
    "file": "expandedfoods:recipes/kneading/acorns/trailmixvegetarian.json",
    op: "add", 
    path: "/3/enabled", 
    value: "false",
    dependsOn: [{ "modid": "acorns", "invert": true }]
 },
 {
    "file": "expandedfoods:recipes/kneading/acorns/trailmixvegetarian.json",
    op: "add", 
    path: "/4/enabled", 
    value: "false",
    dependsOn: [{ "modid": "acorns", "invert": true }]
 },
 {
    "file": "expandedfoods:recipes/kneading/acorns/trailmixvegetarian.json",
    op: "add", 
    path: "/5/enabled", 
    value: "false",
    dependsOn: [{ "modid": "acorns", "invert": true }]
 },
 {
    "file": "expandedfoods:recipes/kneading/acorns/trailmixvegetarian.json",
    op: "add", 
    path: "/6/enabled", 
    value: "false",
    dependsOn: [{ "modid": "acorns", "invert": true }]
 },
 {
    "file": "expandedfoods:recipes/kneading/acorns/trailmixvegetarian.json",
    op: "add", 
    path: "/7/enabled", 
    value: "false",
    dependsOn: [{ "modid": "acorns", "invert": true }]
 },
]