{
	"enabled":  false,
	code: "herbalacornbread",
  	classByType: {
		"*-dough": "ExpandedDough",
		"*": "ExpandedFood",
	},
	maxstacksize: 32,
	variantgroups: [
		{code: "state", states: ["dough", "partbaked", "cooked", "charred", "syruppartbaked", "syrup", "syrupcharred"]}
	],
	attributes: {
		"handbook": { "groupBy": [ "herbalacornbread-*" ] },
		displaycaseable: true,
		shelvable: true,
		inPiePropertiesByType: {
			"*-dough": { texture: "game:block/food/pie/herbalacorn{bakeLevel}", partType: 'Crust'  },
		},
		expandedNutritionPropsByType: {
			"*-dough": {
      				"game:milkportion" : { saturation: 60, foodcategory: "Dairy" },
      				"expandedfoods:pasteurizedmilkportion" : { saturation: 45, health: 1, foodcategory: "Dairy" },
      				"game:flour-rice" : { saturation: 170, foodcategory: "Grain" },
      				"game:flour-rye" : { saturation: 140, foodcategory: "Grain" },
      				"game:flour-spelt" : { saturation: 140, foodcategory: "Grain" },
      				"game:flour-cassava" : { saturation: 140, foodcategory: "Grain" },
      				"game:flour-amaranth" : { saturation: 140, foodcategory: "Grain" },
      				"game:flour-sunflower" : { saturation: 140, foodcategory: "Grain" },
				"game:egg-chicken-raw": { saturation: 150, foodcategory: "Protein"},
      				"acorns:flour-acorn" : { saturation: 140, foodcategory: "Grain" },
			},
			"*-syrup": {
      				"game:honeyportion" : { saturation: 60, health: 0.5, foodcategory: "Fruit" },
      				"expandedfoods:treesyrupportion-*" : { saturation: 80, health: 1, foodcategory: "Fruit" },
			},
		},
    		renderIngredientsByType: {
			"*-partbaked": {
      				"game:flour-*" : "game:shapes/item/food/bread/acornamaranthbread.json",
			},
			"*-cooked": {
      				"game:flour-*" : "game:shapes/item/food/bread/acornamaranthbread.json",
			},
			"*-charred": {
      				"game:flour-*" : "game:shapes/item/food/bread/acornamaranthbread.json",
			},
			"*-dough": {
      				"game:flour-*" : "game:shapes/item/food/bread/acornamaranthbread-dough.json",
			},
			"*-syruppartbaked": {
      				"game:flour-*" : "game:shapes/item/food/bread/acornamaranthbread.json",
				"expandedfoods:treesyrupportion-birch": "expandedfoods:shapes/item/food/bread/overlays/syrup/acornbirchsyrup.json",
				"expandedfoods:treesyrupportion-maple": "expandedfoods:shapes/item/food/bread/overlays/syrup/acornmaplesyrup.json",
				"game:honeyportion": "expandedfoods:shapes/item/food/bread/overlays/syrup/acornhoney.json",
			},
			"*-syrup": {
      				"game:flour-*" : "game:shapes/item/food/bread/acornamaranthbread.json",
				"expandedfoods:treesyrupportion-birch": "expandedfoods:shapes/item/food/bread/overlays/syrup/acornbirchsyrup.json",
				"expandedfoods:treesyrupportion-maple": "expandedfoods:shapes/item/food/bread/overlays/syrup/acornmaplesyrup.json",
				"game:honeyportion": "expandedfoods:shapes/item/food/bread/overlays/syrup/acornhoney.json",
			},
			"*-syrupcharred": {
      				"game:flour-*" : "game:shapes/item/food/bread/acornamaranthbread.json",
				"expandedfoods:treesyrupportion-birch": "expandedfoods:shapes/item/food/bread/overlays/syrup/acornbirchsyrup.json",
				"expandedfoods:treesyrupportion-maple": "expandedfoods:shapes/item/food/bread/overlays/syrup/acornmaplesyrup.json",
				"game:honeyportion": "expandedfoods:shapes/item/food/bread/overlays/syrup/acornhoney.json",
			},
		},
		bakingPropertiesByType: {
			"*-dough": {
				temp: 160,
				levelFrom: 0.0,
				levelTo: 0.25,
				startScaleY: 0.9,
				endScaleY: 0.95,
				resultCode: "expandedfoods:herbalacornbread-partbaked",
			},
			"*-partbaked": {
				temp: 160,
				levelFrom: 0.25,
				levelTo: 0.5,
				startScaleY: 0.95,
				endScaleY: 1.10,
				resultCode: "expandedfoods:herbalacornbread-cooked",
				initialCode: "expandedfoods:herbalacornbread-dough",
			},
			"*-cooked": {
				temp: 160,
				levelFrom: 0.5,
				levelTo: 0.75,
				startScaleY: 1.10,
				endScaleY: 1.13,
				resultCode: "expandedfoods:herbalacornbread-charred",
				initialCode: "expandedfoods:herbalacornbread-partbaked",
			},
			"*-charred": {
				temp: 160,
				levelFrom: 0.75,
				levelTo: 1.0,
				startScaleY: 1.13,
				endScaleY: 1.10,
				initialCode: "expandedfoods:herbalacornbread-cooked",
			},
			"*-syruppartbaked": {
				temp: 160,
				levelFrom: 0.25,
				levelTo: 0.5,
				startScaleY: 0.95,
				endScaleY: 1.10,
				resultCode: "expandedfoods:herbalacornbread-syrup",
			},
			"*-syrup": {
				temp: 160,
				levelFrom: 0.5,
				levelTo: 0.75,
				startScaleY: 1.10,
				endScaleY: 1.13,
				resultCode: "expandedfoods:herbalacornbread-syrupcharred",
				initialCode: "expandedfoods:herbalacornbread-syruppartbaked",
			},
			"*-syrupcharred": {
				temp: 160,
				levelFrom: 0.75,
				levelTo: 1.0,
				startScaleY: 1.13,
				endScaleY: 1.10,
				initialCode: "expandedfoods:herbalacornbread-syrup",
			},
		},
		satMultByType: {
			"*-partbaked": 0.9,
			"*-cooked": 1,
			"*-charred": 0.8,
			"*-syruppartbaked": 0.9,
			"*-syrup": 1,
			"*-syrupcharred": 0.8
		},
	},
	shape: { base: "game:item/food/bread/acornamaranthbread" },
  	texturesByType: {
		"*-syruppartbaked": {
			"weaktannin": { base: "game:block/liquid/weaktannin"},
			"strongtannin": { base: "game:block/liquid/strongtannin"},
			"honey": { base: "game:block/liquid/honey"},
    			"bread": {base: "item/food/grain/herbal/acornbread2" },
		},
		"*-syrupcharred": {
			"weaktannin": { base: "game:block/liquid/weaktannin"},
			"strongtannin": { base: "game:block/liquid/strongtannin"},
			"honey": { base: "game:block/liquid/honey"},
    			"bread": {base: "item/food/grain/herbal/acornbread1" },
		},
		"*-partbaked": {
    			"bread": {base: "item/food/grain/herbal/acornbread2" },
		},
		"*-charred": {
    			"bread": {base: "item/food/grain/herbal/acornbread1" },
		},
		"*": {
			"weaktannin": { base: "game:block/liquid/weaktannin"},
			"strongtannin": { base: "game:block/liquid/strongtannin"},
			"honey": { base: "game:block/liquid/honey"},
    			"bread": {base: "item/food/grain/herbal/acornbread" },
    			"acornbread": {base: "item/food/grain/herbal/acornbread" },
		},
  	},
	creativeinventory: { "general": ["*"], "items": ["*"] },
	nutritionPropsByType: {
		"*-partbaked": {saturation: 145, foodcategory: "Grain" },
		"*-syruppartbaked": {saturation: 145, foodcategory: "Grain" },
		"*-cooked": {saturation: 160, foodcategory: "Grain" },
		"*-syrup": {saturation: 160, foodcategory: "Grain" },
		"*-charred": {saturation: 130, foodcategory: "Grain" },
		"*-syrupcharred": {saturation: 130, foodcategory: "Grain" },
	},
	combustiblePropsByType: {
		"*-dough": {
			meltingPoint: 200,
			meltingDuration: 15,
			smeltedRatio: 1,
			smeltingType: "bake",
			smeltedStack: { type: "item", code: "expandedfoods:herbalacornbread-charred" },
			requiresContainer: false
		},
		"*-partbaked": {
			meltingPoint: 200,
			meltingDuration: 15,
			smeltedRatio: 1,
			smeltingType: "bake",
			smeltedStack: { type: "item", code: "expandedfoods:herbalacornbread-charred" },
			requiresContainer: false
		},
		"*-cooked": {
			meltingPoint: 200,
			meltingDuration: 15,
			smeltedRatio: 1,
			smeltingType: "bake",
			smeltedStack: { type: "item", code: "expandedfoods:herbalacornbread-charred" },
			requiresContainer: false
		},
		"*-syruppartbaked": {
			meltingPoint: 200,
			meltingDuration: 15,
			smeltedRatio: 1,
			smeltingType: "bake",
			smeltedStack: { type: "item", code: "expandedfoods:herbalacornbread-syrupcharred" },
			requiresContainer: false
		},
		"*-syrup": {
			meltingPoint: 200,
			meltingDuration: 15,
			smeltedRatio: 1,
			smeltingType: "bake",
			smeltedStack: { type: "item", code: "expandedfoods:herbalacornbread-syrupcharred" },
			requiresContainer: false
		},
	},
	transitionablePropsByType: { 
		"*-dough": [{
			type: "Perish",
			freshHours: { avg: 48 },
			transitionHours: { avg: 24 },
			transitionedStack: { type: "item", code: "game:rot" },
			transitionRatio: 1
		}],
		"*-charred": [{
			type: "Perish",
			freshHours: { avg: 864 },
			transitionHours: { avg: 72 },
			transitionedStack: { type: "item", code: "game:rot" },
			transitionRatio: 1
		}],
		"*-syrupcharred": [{
			type: "Perish",
			freshHours: { avg: 864 },
			transitionHours: { avg: 72 },
			transitionedStack: { type: "item", code: "game:rot" },
			transitionRatio: 1
		}],
		"*": [{
			type: "Perish",
			freshHours: { avg: 432 },
			transitionHours: { avg: 36 },
			transitionedStack: { type: "item", code: "game:rot" },
			transitionRatio: 1
		}],
	},
	materialDensity: 200,
	guiTransform: {
		translation: { x: 3, y: 0, z: 0 },
		rotation: { x: -28, y: 23, z: 180 },
		origin: { x: 0.5, y: 0.07, z: 0.5 },
		scale: 5
	},
	groundTransform: {
		translation: { x: 0, y: 0, z: 0 },
		rotation: { x: 0, y: 0, z: 1 },
		origin: { x: 0.5, y: 0, z: 0.5 },
		scale: 4.5
	},
	tpHandTransform: {
		translation: { x: -0.54, y: -0.16, z: -0.4 },
		rotation: { x: 44, y: -69, z: 2 },
		origin: { x: 0.5, y: 0.13, z: 0.5 },
		scale: 1
	},
	fpHandTransform: {
		translation: { x: 0, y: 0.24, z: 0.3 },
		rotation: { x: 104, y: 0, z: 71 },
		origin: { x: 0.5, y: 0.1, z: 0.5 },
		scale: 2.5
	}
}
