[
 {
	"enabled": false,
	ingredients: [
		{inputs: [{ type: "item", code: "expandedfoods:wildfruitsyrupportion-*",  quantity: 1 }]},
		{inputs: [{ type: "item", code: "expandedfoods:acornbreadedmeatnugget-bushmeat-partbaked" }]},
	],
	output: { type: "item", code: "expandedfoods:acornbreadedmeatnugget-bushmeat-syruppartbaked", stackSize: 1}
 },
 {
	"enabled": false,
	ingredients: [
		{inputs: [{ type: "item", code: "expandedfoods:wildfruitsyrupportion-*",  quantity: 1 }]},
		{inputs: [{ type: "item", code: "expandedfoods:acornbreadedmeatnugget-poultry-partbaked" }]},
	],
	output: { type: "item", code: "expandedfoods:acornbreadedmeatnugget-poultry-syrups", stackSize: 1}
 },
 {
	"enabled": false,
	ingredients: [
		{inputs: [{ type: "item", code: "expandedfoods:wildfruitsyrupportion-*",  quantity: 1 }]},
		{inputs: [{ type: "item", code: "expandedfoods:acornbreadedmeatnugget-redmeat-partbaked" }]},
	],
	output: { type: "item", code: "expandedfoods:acornbreadedmeatnugget-redmeat-syrups", stackSize: 1}
 },
 {
	"enabled": false,
	ingredients: [
		{inputs: [{ type: "item", code: "expandedfoods:wildfruitsyrupportion-*",  quantity: 1 }]},
		{inputs: [{ type: "item", code: "expandedfoods:acornbreadedmeatnugget-bushmeat-tender" }]},
	],
	output: { type: "item", code: "expandedfoods:acornbreadedmeatnugget-bushmeat-syrups", stackSize: 1}
 },
 {
	"enabled": false,
	ingredients: [
		{inputs: [{ type: "item", code: "expandedfoods:wildfruitsyrupportion-*",  quantity: 1 }]},
		{inputs: [{ type: "item", code: "expandedfoods:acornbreadedmeatnugget-poultry-tender" }]},
	],
	output: { type: "item", code: "expandedfoods:acornbreadedmeatnugget-poultry-syrups", stackSize: 1}
 },
 {
	"enabled": false,
	ingredients: [
		{inputs: [{ type: "item", code: "expandedfoods:wildfruitsyrupportion-*",  quantity: 1 }]},
		{inputs: [{ type: "item", code: "expandedfoods:acornbreadedmeatnugget-redmeat-tender" }]},
	],
	output: { type: "item", code: "expandedfoods:acornbreadedmeatnugget-redmeat-syrups", stackSize: 1}
 },
 {
	"enabled": false,
	ingredients: [
		{inputs: [{ type: "item", code: "expandedfoods:wildfruitsyrupportion-*",  quantity: 1 }]},
		{inputs: [{ type: "item", code: "expandedfoods:acornbreadedmeatnugget-bushmeat-charred" }]},
	],
	output: { type: "item", code: "expandedfoods:acornbreadedmeatnugget-bushmeat-syrupcharred", stackSize: 1}
 },
 {
	"enabled": false,
	ingredients: [
		{inputs: [{ type: "item", code: "expandedfoods:wildfruitsyrupportion-*",  quantity: 1 }]},
		{inputs: [{ type: "item", code: "expandedfoods:acornbreadedmeatnugget-poultry-charred" }]},
	],
	output: { type: "item", code: "expandedfoods:acornbreadedmeatnugget-poultry-syrupcharred", stackSize: 1}
 },
 {
	"enabled": false,
	ingredients: [
		{inputs: [{ type: "item", code: "expandedfoods:wildfruitsyrupportion-*",  quantity: 1 }]},
		{inputs: [{ type: "item", code: "expandedfoods:acornbreadedmeatnugget-redmeat-charred" }]},
	],
	output: { type: "item", code: "expandedfoods:acornbreadedmeatnugget-redmeat-syrupcharred", stackSize: 1}
 }
]

