[
 {
	"enabled": false,
  ingredients: [
    {inputs: [{ type: "item", code: "game:vegetable-bellpepper",  quantity: 1 }]},
    {inputs: [{ type: "item", code: "expandedfoods:sausagefish-*-raw", quantity: 1 }, { type: "item", code: "expandedfoods:sausagefish-*-dried", quantity: 1 }, { type: "item", code: "expandedfoods:sausagecrab-*-raw", quantity: 1 }, { type: "item", code: "expandedfoods:sausagecrab-*-dried", quantity: 1 }, { type: "item", code: "expandedfoods:sausagesnake-*-raw", quantity: 1 }, { type: "item", code: "expandedfoods:sausagesnake-*-dried", quantity: 1 }, { type: "item", code: "expandedfoods:fishnugget-raw", quantity: 1 }, { type: "item", code: "expandedfoods:crabnugget-raw", quantity: 1 }, { type: "item", code: "expandedfoods:snakenugget-raw", quantity: 1 }, { type: "item", code: "expandedfoods:choppedvegetable-*", allowedVariants: ["carrot", "cabbage", "onion", "turnip", "parsnip", "pumpkin", "cassava", "bellpepper", "bolete", "fieldmushroom", "flyagaric",], quantity: 1 }, { type: "item", code: "expandedfoods:meatnugget-*-raw", quantity: 1 }, { type: "item", code: "expandedfoods:meatnugget-*-cured", quantity: 1 }, { type: "item", code: "expandedfoods:agedmeat-*-raw", quantity: 1 }, { type: "item", code: "expandedfoods:sausage-*-raw", quantity: 1 }, { type: "item", code: "expandedfoods:sausage-*-dried", quantity: 1 }, { type: "item", code: "game:grain-*", quantity: 1 }, { type: "item", code: "expandedfoods:dryfruit-*", quantity: 1 }, { type: "item", code: "game:fruit-pineapple", quantity: 1 }, { type: "item", code: "game:cheese-cheddar-1slice", quantity: 1 }, { type: "item", code: "game:cheese-blue-1slice", quantity: 1 }, { type: "item", code: "game:cottagecheeseportion", quantity: 1 }, {"type":  "item", "code":  "game:pickledvegetable-*", "allowedVariants":  ["cabbage", "bellpepper"] }, { type: "item", code: "expandedfoods:wilddryfruit-*"}, { type: "item", code: "wildcraft:minerslettuce", quantity: 1 },]},
    {inputs: [{ type: "item", code: "game:honeyportion",  quantity: 1 }, { type: "item", code: "game:egg-chicken-raw",  quantity: 1 }, { type: "item", code: "expandedfoods:foodoilportion-*",  quantity: 1 }, { type: "item", code: "expandedfoods:treesyrupportion-*",  quantity: 1 }, { type: "item", code: "expandedfoods:fruitsyrupportion-*",  quantity: 1 }, { type: "item", code: "expandedfoods:lard",  quantity: 1 }, { type: "item", code: "expandedfoods:peanutliquid-butter",  quantity: 1 }, { type: "item", code: "expandedfoods:peanutliquid-sauce",  quantity: 1 }, { type: "item", code: "expandedfoods:wildfruitsyrupportion-*",  quantity: 1 }]},
    {inputs: [{ type: "item", code: "expandedfoods:acornbreadcrumbs-*", quantity: 1 }]},  
    {inputs: [{ type: "item", code: "game:flour-*", quantity: 1 }, { type: "item", code: "acorns:flour-acorn", quantity: 1 }]},
  ],
  output: { type: "item", code: "expandedfoods:acornstuffedpepper-raw", stackSize: 1}
 },
 {
	"enabled": false,
  ingredients: [
    {inputs: [{ type: "item", code: "game:vegetable-bellpepper",  quantity: 1 }]},
    {inputs: [{ type: "item", code: "expandedfoods:sausagefish-*-raw", quantity: 1 }, { type: "item", code: "expandedfoods:sausagefish-*-dried", quantity: 1 }, { type: "item", code: "expandedfoods:sausagecrab-*-raw", quantity: 1 }, { type: "item", code: "expandedfoods:sausagecrab-*-dried", quantity: 1 }, { type: "item", code: "expandedfoods:sausagesnake-*-raw", quantity: 1 }, { type: "item", code: "expandedfoods:sausagesnake-*-dried", quantity: 1 }, { type: "item", code: "expandedfoods:fishnugget-raw", quantity: 1 }, { type: "item", code: "expandedfoods:crabnugget-raw", quantity: 1 }, { type: "item", code: "expandedfoods:snakenugget-raw", quantity: 1 }, { type: "item", code: "expandedfoods:choppedvegetable-*", allowedVariants: ["carrot", "cabbage", "onion", "turnip", "parsnip", "pumpkin", "cassava", "bellpepper", "bolete", "fieldmushroom", "flyagaric",], quantity: 1 }, { type: "item", code: "expandedfoods:meatnugget-*-raw", quantity: 1 }, { type: "item", code: "expandedfoods:meatnugget-*-cured", quantity: 1 }, { type: "item", code: "expandedfoods:agedmeat-*-raw", quantity: 1 }, { type: "item", code: "expandedfoods:sausage-*-raw", quantity: 1 }, { type: "item", code: "expandedfoods:sausage-*-dried", quantity: 1 }, { type: "item", code: "game:grain-*", quantity: 1 }, { type: "item", code: "expandedfoods:dryfruit-*", quantity: 1 }, { type: "item", code: "game:fruit-pineapple", quantity: 1 }, { type: "item", code: "game:cheese-cheddar-1slice", quantity: 1 }, { type: "item", code: "game:cheese-blue-1slice", quantity: 1 }, { type: "item", code: "game:cottagecheeseportion", quantity: 1 }, {"type":  "item", "code":  "game:pickledvegetable-*", "allowedVariants":  ["cabbage", "bellpepper"] }, { type: "item", code: "expandedfoods:wilddryfruit-*"}, { type: "item", code: "wildcraft:minerslettuce", quantity: 1 },]},
    {inputs: [{ type: "item", code: "expandedfoods:sausagefish-*-raw", quantity: 1 }, { type: "item", code: "expandedfoods:sausagefish-*-dried", quantity: 1 }, { type: "item", code: "expandedfoods:sausagecrab-*-raw", quantity: 1 }, { type: "item", code: "expandedfoods:sausagecrab-*-dried", quantity: 1 }, { type: "item", code: "expandedfoods:sausagesnake-*-raw", quantity: 1 }, { type: "item", code: "expandedfoods:sausagesnake-*-dried", quantity: 1 }, { type: "item", code: "expandedfoods:fishnugget-raw", quantity: 1 }, { type: "item", code: "expandedfoods:crabnugget-raw", quantity: 1 }, { type: "item", code: "expandedfoods:snakenugget-raw", quantity: 1 }, { type: "item", code: "expandedfoods:choppedvegetable-*", allowedVariants: ["carrot", "cabbage", "onion", "turnip", "parsnip", "pumpkin", "cassava", "bellpepper", "bolete", "fieldmushroom", "flyagaric",], quantity: 1 }, { type: "item", code: "expandedfoods:meatnugget-*-raw", quantity: 1 }, { type: "item", code: "expandedfoods:meatnugget-*-cured", quantity: 1 }, { type: "item", code: "expandedfoods:agedmeat-*-raw", quantity: 1 }, { type: "item", code: "expandedfoods:sausage-*-raw", quantity: 1 }, { type: "item", code: "expandedfoods:sausage-*-dried", quantity: 1 }, { type: "item", code: "game:grain-*", quantity: 1 }, { type: "item", code: "expandedfoods:dryfruit-*", quantity: 1 }, { type: "item", code: "game:fruit-pineapple", quantity: 1 }, { type: "item", code: "game:cheese-cheddar-1slice", quantity: 1 }, { type: "item", code: "game:cheese-blue-1slice", quantity: 1 }, { type: "item", code: "game:cottagecheeseportion", quantity: 1 }, {"type":  "item", "code":  "game:pickledvegetable-*", "allowedVariants":  ["cabbage", "bellpepper"] }, { type: "item", code: "expandedfoods:wilddryfruit-*"}, { type: "item", code: "wildcraft:minerslettuce", quantity: 1 },]},
    {inputs: [{ type: "item", code: "game:honeyportion",  quantity: 1 }, { type: "item", code: "game:egg-chicken-raw",  quantity: 1 }, { type: "item", code: "expandedfoods:foodoilportion-*",  quantity: 1 }, { type: "item", code: "expandedfoods:treesyrupportion-*",  quantity: 1 }, { type: "item", code: "expandedfoods:fruitsyrupportion-*",  quantity: 1 }, { type: "item", code: "expandedfoods:lard",  quantity: 1 }, { type: "item", code: "expandedfoods:peanutliquid-butter",  quantity: 1 }, { type: "item", code: "expandedfoods:peanutliquid-sauce",  quantity: 1 }, { type: "item", code: "expandedfoods:wildfruitsyrupportion-*",  quantity: 1 }]},
    {inputs: [{ type: "item", code: "expandedfoods:acornbreadcrumbs-*", quantity: 1 }]},  
    {inputs: [{ type: "item", code: "game:flour-*", quantity: 1 }, { type: "item", code: "acorns:flour-acorn", quantity: 1 }]},
  ],
  output: { type: "item", code: "expandedfoods:acornstuffedpepper-raw", stackSize: 1}
 },
 {
	"enabled": false,
  ingredients: [
    {inputs: [{ type: "item", code: "game:vegetable-bellpepper",  quantity: 1 }]},
    {inputs: [{ type: "item", code: "expandedfoods:sausagefish-*-raw", quantity: 1 }, { type: "item", code: "expandedfoods:sausagefish-*-dried", quantity: 1 }, { type: "item", code: "expandedfoods:sausagecrab-*-raw", quantity: 1 }, { type: "item", code: "expandedfoods:sausagecrab-*-dried", quantity: 1 }, { type: "item", code: "expandedfoods:sausagesnake-*-raw", quantity: 1 }, { type: "item", code: "expandedfoods:sausagesnake-*-dried", quantity: 1 }, { type: "item", code: "expandedfoods:fishnugget-raw", quantity: 1 }, { type: "item", code: "expandedfoods:crabnugget-raw", quantity: 1 }, { type: "item", code: "expandedfoods:snakenugget-raw", quantity: 1 }, { type: "item", code: "expandedfoods:choppedvegetable-*", allowedVariants: ["carrot", "cabbage", "onion", "turnip", "parsnip", "pumpkin", "cassava", "bellpepper", "bolete", "fieldmushroom", "flyagaric",], quantity: 1 }, { type: "item", code: "expandedfoods:meatnugget-*-raw", quantity: 1 }, { type: "item", code: "expandedfoods:meatnugget-*-cured", quantity: 1 }, { type: "item", code: "expandedfoods:agedmeat-*-raw", quantity: 1 }, { type: "item", code: "expandedfoods:sausage-*-raw", quantity: 1 }, { type: "item", code: "expandedfoods:sausage-*-dried", quantity: 1 }, { type: "item", code: "game:grain-*", quantity: 1 }, { type: "item", code: "expandedfoods:dryfruit-*", quantity: 1 }, { type: "item", code: "game:fruit-pineapple", quantity: 1 }, { type: "item", code: "game:cheese-cheddar-1slice", quantity: 1 }, { type: "item", code: "game:cheese-blue-1slice", quantity: 1 }, { type: "item", code: "game:cottagecheeseportion", quantity: 1 }, {"type":  "item", "code":  "game:pickledvegetable-*", "allowedVariants":  ["cabbage", "bellpepper"] }, { type: "item", code: "expandedfoods:wilddryfruit-*"}, { type: "item", code: "wildcraft:minerslettuce", quantity: 1 },]},
    {inputs: [{ type: "item", code: "game:honeyportion",  quantity: 1 }, { type: "item", code: "game:egg-chicken-raw",  quantity: 1 }, { type: "item", code: "expandedfoods:foodoilportion-*",  quantity: 1 }, { type: "item", code: "expandedfoods:treesyrupportion-*",  quantity: 1 }, { type: "item", code: "expandedfoods:fruitsyrupportion-*",  quantity: 1 }, { type: "item", code: "expandedfoods:lard",  quantity: 1 }, { type: "item", code: "expandedfoods:peanutliquid-butter",  quantity: 1 }, { type: "item", code: "expandedfoods:peanutliquid-sauce",  quantity: 1 }, { type: "item", code: "expandedfoods:wildfruitsyrupportion-*",  quantity: 1 }]},
    {inputs: [{ type: "item", code: "expandedfoods:acornbreadcrumbs-*", quantity: 1 }]},  
    {inputs: [{ type: "item", code: "game:flour-*", quantity: 1 }, { type: "item", code: "acorns:flour-acorn", quantity: 1 }]},
    {inputs: [{ type: "item", code: "game:salt", quantity: 1 }]} 
  ],
  output: { type: "item", code: "expandedfoods:acornstuffedpepper-raw", stackSize: 1}
 },
 {
	"enabled": false,
  ingredients: [
    {inputs: [{ type: "item", code: "game:vegetable-bellpepper",  quantity: 1 }]},
    {inputs: [{ type: "item", code: "expandedfoods:sausagefish-*-raw", quantity: 1 }, { type: "item", code: "expandedfoods:sausagefish-*-dried", quantity: 1 }, { type: "item", code: "expandedfoods:sausagecrab-*-raw", quantity: 1 }, { type: "item", code: "expandedfoods:sausagecrab-*-dried", quantity: 1 }, { type: "item", code: "expandedfoods:sausagesnake-*-raw", quantity: 1 }, { type: "item", code: "expandedfoods:sausagesnake-*-dried", quantity: 1 }, { type: "item", code: "expandedfoods:fishnugget-raw", quantity: 1 }, { type: "item", code: "expandedfoods:crabnugget-raw", quantity: 1 }, { type: "item", code: "expandedfoods:snakenugget-raw", quantity: 1 }, { type: "item", code: "expandedfoods:choppedvegetable-*", allowedVariants: ["carrot", "cabbage", "onion", "turnip", "parsnip", "pumpkin", "cassava", "bellpepper", "bolete", "fieldmushroom", "flyagaric",], quantity: 1 }, { type: "item", code: "expandedfoods:meatnugget-*-raw", quantity: 1 }, { type: "item", code: "expandedfoods:meatnugget-*-cured", quantity: 1 }, { type: "item", code: "expandedfoods:agedmeat-*-raw", quantity: 1 }, { type: "item", code: "expandedfoods:sausage-*-raw", quantity: 1 }, { type: "item", code: "expandedfoods:sausage-*-dried", quantity: 1 }, { type: "item", code: "game:grain-*", quantity: 1 }, { type: "item", code: "expandedfoods:dryfruit-*", quantity: 1 }, { type: "item", code: "game:fruit-pineapple", quantity: 1 }, { type: "item", code: "game:cheese-cheddar-1slice", quantity: 1 }, { type: "item", code: "game:cheese-blue-1slice", quantity: 1 }, { type: "item", code: "game:cottagecheeseportion", quantity: 1 }, {"type":  "item", "code":  "game:pickledvegetable-*", "allowedVariants":  ["cabbage", "bellpepper"] }, { type: "item", code: "expandedfoods:wilddryfruit-*"}, { type: "item", code: "wildcraft:minerslettuce", quantity: 1 },]},
    {inputs: [{ type: "item", code: "game:honeyportion",  quantity: 1 }, { type: "item", code: "game:egg-chicken-raw",  quantity: 1 }, { type: "item", code: "expandedfoods:foodoilportion-*",  quantity: 1 }, { type: "item", code: "expandedfoods:treesyrupportion-*",  quantity: 1 }, { type: "item", code: "expandedfoods:fruitsyrupportion-*",  quantity: 1 }, { type: "item", code: "expandedfoods:lard",  quantity: 1 }, { type: "item", code: "expandedfoods:peanutliquid-butter",  quantity: 1 }, { type: "item", code: "expandedfoods:peanutliquid-sauce",  quantity: 1 }, { type: "item", code: "expandedfoods:wildfruitsyrupportion-*",  quantity: 1 }]},
    {inputs: [{ type: "item", code: "expandedfoods:breadcrumbs-*", quantity: 1, name: "grain" }]},  
    {inputs: [{ type: "item", code: "acorns:flour-acorn", quantity: 1 }]},
  ],
  output: { type: "item", code: "expandedfoods:stuffedpepper-{grain}-raw", stackSize: 1}
 },
 {
	"enabled": false,
  ingredients: [
    {inputs: [{ type: "item", code: "game:vegetable-bellpepper",  quantity: 1 }]},
    {inputs: [{ type: "item", code: "expandedfoods:sausagefish-*-raw", quantity: 1 }, { type: "item", code: "expandedfoods:sausagefish-*-dried", quantity: 1 }, { type: "item", code: "expandedfoods:sausagecrab-*-raw", quantity: 1 }, { type: "item", code: "expandedfoods:sausagecrab-*-dried", quantity: 1 }, { type: "item", code: "expandedfoods:sausagesnake-*-raw", quantity: 1 }, { type: "item", code: "expandedfoods:sausagesnake-*-dried", quantity: 1 }, { type: "item", code: "expandedfoods:fishnugget-raw", quantity: 1 }, { type: "item", code: "expandedfoods:crabnugget-raw", quantity: 1 }, { type: "item", code: "expandedfoods:snakenugget-raw", quantity: 1 }, { type: "item", code: "expandedfoods:choppedvegetable-*", allowedVariants: ["carrot", "cabbage", "onion", "turnip", "parsnip", "pumpkin", "cassava", "bellpepper", "bolete", "fieldmushroom", "flyagaric",], quantity: 1 }, { type: "item", code: "expandedfoods:meatnugget-*-raw", quantity: 1 }, { type: "item", code: "expandedfoods:meatnugget-*-cured", quantity: 1 }, { type: "item", code: "expandedfoods:agedmeat-*-raw", quantity: 1 }, { type: "item", code: "expandedfoods:sausage-*-raw", quantity: 1 }, { type: "item", code: "expandedfoods:sausage-*-dried", quantity: 1 }, { type: "item", code: "game:grain-*", quantity: 1 }, { type: "item", code: "expandedfoods:dryfruit-*", quantity: 1 }, { type: "item", code: "game:fruit-pineapple", quantity: 1 }, { type: "item", code: "game:cheese-cheddar-1slice", quantity: 1 }, { type: "item", code: "game:cheese-blue-1slice", quantity: 1 }, { type: "item", code: "game:cottagecheeseportion", quantity: 1 }, {"type":  "item", "code":  "game:pickledvegetable-*", "allowedVariants":  ["cabbage", "bellpepper"] }, { type: "item", code: "expandedfoods:wilddryfruit-*"}, { type: "item", code: "wildcraft:minerslettuce", quantity: 1 },]},
    {inputs: [{ type: "item", code: "expandedfoods:sausagefish-*-raw", quantity: 1 }, { type: "item", code: "expandedfoods:sausagefish-*-dried", quantity: 1 }, { type: "item", code: "expandedfoods:sausagecrab-*-raw", quantity: 1 }, { type: "item", code: "expandedfoods:sausagecrab-*-dried", quantity: 1 }, { type: "item", code: "expandedfoods:sausagesnake-*-raw", quantity: 1 }, { type: "item", code: "expandedfoods:sausagesnake-*-dried", quantity: 1 }, { type: "item", code: "expandedfoods:fishnugget-raw", quantity: 1 }, { type: "item", code: "expandedfoods:crabnugget-raw", quantity: 1 }, { type: "item", code: "expandedfoods:snakenugget-raw", quantity: 1 }, { type: "item", code: "expandedfoods:choppedvegetable-*", allowedVariants: ["carrot", "cabbage", "onion", "turnip", "parsnip", "pumpkin", "cassava", "bellpepper", "bolete", "fieldmushroom", "flyagaric",], quantity: 1 }, { type: "item", code: "expandedfoods:meatnugget-*-raw", quantity: 1 }, { type: "item", code: "expandedfoods:meatnugget-*-cured", quantity: 1 }, { type: "item", code: "expandedfoods:agedmeat-*-raw", quantity: 1 }, { type: "item", code: "expandedfoods:sausage-*-raw", quantity: 1 }, { type: "item", code: "expandedfoods:sausage-*-dried", quantity: 1 }, { type: "item", code: "game:grain-*", quantity: 1 }, { type: "item", code: "expandedfoods:dryfruit-*", quantity: 1 }, { type: "item", code: "game:fruit-pineapple", quantity: 1 }, { type: "item", code: "game:cheese-cheddar-1slice", quantity: 1 }, { type: "item", code: "game:cheese-blue-1slice", quantity: 1 }, { type: "item", code: "game:cottagecheeseportion", quantity: 1 }, {"type":  "item", "code":  "game:pickledvegetable-*", "allowedVariants":  ["cabbage", "bellpepper"] }, { type: "item", code: "expandedfoods:wilddryfruit-*"}, { type: "item", code: "wildcraft:minerslettuce", quantity: 1 },]},
    {inputs: [{ type: "item", code: "game:honeyportion",  quantity: 1 }, { type: "item", code: "game:egg-chicken-raw",  quantity: 1 }, { type: "item", code: "expandedfoods:foodoilportion-*",  quantity: 1 }, { type: "item", code: "expandedfoods:treesyrupportion-*",  quantity: 1 }, { type: "item", code: "expandedfoods:fruitsyrupportion-*",  quantity: 1 }, { type: "item", code: "expandedfoods:lard",  quantity: 1 }, { type: "item", code: "expandedfoods:peanutliquid-butter",  quantity: 1 }, { type: "item", code: "expandedfoods:peanutliquid-sauce",  quantity: 1 }, { type: "item", code: "expandedfoods:wildfruitsyrupportion-*",  quantity: 1 }]},
    {inputs: [{ type: "item", code: "expandedfoods:breadcrumbs-*", quantity: 1, name: "grain" }]},  
    {inputs: [{ type: "item", code: "acorns:flour-acorn", quantity: 1 }]},
  ],
  output: { type: "item", code: "expandedfoods:stuffedpepper-{grain}-raw", stackSize: 1}
 },
 {
	"enabled": false,
  ingredients: [
    {inputs: [{ type: "item", code: "game:vegetable-bellpepper",  quantity: 1 }]},
    {inputs: [{ type: "item", code: "expandedfoods:sausagefish-*-raw", quantity: 1 }, { type: "item", code: "expandedfoods:sausagefish-*-dried", quantity: 1 }, { type: "item", code: "expandedfoods:sausagecrab-*-raw", quantity: 1 }, { type: "item", code: "expandedfoods:sausagecrab-*-dried", quantity: 1 }, { type: "item", code: "expandedfoods:sausagesnake-*-raw", quantity: 1 }, { type: "item", code: "expandedfoods:sausagesnake-*-dried", quantity: 1 }, { type: "item", code: "expandedfoods:fishnugget-raw", quantity: 1 }, { type: "item", code: "expandedfoods:crabnugget-raw", quantity: 1 }, { type: "item", code: "expandedfoods:snakenugget-raw", quantity: 1 }, { type: "item", code: "expandedfoods:choppedvegetable-*", allowedVariants: ["carrot", "cabbage", "onion", "turnip", "parsnip", "pumpkin", "cassava", "bellpepper", "bolete", "fieldmushroom", "flyagaric",], quantity: 1 }, { type: "item", code: "expandedfoods:meatnugget-*-raw", quantity: 1 }, { type: "item", code: "expandedfoods:meatnugget-*-cured", quantity: 1 }, { type: "item", code: "expandedfoods:agedmeat-*-raw", quantity: 1 }, { type: "item", code: "expandedfoods:sausage-*-raw", quantity: 1 }, { type: "item", code: "expandedfoods:sausage-*-dried", quantity: 1 }, { type: "item", code: "game:grain-*", quantity: 1 }, { type: "item", code: "expandedfoods:dryfruit-*", quantity: 1 }, { type: "item", code: "game:fruit-pineapple", quantity: 1 }, { type: "item", code: "game:cheese-cheddar-1slice", quantity: 1 }, { type: "item", code: "game:cheese-blue-1slice", quantity: 1 }, { type: "item", code: "game:cottagecheeseportion", quantity: 1 }, {"type":  "item", "code":  "game:pickledvegetable-*", "allowedVariants":  ["cabbage", "bellpepper"] }, { type: "item", code: "expandedfoods:wilddryfruit-*"}, { type: "item", code: "wildcraft:minerslettuce", quantity: 1 },]},
    {inputs: [{ type: "item", code: "game:honeyportion",  quantity: 1 }, { type: "item", code: "game:egg-chicken-raw",  quantity: 1 }, { type: "item", code: "expandedfoods:foodoilportion-*",  quantity: 1 }, { type: "item", code: "expandedfoods:treesyrupportion-*",  quantity: 1 }, { type: "item", code: "expandedfoods:fruitsyrupportion-*",  quantity: 1 }, { type: "item", code: "expandedfoods:lard",  quantity: 1 }, { type: "item", code: "expandedfoods:peanutliquid-butter",  quantity: 1 }, { type: "item", code: "expandedfoods:peanutliquid-sauce",  quantity: 1 }, { type: "item", code: "expandedfoods:wildfruitsyrupportion-*",  quantity: 1 }]},
    {inputs: [{ type: "item", code: "expandedfoods:breadcrumbs-*", quantity: 1, name: "grain" }]},  
    {inputs: [{ type: "item", code: "acorns:flour-acorn", quantity: 1 }]},
    {inputs: [{ type: "item", code: "game:salt", quantity: 1 }]} 
  ],
  output: { type: "item", code: "expandedfoods:stuffedpepper-{grain}-raw", stackSize: 1}
 }
]