[
 {
	"enabled": false,
	ingredients: [
		{inputs: [{ type: "item", code: "game:honeyportion",  quantity: 1 }, { type: "item", code: "game:egg-chicken-raw",  quantity: 1 }, { type: "item", code: "expandedfoods:foodoilportion-*",  quantity: 1 }, { type: "item", code: "expandedfoods:treesyrupportion-*",  quantity: 1 }, { type: "item", code: "expandedfoods:fruitsyrupportion-*",  quantity: 1 }, { type: "item", code: "expandedfoods:lard",  quantity: 1 }, { type: "item", code: "expandedfoods:peanutliquid-butter",  quantity: 1 }, { type: "item", code: "expandedfoods:peanutliquid-sauce",  quantity: 1 }, { type: "item", code: "expandedfoods:wildfruitsyrupportion-*",  quantity: 1 }]},
		{inputs: [{ type: "item", code: "expandedfoods:acornbreadcrumbs-*", quantity: 1, name: "grain" }]},
		{inputs: [{ type: "item", code: "game:flour-*", quantity: 1 }, { type: "item", code: "acorns:flour-acorn", quantity: 1 }]},
    		{inputs: [{ type: "item", code: "game:pickledvegetable-*", allowedVariants: ["cabbage", "bellpepper"], quantity: 1 }]},
	],
	output: { type: "item", code: "expandedfoods:acornbreadedball-raw", stackSize: 1}
 },
 {
	"enabled": false,
    	ingredients: [
		{inputs: [{ type: "item", code: "game:honeyportion",  quantity: 1 }, { type: "item", code: "game:egg-chicken-raw",  quantity: 1 }, { type: "item", code: "expandedfoods:foodoilportion-*",  quantity: 1 }, { type: "item", code: "expandedfoods:treesyrupportion-*",  quantity: 1 }, { type: "item", code: "expandedfoods:fruitsyrupportion-*",  quantity: 1 }, { type: "item", code: "expandedfoods:lard",  quantity: 1 }, { type: "item", code: "expandedfoods:peanutliquid-butter",  quantity: 1 }, { type: "item", code: "expandedfoods:peanutliquid-sauce",  quantity: 1 }, { type: "item", code: "expandedfoods:wildfruitsyrupportion-*",  quantity: 1 }]},
		{inputs: [{ type: "item", code: "expandedfoods:acornbreadcrumbs-*", quantity: 1, name: "grain" }]},
		{inputs: [{ type: "item", code: "game:flour-*", quantity: 1 }, { type: "item", code: "acorns:flour-acorn", quantity: 1 }]},          
		{inputs: [{ type: "item", code: "expandedfoods:choppedvegetable-*", allowedVariants: ["carrot", "onion", "turnip", "parsnip", "pumpkin", "cabbage", "bolete", "fieldmushroom", "flyagaric", "cassava", "papyrusroot", "cattailroot", "bellpepper"], quantity: 1 }]},
	],
    	output: { type: "item", code: "expandedfoods:acornbreadedball-raw", stackSize: 1}
 },
 {
	"enabled": false,
 	ingredients: [
		{inputs: [{ type: "item", code: "game:honeyportion",  quantity: 1 }, { type: "item", code: "game:egg-chicken-raw",  quantity: 1 }, { type: "item", code: "expandedfoods:foodoilportion-*",  quantity: 1 }, { type: "item", code: "expandedfoods:treesyrupportion-*",  quantity: 1 }, { type: "item", code: "expandedfoods:fruitsyrupportion-*",  quantity: 1 }, { type: "item", code: "expandedfoods:lard",  quantity: 1 }, { type: "item", code: "expandedfoods:peanutliquid-butter",  quantity: 1 }, { type: "item", code: "expandedfoods:peanutliquid-sauce",  quantity: 1 }, { type: "item", code: "expandedfoods:wildfruitsyrupportion-*",  quantity: 1 }]},
		{inputs: [{ type: "item", code: "expandedfoods:acornbreadcrumbs-*", quantity: 1, name: "grain" }]},
		{inputs: [{ type: "item", code: "game:flour-*", quantity: 1 }, { type: "item", code: "acorns:flour-acorn", quantity: 1 }]},
   		{inputs: [{ type: "item", code: "expandedfoods:choppedvegetable-*", allowedVariants: ["pickledcarrot", "pickledonion", "pickledturnip", "pickledparsnip", "pickledpumpkin"], quantity: 1 }]},
 	],
 	output: { type: "item", code: "expandedfoods:acornbreadedball-raw", stackSize: 1}
 },
 {
	"enabled": false,
	ingredients: [
		{inputs: [{ type: "item", code: "game:honeyportion",  quantity: 1 }, { type: "item", code: "game:egg-chicken-raw",  quantity: 1 }, { type: "item", code: "expandedfoods:foodoilportion-*",  quantity: 1 }, { type: "item", code: "expandedfoods:treesyrupportion-*",  quantity: 1 }, { type: "item", code: "expandedfoods:fruitsyrupportion-*",  quantity: 1 }, { type: "item", code: "expandedfoods:lard",  quantity: 1 }, { type: "item", code: "expandedfoods:peanutliquid-butter",  quantity: 1 }, { type: "item", code: "expandedfoods:peanutliquid-sauce",  quantity: 1 }, { type: "item", code: "expandedfoods:wildfruitsyrupportion-*",  quantity: 1 }]},
		{inputs: [{ type: "item", code: "expandedfoods:acornbreadcrumbs-*", quantity: 1, name: "grain" }]},
		{inputs: [{ type: "item", code: "game:flour-*", quantity: 1 }, { type: "item", code: "acorns:flour-acorn", quantity: 1 }]},
    		{inputs: [{ type: "item", code: "game:pickledvegetable-*", allowedVariants: ["cabbage", "bellpepper"], quantity: 1 }]},
		{inputs: [{ type: "item", code: "game:salt", quantity: 1 }]}
	],
	output: { type: "item", code: "expandedfoods:acornbreadedball-raw", stackSize: 1}
 },
 {
	"enabled": false,
    	ingredients: [
		{inputs: [{ type: "item", code: "game:honeyportion",  quantity: 1 }, { type: "item", code: "game:egg-chicken-raw",  quantity: 1 }, { type: "item", code: "expandedfoods:foodoilportion-*",  quantity: 1 }, { type: "item", code: "expandedfoods:treesyrupportion-*",  quantity: 1 }, { type: "item", code: "expandedfoods:fruitsyrupportion-*",  quantity: 1 }, { type: "item", code: "expandedfoods:lard",  quantity: 1 }, { type: "item", code: "expandedfoods:peanutliquid-butter",  quantity: 1 }, { type: "item", code: "expandedfoods:peanutliquid-sauce",  quantity: 1 }, { type: "item", code: "expandedfoods:wildfruitsyrupportion-*",  quantity: 1 }]},
		{inputs: [{ type: "item", code: "expandedfoods:acornbreadcrumbs-*", quantity: 1, name: "grain" }]},
		{inputs: [{ type: "item", code: "game:flour-*", quantity: 1 }, { type: "item", code: "acorns:flour-acorn", quantity: 1 }]},
		{inputs: [{ type: "item", code: "expandedfoods:choppedvegetable-*", allowedVariants: ["carrot", "onion", "turnip", "parsnip", "pumpkin", "cabbage", "bolete", "fieldmushroom", "flyagaric", "cassava", "papyrusroot", "cattailroot", "bellpepper"], quantity: 1 }]},
		{inputs: [{ type: "item", code: "game:salt", quantity: 1 }]}
    	],
    	output: { type: "item", code: "expandedfoods:acornbreadedball-raw", stackSize: 1}
 },
 {
	"enabled": false,
 	ingredients: [
		{inputs: [{ type: "item", code: "game:honeyportion",  quantity: 1 }, { type: "item", code: "game:egg-chicken-raw",  quantity: 1 }, { type: "item", code: "expandedfoods:foodoilportion-*",  quantity: 1 }, { type: "item", code: "expandedfoods:treesyrupportion-*",  quantity: 1 }, { type: "item", code: "expandedfoods:fruitsyrupportion-*",  quantity: 1 }, { type: "item", code: "expandedfoods:lard",  quantity: 1 }, { type: "item", code: "expandedfoods:peanutliquid-butter",  quantity: 1 }, { type: "item", code: "expandedfoods:peanutliquid-sauce",  quantity: 1 }, { type: "item", code: "expandedfoods:wildfruitsyrupportion-*",  quantity: 1 }]},
		{inputs: [{ type: "item", code: "expandedfoods:acornbreadcrumbs-*", quantity: 1, name: "grain" }]},
		{inputs: [{ type: "item", code: "game:flour-*", quantity: 1 }, { type: "item", code: "acorns:flour-acorn", quantity: 1 }]},
   		{inputs: [{ type: "item", code: "expandedfoods:choppedvegetable-*", allowedVariants: ["pickledcarrot", "pickledonion", "pickledturnip", "pickledparsnip", "pickledpumpkin"], quantity: 1 }]},
		{inputs: [{ type: "item", code: "game:salt", quantity: 1 }]}
 	],
 	output: { type: "item", code: "expandedfoods:acornbreadedball-raw", stackSize: 1}
 },
 {
	"enabled": false,
	ingredients: [
		{inputs: [{ type: "item", code: "game:honeyportion",  quantity: 1 }, { type: "item", code: "game:egg-chicken-raw",  quantity: 1 }, { type: "item", code: "expandedfoods:foodoilportion-*",  quantity: 1 }, { type: "item", code: "expandedfoods:treesyrupportion-*",  quantity: 1 }, { type: "item", code: "expandedfoods:fruitsyrupportion-*",  quantity: 1 }, { type: "item", code: "expandedfoods:lard",  quantity: 1 }, { type: "item", code: "expandedfoods:peanutliquid-butter",  quantity: 1 }, { type: "item", code: "expandedfoods:peanutliquid-sauce",  quantity: 1 }, { type: "item", code: "expandedfoods:wildfruitsyrupportion-*",  quantity: 1 }]},
		{inputs: [{ type: "item", code: "expandedfoods:acornbreadcrumbs-*", quantity: 1, name: "grain" }]},
		{inputs: [{ type: "item", code: "game:flour-*", quantity: 1 }, { type: "item", code: "acorns:flour-acorn", quantity: 1 }]},
		{inputs: [{ type: "item", code: "expandedfoods:meatnugget-*-raw", quantity: 1 }, { type: "item", code: "expandedfoods:fishnugget-raw", quantity: 1}, { type: "item", code: "expandedfoods:crabnugget-raw", quantity: 1 }, { type: "item", code: "expandedfoods:snakenugget-raw", quantity: 1 }, { type: "item", code: "expandedfoods:meatnugget-*-cured", quantity: 1 }, { type: "item", code: "expandedfoods:agedmeat-*-raw", quantity: 1 }]},
	],
	output: { type: "item", code: "expandedfoods:acornbreadedball-raw", stackSize: 1}
 },
 {
	"enabled": false,
	ingredients: [
		{inputs: [{ type: "item", code: "game:honeyportion",  quantity: 1 }, { type: "item", code: "game:egg-chicken-raw",  quantity: 1 }, { type: "item", code: "expandedfoods:foodoilportion-*",  quantity: 1 }, { type: "item", code: "expandedfoods:treesyrupportion-*",  quantity: 1 }, { type: "item", code: "expandedfoods:fruitsyrupportion-*",  quantity: 1 }, { type: "item", code: "expandedfoods:lard",  quantity: 1 }, { type: "item", code: "expandedfoods:peanutliquid-butter",  quantity: 1 }, { type: "item", code: "expandedfoods:peanutliquid-sauce",  quantity: 1 }, { type: "item", code: "expandedfoods:wildfruitsyrupportion-*",  quantity: 1 }]},
		{inputs: [{ type: "item", code: "expandedfoods:acornbreadcrumbs-*", quantity: 1, name: "grain" }]},
		{inputs: [{ type: "item", code: "game:flour-*", quantity: 1 }, { type: "item", code: "acorns:flour-acorn", quantity: 1 }]},
		{inputs: [{ type: "item", code: "expandedfoods:meatnugget-*-raw", quantity: 1 }, { type: "item", code: "expandedfoods:fishnugget-raw", quantity: 1}, { type: "item", code: "expandedfoods:crabnugget-raw", quantity: 1 }, { type: "item", code: "expandedfoods:snakenugget-raw", quantity: 1 }, { type: "item", code: "expandedfoods:meatnugget-*-cured", quantity: 1 }, { type: "item", code: "expandedfoods:agedmeat-*-raw", quantity: 1 }]},
		{inputs: [{ type: "item", code: "game:salt", quantity: 1 }]}
	],
	output: { type: "item", code: "expandedfoods:acornbreadedball-raw", stackSize: 1}
 },
 {
	"enabled": false,
	ingredients: [
		{inputs: [{ type: "item", code: "game:honeyportion",  quantity: 1 }, { type: "item", code: "game:egg-chicken-raw",  quantity: 1 }, { type: "item", code: "expandedfoods:foodoilportion-*",  quantity: 1 }, { type: "item", code: "expandedfoods:treesyrupportion-*",  quantity: 1 }, { type: "item", code: "expandedfoods:fruitsyrupportion-*",  quantity: 1 }, { type: "item", code: "expandedfoods:lard",  quantity: 1 }, { type: "item", code: "expandedfoods:peanutliquid-butter",  quantity: 1 }, { type: "item", code: "expandedfoods:peanutliquid-sauce",  quantity: 1 }, { type: "item", code: "expandedfoods:wildfruitsyrupportion-*",  quantity: 1 }]},
		{inputs: [{ type: "item", code: "expandedfoods:acornbreadcrumbs-*", quantity: 1, name: "grain" }]},
		{inputs: [{ type: "item", code: "game:flour-*", quantity: 1 }, { type: "item", code: "acorns:flour-acorn", quantity: 1 }]},
		{inputs: [{ type: "item", code: "game:cheese-cheddar-1slice", quantity: 1 }, { type: "item", code: "game:cheese-blue-1slice", quantity: 1 }]},
	],
	output: { type: "item", code: "expandedfoods:acornbreadedball-raw", stackSize: 1}
 },
 {
	"enabled": false,
	ingredients: [
		{inputs: [{ type: "item", code: "game:honeyportion",  quantity: 1 }, { type: "item", code: "game:egg-chicken-raw",  quantity: 1 }, { type: "item", code: "expandedfoods:foodoilportion-*",  quantity: 1 }, { type: "item", code: "expandedfoods:treesyrupportion-*",  quantity: 1 }, { type: "item", code: "expandedfoods:fruitsyrupportion-*",  quantity: 1 }, { type: "item", code: "expandedfoods:lard",  quantity: 1 }, { type: "item", code: "expandedfoods:peanutliquid-butter",  quantity: 1 }, { type: "item", code: "expandedfoods:peanutliquid-sauce",  quantity: 1 }, { type: "item", code: "expandedfoods:wildfruitsyrupportion-*",  quantity: 1 }]},
		{inputs: [{ type: "item", code: "expandedfoods:acornbreadcrumbs-*", quantity: 1, name: "grain" }]},
		{inputs: [{ type: "item", code: "game:flour-*", quantity: 1 }, { type: "item", code: "acorns:flour-acorn", quantity: 1 }]},
		{inputs: [{ type: "item", code: "game:cheese-cheddar-1slice", quantity: 1 }, { type: "item", code: "game:cheese-blue-1slice", quantity: 1 }]},
		{inputs: [{ type: "item", code: "game:salt", quantity: 1 }]}
	],
	output: { type: "item", code: "expandedfoods:acornbreadedball-raw", stackSize: 1}
 },
 {
	"enabled": false,
	ingredients: [
		{inputs: [{ type: "item", code: "game:honeyportion",  quantity: 1 }, { type: "item", code: "game:egg-chicken-raw",  quantity: 1 }, { type: "item", code: "expandedfoods:foodoilportion-*",  quantity: 1 }, { type: "item", code: "expandedfoods:treesyrupportion-*",  quantity: 1 }, { type: "item", code: "expandedfoods:fruitsyrupportion-*",  quantity: 1 }, { type: "item", code: "expandedfoods:lard",  quantity: 1 }, { type: "item", code: "expandedfoods:peanutliquid-butter",  quantity: 1 }, { type: "item", code: "expandedfoods:peanutliquid-sauce",  quantity: 1 }, { type: "item", code: "expandedfoods:wildfruitsyrupportion-*",  quantity: 1 }]},
		{inputs: [{ type: "item", code: "expandedfoods:acornbreadcrumbs-*", quantity: 1, name: "grain" }]},
		{inputs: [{ type: "item", code: "game:flour-*", quantity: 1 }, { type: "item", code: "acorns:flour-acorn", quantity: 1 }]},
		{inputs: [{ type: "item", code: "game:grain-rice", quantity: 1 }]},
	],
	output: { type: "item", code: "expandedfoods:acornbreadedball-raw", stackSize: 1}
 },
 {
	"enabled": false,
	ingredients: [
		{inputs: [{ type: "item", code: "game:honeyportion",  quantity: 1 }, { type: "item", code: "game:egg-chicken-raw",  quantity: 1 }, { type: "item", code: "expandedfoods:foodoilportion-*",  quantity: 1 }, { type: "item", code: "expandedfoods:treesyrupportion-*",  quantity: 1 }, { type: "item", code: "expandedfoods:fruitsyrupportion-*",  quantity: 1 }, { type: "item", code: "expandedfoods:lard",  quantity: 1 }, { type: "item", code: "expandedfoods:peanutliquid-butter",  quantity: 1 }, { type: "item", code: "expandedfoods:peanutliquid-sauce",  quantity: 1 }, { type: "item", code: "expandedfoods:wildfruitsyrupportion-*",  quantity: 1 }]},
		{inputs: [{ type: "item", code: "expandedfoods:acornbreadcrumbs-*", quantity: 1, name: "grain" }]},
		{inputs: [{ type: "item", code: "game:flour-*", quantity: 1 }, { type: "item", code: "acorns:flour-acorn", quantity: 1 }]},
		{inputs: [{ type: "item", code: "game:grain-rice", quantity: 1 }]},
		{inputs: [{ type: "item", code: "game:salt", quantity: 1 }]}
	],
	output: { type: "item", code: "expandedfoods:acornbreadedball-raw", stackSize: 1}
 },
 {
	"enabled": false,
	ingredients: [
		{inputs: [{ type: "item", code: "game:honeyportion",  quantity: 1 }, { type: "item", code: "game:egg-chicken-raw",  quantity: 1 }, { type: "item", code: "expandedfoods:foodoilportion-*",  quantity: 1 }, { type: "item", code: "expandedfoods:treesyrupportion-*",  quantity: 1 }, { type: "item", code: "expandedfoods:fruitsyrupportion-*",  quantity: 1 }, { type: "item", code: "expandedfoods:lard",  quantity: 1 }, { type: "item", code: "expandedfoods:peanutliquid-butter",  quantity: 1 }, { type: "item", code: "expandedfoods:peanutliquid-sauce",  quantity: 1 }, { type: "item", code: "expandedfoods:wildfruitsyrupportion-*",  quantity: 1 }]},
		{inputs: [{ type: "item", code: "expandedfoods:acornbreadcrumbs-*", quantity: 1, name: "grain" }]},
		{inputs: [{ type: "item", code: "game:flour-*", quantity: 1 }, { type: "item", code: "acorns:flour-acorn", quantity: 1 }]},
		{inputs: [{ type: "item", code: "game:egg-chicken-boiled",  quantity: 1 }]},
	],
	output: { type: "item", code: "expandedfoods:acornbreadedball-raw", stackSize: 1}
 },
 {
	"enabled": false,
	ingredients: [
		{inputs: [{ type: "item", code: "game:honeyportion",  quantity: 1 }, { type: "item", code: "game:egg-chicken-raw",  quantity: 1 }, { type: "item", code: "expandedfoods:foodoilportion-*",  quantity: 1 }, { type: "item", code: "expandedfoods:treesyrupportion-*",  quantity: 1 }, { type: "item", code: "expandedfoods:fruitsyrupportion-*",  quantity: 1 }, { type: "item", code: "expandedfoods:lard",  quantity: 1 }, { type: "item", code: "expandedfoods:peanutliquid-butter",  quantity: 1 }, { type: "item", code: "expandedfoods:peanutliquid-sauce",  quantity: 1 }, { type: "item", code: "expandedfoods:wildfruitsyrupportion-*",  quantity: 1 }]},
		{inputs: [{ type: "item", code: "expandedfoods:acornbreadcrumbs-*", quantity: 1, name: "grain" }]},
		{inputs: [{ type: "item", code: "game:flour-*", quantity: 1 }, { type: "item", code: "acorns:flour-acorn", quantity: 1 }]},
		{inputs: [{ type: "item", code: "game:egg-chicken-boiled",  quantity: 1 }]},
		{inputs: [{ type: "item", code: "game:salt", quantity: 1 }]}
	],
	output: { type: "item", code: "expandedfoods:acornbreadedball-raw", stackSize: 1}
 },
 {
	"enabled": false,
  	ingredients: [
    		{inputs: [{ type: "item", code: "game:honeyportion",  quantity: 1 }, { type: "item", code: "game:egg-chicken-raw",  quantity: 1 }, { type: "item", code: "expandedfoods:foodoilportion-*",  quantity: 1 }, { type: "item", code: "expandedfoods:treesyrupportion-*",  quantity: 1 }, { type: "item", code: "expandedfoods:fruitsyrupportion-*",  quantity: 1 }, { type: "item", code: "expandedfoods:lard",  quantity: 1 }, { type: "item", code: "expandedfoods:peanutliquid-butter",  quantity: 1 }, { type: "item", code: "expandedfoods:peanutliquid-sauce",  quantity: 1 }, { type: "item", code: "expandedfoods:wildfruitsyrupportion-*",  quantity: 1 }]},
    		{inputs: [{ type: "item", code: "expandedfoods:breadcrumbs-*", quantity: 1, name: "grain" }]},
    		{inputs: [{ type: "item", code: "acorns:flour-acorn", quantity: 1 }]},
    		{inputs: [{ type: "item", code: "game:pickledvegetable-*", allowedVariants: ["cabbage", "bellpepper"], quantity: 1 }]},
  	],
  	output: { type: "item", code: "expandedfoods:breadedball-{grain}-raw", stackSize: 1}
 },
 {
	"enabled": false,
      	ingredients: [
    		{inputs: [{ type: "item", code: "game:honeyportion",  quantity: 1 }, { type: "item", code: "game:egg-chicken-raw",  quantity: 1 }, { type: "item", code: "expandedfoods:foodoilportion-*",  quantity: 1 }, { type: "item", code: "expandedfoods:treesyrupportion-*",  quantity: 1 }, { type: "item", code: "expandedfoods:fruitsyrupportion-*",  quantity: 1 }, { type: "item", code: "expandedfoods:lard",  quantity: 1 }, { type: "item", code: "expandedfoods:peanutliquid-butter",  quantity: 1 }, { type: "item", code: "expandedfoods:peanutliquid-sauce",  quantity: 1 }, { type: "item", code: "expandedfoods:wildfruitsyrupportion-*",  quantity: 1 }]},
    		{inputs: [{ type: "item", code: "expandedfoods:breadcrumbs-*", quantity: 1, name: "grain" }]},
    		{inputs: [{ type: "item", code: "acorns:flour-acorn", quantity: 1 }]},
		{inputs: [{ type: "item", code: "expandedfoods:choppedvegetable-*", allowedVariants: ["carrot", "onion", "turnip", "parsnip", "pumpkin", "cabbage", "bolete", "fieldmushroom", "flyagaric", "cassava", "papyrusroot", "cattailroot", "bellpepper"], quantity: 1 }]},
      	],
      	output: { type: "item", code: "expandedfoods:breadedball-{grain}-raw", stackSize: 1}
 },
 {
	"enabled": false,
  	ingredients: [
    		{inputs: [{ type: "item", code: "game:honeyportion",  quantity: 1 }, { type: "item", code: "game:egg-chicken-raw",  quantity: 1 }, { type: "item", code: "expandedfoods:foodoilportion-*",  quantity: 1 }, { type: "item", code: "expandedfoods:treesyrupportion-*",  quantity: 1 }, { type: "item", code: "expandedfoods:fruitsyrupportion-*",  quantity: 1 }, { type: "item", code: "expandedfoods:lard",  quantity: 1 }, { type: "item", code: "expandedfoods:peanutliquid-butter",  quantity: 1 }, { type: "item", code: "expandedfoods:peanutliquid-sauce",  quantity: 1 }, { type: "item", code: "expandedfoods:wildfruitsyrupportion-*",  quantity: 1 }]},
    		{inputs: [{ type: "item", code: "expandedfoods:breadcrumbs-*", quantity: 1, name: "grain" }]},
    		{inputs: [{ type: "item", code: "acorns:flour-acorn", quantity: 1 }]},
      		{inputs: [{ type: "item", code: "expandedfoods:choppedvegetable-*", allowedVariants: ["pickledcarrot", "pickledonion", "pickledturnip", "pickledparsnip", "pickledpumpkin"], quantity: 1 }]},
  	],
  	output: { type: "item", code: "expandedfoods:breadedball-{grain}-raw", stackSize: 1}
 },
 {
	"enabled": false,
  	ingredients: [
    		{inputs: [{ type: "item", code: "game:honeyportion",  quantity: 1 }, { type: "item", code: "game:egg-chicken-raw",  quantity: 1 }, { type: "item", code: "expandedfoods:foodoilportion-*",  quantity: 1 }, { type: "item", code: "expandedfoods:treesyrupportion-*",  quantity: 1 }, { type: "item", code: "expandedfoods:fruitsyrupportion-*",  quantity: 1 }, { type: "item", code: "expandedfoods:lard",  quantity: 1 }, { type: "item", code: "expandedfoods:peanutliquid-butter",  quantity: 1 }, { type: "item", code: "expandedfoods:peanutliquid-sauce",  quantity: 1 }, { type: "item", code: "expandedfoods:wildfruitsyrupportion-*",  quantity: 1 }]},
    		{inputs: [{ type: "item", code: "expandedfoods:breadcrumbs-*", quantity: 1, name: "grain" }]},
    		{inputs: [{ type: "item", code: "acorns:flour-acorn", quantity: 1 }]},
    		{inputs: [{ type: "item", code: "game:pickledvegetable-*", allowedVariants: ["cabbage", "bellpepper"], quantity: 1 }]},
    		{inputs: [{ type: "item", code: "game:salt", quantity: 1 }]}
  	],
  	output: { type: "item", code: "expandedfoods:breadedball-{grain}-raw", stackSize: 1}
 },
 {
	"enabled": false,
      	ingredients: [
    		{inputs: [{ type: "item", code: "game:honeyportion",  quantity: 1 }, { type: "item", code: "game:egg-chicken-raw",  quantity: 1 }, { type: "item", code: "expandedfoods:foodoilportion-*",  quantity: 1 }, { type: "item", code: "expandedfoods:treesyrupportion-*",  quantity: 1 }, { type: "item", code: "expandedfoods:fruitsyrupportion-*",  quantity: 1 }, { type: "item", code: "expandedfoods:lard",  quantity: 1 }, { type: "item", code: "expandedfoods:peanutliquid-butter",  quantity: 1 }, { type: "item", code: "expandedfoods:peanutliquid-sauce",  quantity: 1 }, { type: "item", code: "expandedfoods:wildfruitsyrupportion-*",  quantity: 1 }]},
    		{inputs: [{ type: "item", code: "expandedfoods:breadcrumbs-*", quantity: 1, name: "grain" }]},
    		{inputs: [{ type: "item", code: "acorns:flour-acorn", quantity: 1 }]},
		    {inputs: [{ type: "item", code: "expandedfoods:choppedvegetable-*", allowedVariants: ["carrot", "onion", "turnip", "parsnip", "pumpkin", "cabbage", "bolete", "fieldmushroom", "flyagaric", "cassava", "papyrusroot", "cattailroot", "bellpepper"], quantity: 1 }]},
    		{inputs: [{ type: "item", code: "game:salt", quantity: 1 }]}
      	],
      	output: { type: "item", code: "expandedfoods:breadedball-{grain}-raw", stackSize: 1}
 },
 {
	"enabled": false,
  	ingredients: [
    		{inputs: [{ type: "item", code: "game:honeyportion",  quantity: 1 }, { type: "item", code: "game:egg-chicken-raw",  quantity: 1 }, { type: "item", code: "expandedfoods:foodoilportion-*",  quantity: 1 }, { type: "item", code: "expandedfoods:treesyrupportion-*",  quantity: 1 }, { type: "item", code: "expandedfoods:fruitsyrupportion-*",  quantity: 1 }, { type: "item", code: "expandedfoods:lard",  quantity: 1 }, { type: "item", code: "expandedfoods:peanutliquid-butter",  quantity: 1 }, { type: "item", code: "expandedfoods:peanutliquid-sauce",  quantity: 1 }, { type: "item", code: "expandedfoods:wildfruitsyrupportion-*",  quantity: 1 }]},
    		{inputs: [{ type: "item", code: "expandedfoods:breadcrumbs-*", quantity: 1, name: "grain" }]},
    		{inputs: [{ type: "item", code: "acorns:flour-acorn", quantity: 1 }]},
      		{inputs: [{ type: "item", code: "expandedfoods:choppedvegetable-*", allowedVariants: ["pickledcarrot", "pickledonion", "pickledturnip", "pickledparsnip", "pickledpumpkin"], quantity: 1 }]},
    		{inputs: [{ type: "item", code: "game:salt", quantity: 1 }]}
  	],
  	output: { type: "item", code: "expandedfoods:breadedball-{grain}-raw", stackSize: 1}
 },
 {
	"enabled": false,
  	ingredients: [
    		{inputs: [{ type: "item", code: "game:honeyportion",  quantity: 1 }, { type: "item", code: "game:egg-chicken-raw",  quantity: 1 }, { type: "item", code: "expandedfoods:foodoilportion-*",  quantity: 1 }, { type: "item", code: "expandedfoods:treesyrupportion-*",  quantity: 1 }, { type: "item", code: "expandedfoods:fruitsyrupportion-*",  quantity: 1 }, { type: "item", code: "expandedfoods:lard",  quantity: 1 }, { type: "item", code: "expandedfoods:peanutliquid-butter",  quantity: 1 }, { type: "item", code: "expandedfoods:peanutliquid-sauce",  quantity: 1 }, { type: "item", code: "expandedfoods:wildfruitsyrupportion-*",  quantity: 1 }]},
    		{inputs: [{ type: "item", code: "expandedfoods:breadcrumbs-*", quantity: 1, name: "grain" }]},
    		{inputs: [{ type: "item", code: "acorns:flour-acorn", quantity: 1 }]},
    		{inputs: [{ type: "item", code: "expandedfoods:meatnugget-*-raw", quantity: 1 }, { type: "item", code: "expandedfoods:fishnugget-raw", quantity: 1}, { type: "item", code: "expandedfoods:crabnugget-raw", quantity: 1 }, { type: "item", code: "expandedfoods:snakenugget-raw", quantity: 1 }, { type: "item", code: "expandedfoods:meatnugget-*-cured", quantity: 1 }, { type: "item", code: "expandedfoods:agedmeat-*-raw", quantity: 1 }]},
  	],
  	output: { type: "item", code: "expandedfoods:breadedball-{grain}-raw", stackSize: 1}
 },
 {
	"enabled": false,
  	ingredients: [
    		{inputs: [{ type: "item", code: "game:honeyportion",  quantity: 1 }, { type: "item", code: "game:egg-chicken-raw",  quantity: 1 }, { type: "item", code: "expandedfoods:foodoilportion-*",  quantity: 1 }, { type: "item", code: "expandedfoods:treesyrupportion-*",  quantity: 1 }, { type: "item", code: "expandedfoods:fruitsyrupportion-*",  quantity: 1 }, { type: "item", code: "expandedfoods:lard",  quantity: 1 }, { type: "item", code: "expandedfoods:peanutliquid-butter",  quantity: 1 }, { type: "item", code: "expandedfoods:peanutliquid-sauce",  quantity: 1 }, { type: "item", code: "expandedfoods:wildfruitsyrupportion-*",  quantity: 1 }]},
    		{inputs: [{ type: "item", code: "expandedfoods:breadcrumbs-*", quantity: 1, name: "grain" }]},
    		{inputs: [{ type: "item", code: "acorns:flour-acorn", quantity: 1 }]},
    		{inputs: [{ type: "item", code: "expandedfoods:meatnugget-*-raw", quantity: 1 }, { type: "item", code: "expandedfoods:fishnugget-raw", quantity: 1}, { type: "item", code: "expandedfoods:crabnugget-raw", quantity: 1 }, { type: "item", code: "expandedfoods:snakenugget-raw", quantity: 1 }, { type: "item", code: "expandedfoods:meatnugget-*-cured", quantity: 1 }, { type: "item", code: "expandedfoods:agedmeat-*-raw", quantity: 1 }]},
    		{inputs: [{ type: "item", code: "game:salt", quantity: 1 }]}
  	],
  	output: { type: "item", code: "expandedfoods:breadedball-{grain}-raw", stackSize: 1}
 },
 {
	"enabled": false,
  	ingredients: [
    		{inputs: [{ type: "item", code: "game:honeyportion",  quantity: 1 }, { type: "item", code: "game:egg-chicken-raw",  quantity: 1 }, { type: "item", code: "expandedfoods:foodoilportion-*",  quantity: 1 }, { type: "item", code: "expandedfoods:treesyrupportion-*",  quantity: 1 }, { type: "item", code: "expandedfoods:fruitsyrupportion-*",  quantity: 1 }, { type: "item", code: "expandedfoods:lard",  quantity: 1 }, { type: "item", code: "expandedfoods:peanutliquid-butter",  quantity: 1 }, { type: "item", code: "expandedfoods:peanutliquid-sauce",  quantity: 1 }, { type: "item", code: "expandedfoods:wildfruitsyrupportion-*",  quantity: 1 }]},
    		{inputs: [{ type: "item", code: "expandedfoods:breadcrumbs-*", quantity: 1, name: "grain" }]},
    		{inputs: [{ type: "item", code: "acorns:flour-acorn", quantity: 1 }]},
    		{inputs: [{ type: "item", code: "game:cheese-cheddar-1slice", quantity: 1 }, { type: "item", code: "game:cheese-blue-1slice", quantity: 1 }]},
  	],
  	output: { type: "item", code: "expandedfoods:breadedball-{grain}-raw", stackSize: 1}
 },
 {
	"enabled": false,
  	ingredients: [
    		{inputs: [{ type: "item", code: "game:honeyportion",  quantity: 1 }, { type: "item", code: "game:egg-chicken-raw",  quantity: 1 }, { type: "item", code: "expandedfoods:foodoilportion-*",  quantity: 1 }, { type: "item", code: "expandedfoods:treesyrupportion-*",  quantity: 1 }, { type: "item", code: "expandedfoods:fruitsyrupportion-*",  quantity: 1 }, { type: "item", code: "expandedfoods:lard",  quantity: 1 }, { type: "item", code: "expandedfoods:peanutliquid-butter",  quantity: 1 }, { type: "item", code: "expandedfoods:peanutliquid-sauce",  quantity: 1 }, { type: "item", code: "expandedfoods:wildfruitsyrupportion-*",  quantity: 1 }]},
    		{inputs: [{ type: "item", code: "expandedfoods:breadcrumbs-*", quantity: 1, name: "grain" }]},
    		{inputs: [{ type: "item", code: "acorns:flour-acorn", quantity: 1 }]},
    		{inputs: [{ type: "item", code: "game:cheese-cheddar-1slice", quantity: 1 }, { type: "item", code: "game:cheese-blue-1slice", quantity: 1 }]},
    		{inputs: [{ type: "item", code: "game:salt", quantity: 1 }]}
  	],
  	output: { type: "item", code: "expandedfoods:breadedball-{grain}-raw", stackSize: 1}
 },
 {
	"enabled": false,
  	ingredients: [
    		{inputs: [{ type: "item", code: "game:honeyportion",  quantity: 1 }, { type: "item", code: "game:egg-chicken-raw",  quantity: 1 }, { type: "item", code: "expandedfoods:foodoilportion-*",  quantity: 1 }, { type: "item", code: "expandedfoods:treesyrupportion-*",  quantity: 1 }, { type: "item", code: "expandedfoods:fruitsyrupportion-*",  quantity: 1 }, { type: "item", code: "expandedfoods:lard",  quantity: 1 }, { type: "item", code: "expandedfoods:peanutliquid-butter",  quantity: 1 }, { type: "item", code: "expandedfoods:peanutliquid-sauce",  quantity: 1 }, { type: "item", code: "expandedfoods:wildfruitsyrupportion-*",  quantity: 1 }]},
    		{inputs: [{ type: "item", code: "expandedfoods:breadcrumbs-*", quantity: 1, name: "grain" }]},
    		{inputs: [{ type: "item", code: "acorns:flour-acorn", quantity: 1 }]},
    		{inputs: [{ type: "item", code: "game:grain-rice", quantity: 1 }]},
  	],
  	output: { type: "item", code: "expandedfoods:breadedball-{grain}-raw", stackSize: 1}
 },
 {
	"enabled": false,
  	ingredients: [
    		{inputs: [{ type: "item", code: "game:honeyportion",  quantity: 1 }, { type: "item", code: "game:egg-chicken-raw",  quantity: 1 }, { type: "item", code: "expandedfoods:foodoilportion-*",  quantity: 1 }, { type: "item", code: "expandedfoods:treesyrupportion-*",  quantity: 1 }, { type: "item", code: "expandedfoods:fruitsyrupportion-*",  quantity: 1 }, { type: "item", code: "expandedfoods:lard",  quantity: 1 }, { type: "item", code: "expandedfoods:peanutliquid-butter",  quantity: 1 }, { type: "item", code: "expandedfoods:peanutliquid-sauce",  quantity: 1 }, { type: "item", code: "expandedfoods:wildfruitsyrupportion-*",  quantity: 1 }]},
    		{inputs: [{ type: "item", code: "expandedfoods:breadcrumbs-*", quantity: 1, name: "grain" }]},
    		{inputs: [{ type: "item", code: "acorns:flour-acorn", quantity: 1 }]},
    		{inputs: [{ type: "item", code: "game:grain-rice", quantity: 1 }]},
    		{inputs: [{ type: "item", code: "game:salt", quantity: 1 }]}
  	],
  	output: { type: "item", code: "expandedfoods:breadedball-{grain}-raw", stackSize: 1}
 },
 {
	"enabled": false,
  	ingredients: [
    		{inputs: [{ type: "item", code: "game:honeyportion",  quantity: 1 }, { type: "item", code: "game:egg-chicken-raw",  quantity: 1 }, { type: "item", code: "expandedfoods:foodoilportion-*",  quantity: 1 }, { type: "item", code: "expandedfoods:treesyrupportion-*",  quantity: 1 }, { type: "item", code: "expandedfoods:fruitsyrupportion-*",  quantity: 1 }, { type: "item", code: "expandedfoods:lard",  quantity: 1 }, { type: "item", code: "expandedfoods:peanutliquid-butter",  quantity: 1 }, { type: "item", code: "expandedfoods:peanutliquid-sauce",  quantity: 1 }, { type: "item", code: "expandedfoods:wildfruitsyrupportion-*",  quantity: 1 }]},
    		{inputs: [{ type: "item", code: "expandedfoods:breadcrumbs-*", quantity: 1, name: "grain" }]},
    		{inputs: [{ type: "item", code: "acorns:flour-acorn", quantity: 1 }]},
    		{inputs: [{ type: "item", code: "game:egg-chicken-boiled",  quantity: 1 }]},
  	],
  	output: { type: "item", code: "expandedfoods:breadedball-{grain}-raw", stackSize: 1}
 },
 {
	"enabled": false,
  	ingredients: [
    		{inputs: [{ type: "item", code: "game:honeyportion",  quantity: 1 }, { type: "item", code: "game:egg-chicken-raw",  quantity: 1 }, { type: "item", code: "expandedfoods:foodoilportion-*",  quantity: 1 }, { type: "item", code: "expandedfoods:treesyrupportion-*",  quantity: 1 }, { type: "item", code: "expandedfoods:fruitsyrupportion-*",  quantity: 1 }, { type: "item", code: "expandedfoods:lard",  quantity: 1 }, { type: "item", code: "expandedfoods:peanutliquid-butter",  quantity: 1 }, { type: "item", code: "expandedfoods:peanutliquid-sauce",  quantity: 1 }, { type: "item", code: "expandedfoods:wildfruitsyrupportion-*",  quantity: 1 }]},
    		{inputs: [{ type: "item", code: "expandedfoods:breadcrumbs-*", quantity: 1, name: "grain" }]},
    		{inputs: [{ type: "item", code: "acorns:flour-acorn", quantity: 1 }]},
    		{inputs: [{ type: "item", code: "game:egg-chicken-boiled",  quantity: 1 }]},
    		{inputs: [{ type: "item", code: "game:salt", quantity: 1 }]}
  	],
  	output: { type: "item", code: "expandedfoods:breadedball-{grain}-raw", stackSize: 1}
 },
 {
	"enabled": false,
	ingredients: [
		{inputs: [{ type: "item", code: "game:honeyportion",  quantity: 1 }, { type: "item", code: "game:egg-chicken-raw",  quantity: 1 }, { type: "item", code: "expandedfoods:foodoilportion-*",  quantity: 1 }, { type: "item", code: "expandedfoods:treesyrupportion-*",  quantity: 1 }, { type: "item", code: "expandedfoods:fruitsyrupportion-*",  quantity: 1 }, { type: "item", code: "expandedfoods:lard",  quantity: 1 }, { type: "item", code: "expandedfoods:peanutliquid-butter",  quantity: 1 }, { type: "item", code: "expandedfoods:peanutliquid-sauce",  quantity: 1 }, { type: "item", code: "expandedfoods:wildfruitsyrupportion-*",  quantity: 1 }]},
		{inputs: [{ type: "item", code: "expandedfoods:acornbreadcrumbs-*", quantity: 1, name: "grain" }]},
		{inputs: [{ type: "item", code: "game:flour-*", quantity: 1 }, { type: "item", code: "acorns:flour-acorn", quantity: 1 }]},
    		{inputs: [{ type: "item", code: "wildcraft:minerslettuce", quantity: 1 }]},
	],
	output: { type: "item", code: "expandedfoods:acornbreadedball-raw", stackSize: 1}
 },
 {
	"enabled": false,
	ingredients: [
		{inputs: [{ type: "item", code: "game:honeyportion",  quantity: 1 }, { type: "item", code: "game:egg-chicken-raw",  quantity: 1 }, { type: "item", code: "expandedfoods:foodoilportion-*",  quantity: 1 }, { type: "item", code: "expandedfoods:treesyrupportion-*",  quantity: 1 }, { type: "item", code: "expandedfoods:fruitsyrupportion-*",  quantity: 1 }, { type: "item", code: "expandedfoods:lard",  quantity: 1 }, { type: "item", code: "expandedfoods:peanutliquid-butter",  quantity: 1 }, { type: "item", code: "expandedfoods:peanutliquid-sauce",  quantity: 1 }, { type: "item", code: "expandedfoods:wildfruitsyrupportion-*",  quantity: 1 }]},
		{inputs: [{ type: "item", code: "expandedfoods:acornbreadcrumbs-*", quantity: 1, name: "grain" }]},
		{inputs: [{ type: "item", code: "game:flour-*", quantity: 1 }, { type: "item", code: "acorns:flour-acorn", quantity: 1 }]},
    		{inputs: [{ type: "item", code: "wildcraft:minerslettuce", quantity: 1 }]},
		{inputs: [{ type: "item", code: "game:salt", quantity: 1 }]}
	],
	output: { type: "item", code: "expandedfoods:acornbreadedball-raw", stackSize: 1}
 },
 {
	"enabled": false,
  	ingredients: [
    		{inputs: [{ type: "item", code: "game:honeyportion",  quantity: 1 }, { type: "item", code: "game:egg-chicken-raw",  quantity: 1 }, { type: "item", code: "expandedfoods:foodoilportion-*",  quantity: 1 }, { type: "item", code: "expandedfoods:treesyrupportion-*",  quantity: 1 }, { type: "item", code: "expandedfoods:fruitsyrupportion-*",  quantity: 1 }, { type: "item", code: "expandedfoods:lard",  quantity: 1 }, { type: "item", code: "expandedfoods:peanutliquid-butter",  quantity: 1 }, { type: "item", code: "expandedfoods:peanutliquid-sauce",  quantity: 1 }, { type: "item", code: "expandedfoods:wildfruitsyrupportion-*",  quantity: 1 }]},
    		{inputs: [{ type: "item", code: "expandedfoods:breadcrumbs-*", quantity: 1, name: "grain" }]},
    		{inputs: [{ type: "item", code: "acorns:flour-acorn", quantity: 1 }]},
    		{inputs: [{ type: "item", code: "wildcraft:minerslettuce", quantity: 1 }]},
  	],
  	output: { type: "item", code: "expandedfoods:breadedball-{grain}-raw", stackSize: 1}
 },
 {
	"enabled": false,
  	ingredients: [
    		{inputs: [{ type: "item", code: "game:honeyportion",  quantity: 1 }, { type: "item", code: "game:egg-chicken-raw",  quantity: 1 }, { type: "item", code: "expandedfoods:foodoilportion-*",  quantity: 1 }, { type: "item", code: "expandedfoods:treesyrupportion-*",  quantity: 1 }, { type: "item", code: "expandedfoods:fruitsyrupportion-*",  quantity: 1 }, { type: "item", code: "expandedfoods:lard",  quantity: 1 }, { type: "item", code: "expandedfoods:peanutliquid-butter",  quantity: 1 }, { type: "item", code: "expandedfoods:peanutliquid-sauce",  quantity: 1 }, { type: "item", code: "expandedfoods:wildfruitsyrupportion-*",  quantity: 1 }]},
    		{inputs: [{ type: "item", code: "expandedfoods:breadcrumbs-*", quantity: 1, name: "grain" }]},
    		{inputs: [{ type: "item", code: "acorns:flour-acorn", quantity: 1 }]},
    		{inputs: [{ type: "item", code: "wildcraft:minerslettuce", quantity: 1 }]},
    		{inputs: [{ type: "item", code: "game:salt", quantity: 1 }]}
  	],
  	output: { type: "item", code: "expandedfoods:breadedball-{grain}-raw", stackSize: 1}
 },
]