[
 {
	"enabled": false,
	ingredients: [
		{inputs: [{ type: "item", code: "expandedfoods:wildfruitsyrupportion-*",  quantity: 1 }]},
		{inputs: [{ type: "item", code: "expandedfoods:acornbreadcrumbs-*", quantity: 1  }]},
		{inputs: [{ type: "item", code: "game:flour-*", quantity: 1 }, { type: "item", code: "acorns:flour-acorn", quantity: 1 }]},
		{inputs: [{ type: "item", code: "expandedfoods:meatnugget-*-smashed", quantity: 1, name: "meat" }]},
	],
	output: { type: "item", code: "expandedfoods:acornbreadedmeatnugget-{meat}-smashed", stackSize: 1}
 },
 {
	"enabled": false,
	ingredients: [
		{inputs: [{ type: "item", code: "expandedfoods:wildfruitsyrupportion-*",  quantity: 1 }]},
		{inputs: [{ type: "item", code: "expandedfoods:acornbreadcrumbs-*", quantity: 1  }]},
		{inputs: [{ type: "item", code: "game:flour-*", quantity: 1 }, { type: "item", code: "acorns:flour-acorn", quantity: 1 }]},
		{inputs: [{ type: "item", code: "expandedfoods:meatnugget-*-smashed", quantity: 1, name: "meat"  }]},
		{inputs: [{ type: "item", code: "game:salt", quantity: 1 }]}
	],
	output: { type: "item", code: "expandedfoods:acornbreadedmeatnugget-{meat}-smashed", stackSize: 1}
 },
 {
	"enabled": false,
	ingredients: [
		{inputs: [{ type: "item", code: "expandedfoods:wildfruitsyrupportion-*",  quantity: 1 }]},
		{inputs: [{ type: "item", code: "expandedfoods:acornbreadcrumbs-*", quantity: 1  }]},
		{inputs: [{ type: "item", code: "game:flour-*", quantity: 1 }, { type: "item", code: "acorns:flour-acorn", quantity: 1 }]},
		{inputs: [{ type: "item", code: "game:bushmeat-cured", quantity: 1 }]},
	],
	output: { type: "item", code: "expandedfoods:acornbreadedmeatnugget-bushmeat-smashed", stackSize: 1}
 },
 {
	"enabled": false,
	ingredients: [
		{inputs: [{ type: "item", code: "expandedfoods:wildfruitsyrupportion-*",  quantity: 1 }]},
		{inputs: [{ type: "item", code: "expandedfoods:acornbreadcrumbs-*", quantity: 1  }]},
		{inputs: [{ type: "item", code: "game:flour-*", quantity: 1 }, { type: "item", code: "acorns:flour-acorn", quantity: 1 }]},
		{inputs: [{ type: "item", code: "game:bushmeat-cured", quantity: 1 }]},
		{inputs: [{ type: "item", code: "game:salt", quantity: 1 }]}
	],
	output: { type: "item", code: "expandedfoods:acornbreadedmeatnugget-bushmeat-smashed", stackSize: 1}
 },
 {
	"enabled": false,
	ingredients: [
		{inputs: [{ type: "item", code: "expandedfoods:wildfruitsyrupportion-*",  quantity: 1 }]},
		{inputs: [{ type: "item", code: "expandedfoods:acornbreadcrumbs-*", quantity: 1  }]},
		{inputs: [{ type: "item", code: "game:flour-*", quantity: 1 }, { type: "item", code: "acorns:flour-acorn", quantity: 1 }]},
		{inputs: [{ type: "item", code: "game:poultry-cured", quantity: 1 }]},
	],
	output: { type: "item", code: "expandedfoods:acornbreadedmeatnugget-poultry-smashed", stackSize: 1}
 },
 {
	"enabled": false,
	ingredients: [
		{inputs: [{ type: "item", code: "expandedfoods:wildfruitsyrupportion-*",  quantity: 1 }]},
		{inputs: [{ type: "item", code: "expandedfoods:acornbreadcrumbs-*", quantity: 1  }]},
		{inputs: [{ type: "item", code: "game:flour-*", quantity: 1 }, { type: "item", code: "acorns:flour-acorn", quantity: 1 }]},
		{inputs: [{ type: "item", code: "game:poultry-cured", quantity: 1 }]},
		{inputs: [{ type: "item", code: "game:salt", quantity: 1 }]}
	],
	output: { type: "item", code: "expandedfoods:acornbreadedmeatnugget-poultry-smashed", stackSize: 1}
 },
 {
	"enabled": false,
	ingredients: [
		{inputs: [{ type: "item", code: "expandedfoods:wildfruitsyrupportion-*",  quantity: 1 }]},
		{inputs: [{ type: "item", code: "expandedfoods:acornbreadcrumbs-*", quantity: 1  }]},
		{inputs: [{ type: "item", code: "game:flour-*", quantity: 1 }, { type: "item", code: "acorns:flour-acorn", quantity: 1 }]},
		{inputs: [{ type: "item", code: "game:redmeat-cured", quantity: 1 }]},
	],
	output: { type: "item", code: "expandedfoods:acornbreadedmeatnugget-redmeat-smashed", stackSize: 1}
 },
 {
	"enabled": false,
	ingredients: [
		{inputs: [{ type: "item", code: "expandedfoods:wildfruitsyrupportion-*",  quantity: 1 }]},
		{inputs: [{ type: "item", code: "expandedfoods:acornbreadcrumbs-*", quantity: 1  }]},
		{inputs: [{ type: "item", code: "game:flour-*", quantity: 1 }, { type: "item", code: "acorns:flour-acorn", quantity: 1 }]},
		{inputs: [{ type: "item", code: "game:redmeat-cured", quantity: 1 }]},
		{inputs: [{ type: "item", code: "game:salt", quantity: 1 }]}
	],
	output: { type: "item", code: "expandedfoods:acornbreadedmeatnugget-redmeat-smashed", stackSize: 1}
 },
 {
	"enabled": false,
  	ingredients: [
		{inputs: [{ type: "item", code: "expandedfoods:wildfruitsyrupportion-*",  quantity: 1 }]},
		{inputs: [{ type: "item", code: "expandedfoods:breadcrumbs-*", quantity: 1, name: "grain"  }]},
    		{inputs: [{ type: "item", code: "acorns:flour-acorn", quantity: 1 }]},
    		{inputs: [{ type: "item", code: "expandedfoods:meatnugget-*-smashed", quantity: 1, name: "meat"  }]},
  	],
  	output: { type: "item", code: "expandedfoods:breadedmeatnugget-{grain}-{meat}-smashed", stackSize: 1}
 },
 {
	"enabled": false,
  	ingredients: [
		{inputs: [{ type: "item", code: "expandedfoods:wildfruitsyrupportion-*",  quantity: 1 }]},
		{inputs: [{ type: "item", code: "expandedfoods:breadcrumbs-*", quantity: 1, name: "grain"  }]},
    		{inputs: [{ type: "item", code: "acorns:flour-acorn", quantity: 1 }]},
    		{inputs: [{ type: "item", code: "expandedfoods:meatnugget-*-smashed", quantity: 1, name: "meat"  }]},
    		{inputs: [{ type: "item", code: "game:salt", quantity: 1 }]}
  	],
  	output: { type: "item", code: "expandedfoods:breadedmeatnugget-{grain}-{meat}-smashed", stackSize: 1}
 },
 {
	"enabled": false,
  	ingredients: [
		{inputs: [{ type: "item", code: "expandedfoods:wildfruitsyrupportion-*",  quantity: 1 }]},
		{inputs: [{ type: "item", code: "expandedfoods:breadcrumbs-*", quantity: 1, name: "grain"  }]},
    		{inputs: [{ type: "item", code: "acorns:flour-acorn", quantity: 1 }]},
    		{inputs: [{ type: "item", code: "game:bushmeat-cured", quantity: 1 }]},
  	],
  	output: { type: "item", code: "expandedfoods:breadedmeatnugget-{grain}-bushmeat-smashed", stackSize: 1}
 },
 {
	"enabled": false,
  	ingredients: [
		{inputs: [{ type: "item", code: "expandedfoods:wildfruitsyrupportion-*",  quantity: 1 }]},
		{inputs: [{ type: "item", code: "expandedfoods:breadcrumbs-*", quantity: 1, name: "grain"  }]},
    		{inputs: [{ type: "item", code: "acorns:flour-acorn", quantity: 1 }]},
    		{inputs: [{ type: "item", code: "game:bushmeat-cured", quantity: 1 }]},
    		{inputs: [{ type: "item", code: "game:salt", quantity: 1 }]}
  	],
  	output: { type: "item", code: "expandedfoods:breadedmeatnugget-{grain}-bushmeat-smashed", stackSize: 1}
 },
 {
	"enabled": false,
  	ingredients: [
		{inputs: [{ type: "item", code: "expandedfoods:wildfruitsyrupportion-*",  quantity: 1 }]},
		{inputs: [{ type: "item", code: "expandedfoods:breadcrumbs-*", quantity: 1, name: "grain"  }]},
    		{inputs: [{ type: "item", code: "acorns:flour-acorn", quantity: 1 }]},
    		{inputs: [{ type: "item", code: "game:poultry-cured", quantity: 1 }]},
  	],
  	output: { type: "item", code: "expandedfoods:breadedmeatnugget-{grain}-poultry-smashed", stackSize: 1}
 },
 {
	"enabled": false,
  	ingredients: [
		{inputs: [{ type: "item", code: "expandedfoods:wildfruitsyrupportion-*",  quantity: 1 }]},
		{inputs: [{ type: "item", code: "expandedfoods:breadcrumbs-*", quantity: 1, name: "grain"  }]},
    		{inputs: [{ type: "item", code: "acorns:flour-acorn", quantity: 1 }]},
    		{inputs: [{ type: "item", code: "game:poultry-cured", quantity: 1 }]},
    		{inputs: [{ type: "item", code: "game:salt", quantity: 1 }]}
  	],
  	output: { type: "item", code: "expandedfoods:breadedmeatnugget-{grain}-poultry-smashed", stackSize: 1}
 },
 {
	"enabled": false,
  	ingredients: [
		{inputs: [{ type: "item", code: "expandedfoods:wildfruitsyrupportion-*",  quantity: 1 }]},
		{inputs: [{ type: "item", code: "expandedfoods:breadcrumbs-*", quantity: 1, name: "grain"  }]},
    		{inputs: [{ type: "item", code: "acorns:flour-acorn", quantity: 1 }]},
    		{inputs: [{ type: "item", code: "game:redmeat-cured", quantity: 1 }]},
  	],
  	output: { type: "item", code: "expandedfoods:breadedmeatnugget-{grain}-redmeat-smashed", stackSize: 1}
 },
 {
	"enabled": false,
  	ingredients: [
		{inputs: [{ type: "item", code: "expandedfoods:wildfruitsyrupportion-*",  quantity: 1 }]},
		{inputs: [{ type: "item", code: "expandedfoods:breadcrumbs-*", quantity: 1, name: "grain"  }]},
    		{inputs: [{ type: "item", code: "acorns:flour-acorn", quantity: 1 }]},
    		{inputs: [{ type: "item", code: "game:redmeat-cured", quantity: 1 }]},
    		{inputs: [{ type: "item", code: "game:salt", quantity: 1 }]}
  	],
  	output: { type: "item", code: "expandedfoods:breadedmeatnugget-{grain}-redmeat-smashed", stackSize: 1}
 },
 {
	"enabled": false,
	ingredients: [
		{inputs: [{ type: "item", code: "expandedfoods:wildfruitsyrupportion-*",  quantity: 1 }]},
		{inputs: [{ type: "item", code: "expandedfoods:acornbreadcrumbs-*", quantity: 1  }]},
		{inputs: [{ type: "item", code: "game:flour-*", quantity: 1 }, { type: "item", code: "acorns:flour-acorn", quantity: 1 }]},
		{inputs: [{ type: "item", code: "expandedfoods:agedmeat-*-cut", quantity: 1, name: "meat" }]},
	],
	output: { type: "item", code: "expandedfoods:acornbreadedmeatnugget-{meat}-smashed", stackSize: 1}
 },
 {
	"enabled": false,
	ingredients: [
		{inputs: [{ type: "item", code: "expandedfoods:wildfruitsyrupportion-*",  quantity: 1 }]},
		{inputs: [{ type: "item", code: "expandedfoods:acornbreadcrumbs-*", quantity: 1  }]},
		{inputs: [{ type: "item", code: "game:flour-*", quantity: 1 }, { type: "item", code: "acorns:flour-acorn", quantity: 1 }]},
		{inputs: [{ type: "item", code: "expandedfoods:agedmeat-*-cut", quantity: 1, name: "meat" }]},
		{inputs: [{ type: "item", code: "game:salt", quantity: 1 }]}
	],
	output: { type: "item", code: "expandedfoods:acornbreadedmeatnugget-{meat}-smashed", stackSize: 1}
 },
 {
	"enabled": false,
  	ingredients: [
		{inputs: [{ type: "item", code: "expandedfoods:wildfruitsyrupportion-*",  quantity: 1 }]},
		{inputs: [{ type: "item", code: "expandedfoods:breadcrumbs-*", quantity: 1, name: "grain"  }]},
    		{inputs: [{ type: "item", code: "acorns:flour-acorn", quantity: 1 }]},
    		{inputs: [{ type: "item", code: "expandedfoods:agedmeat-*-cut", quantity: 1, name: "meat" }]},
  	],
  	output: { type: "item", code: "expandedfoods:breadedmeatnugget-{grain}-{meat}-smashed", stackSize: 1}
 },
 {
	"enabled": false,
  	ingredients: [
		{inputs: [{ type: "item", code: "expandedfoods:wildfruitsyrupportion-*",  quantity: 1 }]},
		{inputs: [{ type: "item", code: "expandedfoods:breadcrumbs-*", quantity: 1, name: "grain"  }]},
    		{inputs: [{ type: "item", code: "acorns:flour-acorn", quantity: 1 }]},
    		{inputs: [{ type: "item", code: "expandedfoods:agedmeat-*-cut", quantity: 1, name: "meat" }]},
    		{inputs: [{ type: "item", code: "game:salt", quantity: 1 }]}
  	],
  	output: { type: "item", code: "expandedfoods:breadedmeatnugget-{grain}-{meat}-smashed", stackSize: 1}
 },
]

