{
	"code": "bearhide",
	"class": "blockhide",
	"behaviors": [ { "name": "Unstable" } ],
	"variantgroups": [
		{
			"code": "species",
			"states": [ "black1","brown1","brown2","brown3","panda1","polar1","sun1" ]
		},
		{
			"code": "type",
			"states": [ "male", "female" ]
		},
		{
			"code": "dir",
			"states": [
				"north",
				"northeast",
				"east",
				"southeast",
				"south",
				"southwest",
				"west",
				"northwest"
			]
		}
	],
	"drops": [
		{
			"type": "item",
			"code": "game:hide-pelt-huge",
			"quantity": { "avg": 1 }
		}
	],
	"shapebytype": {
		"*-north": {
			"base": "block/hide/bearhide",
			"rotateY": 270
		},
		"*-northeast": {
			"base": "block/hide/bearhide",
			"rotateY": 225
		},
		"*-east": {
			"base": "block/hide/bearhide",
			"rotateY": 180
		},
		"*-southeast": {
			"base": "block/hide/bearhide",
			"rotateY": 135
		},
		"*-south": {
			"base": "block/hide/bearhide",
			"rotateY": 90
		},
		"*-southwest": {
			"base": "block/hide/bearhide",
			"rotateY": 45
		},
		"*-west": {
			"base": "block/hide/bearhide",
			"rotateY": 0
		},
		"*-northwest": {
			"base": "block/hide/bearhide",
			"rotateY": 315
		}
	},
	"sidesolid": { "all": false },
	"sideopaque": { "all": false },
	"blockmaterial": "Cloth",
	"creativeinventory": {
		"general": [ "*-{species}-{type}-north" ],
		"decorative": [ "*-{species}-{type}-north" ],
		"primitive": [ "*-{species}-{type}-north" ]
	},
	"replaceable": 5200,
	"resistance": 0.5,
	"vertexFlags": {
		"zOffset": 5
	},
	"lightAbsorption": 0,
	"texturesByType": {
		"*": {
			"normal": {
				"base": "game:entity/bear/{species}"
			}
		}
	},
	"selectionBox": {
		"x1": 0,
		"y1": 0,
		"z1": 0,
		"x2": 1,
		"y2": 0.3,
		"z2": 1
	},

	"collisionbox": null,
	"combustibleProps": {
		"burnTemperature": 400,
		"burnDuration": 10
	},
	"sounds": {
		"place": "game:block/cloth",
		"walk": "game:walk/cloth"
	},
	"guiTransform": {
		"translation": {
			"x": 0,
			"y": 3,
			"z": 0
		},
		"origin": {
			"x": 0.5,
			"y": 0.0625,
			"z": 0.5
		},
		"scale": 0.58
	},
	"groundTransform": {
		"translation": {
			"x": 0,
			"y": 0,
			"z": 0
		},
		"rotation": {
			"x": 0,
			"y": -45,
			"z": 0
		},
		"origin": {
			"x": 0.5,
			"y": -0.02,
			"z": 0.5
		},
		"scale": 1.5
	},
	"tpHandTransform": {
		"translation": {
			"x": -1.7,
			"y": 0.1,
			"z": -1.5
		},
		"rotation": {
			"x": -46,
			"y": 0,
			"z": -2
		},
		"origin": {
			"x": 0.5,
			"y": 0,
			"z": 0.5
		}
	},
	"materialDensity": 200
}
