[
  {
    "op": "add",
    "path": "/structures/15/replaceWithRockType",
    "value": {
      "cobbleskull-granite": "cobbleskull-{rock}",
      "cobblestone-granite": "cobblestone-{rock}",
      "cobblestoneslab-granite-down-free": "cobblestoneslab-{rock}-down-free",
      "cobblestoneslab-granite-east-free": "cobblestoneslab-{rock}-east-free",
      "cobblestoneslab-granite-north-free": "cobblestoneslab-{rock}-north-free",
      "cobblestoneslab-granite-south-free": "cobblestoneslab-{rock}-south-free",
      "cobblestoneslab-granite-up-free": "cobblestoneslab-{rock}-up-free",
      "cobblestoneslab-granite-west-free": "cobblestoneslab-{rock}-west-free",
      "cobblestonestairs-granite-down-east-free": "cobblestonestairs-{rock}-down-east-free",
      "cobblestonestairs-granite-down-north-free": "cobblestonestairs-{rock}-down-north-free",
      "cobblestonestairs-granite-down-south-free": "cobblestonestairs-{rock}-down-south-free",
      "cobblestonestairs-granite-down-west-free": "cobblestonestairs-{rock}-down-west-free",
      "cobblestonestairs-granite-up-east-free": "cobblestonestairs-{rock}-up-east-free",
      "cobblestonestairs-granite-up-north-free": "cobblestonestairs-{rock}-up-north-free",
      "cobblestonestairs-granite-up-south-free": "cobblestonestairs-{rock}-up-south-free",
      "cobblestonestairs-granite-up-west-free": "cobblestonestairs-{rock}-up-west-free",
      "gravel-granite": "gravel-{rock}",
      "lichenstonebricks-granite": "lichenstonebricks-{rock}",
      "looseboulders-granite-free": "looseboulders-{rock}-free",
      "looseflints-granite-free": "looseflints-{rock}-free",
      "loosestones-granite-free": "loosestones-{rock}-free",
      "mossycobblestone-granite": "mossycobblestone-{rock}",
      "polishedrockslab-granite-down-free": "polishedrockslab-{rock}-down-free",
      "polishedrockslab-granite-east-free": "polishedrockslab-{rock}-east-free",
      "polishedrockslab-granite-north-free": "polishedrockslab-{rock}-north-free",
      "polishedrockslab-granite-south-free": "polishedrockslab-{rock}-south-free",
      "polishedrockslab-granite-up-free": "polishedrockslab-{rock}-up-free",
      "polishedrockslab-granite-west-free": "polishedrockslab-{rock}-west-free",
      "rock-granite": "rock-{rock}",
      "sand-granite": "sand-{rock}",
      "rockpolished-granite": "rockpolished-{rock}",
      "stonebricks-granite": "stonebricks-{rock}",
      "stonebrickslab-granite-down-free": "stonebrickslab-{rock}-down-free",
      "stonebrickslab-granite-east-free": "stonebrickslab-{rock}-east-free",
      "stonebrickslab-granite-north-free": "stonebrickslab-{rock}-north-free",
      "stonebrickslab-granite-south-free": "stonebrickslab-{rock}-south-free",
      "stonebrickslab-granite-up-free": "stonebrickslab-{rock}-up-free",
      "stonebrickslab-granite-west-free": "stonebrickslab-{rock}-west-free",
      "stonebrickstairs-granite-down-east-free": "stonebrickstairs-{rock}-down-east-free",
      "stonebrickstairs-granite-down-north-free": "stonebrickstairs-{rock}-down-north-free",
      "stonebrickstairs-granite-down-south-free": "stonebrickstairs-{rock}-down-south-free",
      "stonebrickstairs-granite-down-west-free": "stonebrickstairs-{rock}-down-west-free",
      "stonebrickstairs-granite-up-east-free": "stonebrickstairs-{rock}-up-east-free",
      "stonebrickstairs-granite-up-north-free": "stonebrickstairs-{rock}-up-north-free",
      "stonebrickstairs-granite-up-south-free": "stonebrickstairs-{rock}-up-south-free",
      "stonebrickstairs-granite-up-west-free": "stonebrickstairs-{rock}-up-west-free"
    },
    "file": "worldgen/structures.json"
  }
]