[
  {
    "op": "replace",
    "path": "/ingredients/W/code",
    "value": "game:plaster-plain-*",
    "file": "zeekea:recipes/grid/artlamp-black.json",
	"dependsOn": [{"modid": "buildingplus"}]
  },
  {
    "op": "replace",
    "path": "/ingredients/W/code",
    "value": "game:plaster-plain-*",
    "file": "zeekea:recipes/grid/artlamp-brown.json",
	"dependsOn": [{"modid": "buildingplus"}]
  },
  {
    "op": "replace",
    "path": "/ingredients/W/code",
    "value": "game:plaster-plain-*",
    "file": "zeekea:recipes/grid/artlamptall-black.json",
	"dependsOn": [{"modid": "buildingplus"}]
  },
  {
    "op": "replace",
    "path": "/ingredients/W/code",
    "value": "game:plaster-plain-*",
    "file": "zeekea:recipes/grid/artlamptall-brown.json",
	"dependsOn": [{"modid": "buildingplus"}]
  },
  {
    "op": "replace",
    "path": "/ingredients/W/code",
    "value": "game:plaster-plain-*",
    "file": "zeekea:recipes/grid/drifterlamp.json",
	"dependsOn": [{"modid": "buildingplus"}]
  },
  {
    "op": "replace",
    "path": "/ingredients/W/code",
    "value": "game:plaster-plain-*",
    "file": "zeekea:recipes/grid/drifterlamptall.json",
	"dependsOn": [{"modid": "buildingplus"}]
  }
]