[
	{ 
		file: "zeekea:blocktypes/orebox", 
		op: "add", 
		path: "/behaviors",
		value: [ { 
			name: "Carryable",
			properties: {
			  rotation: [ 0, 270, 0 ],
			  slots: {
				"Hands": {  },
				"Back": {  }
			  }
			}
		} ],
		"dependsOn": [{"modid": "carrycapacity"}]
	}, 
	{ 
		file: "zeekea:blocktypes/nightstand", 
		op: "add", 
		path: "/behaviors/-",
		value: { 
			name: "Carryable",
			properties: {
			  rotation: [ 0, 270, 0 ],
			  slots: {
				"Hands": {  },
				"Back": {  }
			  }
			}
		},
		"dependsOn": [{"modid": "carrycapacity"}]
	}
]