{
	"code": "glazedmug",
	"classByType": {
		"*-burnt-*": "BlockLiquidContainerTopOpened"
	},
	"behaviors": [
                { "name": "GroundStorable", "properties": { "layout": "Quadrants", "collisionBox": { "x1": 0, "y1": 0, "z1": 0, "x2": 1, "y2": 0.125, "z2": 1 } } },
                { "name": "Unplaceable" },
                { "name": "RightClickPickup"}
        ],
	"variantgroups": [
		{ "code": "type", "states": [ "raw", "burnt" ] },
		{ "code": "glazing", "states": [ "clear", "milky" ] },
		{ "code": "color", "states": [
		       "black", "blue", "brown", "gold", "green", "greenblue", "lapislazuli",
		       "malachite", "orange", "pink", "purple", "red", "redbrown", "white", "yellow" ] },
		{ "code": "pattern", "states": [ "plain" ] }
	],
	"attributesByType": {
		"*-burnt-*": {
			"handbook": { "groupBy": [ "glazedmug-burnt-clear-*", "glazedmug-burnt-milky-*" ] },
			"shelvable": true,
                        "liquidContainerProps": {
                                "capacityLitres": 0.4,
                                "transferSizeLitres": 0.4,
                                "emptyShapeLoc": "bricklayers:block/clay/mug/mug_glazed_empty",
                                "opaqueContentShapeLoc": "bricklayers:block/clay/mug/mug-contents",
                                "liquidContentShapeLoc": "bricklayers:block/clay/mug/mug-liquidcontents",
                                "liquidMaxYTranslate": 0.05
                        },
			"mealContainer": false,
			"displaycaseable": true
		},
		"*": {
			"handbook": { "groupBy": [ "glazedmug-raw-clear-*", "glazedmug-raw-milky-*" ] },
			"shelvable": true,
			"displaycaseable": true
		}
	},
	"combustiblePropsByType": {
		"*-raw-*": {
			"meltingPoint": 950,
			"meltingDuration": 20,
			"smeltedRatio": 1,
			"smeltingType": "fire",
			"smeltedStack": { "type": "block", "code": "bricklayers:glazedmug-burnt-{glazing}-{color}-{pattern}" },
			"requiresContainer": false
		}
	},
	"shape": { "base": "bricklayers:block/clay/mug/mug_glazed_empty" },
	"doNotRenderAtLod2": true,
	"blockmaterial": "Ceramic",
	"creativeinventory": { "general": ["*"], "decorative": ["*"], "ceramics": ["*"] },
	"replaceable": 300,
	"liquidSelectable": 1,
	"resistance": 0.75,
	"maxStackSize": 16,
	"lightAbsorption": 0,
	"texturesByType": {
		"*-raw-*": {
			"content": { "base": "game:block/transparent" },
			"ceramic": { "base": "game:block/clay/ceramic" },
			"top": { "base": "bricklayers:block/ceramic/glazed/raw/{glazing}/{color}" }
		},
		"*-burnt-*": {
			"content": { "base": "game:block/transparent" },
			"ceramic": { "base": "game:block/clay/ceramic-dark" },
			"top": { "base": "bricklayers:block/ceramic/glazed/burnt/{glazing}/{color}" }
		}
	},
	"sounds": { "walk": "game:walk/stone" },
	"sidesolid": { "all": false },
	"sideopaque": { "all": false },
	"emitsideao": { "all": false },
	"collisionbox": { "x1": 0.3125, "y1": 0, "z1": 0.3125, "x2": 0.6875, "y2": 0.125, "z2": 0.6875 },
	"selectionbox": { "x1": 0.3125, "y1": 0, "z1": 0.3125, "x2": 0.6875, "y2": 0.125, "z2": 0.6875 },
	"guiTransform": {
		"translation": { "x": 0, "y": -0.5, "z": 0 },
		"origin": { "x": 0.5, "y": 0.2, "z": 0.5 },
		"scale": 2.5
	},
	"groundTransform": { "scale": 4.5 },
	"fpHandTransform": {
		"translation": { "x": 0, "y": 0.4, "z": 0.2 },
		"rotation": { "x": 0, "y": -14, "z": 0 },
		"scale": 2
	},
	"tpHandTransform": {
		"translation": { "x": -0.9, "y": -0.1, "z": -0.8 },
		"rotation": { "x": 0, "y": -56, "z": 0 },
		"origin": { "x": 0.5, "y": 0.1, "z": 0.5 },
		"scale": 0.66
	}
}
