{
	"code": "saltglazedplanter",
	"classByType": {
		"*-raw-*": "Block",
		"*-empty": "Block",
		"*": "BlockPlantContainer"
	},
	"entityClass": "PlantContainer",
	"behaviorsByType": {
		"*-raw-*": [
			{ "name": "GroundStorable" },
			{ "name": "Unplaceable" },
			{ "name": "RightClickPickup"}
		],
		"*": [
			{ "name": "UnstableFalling", "properties": { "attachmentArea": { "x1": 5, "y1": 0, "z1": 5, "x2": 10, "y2": 0, "z2": 10 } }}
		]
        },
	"attributes": {
		"sitHeight": 0.75,
		"beeFeedByType": {
			"*-raw-*": false,
			"*-empty": false,
			"*": true
		},
		"butterflyFeedByType": {
			"*-raw-*": false,
			"*-empty": false,
			"*": true
		},
		"handbook": { "groupBy": [ "saltglazedplanter-*" ] },
		"handbookByType": {
			"*-raw-orange-*": {
				"extraSections": [ { "title": "handbook-item-usage", "text": "handbook-item-usage-saltglazedplanter-raw-orange" } ]
			},
			"*-burnt-pale-*": {
				"extraSections": [ { "title": "handbook-item-usage", "text": "handbook-item-usage-saltglazedplanter-burnt-pale" } ]
			}
		},
		"plantContainerSize": "large",
		"filledShape": { "base": "bricklayers:block/clay/planter/planter_glazed_filled" },
		"fillHeight": 0.5
	},
	"heldTpIdleAnimation": "holdbothhandslarge", "heldTpUseAnimation": "twohandplaceblock",
	"variantgroups": [
		{ "code": "state", "states": [ "raw", "burnt" ] },
		{ "code": "type", "states": [ "pale", "orange" ] },
		{ "code": "additive", "states": [ "none", "copper" ] },
		{ "code": "color", "states": [
			"salt",
			"blue", "fire", "brown", "black", "blurple", "darkgrey", "green", "light", "malachite", "orange", "pink", "purple", "red", "yellow",
			"lavender", "paleblue", "palegreen", "palered", "sunflower", "white" ] },
		{ "code": "pattern", "states": [ "plain" ] }
	],
	"maxStackSize": 8,
	"creativeinventory": { "general": ["*"], "decorative": ["*"], "ceramics": ["*"] },
	"shapeByType": {
		"saltglazedplanter-raw-orange-*": { "base": "bricklayers:block/clay/planter/planter_glazed_filled" },
		"*": { "base": "bricklayers:block/clay/planter/planter_glazed" }
	},
	"blockmaterial": "Ceramic",
	"replaceable": 900,
	"resistance": 1.5,
	"lightAbsorption": 1,
	"texturesByType": {
		"*-raw-pale-*-salt-*": {
			"ceramic": { "base": "bricklayers:block/ceramic/glazed/raw/salt/insideplain" },
			"ceramicdark": { "base": "bricklayers:block/ceramic/glazed/raw/salt/insideplain",
				"overlays": ["bricklayers:block/ceramic/overlay_inside_bottom" ] },
			"top": { "base": "bricklayers:block/ceramic/glazed/raw/salt/plain{additive}",
				"overlays": [ "bricklayers:block/ceramic/glazed/pattern/{pattern}" ]	},
			"bottom": { "base": "bricklayers:block/ceramic/glazed/raw/salt/plain{additive}",
				"overlays": [ "bricklayers:block/ceramic/glazed/pattern/{pattern}" ]	},
			"soil": { "base": "game:block/transparent" }
		},
		"*-raw-pale-*": {
			"ceramic": { "base": "bricklayers:block/ceramic/glazed/raw/salt/insideplain" },
			"ceramicdark": { "base": "bricklayers:block/ceramic/glazed/raw/salt/insideplain",
				"overlays": ["bricklayers:block/ceramic/overlay_inside_bottom" ] },
			"top": { "base": "bricklayers:block/ceramic/glazed/raw/salt/plain{additive}",
				"overlays": [ "bricklayers:block/ceramic/glazed/pattern/{pattern}" ]	},
			"bottom": { "base": "bricklayers:block/clay/raw/{color}", "overlays": [ "bricklayers:block/ceramic/glazed/wax_overlay" ] },
			"soil": { "base": "game:block/transparent" }
		},
		"*-raw-orange-*-salt-*": {
			"ceramic": { "base": "bricklayers:block/ceramic/glazed/burnt/salt/insideplain" },
			"top": { "base": "bricklayers:block/ceramic/glazed/burnt/salt/plain{additive}",
				"overlays": [ "bricklayers:block/ceramic/glazed/pattern/{pattern}",
					"bricklayers:block/ceramic/glazed/burnt/clear/overlay_planter_shine" ] },
			"bottom": { "base": "bricklayers:block/ceramic/glazed/burnt/salt/plain{additive}",
				"overlays": [ "bricklayers:block/ceramic/glazed/pattern/{pattern}",
					"bricklayers:block/ceramic/glazed/burnt/clear/overlay_planter_shine" ] },
			"soil": { "base": "game:block/soil/flooring/strawbedding4" }
		},
		"*-raw-orange-*": {
			"ceramic": { "base": "bricklayers:block/ceramic/glazed/burnt/salt/insideplain" },
			"top": { "base": "bricklayers:block/ceramic/glazed/raw/salt/plain{additive}",
				"overlays": [ "bricklayers:block/ceramic/glazed/pattern/{pattern}",
					"bricklayers:block/ceramic/glazed/burnt/clear/overlay_planter_shine" ] },
			"bottom": { "base": "bricklayers:block/clay/burnt/{color}",
				"overlays": [ "bricklayers:block/ceramic/glazed/burnt/clear/overlay_planter_shine" ] },
			"soil": { "base": "game:block/soil/flooring/strawbedding4" }
		},
		"*-burnt-pale-*-salt-*": {
			"ceramic": { "base": "bricklayers:block/ceramic/glazed/burnt/salt/insideplain" },
			"ceramicdark": { "base": "bricklayers:block/ceramic/glazed/burnt/salt/insideplain",
				"overlays": ["bricklayers:block/ceramic/overlay_inside_bottom" ] },
			"top": { "base": "bricklayers:block/ceramic/glazed/burnt/salt/plain{additive}",
				"overlays": [ "bricklayers:block/ceramic/glazed/pattern/{pattern}",
					"bricklayers:block/ceramic/glazed/burnt/clear/overlay_planter_shine" ] },
			"bottom": { "base": "bricklayers:block/ceramic/glazed/burnt/salt/plain{additive}",
				"overlays": [ "bricklayers:block/ceramic/glazed/burnt/clear/overlay_planter_shine" ] },
			"soil": { "base": "game:block/clay/planter/soil" }
		},
		"*-burnt-pale-*": {
			"ceramic": { "base": "bricklayers:block/ceramic/glazed/burnt/salt/insideplain" },
			"ceramicdark": { "base": "bricklayers:block/ceramic/glazed/burnt/salt/insideplain",
				"overlays": ["bricklayers:block/ceramic/overlay_inside_bottom" ] },
			"top": { "base": "bricklayers:block/ceramic/glazed/burnt/salt/plain{additive}",
				"overlays": [ "bricklayers:block/ceramic/glazed/pattern/{pattern}",
					"bricklayers:block/ceramic/glazed/burnt/clear/overlay_planter_shine" ] },
			"bottom": { "base": "bricklayers:block/clay/burnt/{color}",
				"overlays": [ "bricklayers:block/ceramic/glazed/burnt/clear/overlay_planter_shine" ] },
			"soil": { "base": "game:block/clay/planter/soil" }
		},
		"*-burnt-orange-*-salt-*": {
			"ceramic": { "base": "bricklayers:block/ceramic/glazed/burnt/salt/insideorange" },
			"ceramicdark": { "base": "bricklayers:block/ceramic/glazed/burnt/salt/insideorange",
				"overlays": ["bricklayers:block/ceramic/overlay_inside_bottom" ] },
			"top": { "base": "bricklayers:block/ceramic/glazed/burnt/salt/orange{additive}",
				"overlays": [ "bricklayers:block/ceramic/glazed/pattern/{pattern}",
					"bricklayers:block/ceramic/glazed/burnt/clear/overlay_planter_shine" ] },
			"bottom": { "base": "bricklayers:block/ceramic/glazed/burnt/salt/orange{additive}",
				"overlays": [ "bricklayers:block/ceramic/glazed/pattern/{pattern}",
					"bricklayers:block/ceramic/glazed/burnt/clear/overlay_planter_shine" ] },
			"soil": { "base": "game:block/clay/planter/soil" }
		},
		"*-burnt-orange-*": {
			"ceramic": { "base": "bricklayers:block/ceramic/glazed/burnt/salt/insideorange" },
			"ceramicdark": { "base": "bricklayers:block/ceramic/glazed/burnt/salt/insideorange",
				"overlays": ["bricklayers:block/ceramic/overlay_inside_bottom" ] },
			"top": { "base": "bricklayers:block/ceramic/glazed/burnt/salt/orange{additive}",
				"overlays": [ "bricklayers:block/ceramic/glazed/pattern/{pattern}",
					"bricklayers:block/ceramic/glazed/burnt/clear/overlay_planter_shine" ] },
			"bottom": { "base": "bricklayers:block/clay/burnt/{color}",
				"overlays": [ "bricklayers:block/ceramic/glazed/burnt/clear/overlay_planter_shine" ] },
			"soil": { "base": "game:block/clay/planter/soil" }
		}
	},
	"sidesolid": { "all": false },
	"sideopaque": { "all": false },
	"emitsideao": { "all": false },
	"combustiblePropsByType": {
		"saltglazedplanter-raw-pale-*": {
			"meltingPoint": 900,
			"meltingDuration": 30,
			"smeltedRatio": 1,
			"smeltingType": "fire",
			"smeltedStack": { "type": "block", "code": "bricklayers:saltglazedplanter-burnt-pale-{additive}-{color}-{pattern}" },
			"requiresContainer": false
		},
		"saltglazedplanter-raw-orange-*": {
			"meltingPoint": 1150,
			"meltingDuration": 30,
			"smeltedRatio": 1,
			"smeltingType": "fire",
			"smeltedStack": { "type": "block", "code": "bricklayers:saltglazedplanter-burnt-orange-{additive}-{color}-{pattern}" },
			"requiresContainer": false
		}
	},
	"collisionbox": {
		"x1": 0.125, "y1": 0, "z1": 0.125,
		"x2": 0.875, "y2": 0.5625, "z2": 0.875
	},
	"selectionbox": {
		"x1": 0.125, "y1": 0, "z1": 0.125,
		"x2": 0.875, "y2": 0.5625, "z2": 0.875
	},
	"fpHandTransform": {
		"translation": { "x": 0, "y": 0, "z": 0.5 },
		"origin": { "x": 0.5, "y": 0, "z": 0.5 },
		"scale": 1.25
	},
	"tpHandTransform": {
		"translation": { "x": -0.75, "y": -0.20, "z": -0.50 },
		"rotation": { "x": -172, "y": -12, "z": -105 },
		"origin": { "x": 0.5, "y": 0.01, "z": 0.5 },
		"scale": 0.57
	}
}
