{
	"code": "toolmoldcolored",
	"classByType": {
		"toolmoldcolored-raw-*": "Block",
		"toolmoldcolored-burned-*": "BlockToolMold"
	},
	"entityClassByType": { "toolmoldcolored-burned-*": "ToolMold" },
	"behaviorsByType": {
		"*-raw-*": [
			{ "name": "GroundStorable", "properties": { "layout": "SingleCenter" } },
			{ "name": "Unplaceable" },
			{ "name": "RightClickPickup"}
		],
		"*": [ { "name": "UnstableFalling" } ]
	},
	"_comment": "The code checks for 'burned' to be part of the path, so we cannot used the correct 'burned' here m(",
	"variantgroups": [
		{ "code": "type", "states": [ "raw", "burned" ] },
		{ "code": "clay", "states": [ "black", "blurple", "brown", "darkgrey", "fire", "green", "malachite", "orange", "pink", "purple", "red", "light", "yellow" ] },
		{ "code": "tooltype", "states": [ "axe", "pickaxe", "shovel", "longblade", "hammer", "anvil", "helvehammer", "hoe", "prospectingpick", "lamellae"] }
	],
	"attributesByType": {
		"toolmoldcolored-burned-*-anvil": {
			"requiredUnits": 900,
			"fillHeight": 10,
			"fillQuadsByLevel": [
				{ "x1": 2, "z1": 3, "x2": 13, "z2": 13 },
				{ "x1": 2, "z1": 3, "x2": 13, "z2": 13 },
				{ "x1": 2, "z1": 3, "x2": 13, "z2": 13 },
				{ "x1": 4, "z1": 6, "x2": 11, "z2": 10 },
				{ "x1": 4, "z1": 6, "x2": 11, "z2": 10 },
				{ "x1": 4, "z1": 6, "x2": 11, "z2": 10 },
				{ "x1": 4, "z1": 6, "x2": 11, "z2": 10 },
				{ "x1": 4, "z1": 5, "x2": 14, "z2": 11 },
				{ "x1": 1, "z1": 5, "x2": 15, "z2": 11 },
				{ "x1": 1, "z1": 5, "x2": 15, "z2": 11 }
			],
			"drop": { "type":"Block", "code": "game:anvil-{metal}" }
		},
		"toolmoldcolored-burned-*-helvehammer": {
			"requiredUnits": 300,
			"fillHeight": 3,
			"moldrackable": true,
			"onmoldrackTransform": { "rotation": { "z": 90 } },
			"fillQuadsByLevel": [ { "x1": 4, "z1": 4, "x2": 12, "z2": 12 } ],
			"drop": { "type": "Item", "code": "game:helvehammerhead-{metal}" }
		},
		"toolmoldcolored-burned-*-lamellae": {
			"requiredUnits": 100,
			"fillHeight": 1,
			"moldrackable": true,
			"onmoldrackTransform": { "rotation": { "z": 90 } },
			"drop": { "type": "item", "code": "game:metallamellae-{metal}" }
		},
		"toolmoldcolored-burned-*": {
			"requiredUnits": 100,
			"fillHeight": 1,
			"moldrackable": true,
			"onmoldrackTransform": { "rotation": { "z": 90 } },
			"drop": { "type": "item", "code": "game:{tooltype}head-{metal}" }
		}
	},
	"combustiblePropsByType": {
		"toolmoldcolored-raw-*": {
			"meltingPoint": 650,
			"meltingDuration": 45,
			"smeltedRatio": 1,
			"smeltingType": "fire",
			"smeltedStack": { "type": "block", "code": "bricklayers:toolmoldcolored-burned-{clay}-{tooltype}" },
			"requiresContainer": false
		}
	},
	"blockmaterial": "Ceramic",
	"creativeinventory": { "general": ["*"], "construction": ["*"], "ceramics": ["*"] },
	"replaceable": 700,
	"resistance": 1.5,
	"maxStackSize": 8,
	"lightAbsorption": 0,
	"texturesByType": {
		"toolmoldcolored-raw-*": {
			"all": { "base": "bricklayers:block/clay/raw/{clay}",
				 "overlays": [ "bricklayers:block/clay/raw/overlay_toolmold" ] }
		},
		"toolmoldcolored-burned-*": {
			"floor": { "base": "bricklayers:block/clay/burnt/{clay}",
				   "overlays": [ "bricklayers:block/clay/burnt/overlay_toolmoldfloor" ] },
			"other": { "base": "bricklayers:block/clay/burnt/{clay}",
				   "overlays": [ "bricklayers:block/clay/burnt/overlay_toolmold" ] },
			"ceramic": { "base": "bricklayers:block/clay/burnt/{clay}",
				   "overlays": [ "bricklayers:block/clay/burnt/overlay_toolmold" ] }
		}
	},
	"shapeByType": {
		"*-anvil": { "base": "game:block/clay/mold/{tooltype}", "rotateY": 90 },
		"*": { "base": "game:block/clay/mold/{tooltype}" }
	},
	"shape": { "base": "game:block/clay/mold/{tooltype}" },
	"sounds": { "walk": "game:walk/stone" },
	"collisionboxByType": {
		"*-anvil": { "x1": 0.0625, "y1": 0, "z1": 0.0625, "x2": 0.9375, "y2": 0.6875, "z2": 0.9375 },
		"*": { "x1": 0, "y1": 0, "z1": 0, "x2": 1, "y2": 0.1875, "z2": 1 }
	},
	"selectionboxByType": {
		"*-anvil": { "x1": 0, "y1": 0, "z1": 0, "x2": 1, "y2": 0.6875, "z2": 1 },
		"*": { "x1": 0, "y1": 0, "z1": 0, "x2": 1, "y2": 0.1875, "z2": 1 }
	},
	"sideopaque": { "all": false },
	"sidesolid": { "all": false },
	"heldTpIdleAnimationByType": {
		"@.*-(anvil|helvehammer)": "holdbothhands"
	},
	"heldTpUseAnimationByType": {
		"@.*-(anvil|helvehammer)": "twohandplaceblock"
	},
	"guiTransformByType": {
		"*-anvil": {
			"translation": { "x": 0, "y": 3, "z": 0 },
			"origin": { "x": 0.5, "y": 0.3, "z": 0.5 },
			"scale": 1.33
		},
		"*-helvehammer": {
			"origin": { "x": 0.5, "y": 0.18, "z": 0.5 },
			"scale": 1.8
		},
		"*": {
			"translation": { "x": 0, "y": 3, "z": 0 },
			"origin": { "x": 0.5, "y": 0.0625, "z": 0.5 },
			"scale": 1.33
		}
	},
	"tpHandTransformByType": {
		"@.*-(anvil|helvehammer)": {
			"translation": { "x": -0.97, "y": -0.1, "z": -0.65 },
			"rotation": { "x": -51, "y": 23, "z": -114 },
			"origin": { "x": 0.5, "y": 0.125, "z": 0.5 },
			"scale": 0.56
		},
		"*": {
			"translation": { "x": -1, "y": 0.2, "z": -0.9 },
			"rotation": { "x": -87, "y": 9, "z": 4 },
			"origin": { "x": 0.5, "y": 0.125, "z": 0.5 },
			"scale": 0.5
		}
	},
	"fpHandTransformByType": {
		"@.*-(anvil|helvehammer)": {
			"translation": { "x": -0.3, "y": 0, "z": 0.5 },
			"rotation": { "x": 16, "y": -50, "z": 1 },
			"origin": { "x": 0.5, "y": 0.125, "z": 0.5 }
		},
		"*": {
			"translation": { "x": -0.3, "y": 0, "z": 0.5 },
			"rotation": { "x": 16, "y": -51, "z": 91 },
			"origin": { "x": 0.5, "y": 0.125, "z": 0.5 }
		}
	},
	"groundTransform": {
		"translation": { "x": 0, "y": 0, "z": 0 },
		"rotation": { "x": 0, "y": -45, "z": 0 },
		"origin": { "x": 0.5, "y": 0, "z": 0.5 },
		"scale": 2.2
	}
}
