[
{
  "ingredientPattern": "S,P",
  "ingredients": {
    "S": { "type": "item", "code": "game:knife-*", "isTool": true },
    "P": { "type": "item", "code": "game:hide-raw-huge", "quantity": 1 }
  },
  "width": 1,
  "height": 2,
  "shapeless": true,
  "output": { "type": "item", "code": "game:hide-raw-small", "quantity": 5 }
},
{
  "ingredientPattern": "S,P",
  "ingredients": {
    "S": { "type": "item", "code": "game:knife-*", "isTool": true },
    "P": { "type": "item", "code": "game:hide-raw-large", "quantity": 1 }
  },
  "width": 1,
  "height": 2,
  "shapeless": true,
  "output": { "type": "item", "code": "game:hide-raw-small", "quantity": 3 }
},
{
  "ingredientPattern": "S,P",
  "ingredients": {
    "S": { "type": "item", "code": "game:knife-*", "isTool": true },
    "P": { "type": "item", "code": "game:hide-raw-medium", "quantity": 1 }
  },
  "width": 1,
  "height": 2,
  "shapeless": true,
  "output": { "type": "item", "code": "game:hide-raw-small", "quantity": 2 }
}
]