{
	"editor": {
		"backDropShape": "game:entity/humanoid/seraph",
		"allAngles": true,
		"entityTextureMode": true
	},
	"textureWidth": 16,
	"textureHeight": 16,
	"textureSizes": {
		"command01-corner": [16,16]
	},
	"textures": {
		"command01-corner": "game:block/command01-corner"
	},
	"elements": [
		{
			"name": "ArmorLowerLegR",
			"stepParentName": "LowerFootR",
			"from": [ -0.3, -0.2, -0.35 ], 
			"to": [ 4.2, 5.3, 3.15 ], 
			"autoUnwrap": false,
			"uv": [ 0.0, 6.0 ],
			"rotationOrigin": [ -0.3, -0.2, -0.5 ],
			"faces": {
				"north": { "texture": "#command01-corner", "uv": [ 0.0, 10.5, 4.5, 16.0 ] },
				"east": { "texture": "#command01-corner", "uv": [ 4.5, 9.5, 8.0, 15.0 ] },
				"south": { "texture": "#command01-corner", "uv": [ 8.0, 9.5, 12.5, 15.0 ] },
				"west": { "texture": "#command01-corner", "uv": [ 0.5, 7.5, 4.0, 13.0 ] },
				"up": { "texture": "#command01-corner", "uv": [ 8.0, 5.0, 12.5, 8.5 ] },
				"down": { "texture": "#command01-corner", "uv": [ 4.5, 6.0, 9.0, 9.5 ] }
			},
			"children": [
				{
					"name": "ArmorKneeSideR",
					"from": [ 2.2, 2.0, -0.5 ], 
					"to": [ 6.2, 4.0, 0.0 ], 
					"unwrapMode": 1,
					"autoUnwrap": false,
					"uv": [ 5.0, 4.0 ],
					"rotationOrigin": [ 2.2, 2.0, -0.5 ],
					"faces": {
						"north": { "texture": "#command01-corner", "uv": [ 4.0, 3.5, 8.0, 6.5 ], "rotation": 180, "autoUv": false },
						"east": { "texture": "#command01-corner", "uv": [ 5.0, 4.5, 5.5, 6.5 ] },
						"south": { "texture": "#command01-corner", "uv": [ 10.0, 4.5, 14.0, 6.5 ] },
						"west": { "texture": "#command01-corner", "uv": [ 9.5, 4.5, 10.0, 6.5 ] },
						"up": { "texture": "#command01-corner", "uv": [ 5.5, 4.0, 9.5, 4.5 ], "rotation": 180 },
						"down": { "texture": "#command01-corner", "uv": [ 5.5, 6.5, 9.5, 7.0 ] }
					}
				}
			]
		},
		{
			"name": "ArmorLowerLegL",
			"stepParentName": "LowerFootL",
			"from": [ -0.3, -0.2, -0.15 ], 
			"to": [ 4.2, 5.3, 3.35 ], 
			"autoUnwrap": false,
			"uv": [ 0.0, 6.0 ],
			"rotationOrigin": [ -0.3, -0.2, -0.3 ],
			"faces": {
				"north": { "texture": "#command01-corner", "uv": [ 0.0, 10.5, 4.5, 16.0 ] },
				"east": { "texture": "#command01-corner", "uv": [ 4.5, 9.5, 8.0, 15.0 ] },
				"south": { "texture": "#command01-corner", "uv": [ 8.0, 9.5, 12.5, 15.0 ] },
				"west": { "texture": "#command01-corner", "uv": [ 0.5, 7.5, 3.5, 13.0 ], "autoUv": false },
				"up": { "texture": "#command01-corner", "uv": [ 9.0, 6.0, 13.5, 9.5 ] },
				"down": { "texture": "#command01-corner", "uv": [ 4.5, 6.0, 9.0, 9.5 ] }
			},
			"children": [
				{
					"name": "ArmorKneeSideL",
					"from": [ 2.2, 2.0, 3.5 ], 
					"to": [ 6.2, 4.0, 4.0 ], 
					"unwrapMode": 3,
					"autoUnwrap": false,
					"uv": [ 3.5, 4.0 ],
					"rotationOrigin": [ 2.2, 2.0, 3.5 ],
					"faces": {
						"north": { "texture": "#command01-corner", "uv": [ 8.5, 4.5, 12.5, 6.5 ] },
						"east": { "texture": "#command01-corner", "uv": [ 8.0, 4.5, 8.5, 6.5 ] },
						"south": { "texture": "#command01-corner", "uv": [ 4.0, 3.5, 8.0, 6.5 ], "autoUv": false },
						"west": { "texture": "#command01-corner", "uv": [ 3.5, 4.5, 4.0, 6.5 ] },
						"up": { "texture": "#command01-corner", "uv": [ 4.0, 4.0, 8.0, 4.5 ] },
						"down": { "texture": "#command01-corner", "uv": [ 4.0, 6.5, 8.0, 7.0 ], "rotation": 180 }
					}
				}
			]
		},
		{
			"name": "ArmorLowerLegR9",
			"stepParentName": "ArmorLowerLegR",
			"from": [ -0.5, -0.1, -0.1 ], 
			"to": [ 4.6, 2.4, 3.6 ], 
			"autoUnwrap": false,
			"uv": [ 0.0, 2.0 ],
			"rotationOrigin": [ -0.5, -0.3, -0.2 ],
			"faces": {
				"north": { "texture": "#command01-corner", "uv": [ 10.0, 5.5, 15.0, 8.0 ] },
				"east": { "texture": "#command01-corner", "uv": [ 8.0, 5.5, 11.5, 8.0 ] },
				"south": { "texture": "#command01-corner", "uv": [ 8.5, 5.5, 13.5, 8.0 ] },
				"west": { "texture": "#command01-corner", "uv": [ 12.5, 5.5, 16.0, 8.0 ] },
				"up": { "texture": "#command01-corner", "uv": [ 0.0, 1.0, 5.0, 4.5 ] },
				"down": { "texture": "#command01-corner", "uv": [ 7.0, 0.5, 12.0, 4.0 ] }
			}
		},
		{
			"name": "ArmorLowerLegR10",
			"stepParentName": "ArmorLowerLegL",
			"from": [ -0.5, -0.1, -0.1 ], 
			"to": [ 4.6, 2.4, 3.6 ], 
			"autoUnwrap": false,
			"uv": [ 0.0, 0.0 ],
			"rotationOrigin": [ -0.5, -0.3, -0.2 ],
			"faces": {
				"north": { "texture": "#command01-corner", "uv": [ 11.0, 3.5, 16.0, 6.0 ] },
				"east": { "texture": "#command01-corner", "uv": [ 8.0, 3.5, 11.5, 6.0 ] },
				"south": { "texture": "#command01-corner", "uv": [ 8.5, 3.5, 13.5, 6.0 ] },
				"west": { "texture": "#command01-corner", "uv": [ 12.5, 3.5, 16.0, 6.0 ] },
				"up": { "texture": "#command01-corner", "uv": [ 0.0, 0.0, 5.0, 3.5 ] },
				"down": { "texture": "#command01-corner", "uv": [ 7.0, 0.5, 12.0, 4.0 ] }
			}
		}
	]}