{
	"editor": {
		"backDropShape": "game:entity/humanoid/seraph",
		"allAngles": true,
		"entityTextureMode": true
	},
	"textureWidth": 16,
	"textureHeight": 16,
	"textureSizes": {
		"command01-corner": [16,16],
		"silver": [64,64],
		"glass4": [16,16]
	},
	"textures": {
		"command01-corner": "game:block/command01-corner",
		"glass4": "item/glass4"
	},
	"elements": [
		{
			"name": "ArmorHelmet",
			"stepParentName": "Head",
			"from": [ -0.4, -0.5, -0.6 ], 
			"to": [ 6.4, 1.3, 5.7 ], 
			"unwrapMode": 4,
			"autoUnwrap": false,
			"uv": [ -2.0, 0.0 ],
			"rotationOrigin": [ -0.4, -0.5, -0.6 ],
			"faces": {
				"north": { "texture": "#command01-corner", "uv": [ 9.0, 6.5, 15.5, 8.0 ] },
				"east": { "texture": "#command01-corner", "uv": [ 9.0, 6.5, 15.0, 8.0 ] },
				"south": { "texture": "#command01-corner", "uv": [ 9.0, 6.5, 15.5, 8.0 ] },
				"west": { "texture": "#command01-corner", "uv": [ 8.5, 6.5, 14.5, 8.0 ] },
				"up": { "texture": "#command01-corner", "uv": [ 9.0, 8.5, 15.0, 15.0 ], "rotation": 90 },
				"down": { "texture": "#command01-corner", "uv": [ 9.0, 8.5, 15.0, 15.0 ], "rotation": 90 }
			}
		},
		{
			"name": "ArmorNeck",
			"stepParentName": "Neck",
			"from": [ -0.3, 0.6, -0.3 ], 
			"to": [ 3.3, 2.4, 3.3 ], 
			"unwrapMode": 4,
			"uv": [ 0.5, 11.5 ],
			"rotationOrigin": [ -0.3, 2.6, -0.3 ],
			"faces": {
				"north": { "texture": "#command01-corner", "uv": [ 0.5, 11.5, 4.0, 13.0 ] },
				"east": { "texture": "#command01-corner", "uv": [ 11.0, 11.5, 14.5, 13.0 ] },
				"south": { "texture": "#command01-corner", "uv": [ 7.5, 11.5, 11.0, 13.0 ] },
				"west": { "texture": "#command01-corner", "uv": [ 4.0, 11.5, 7.5, 13.0 ] },
				"up": { "texture": "#command01-corner", "uv": [ 4.0, 11.5, 7.5, 15.0 ], "rotation": 90, "enabled": false },
				"down": { "texture": "#command01-corner", "uv": [ 4.0, 13.0, 7.5, 16.5 ], "rotation": 90, "enabled": false }
			}
		},
		{
			"name": "ArmorHelmet5",
			"stepParentName": "Head",
			"from": [ -0.2, 3.5, -0.6 ], 
			"to": [ 6.4, 5.3, 5.7 ], 
			"unwrapMode": 4,
			"uv": [ -5.5, -14.5 ],
			"rotationOrigin": [ -0.2, 3.5, -0.6 ],
			"faces": {
				"north": { "texture": "#command01-corner", "uv": [ 9.0, 5.5, 15.5, 7.0 ] },
				"east": { "texture": "#command01-corner", "uv": [ 9.0, 5.5, 15.0, 7.0 ] },
				"south": { "texture": "#command01-corner", "uv": [ 9.0, 5.5, 15.5, 7.0 ] },
				"west": { "texture": "#command01-corner", "uv": [ 8.0, 5.5, 14.0, 7.0 ] },
				"up": { "texture": "#command01-corner", "uv": [ 9.0, 8.5, 15.0, 15.0 ], "rotation": 90 },
				"down": { "texture": "#command01-corner", "uv": [ 9.0, 8.5, 15.0, 15.0 ], "rotation": 90 }
			},
			"children": [
				{
					"name": "ArmorHelmet11",
					"from": [ 0.5, 1.8, 0.5 ], 
					"to": [ 6.1, 2.3, 5.8 ], 
					"unwrapMode": 4,
					"autoUnwrap": false,
					"uv": [ -5.5, -14.5 ],
					"rotationOrigin": [ 0.5, 1.8, 0.5 ],
					"faces": {
						"north": { "texture": "#command01-corner", "uv": [ 9.0, 5.5, 14.5, 6.0 ] },
						"east": { "texture": "#command01-corner", "uv": [ 9.0, 5.5, 14.0, 6.0 ] },
						"south": { "texture": "#command01-corner", "uv": [ 9.0, 5.5, 14.5, 6.0 ] },
						"west": { "texture": "#command01-corner", "uv": [ 8.0, 5.5, 13.0, 6.0 ] },
						"up": { "texture": "#command01-corner", "uv": [ 9.5, 10.5, 14.5, 16.0 ], "rotation": 90 },
						"down": { "texture": "#command01-corner", "uv": [ 9.0, 8.5, 14.0, 14.0 ], "rotation": 90 }
					}
				}
			]
		},
		{
			"name": "ArmorHelmet6",
			"stepParentName": "Head",
			"from": [ 0.8, 1.3, -0.6 ], 
			"to": [ 6.4, 3.5, 5.7 ], 
			"unwrapMode": 4,
			"autoUnwrap": false,
			"uv": [ 1.5, 10.0 ],
			"rotationOrigin": [ 0.8, 1.3, -0.6 ],
			"faces": {
				"north": { "texture": "#command01-corner", "uv": [ 10.0, 12.0, 15.5, 14.0 ] },
				"east": { "texture": "#command01-corner", "uv": [ 10.0, 11.0, 16.0, 13.0 ] },
				"south": { "texture": "#command01-corner", "uv": [ 10.0, 12.0, 15.5, 14.0 ] },
				"west": { "texture": "#command01-corner", "uv": [ 7.0, 10.0, 13.0, 12.0 ] },
				"up": { "texture": "#command01-corner", "uv": [ 7.0, 10.0, 13.0, 15.5 ], "rotation": 90, "enabled": false },
				"down": { "texture": "#command01-corner", "uv": [ 7.0, 12.0, 13.0, 17.5 ], "rotation": 90 }
			},
			"children": [
				{
					"name": "FaceplateR",
					"from": [ -0.1, 1.1, -0.5 ], 
					"to": [ 2.2, 2.5, 0.0 ], 
					"uv": [ 10.5, 2.0 ],
					"rotationOrigin": [ -0.1, 1.1, -0.6 ],
					"rotationX": 2.9999997758177894,
					"faces": {
						"north": { "texture": "#command01-corner", "uv": [ 10.5, 2.5, 12.5, 3.5 ] },
						"east": { "texture": "#command01-corner", "uv": [ 12.5, 2.5, 13.0, 3.5 ] },
						"south": { "texture": "#command01-corner", "uv": [ 13.0, 2.5, 15.0, 3.5 ] },
						"west": { "texture": "#command01-corner", "uv": [ 15.0, 2.5, 15.5, 3.5 ] },
						"up": { "texture": "#command01-corner", "uv": [ 10.5, 2.0, 12.5, 2.5 ] },
						"down": { "texture": "#command01-corner", "uv": [ 12.5, 2.0, 14.5, 2.5 ] }
					}
				},
				{
					"name": "FaceplateR6",
					"from": [ -1.25, 0.2, -0.4 ], 
					"to": [ -1.05, 2.0, 6.7 ], 
					"renderPass": 3,
					"uv": [ 0.0, 0.0 ],
					"rotationOrigin": [ -1.2, 0.2, -0.5 ],
					"faces": {
						"north": { "texture": "#glass4", "uv": [ 0.0, 7.0, 0.5, 8.5 ], "glow": 135 },
						"east": { "texture": "#glass4", "uv": [ 0.5, 7.0, 7.5, 8.5 ], "glow": 135 },
						"south": { "texture": "#glass4", "uv": [ 7.5, 7.0, 8.0, 8.5 ], "glow": 135 },
						"west": { "texture": "#glass4", "uv": [ 8.0, 7.0, 15.0, 8.5 ], "glow": 135 },
						"up": { "texture": "#glass4", "uv": [ 0.0, 0.0, 0.5, 7.0 ], "glow": 135 },
						"down": { "texture": "#glass4", "uv": [ 0.5, 0.0, 1.0, 7.0 ], "glow": 135 }
					}
				},
				{
					"name": "FaceplateR7",
					"from": [ -0.1, 1.1, 6.3 ], 
					"to": [ 2.2, 2.5, 6.8 ], 
					"uv": [ 10.5, 1.7 ],
					"rotationOrigin": [ -0.1, 1.1, 6.2 ],
					"rotationX": -2.9999997758177894,
					"faces": {
						"north": { "texture": "#command01-corner", "uv": [ 10.5, 2.5, 12.5, 3.5 ] },
						"east": { "texture": "#command01-corner", "uv": [ 12.5, 2.5, 13.0, 3.5 ] },
						"south": { "texture": "#command01-corner", "uv": [ 13.0, 2.5, 15.0, 3.5 ] },
						"west": { "texture": "#command01-corner", "uv": [ 15.0, 2.5, 15.5, 3.5 ] },
						"up": { "texture": "#command01-corner", "uv": [ 10.5, 1.5, 12.5, 2.0 ] },
						"down": { "texture": "#command01-corner", "uv": [ 12.5, 1.5, 14.5, 2.0 ] }
					}
				},
				{
					"name": "FaceplateR8",
					"from": [ -1.3, 1.1, 2.7 ], 
					"to": [ -0.9, 2.6, 3.6 ], 
					"autoUnwrap": false,
					"uv": [ 8.5, 1.5 ],
					"rotationOrigin": [ -1.3, 1.1, 2.1 ],
					"faces": {
						"north": { "texture": "#command01-corner", "uv": [ 8.5, 2.0, 9.0, 3.5 ], "autoUv": false },
						"east": { "texture": "#command01-corner", "uv": [ 9.0, 2.0, 9.5, 3.5 ] },
						"south": { "texture": "#command01-corner", "uv": [ 9.5, 2.0, 9.0, 3.5 ], "autoUv": false },
						"west": { "texture": "#command01-corner", "uv": [ 10.0, 1.0, 11.0, 2.5 ], "autoUv": false },
						"up": { "texture": "#command01-corner", "uv": [ 8.5, 1.5, 9.0, 2.0 ] },
						"down": { "texture": "#command01-corner", "uv": [ 9.0, 1.5, 9.5, 2.0 ] }
					}
				},
				{
					"name": "FaceplateR9",
					"from": [ -1.05, 0.2, -0.4 ], 
					"to": [ 0.35, 2.0, -0.2 ], 
					"renderPass": 3,
					"uv": [ 0.0, 0.0 ],
					"rotationOrigin": [ -1.0, 0.2, -0.5 ],
					"faces": {
						"north": { "texture": "#glass4", "uv": [ 0.0, 0.5, 1.0, 2.0 ], "glow": 135 },
						"east": { "texture": "#glass4", "uv": [ 1.0, 0.5, 1.5, 2.0 ], "glow": 135 },
						"south": { "texture": "#glass4", "uv": [ 1.5, 0.5, 2.5, 2.0 ], "glow": 135 },
						"west": { "texture": "#glass4", "uv": [ 42.0, 4.0, 44.0, 6.0 ], "enabled": false },
						"up": { "texture": "#glass4", "uv": [ 0.0, 0.0, 1.0, 0.5 ], "glow": 135 },
						"down": { "texture": "#glass4", "uv": [ 1.0, 0.0, 2.0, 0.5 ], "glow": 135 }
					}
				},
				{
					"name": "FaceplateR10",
					"from": [ -1.05, 0.2, 6.5 ], 
					"to": [ 0.35, 2.0, 6.7 ], 
					"renderPass": 3,
					"uv": [ 0.0, 0.0 ],
					"rotationOrigin": [ -1.0, 0.2, 6.4 ],
					"faces": {
						"north": { "texture": "#glass4", "uv": [ 0.0, 0.5, 1.0, 2.0 ], "glow": 135 },
						"east": { "texture": "#glass4", "uv": [ 1.0, 0.5, 1.5, 2.0 ], "glow": 135 },
						"south": { "texture": "#glass4", "uv": [ 1.5, 0.5, 2.5, 2.0 ], "glow": 135 },
						"west": { "texture": "#glass4", "uv": [ 42.0, 4.0, 44.0, 6.0 ], "enabled": false },
						"up": { "texture": "#glass4", "uv": [ 0.0, 0.0, 1.0, 0.5 ], "glow": 135 },
						"down": { "texture": "#glass4", "uv": [ 1.0, 0.0, 2.0, 0.5 ], "glow": 135 }
					}
				},
				{
					"name": "ArmorHelmet13",
					"from": [ 5.6, 0.0, 2.15 ], 
					"to": [ 6.1, 2.8, 4.15 ], 
					"unwrapMode": 4,
					"autoUnwrap": false,
					"uv": [ -5.5, -14.5 ],
					"rotationOrigin": [ 5.1, 4.0, 2.7 ],
					"faces": {
						"north": { "texture": "#command01-corner", "uv": [ 1.0, 1.0, 1.5, 3.5 ] },
						"east": { "texture": "#command01-corner", "uv": [ 1.0, 1.0, 3.0, 3.5 ] },
						"south": { "texture": "#command01-corner", "uv": [ 1.0, 1.0, 1.5, 3.5 ] },
						"west": { "texture": "#command01-corner", "uv": [ 8.0, 5.5, 10.0, 8.0 ] },
						"up": { "texture": "#command01-corner", "uv": [ 9.5, 10.5, 11.5, 11.0 ], "rotation": 90 },
						"down": { "texture": "#command01-corner", "uv": [ 9.0, 8.5, 11.0, 9.0 ], "rotation": 90 }
					}
				}
			]
		}
	]}