﻿[
	{
	ingredientPattern: "_S_	BBB",
	ingredients: {
        "S": { type: "block", code: "game:cobblestoneslab-*-down-free", quantity: 1, name: "cobblestone", allowedVariants: ["andesite", "chalk", "chert", "conglomerate", "limestone", "claystone", "granite", "sandstone", "shale", "basalt", "peridotite", "phyllite", "slate"] },
		"B": { type: "item", code: "game:bamboostakes", quantity: 1 },		
	},
	width: 3,
	height: 2,
	output: { type: "block", code: "defensive:false_floor-cobblestone-{cobblestone}", quantity: 1 }
	},
	{
	ingredientPattern: "_G_	BBB",
	ingredients: {
	    "G": { type: "block", code: "game:stonebrickslab-*-down-free", quantity: 1, name: "brick", allowedVariants: ["andesite", "chalk", "chert", "conglomerate", "limestone", "claystone", "granite", "sandstone", "shale", "basalt", "peridotite", "phyllite", "slate"] },
		"B": { type: "item", code: "game:bamboostakes", quantity: 1 },		
	},
	width: 3,
	height: 2,
	output: { type: "block", code: "defensive:false_floor-stonebricks-{brick}", quantity: 1 }
	},
    {
	ingredientPattern: "_S_	W_W",
	ingredients: {
        "S": { type: "block", code: "game:cobblestoneslab-*-down-free", quantity: 1, name: "cobblestone", allowedVariants: ["andesite", "chalk", "chert", "conglomerate", "limestone", "claystone", "granite", "sandstone", "shale", "basalt", "peridotite", "phyllite", "slate"] },
		"W": { type: "item", code: "game:plank-*", name: "wood", quantity: 1 },		
	},
	width: 3,
	height: 2,
	output: { type: "block", code: "defensive:false_floor-cobblestone-{cobblestone}", quantity: 1 }
	},
	{
	ingredientPattern: "_G_	W_W",
	ingredients: {
	    "G": { type: "block", code: "game:stonebrickslab-*-down-free", quantity: 1, name: "brick", allowedVariants: ["andesite", "chalk", "chert", "conglomerate", "limestone", "claystone", "granite", "sandstone", "shale", "basalt", "peridotite", "phyllite", "slate"] },
		"W": { type: "item", code: "game:plank-*", name: "wood", quantity: 1 },		
	},
	width: 3,
	height: 2,
	output: { type: "block", code: "defensive:false_floor-stonebricks-{brick}", quantity: 1 }
	}
]