{
	"editor": {
		"allAngles": false,
		"entityTextureMode": false
	},
	"textureWidth": 16,
	"textureHeight": 16,
	"textureSizes": {
	},
	"textures": {
		"stone": "game:block/stone/rock/andesite1",
		"wood": "game:block/wood/debarked/birch"
	},
	"elements": [
		{
			"name": "Pole1",
			"from": [ 3.0, 0.0, -1.0 ], 
			"to": [ 6.0, 2.0, 17.0 ], 
			"rotationOrigin": [ 3.0, 0.0, -1.0 ],
			"faces": {
				"north": { "texture": "#wood", "uv": [ 0.0, 0.0, 3.0, 2.0 ] },
				"east": { "texture": "#wood", "uv": [ 0.0, 2.5, 16.0, 4.5 ], "autoUv": false },
				"south": { "texture": "#wood", "uv": [ 0.0, 0.0, 3.0, 2.0 ] },
				"west": { "texture": "#wood", "uv": [ 0.0, 3.0, 16.0, 5.0 ], "autoUv": false },
				"up": { "texture": "#wood", "uv": [ 3.5, 0.0, 6.0, 15.5 ], "autoUv": false },
				"down": { "texture": "#wood", "uv": [ 3.0, 0.0, 5.0, 15.5 ], "autoUv": false }
			}
		},
		{
			"name": "Pole2",
			"from": [ 10.0, 0.0, -1.0 ], 
			"to": [ 13.0, 2.0, 17.0 ], 
			"rotationOrigin": [ 10.0, 0.0, -1.0 ],
			"faces": {
				"north": { "texture": "#wood", "uv": [ 0.0, 0.0, 3.0, 2.0 ] },
				"east": { "texture": "#wood", "uv": [ 0.0, 0.0, 15.5, 2.0 ], "autoUv": false },
				"south": { "texture": "#wood", "uv": [ 0.0, 0.0, 3.0, 2.0 ] },
				"west": { "texture": "#wood", "uv": [ 0.0, 0.0, 15.5, 2.0 ], "autoUv": false },
				"up": { "texture": "#wood", "uv": [ 0.0, 0.0, 2.0, 15.5 ], "autoUv": false },
				"down": { "texture": "#wood", "uv": [ 0.0, 0.0, 2.0, 16.0 ], "autoUv": false }
			}
		},
		{
			"name": "Stone",
			"from": [ 1.0, 2.0, 1.0 ], 
			"to": [ 15.0, 16.0, 15.0 ], 
			"rotationOrigin": [ 1.0, 2.0, 1.0 ],
			"faces": {
				"north": { "texture": "#stone", "uv": [ 0.0, 0.0, 14.0, 14.0 ] },
				"east": { "texture": "#stone", "uv": [ 0.0, 0.0, 14.0, 14.0 ] },
				"south": { "texture": "#stone", "uv": [ 0.0, 0.0, 14.0, 14.0 ] },
				"west": { "texture": "#stone", "uv": [ 0.0, 0.0, 14.0, 14.0 ] },
				"up": { "texture": "#stone", "uv": [ 0.0, 0.0, 14.0, 14.0 ] },
				"down": { "texture": "#stone", "uv": [ 0.0, 0.0, 14.0, 14.0 ] }
			}
		}
	]}