{
	code: "poop",
	behaviors: [{name: "UnstableFalling"}, { name: "RightClickPickup", properties: {dropsPickupMode: true}}],
	class: "BlockRequireSolidGround",
	entityBehaviors: [{ name: "FoodSource", properties: {foodType: "Poop", yOffset: 0, saturation: 0} }],
	entityClass: "Transient",
	attributes: {
		fertilizerPropsByType: {
      "*-omnivore-*": { n: 15, p: 15, k: 15 },
      "*-avian-*": { n: 20, p: 4, k: 4 },
      "*-grazer-*": { n: 4, p: 4, k: 20 },
    },
		transientProps: {
			convertFrom: "*",
			convertTo: "game:air",
			inGameHours: "72",
		},
		dissolveInWater: true,
		handbook: {
			exclude: true
		}
	},
	dropsByType: {
		"*-small" : [{type: "item", code: "farmlife:feces-{type}", quantity: {avg: 1}}],
		"*-medium" : [{type: "item", code: "farmlife:feces-{type}", quantity: {avg: 2}}],
		"*-large" : [{type: "item", code: "farmlife:feces-{type}", quantity: {avg: 3}}]
	},
	creativeinventory: { "general": ["*"]},
	variantgroups: [
		{ code: "type", states: ["omnivore", "avian", "grazer"] },
		{ code: "size", states: ["small", "medium", "large"] },
	],
	shape: {base: "farmlife:block/poop/poop-{size}"},
  shapeInventory: { base: "farmlife:block/poop/poopicon" },
  texture: {base: "farmlife:block/poop/{type}"},
	randomDrawOffset: true,
	randomizeRotations: true,
	lightAbsorption: 0,
	resistance: 1,
	replaceable: 6600,
	sidesolid: { all: false },
	sideopaque: { all: false },
	selectionbox: { x1: 0, y1: 0, z1: 0, x2: 1, y2: 0.2, z2: 1 },
	collisionbox: null,
	materialDensity: 3000,
	blockmaterial: "Plant",
  fpHandTransform: {
  translation: { x: 0, y: 0.19, z: 0.5 },
  rotation: { x: 0, y: -24, z: 0 }
},
	tpHandTransform: {
		translation: { x: -1.3, y: -0.7, z: -0.8 },
		rotation: { x: 2, y: 31, z: -25 },
		scale: 0.6
	},
	groundTransform: {
		origin: { x: 0.5, y: 0, z: 0.5 },
		scale: 2
	},
  guiTransform: {
  rotation: { x: -22.5937, y: 132, z: 0 },
  origin: { x: 0.5, y: 0.22, z: 0.5 },
  scale: 1.92
},
}
