[
  {
    "op": "add",
    "path": "/attributesByType/*-cassava/juiceableProperties",
    "value": {
        "litresPerItem": 0.3125,
        "liquidStack": {
            "type": "item",
            "code": "expandedfoods:vegetablejuiceportion-cassava",
            "stacksize": 1
        },
        "pressedStack": {
            "type": "item",
            "code": "game:pressedmash-cassava",
            "stacksize": 1
        },
    },
    "file": "game:itemtypes/food/vegetable.json"
  },
  {
    "op": "add",
    "path": "/attributesByType/*-cabbage/juiceableProperties",
    "value": {
        "litresPerItem": 0.3125,
        "liquidStack": {
            "type": "item",
            "code": "expandedfoods:vegetablejuiceportion-cabbage",
            "stacksize": 1
        },
        "pressedStack": {
            "type": "item",
            "code": "game:pressedmash-cabbage",
            "stacksize": 1
        },
    },
    "file": "game:itemtypes/food/vegetable.json"
  },
  {
    "op": "add",
    "path": "/attributesByType/*-pumpkin/juiceableProperties",
    "value": {
        "litresPerItem": 0.3125,
        "liquidStack": {
            "type": "item",
            "code": "expandedfoods:vegetablejuiceportion-pumpkin",
            "stacksize": 1
        },
        "pressedStack": {
            "type": "item",
            "code": "game:pressedmash-pumpkin",
            "stacksize": 1
        },
    },
    "file": "game:itemtypes/food/vegetable.json"
  },
  {
    "op": "add",
    "path": "/attributesByType/*-cabbage/bakingProperties",
    "value": {
      "temp": 100,
      "levelFrom": 0.0,
      "levelTo": 0.25,
      "startScaleY": 1.0,
      "endScaleY": 1.0,
      "resultCode": "expandedfoods:cookedveggie-cabbage-partbaked"
    },
    "file": "game:itemtypes/food/vegetable.json"
  },
  {
    "op": "add",
    "path": "/attributesByType/*-cabbage/onDisplayTransform",
    "value": {
      "translation": {
        "x": 0,
        "y": -0.125,
        "z": 0
      },
      "scale": 0.75
    },
    "file": "game:itemtypes/food/vegetable.json"
  },
  {
    "op": "add",
    "path": "/attributesByType/*-pumpkin/bakingProperties",
    "value": {
      "temp": 100,
      "levelFrom": 0.0,
      "levelTo": 0.25,
      "startScaleY": 1.0,
      "endScaleY": 1.0,
      "resultCode": "expandedfoods:cookedveggie-pumpkin-partbaked"
    },
    "file": "game:itemtypes/food/vegetable.json"
  },
  {
    "op": "add",
    "path": "/attributesByType/*-pumpkin/onDisplayTransform",
    "value": {
      "translation": {
        "x": 0,
        "y": 0,
        "z": 0
      },
      "scale": 1
    },
    "file": "game:itemtypes/food/vegetable.json"
  }
]