{
  "code": "steatite",
  "class": "Block",
  "variantgroups": [
    {
      "code": "type",
      "states": [ "plain", "ornate" ]
    },
    {
      "code": "material",
      "states": [ "temporal", "astral", "ethereal" ]
    }
  ],
  "shape": { "base": "game:block/basic/cube" },
  "drawtype": "Cube",
  "blockmaterial": "stone",
  "renderpassByType": {
    "*-ethereal": "transparent"
  },
  "sidesolid": {
    "all": false
  },
  "sideopaque": {
    "all": false
  },
  "vertexFlagsbyType": {
    "*-ethereal": {
      "zOffset": 1,
      "glowLevel": 32,
      "lowContrast": true
    },
    "*-astral": {
      "reflective": true
    }
  },
  "faceCullModebyType": {
    "*-ethereal": "liquid"
  },
  "lightabsorptionByType": {
    "*-ethereal": 0,
    "*":  99
  },
  "creativeinventory": {
    "general": [ "*-{material}" ],
    "construction": [ "*-{material}" ],
    "primitive": [ "*-{material}" ]
  },
  "replaceable": 700,
  "resistance": 3,
  "texturesByType": {
    "steatite-plain*": {
      "all": {
        "base": "primitivesurvival:block/stone/steatite/full/plain-{material}"
      }
    },
    "steatite-ornate*": {
      "horizontals": {
        "base": "primitivesurvival:block/stone/steatite/full/ornate-side-{material}"
      },
      "up": {
        "base": "primitivesurvival:block/stone/steatite/full/ornate-u-{material}"
      },
      "down": {
        "base": "primitivesurvival:block/stone/steatite/full/ornate-d-{material}"
      }
    }
  },
  "sounds": {
    "walk": "game:walk/stone1",
    "byTool": {
      "Pickaxe": {
        "hit": "game:block/rock-hit-pickaxe",
        "break": "game:block/rock-break-pickaxe"
      }
    }
  },
  "heldTpIdleAnimation": "holdbothhandslarge",
  "heldTpUseAnimation": "twohandplaceblock",
  "tpHandTransform": {
    "translation": {
      "x": -1.2,
      "y": -1.1,
      "z": -0.8
    },
    "rotation": {
      "x": -2,
      "y": 25,
      "z": -78
    },
    "scale": 0.37
  }
}
