{
	code: "treesyrupportion",
	class: "ItemLiquidPortion",
	matterState: "liquid",
	variantgroups: [
		{ code: "type", states: ["birch", "maple",] },
	],
	attributes: {
		handbook: {
			ignoreCreativeInvStacks: true
		},
		"inBowlShape": { "base": "game:block/food/meal/liquid" },
		nutritionPropsWhenInMeal: { satiety: 96, health: 0.1, foodcategory: "Fruit" },
		waterTightContainerProps: {
			containable: true,
			itemsPerLitre: 100,
			textureByType: {
				"*-birch": {
					base: "game:block/liquid/weaktannin" 
				},
				"*-maple": {
					base: "game:block/liquid/strongtannin" 
				},
			},
			allowSpill: true,
			whenSpilled: {
				action: "DropContents",
				stack: { type: "item", code: "expandedfoods:treesyrupportion-{type}" }
			},
			nutritionPropsPerLitre: {
				saturation: 640,
				"health": 1,
				foodcategory: "Fruit"
			}
		}
	},
	shape: { base: "game:item/liquid" },
	textureByType: {
		"*-birch": {
			base: "game:block/liquid/weaktannin" 
		},
		"*-maple": {
			base: "game:block/liquid/strongtannin" 
		},
	},
	nutritionProps: { saturation: 6.4, health: 0.01, foodcategory: "Fruit" },
	creativeinventoryStacks: [ { tabs: ["general", "liquids", "expandedfoods"], stacks: [ { type: "block", code: "game:woodbucket", attributes: { ucontents: [ { type:"item", code: "expandedfoods:treesyrupportion-{type}", makefull: true } ] } } ] } ],
	maxstacksize: 5000,
	materialDensity: 200,
	guiTransform: {
		rotation: { x: 128, y: 40, z: 7 },
		origin: { x: 0.5, y: 0, z: 0.5 },
		scale: 1.4
	},
	fpHandTransform: {
		translation: { x: 0, y: 0, z: 0 },
		rotation: { x: 42, y: 129, z: -30 }
	},
	tpHandTransform: {
		translation: { x: -1.5, y: -1, z: -1.4 },
	},
}
