{
	code: "yogurt",
	class: "ExpandedLiquid",
	matterState: "liquid",
	attributes: {
		handbook: {
			ignoreCreativeInvStacks: true
		},
		"inBowlShape": { "base": "game:block/food/meal/liquid" },
		waterTightContainerProps: {
			containable: true,
			itemsPerLitre: 100,
			isopaque: true,
			texture: { base: "game:item/liquid/yogurt/{type}" },
			allowSpill: true,
			whenSpilled: { 
				action: "DropContents",
				stack: { type: "item", code: "yogurt-{type}" } 
			},
		}
	},
	variantgroups: [
		{ code: "type", loadFromProperties: "block/fruit", states: ["starter", "ferment", "plain",  "birch", "maple", "honey", "huckleberry", "snowberry", "strawberry", "raspberry", "honeysuckle", "gooseberry", "brambleberry", "cloudberry", "dogrose", "elderberry"] },
	],
	shape: { base: "game:item/liquid" },
	texture: { base: "game:item/liquid/yogurt/{type}" },
	creativeinventoryStacks: [ { tabs: ["general", "liquids", "expandedfoods"], stacks: [ { type: "block", code: "game:woodbucket", attributes: { ucontents: [ { type:"item", code: "expandedfoods:yogurt-{type}", makefull: true } ] } } ] } ],
	maxstacksize: 5000,
	materialDensity: 200,
	transitionablePropsByType: {
		"*-ferment":[{
    			type: "Perish",
    			freshHours: { avg: 96 },
    			transitionHours: { avg: 96 },
    			transitionedStack: { type: "item", code: "game:rot" },
    			transitionRatio: 0.25
  		},
		{
    			type: "Cure",
    			freshHours: { avg: 192 },
    			transitionHours: { avg: 286 },
    			transitionedStack: { type: "item", code: "yogurt-plain" },
    			transitionRatio: 1
  		}],
		"*-starter":[{
    			type: "Perish",
    			freshHours: { avg: 96 },
    			transitionHours: { avg: 96 },
    			transitionedStack: { type: "item", code: "game:rot" },
    			transitionRatio: 0.25
  		}],
		"*":[{
    			type: "Perish",
    			freshHours: { avg: 120 },
    			transitionHours: { avg: 120 },
    			transitionedStack: { type: "item", code: "game:rot" },
    			transitionRatio: 0.25
  		},
		{
    			type: "Cure",
    			freshHours: { avg: 240 },
    			transitionHours: { avg: 360 },
    			transitionedStack: { type: "item", code: "yogurt-starter" },
    			transitionRatio: 1
  		}],
	},
	nutritionPropsByType: {
		"*-plain": { saturation: 7.5, Health: 0.01, foodcategory: "Dairy" },
		"*-blueberry": { saturation: 7.5, Health: 0.01, foodcategory: "Dairy" },
		"*-cranberry": { saturation: 7.5, Health: 0.01, foodcategory: "Dairy" },
		"*-blackcurrant": { saturation: 7.5, Health: 0.01, foodcategory: "Dairy" },
		"*-redcurrant": { saturation: 7.5, Health: 0.01, foodcategory: "Dairy" },
		"*-whitecurrant": { saturation: 7.5, Health: 0.01, foodcategory: "Dairy" },
		"*-pineapple": { saturation: 7.5, Health: 0.01, foodcategory: "Dairy" },
		"*-saguaro": { saturation: 7.5, Health: 0.01, foodcategory: "Dairy" },
		"*-birch": { saturation: 7.5, Health: 0.01, foodcategory: "Dairy" },
		"*-maple": { saturation: 7.5, Health: 0.01, foodcategory: "Dairy" },
		"*-honey": { saturation: 7.5, Health: 0.01, foodcategory: "Dairy" },
		"*-huckleberry": { saturation: 7.5, Health: 0.01, foodcategory: "Dairy" },
		"*-brambleberry": { saturation: 7.5, Health: 0.01, foodcategory: "Dairy" },
		"*-dogrose": { saturation: 7.5, Health: 0.01, foodcategory: "Dairy" },
		"*-gooseberry": { saturation: 7.5, Health: 0.01, foodcategory: "Dairy" },
		"*-honeysuckle": { saturation: 7.5, Health: 0.01, foodcategory: "Dairy" },
		"*-snowberry": { saturation: 7.5, Health: 0.01, foodcategory: "Dairy" },
		"*-elderberry": { saturation: 7.5, Health: 0.01, foodcategory: "Dairy" },
		"*-strawberry": { saturation: 7.5, Health: 0.01, foodcategory: "Dairy" },
		"*-cloudberry": { saturation: 7.5, Health: 0.01, foodcategory: "Dairy" },
		"*-raspberry": { saturation: 7.5, Health: 0.01, foodcategory: "Dairy" },
	},
	guiTransform: {
		rotation: { x: 123, y: -33, z: -13 },
		origin: { x: 0.5, y: 0, z: 0.5 },
		scale: 1.4
	},
	fpHandTransform: {
		translation: { x: 0, y: 0, z: 0 },
		rotation: { x: 25, y: 157, z: -5 }
	},
	tpHandTransform: {
		translation: { x: -1.5, y: -1, z: -1.4 }
	}
}