[
  {
    "op": "add",
    "path": "/crushingPropsByType",
    "value": {
      "metalbit-copper": {
        "crushedStack": {
          "type": "item",
          "code": "crushed-copper",
          "stacksize": 1
        },
        "hardnessTier": 2
      },
      "metalbit-gold": {
        "crushedStack": {
          "type": "item",
          "code": "crushed-gold",
          "stacksize": 1
        },
        "hardnessTier": 1
      },
      "metalbit-lead": {
        "crushedStack": {
          "type": "item",
          "code": "crushed-lead",
          "stacksize": 1
        },
        "hardnessTier": 1
      },
      "metalbit-tin": {
        "crushedStack": {
          "type": "item",
          "code": "crushed-tin",
          "stacksize": 1
        },
        "hardnessTier": 1
      }
    },
    "file": "game:itemtypes/resource/metalbit.json"
  }
]
