[
  {
    "op": "remove",
    "path": "/textures",
    "file": "game:itemtypes/resource/stonebrick.json"
  },
  {
    "op": "add",
    "path": "/texturesByType",
    "value": {
      "*-obsidian": {
        "rock": { "base": "bricklayers:block/stone/brick/{rock}1" },
        "material": { "base": "bricklayers:block/stone/brick/{rock}1" },
        "top": { "base": "bricklayers:block/stone/brick/{rock}1" }
      },
      "*-kimberlite": {
        "rock": { "base": "bricklayers:block/stone/brick/{rock}1" },
        "material": { "base": "bricklayers:block/stone/brick/{rock}1" },
        "top": { "base": "bricklayers:block/stone/brick/{rock}1" }
      },
      "*-suevite": {
        "rock": { "base": "bricklayers:block/stone/brick/{rock}1" },
        "material": { "base": "bricklayers:block/stone/brick/{rock}1" },
        "top": { "base": "bricklayers:block/stone/brick/{rock}1" }
      },
      "*": {
        "rock": { "base": "game:block/stone/brick/{rock}1" },
        "material": { "base": "game:block/stone/brick/{rock}1" },
        "top": { "base": "game:block/stone/brick/{rock}1" }
      }
    },
    "file": "game:itemtypes/resource/stonebrick.json"
  },
  {
    "op": "add",
    "path": "/variantgroups/0/code",
    "value": "rock",
    "file": "game:itemtypes/resource/stonebrick.json"
  },
  {
    "op": "add",
    "path": "/variantgroups/0/states",
    "value": [
	"kimberlite", "obsidian", "suevite"
    ],
    "file": "game:itemtypes/resource/stonebrick.json"
  },
  {
    "op": "replace",
    "path": "/attributes/onDisplayTransform/scale",
    "value": 0.9,
    "file": "game:itemtypes/resource/stonebrick.json"
  }
]
