[
  {
    "op": "add",
    "path": "/grindingPropsByType",
    "value": {
      "*-cassiterite": {
        "groundStack": {
          "type": "item",
          "code": "bricklayers:powdered-cassiterite",
          "stacksize": 2
        }
      },
      "*-coal": {
        "groundStack": {
          "type": "item",
          "code": "bricklayers:powdered-coal",
          "stacksize": 2
        }
      },
      "*-bauxite": {
        "groundStack": {
          "type": "item",
          "code": "bricklayers:powdered-bauxite",
          "stacksize": 2
        }
      },
      "*-copper": {
        "groundStack": {
          "type": "item",
          "code": "bricklayers:powdered-copper",
          "stacksize": 2
        }
      },
      "*-chromite": {
        "groundStack": {
          "type": "item",
          "code": "bricklayers:powdered-chromite",
          "stacksize": 2
        }
      },
      "*-galena": {
        "groundStack": {
          "type": "item",
          "code": "bricklayers:powdered-galena",
          "stacksize": 2
        }
      },
      "*-lead": {
        "groundStack": {
          "type": "item",
          "code": "bricklayers:powdered-lead",
          "stacksize": 2
        }
      },
      "*-gold": {
        "groundStack": {
          "type": "item",
          "code": "bricklayers:powdered-gold",
          "stacksize": 2
        }
      },
      "*-granite": {
        "groundStack": {
          "type": "item",
          "code": "bricklayers:powdered-granite",
          "stacksize": 2
        }
      },
      "*-hematite": {
        "groundStack": {
          "type": "item",
          "code": "bricklayers:powdered-hematite",
          "stacksize": 2
        }
      },
      "*-ilmenite": {
        "groundStack": {
          "type": "item",
          "code": "bricklayers:powdered-ilmenite",
          "stacksize": 2
        }
      },
      "*-quartz": {
        "groundStack": {
          "type": "item",
          "code": "bricklayers:powdered-quartz",
          "stacksize": 2
        }
      },
      "*-limonite": {
        "groundStack": {
          "type": "item",
          "code": "bricklayers:powdered-limonite",
          "stacksize": 2
        }
      },
      "*-lapislazuli": {
        "groundStack": {
          "type": "item",
          "code": "bricklayers:powdered-lapislazuli",
          "stacksize": 2
        }
      },
      "*-magnetite": {
        "groundStack": {
          "type": "item",
          "code": "bricklayers:powdered-magnetite",
          "stacksize": 2
        }
      },
      "*-malachite": {
        "groundStack": {
          "type": "item",
          "code": "bricklayers:powdered-malachite",
          "stacksize": 2
        }
      },
      "*-olivine": {
        "groundStack": {
          "type": "item",
          "code": "bricklayers:powdered-olivine",
          "stacksize": 2
        }
      },
      "*-pentlandite": {
        "groundStack": {
          "type": "item",
          "code": "bricklayers:powdered-pentlandite",
          "stacksize": 2
        }
      },
      "*-rhodochrosite": {
        "groundStack": {
          "type": "item",
          "code": "bricklayers:powdered-rhodochrosite",
          "stacksize": 2
        }
      },
      "*-tin": {
        "groundStack": {
          "type": "item",
          "code": "bricklayers:powdered-tin",
          "stacksize": 2
        }
      },
      "*-titanium": {
        "groundStack": {
          "type": "item",
          "code": "bricklayers:powdered-ilmenite",
          "stacksize": 2
        }
      },
      "*-cinnabar": {
        "groundStack": {
          "type": "item",
          "code": "bricklayers:powdered-cinnabar",
          "stacksize": 2
        }
      }
    },
    "file": "game:itemtypes/resource/crushed/crushed.json"
  },
  {
    "op": "remove",
    "path": "/texture",
    "file": "game:itemtypes/resource/crushed/crushed.json"
  },
  {
    "op": "add",
    "path": "/texturesByType",
    "value": {
      "*-coal": {
        "quartz": {
          "base": "bricklayers:item/resource/crushed/coal"
        }
      },
      "*-copper": {
        "quartz": {
          "base": "bricklayers:item/resource/crushed/copper"
        }
      },
      "*-galena": {
        "quartz": {
          "base": "bricklayers:item/resource/crushed/galena"
        }
      },
      "*-gold": {
        "quartz": {
          "base": "bricklayers:item/resource/crushed/gold"
        }
      },
      "*-granite": {
        "quartz": {
          "base": "bricklayers:item/resource/crushed/granite"
        }
      },
      "*-lead": {
        "quartz": {
          "base": "bricklayers:item/resource/crushed/lead"
        }
      },
      "*-hematite": {
        "quartz": {
          "base": "bricklayers:item/resource/crushed/hematite"
        }
      },
      "*-limonite": {
        "quartz": {
          "base": "bricklayers:item/resource/crushed/limonite"
        }
      },
      "*-magnetite": {
        "quartz": {
          "base": "bricklayers:item/resource/crushed/magnetite"
        }
      },
      "*-malachite": {
        "quartz": {
          "base": "bricklayers:item/resource/crushed/malachite"
        }
      },
      "*-pentlandite": {
        "quartz": {
          "base": "bricklayers:item/resource/crushed/pentlandite"
        }
      },
      "*-rhodochrosite": {
        "quartz": {
          "base": "bricklayers:item/resource/crushed/rhodochrosite"
        }
      },
      "*-tin": {
        "quartz": {
          "base": "bricklayers:item/resource/crushed/tin"
        }
      },
      "*-titanium": {
        "quartz": {
          "base": "bricklayers:item/resource/crushed/titanium"
        }
      },
      "*": {
        "all": {
          "base": "game:item/resource/crushed/{material}"
        }
      }
    },
    "file": "game:itemtypes/resource/crushed/crushed.json"
  },
  {
    "op": "addeach",
    "path": "/variantgroups/0/states/-",
    "value": [ "coal", "copper", "galena", "gold", "granite", "lead", "hematite", "limonite", "magnetite", "malachite", "pentlandite", "rhodochrosite", "tin", "titanium" ],
    "file": "game:itemtypes/resource/crushed/crushed.json"
  },
  {
    "op": "add",
    "path": "/attributes/inContainerTexture",
    "value": { "base": "bricklayers:item/resource/crushed/incontainer/{material}" },
    "file": "game:itemtypes/resource/crushed/crushed.json"
  },
  {
    "op": "add",
    "path": "/attributesByType",
    "value": {
	"crushed-leadoxide": { "handbook": { "exclude": true } },
	"crushed-chromite": {
	    "handbook": {
		"groupBy": ["crushed-*"],
		"extraSections": [
			{ "title": "handbooktitle-crushed", "text": "handbooktext-crushed" },
			{ "title": "handbook-item-usage", "text": "handbook-item-usage-crushed-chromite" }
		]
	    },
	    "displaycaseable": true,
	    "shelvable": true,
            "dissolveInWater": true,
	    "onDisplayTransform": {
		"translation": { "x": 0.05, "y": 0, "z": 0 },
		"origin": { "x": 0.5, "y": 0, "z": 0.5 }, "scale": 0.65
                }
	},
	"*": { "handbook": { "groupBy": ["crushed-*"], "extraSections": [ { "title": "handbooktitle-crushed", "text": "handbooktext-crushed" } ] },
	    "displaycaseable": true,
	    "shelvable": true,
            "dissolveInWater": true,
	    "onDisplayTransform": {
		"translation": { "x": 0.05, "y": 0, "z": 0 },
		"origin": { "x": 0.5, "y": 0, "z": 0.5 }, "scale": 0.65
                }
       	}
    },
    "file": "game:itemtypes/resource/crushed/crushed.json"
  },
  {
    "op": "add",
    "path": "/combustiblePropsByType",
    "value": {
	"*-coal": {
	    "burnTemperature": 1200,
	    "burnDuration": 39
	}
    },
    "file": "game:itemtypes/resource/crushed/crushed.json"
  }
]
