[
  {
    "op": "add",
    "path": "/crushingPropsByType",
    "value": {
      "ingot-copper": {
        "crushedStack": {
          "type": "item",
          "code": "crushed-copper",
          "stacksize": 10
        },
        "hardnessTier": 2
      },
      "ingot-gold": {
        "crushedStack": {
          "type": "item",
          "code": "crushed-gold",
          "stacksize": 10
        },
        "hardnessTier": 2
      },
      "ingot-lead": {
        "crushedStack": {
          "type": "item",
          "code": "crushed-lead",
          "stacksize": 10
        },
        "hardnessTier": 2
      },
      "ingot-tin": {
        "crushedStack": {
          "type": "item",
          "code": "crushed-tin",
          "stacksize": 10
        },
        "hardnessTier": 2
      },
      "ingot-titanium": {
        "crushedStack": {
          "type": "item",
          "code": "crushed-titanium",
          "stacksize": 10
        },
        "hardnessTier": 2
      }
    },
    "file": "game:itemtypes/resource/ingot.json"
  }
]
