[
  {
    "op": "remove",
    "path": "/attributes/handbook/excludeByType",
    "file": "game:blocktypes/clay/brick.json"
  },
  {
    "op": "remove",
    "path": "/attributes/handbook/excludeByType",
    "file": "game:blocktypes/clay/brickslab.json"
  },
  {
    "op": "remove",
    "path": "/attributes/handbook/excludeByType",
    "file": "game:blocktypes/clay/brickstairs.json"
  },
  {
    "op": "remove",
    "path": "/attributes/handbook/excludeByType/*-red-*",
    "file": "game:blocktypes/clay/chimney.json"
  }
]
