[
  {
    "op": "add",
    "path": "/attributes/tradeProps/selling/list/-",
    "value": {
	"code": "bricklayers:powdered-boneash",
	"type": "item",
	    "stacksize": 22,
	    "stock": {
		"avg": 5,
		"var": 3
	    },
	    "price": {
		"avg": 2,
		"var": 0.5
	    }
    },
    "file": "game:entities/humanoid/trader-buildmaterials.json"
  },
  {
    "op": "add",
    "path": "/attributes/tradeProps/selling/list/-",
    "value": {
	"code": "game:hardenedclay-black",
	"type": "block",
	    "stacksize": 8,
	    "stock": {
		"avg": 3,
		"var": 1
	    },
	    "price": {
		"avg": 6,
		"var": 1
	    }
    },
    "file": "game:entities/humanoid/trader-buildmaterials.json"
  },
  {
    "op": "add",
    "path": "/attributes/tradeProps/selling/list/-",
    "value": {
	"code": "game:hardenedclay-yellow",
	"type": "block",
	    "stacksize": 8,
	    "stock": {
		"avg": 3,
		"var": 1
	    },
	    "price": {
		"avg": 4,
		"var": 1
	    }
    },
    "file": "game:entities/humanoid/trader-buildmaterials.json"
  },
  {
    "op": "add",
    "path": "/attributes/tradeProps/selling/list/-",
    "value": {
	"code": "game:hardenedclay-red",
	"type": "block",
	    "stacksize": 8,
	    "stock": {
		"avg": 3,
		"var": 1
	    },
	    "price": {
		"avg": 4,
		"var": 1
	    }
    },
    "file": "game:entities/humanoid/trader-buildmaterials.json"
  },
  {
    "op": "add",
    "path": "/attributes/tradeProps/selling/list/-",
    "value": {
	"code": "game:hardenedclay-orange",
	"type": "block",
	    "stacksize": 8,
	    "stock": {
		"avg": 3,
		"var": 1
	    },
	    "price": {
		"avg": 5,
		"var": 1
	    }
    },
    "file": "game:entities/humanoid/trader-buildmaterials.json"
  }
]
