[
  {
    "op": "remove",
    "path": "/ingredient/allowedVariants/1",
    "file": "game:recipes/clayforming/anvilmold.json"
  },
  {
    "op": "remove",
    "path": "/ingredient/allowedVariants/1",
    "file": "game:recipes/clayforming/axemold.json"
  },
  {
    "op": "remove",
    "path": "/ingredient/allowedVariants/1",
    "file": "game:recipes/clayforming/hammermold.json"
  },
  {
    "op": "remove",
    "path": "/ingredient/allowedVariants/1",
    "file": "game:recipes/clayforming/helvehammer.json"
  },
  {
    "op": "remove",
    "path": "/ingredient/allowedVariants/1",
    "file": "game:recipes/clayforming/hoemold.json"
  },
  {
    "op": "remove",
    "path": "/ingredient/allowedVariants/1",
    "file": "game:recipes/clayforming/lamellaemold.json"
  },
  {
    "op": "remove",
    "path": "/ingredient/allowedVariants/1",
    "file": "game:recipes/clayforming/longblademold.json"
  },
  {
    "op": "remove",
    "path": "/ingredient/allowedVariants/1",
    "file": "game:recipes/clayforming/pickaxemold.json"
  },
  {
    "op": "remove",
    "path": "/ingredient/allowedVariants/1",
    "file": "game:recipes/clayforming/propickmold.json"
  },
  {
    "op": "remove",
    "path": "/ingredient/allowedVariants/1",
    "file": "game:recipes/clayforming/shovelmold.json"
  }
]
