﻿{
	code: "log_topcade",	
	behaviors: 		
		 [{name: "Unstable", properties: { attachedToFaces: ["down"] }}, {name: "NWOrientable"}],	
	variantgroups: [				
		{ code: "orientation", states: [ "ns", "we" ] },
	],
	creativeinventory: { "general": ["log_topcade-ns"], "construction": ["log_topcade-ns"], "defensive": ["log_topcade-ns"]},			
    shapeByType: {		
			"*-ns": { base: "block/wood/log_topcade",             	
        	},			
        	"*-we": { base: "block/wood/log_topcade", rotateY: 90,             	
       	 	},
        },
    collisionbox: { x1: 0, y1: 0, z1: 0.3, x2: 1, y2: 1.1, z2: 0.71,
		rotateYByType: {
			"*-ns": 0,
			"*-we": 90,			
		},
    },
    selectionbox: { x1: 0, y1: 0, z1: 0.3, x2: 1, y2: 1.1, z2: 0.71,
		rotateYByType: {
			"*-ns": 0,
			"*-we": 90,			
		},
    },
    sidesolid: {
		all: false, down: true, up: true
	},
	sideopaque: {
		all: false
	},
	blockmaterial: "Wood",
	requiredMiningTier: 1,
	attributes: {
		handbook: {
			groupBy: ["log_topcade-*"]
		}		
	},
	textures: {
		"side": { base:"game:game:block/wood/firewood/side"},
		"vines": { base:"game:block/vines/basket/normal-westeast"},
		"toplog": { base:"game:block/wood/firewood/front"}		
	},	
	resistance: 4.5,
	sounds: {
		"place": "game:block/planks",
		"walk": "game:walk/wood",
		"hit": "game:block/planks",
		"break": "game:block/planks",
		byTool: {
			"Axe": { hit: "game:block/chop", break: "game:block/planks" }
		}
	},
	drops: [
		{ type: "block", code: "log_topcade-ns", quantity: { avg: 1 }  }
	],
    rainPermeable: false,
    lightAbsorption: 5,
	combustibleProps: 
    	{        
			burnTemperature: 700,
			burnDuration: 72,		
		},
	maxStackSize: 16,
	materialDensity: 700,
	heldTpIdleAnimation: "holdbothhandslarge", heldTpUseAnimation: "twohandplaceblock",
	tpHandTransform: {
		translation: { x: -1.2, y: -1.1, z: -0.8 },
		rotation: { x: -2, y: 25, z: -78 },
		scale: 0.37
	}
}

