﻿{
	code: "log_cornercade",	
	behaviors: 		
		 [{name: "Unstable", properties: { attachedToFaces: ["down"] }}, {name: "HorizontalOrientable", properties: {  dropBlockFace: "north" }},],	
	variantgroups: [				
		{ code:"side", loadFromProperties: "abstract/horizontalorientation" }
	],
	creativeinventory: { "general": ["log_cornercade-north"], "construction": ["log_cornercade-north"], "defensive": ["log_cornercade-north"]},			
    shapeByType: {		
			"*-north": { base: "block/wood/log_cornercade", rotateY: 180,
        	},			
        	"*-east": { base: "block/wood/log_cornercade", rotateY: 270,
       	 	},
        	"*-south": { base: "block/wood/log_cornercade", 
       	 	},
        	"*-west": { base: "block/wood/log_cornercade", rotateY: 90,
       	 	},
        },
    collisionbox: { x1: 0.27, y1: 0, z1: 0.3, x2: 1.0625, y2: 1, z2: 1, 
		rotateYByType: {
			"*-north": 180,
			"*-east": 270,
            "*-south": 0,
            "*-west": 90,
		},
    },
    selectionbox: { x1: 0.27, y1: 0, z1: 0.3, x2: 1.0625, y2: 1, z2: 1, 
		rotateYByType: {
			"*-north": 180,
			"*-east": 270,
            "*-south": 0,
            "*-west": 90,
		},
    },
    sidesolid: {
		all: false, down: true, up: true
	},
	sideopaque: {
		all: false
	},
	blockmaterial: "Wood",
	requiredMiningTier: 1,
	attributes: {
		handbook: {
			groupBy: ["log_cornercade-*"]
		}		
	},
	textures: {
		"side": { base:"game:game:block/wood/firewood/side"},
		"vines": { base:"game:block/vines/basket/normal-westeast"},
		"toplog": { base:"game:block/wood/firewood/front"}		
	},	
	resistance: 4.5,
	sounds: {
		"place": "game:block/planks",
		"walk": "game:walk/wood",
		"hit": "game:block/planks",
		"break": "game:block/planks",
		byTool: {
			"Axe": { hit: "game:block/chop", break: "game:block/planks" }
		}
	},
	drops: [
		{ type: "block", code: "log_cornercade-north", quantity: { avg: 1 }  }
	],
    rainPermeable: false,
    lightAbsorption: 5,
	combustibleProps: 
    	{        
			burnTemperature: 700,
			burnDuration: 72,		
		},
	maxStackSize: 16,
	materialDensity: 700,
	heldTpIdleAnimation: "holdbothhandslarge", heldTpUseAnimation: "twohandplaceblock",
	tpHandTransform: {
		translation: { x: -1.2, y: -1.1, z: -0.8 },
		rotation: { x: -2, y: 25, z: -78 },
		scale: 0.37
	}
}