{
  "code": "clipping",
  "class": "ItemClipping",
  "maxstacksize": 4,
  "creativeinventory": {
    "general": [ "*" ],
    "items": [ "*" ]
  },
  "variantgroups": [
    {
      "code": "type",
      "states": [ "huckleberry", "snowberry", "raspberry", "brambleberry", "dogrose", "gooseberry", "honeysuckle", "elderberry", "blueraspberry", "redcurrant", "blackcurrant", "whitecurrant", "blueberry", "cranberry"]
    },
    {
      "code": "state",
      "states": [ "green", "dry" ]
    }
  ],
  "transitionablePropsByType": {
    "*-green": [
      {
        "type": "Perish",
        "freshHours": { "avg": 12 },
        "transitionHours": { "avg": 12 },
        "transitionedStack": {
          "type": "item",
          "code": "wildcraft:clipping-{type}-dry"
        },
        "transitionRatio": 0.25
      }
    ]
  },
  "textureByType": {
    "*": { "base": "wildcraft:items/clipping/clipping_{state}" }
  },
  "materialDensity": 200,
  "combustibleProps": {
    "burnTemperature": 600,
    "burnDuration": 10
  }
}
