{
	code: "cabinetbottomcase",
	class: "cabinetcase",
	creativeinventory: { "general": ["*-north"], "decorative": ["*-north"], "zeekea": ["*-north"] },
	behaviors: [{ name: "HorizontalOrientable" }],
	blockmaterial: "Wood",
	variantgroups: [
		{ code: "internals", loadFromProperties: "block/wood" },
		{ code: "tabletop", states: ["none", "andesite", "chalk", "chert", "conglomerate", "limestone", "claystone", "granite", "sandstone", "shale", "basalt", "peridotite", "phyllite", "slate", "bauxite"] },
		{ loadFromProperties: "abstract/horizontalorientation" }
	],
	attributes: {
		handbook: {
			excludeByType: {
				"*-none-*": false,
				"*": true
			}
		}
	},
	drawtype: "json",
	textures: {
		"0": { base: "game:block/stone/polishedrock/{tabletop}" },
		"1": { base: "game:block/wood/debarked/{internals}" },
	},
	shapebytype: { 
		"*-none-north": {
			base: "block/kitchen/cabinet_bottom_case_notop",
			rotateY: 0
		},
		"*-none-east": {
			base: "block/kitchen/cabinet_bottom_case_notop",
			rotateY: 270
		},
		"*-none-south": {
			base: "block/kitchen/cabinet_bottom_case_notop",
			rotateY: 180
		},
		"*-none-west": {
			base: "block/kitchen/cabinet_bottom_case_notop",
			rotateY: 90
		},
		"*-north": {
			base: "block/kitchen/cabinet_bottom_case",
			rotateY: 0
		},
		"*-east": {
			base: "block/kitchen/cabinet_bottom_case",
			rotateY: 270
		},
		"*-south": {
			base: "block/kitchen/cabinet_bottom_case",
			rotateY: 180
		},
		"*-west": {
			base: "block/kitchen/cabinet_bottom_case",
			rotateY: 90
		}
	},
	lightAbsorption: 0,
	sidesolid: {
		all: "false",
	},
	sideopaque: {
		all: "false",
	},
	collisionselectionboxes: [
		{
			x1: 0, y1: 0, z1: 0, x2: 0.5, y2: 0.5, z2: 0.8125, 
			rotateYByType: {
				"*-north": 0,
				"*-east": 270,
				"*-west": 90,
				"*-south": 180,
			}
		}, 
		{
			x1: 0.5, y1: 0, z1: 0, x2: 1, y2: 0.5, z2: 0.8125, 
			rotateYByType: {
				"*-north": 0,
				"*-east": 270,
				"*-west": 90,
				"*-south": 180,
			}
		}, 
		{
			x1: 0, y1: 0.5, z1: 0, x2: 0.5, y2: 1, z2: 0.8125,
			rotateYByType: {
				"*-north": 0,
				"*-east": 270,
				"*-west": 90,
				"*-south": 180,
			}
		},
		{
			x1: 0.5, y1: 0.5, z1: 0, x2: 1, y2: 1, z2: 0.8125,
			rotateYByType: {
				"*-north": 0,
				"*-east": 270,
				"*-west": 90,
				"*-south": 180,
			}
		}
	],
	resistance: 3.5,
	sounds: {
		"place": "game:block/planks",
		"walk": "game:walk/wood"
	},
	guiTransform: {
		rotation: { x: -22.6, y: -145, z: 0 }
	}
}