{
	code: "etorch",
	class: "BlockTorch",
	behaviors: [{name: "CanIgnite"}],
	entityClass: "Torch",
	storageFlags: 257,
	attackRange: 2,
	heldRightTpIdleAnimation: "holdinglanternrighthand",
	heldLeftTpIdleAnimation: "holdinglanternlefthand",
	attributes: {
		attachmentAreas: {
			"down": { x1: 7, y1: 15, z1: 7, x2: 8, y2: 16, z2: 8 },
			"north": { x1: 6, y1: 0, z1: 15, x2: 10, y2: 5, z2: 15, rotateY: 180 },
			"east": { x1: 6, y1: 0, z1: 15, x2: 10, y2: 5, z2: 15, rotateY: 270 },
			"south": { x1: 6, y1: 0, z1: 15, x2: 10, y2: 5, z2: 15, rotateY: 0 },
			"west": { x1: 6, y1: 0, z1: 15, x2: 10, y2: 5, z2: 15, rotateY: 90 }
		}
	},
	variantgroups: [
		{ code: "orientation", states: ["up"], loadFromProperties: "abstract/horizontalorientation" }
	],
	heldRightTpIdleAnimationbyType: {
		"*": "holdinglanternrighthand"
	},
	heldLeftTpIdleAnimationbyType: {
		"*": "holdinglanternlefthand"
	},
	heldTpUseAnimationbyType: {
		"*": "interactstatic"
	},
	shapebytype: {
		"*-up": { base: "block/etorchground" },
		"*-north": { base: "block/etorchwall", rotateY: 0 },
		"*-east": { base: "block/etorchwall", rotateY: 270 },
		"*-south": { base: "block/etorchwall", rotateY: 180 },
		"*-west": { base: "block/etorchwall", rotateY: 90 }
	},
	creativeinventory: { "general": ["*-up"], "decorative": ["*-up"] },
	blockmaterial: "Metal",
	lightAbsorption: 0,
	lightHsv: [8, 4, 22],
	drawtype: "json",
	sidesolid: {
		all: false
	},
	sideopaque: {
		all: false
	},
	replaceable: 5001,
	resistance: 0.25,
	fpHandTransform: {
		translation: { x: 0, y: -0.1, z: 0 },
		rotation: { x: -20, y: 0, z: 0 },
		origin: { x: 0.7, y: 0.5, z: 0.5 },
		scale: 2
	},
	guiTransform: {
		rotation: { x: -47, y: 30, z: 15 },
		origin: { x: 0.5, y: 0.46, z: 0.5 },
		scale: 2.02
	},
	tpHandTransform: {
		translation: { x: -0.73, y: 0.05, z: -0.75 },
		rotation: { x: 0, y: 179, z: 86 },
		origin: { x: 0.5, y: 0, z: 0.5 },
		scale: 0.63
	},
	groundTransform: {
		translation: { x: 0, y: 0, z: 0 },
		rotation: { x: 0, y: -1, z: 90 },
		origin: { x: 0.44, y: 0.25, z: 0.5 },
		scale: 2.8
	},
	sounds: {
		"place": "game:block/planks",
		"break": "game:block/planks",
		"hit": "game:block/planks"
	},
	collisionbox: null,
	selectionboxbytype: {
		"*-up": { x1: 0.4249, y1: 0, z1: 0.4249, x2: 0.5751, y2: 0.856, z2: 0.5751 },
		"*-east":{ x1: 0.4126, y1: 0.1686, z1: 0.6444, x2: 0.5999, y2: 0.8685, z2: 1, rotateY: 270 },
		"*-south": { x1: 0.4126, y1: 0.1686, z1: 0.6444, x2: 0.5999, y2: 0.8685, z2: 1, rotateY: 180 },
		"*-west": { x1: 0.4126, y1: 0.1686, z1: 0.6444, x2: 0.5999, y2: 0.8685, z2: 1, rotateY: 90 },
		"*-north": { x1: 0.4126, y1: 0.1686, z1: 0.6444, x2: 0.5999, y2: 0.8685, z2: 1, rotateY: 0 }
	}
}