{
	code: "temptorch",
	class: "BlockTorch",
	behaviors: [{name: "CanIgnite"}],
	entityClass: "Torch",
	storageFlags: 257,
	attackRange: 2,
	heldRightTpIdleAnimation: "holdinglanternrighthand",
	heldLeftTpIdleAnimation: "holdinglanternlefthand",
	attributes: {
		attachmentAreas: {
			"down": { x1: 7, y1: 15, z1: 7, x2: 8, y2: 16, z2: 8 },
			"north": { x1: 6, y1: 0, z1: 15, x2: 10, y2: 5, z2: 15, rotateY: 180 },
			"east": { x1: 6, y1: 0, z1: 15, x2: 10, y2: 5, z2: 15, rotateY: 270 },
			"south": { x1: 6, y1: 0, z1: 15, x2: 10, y2: 5, z2: 15, rotateY: 0 },
			"west": { x1: 6, y1: 0, z1: 15, x2: 10, y2: 5, z2: 15, rotateY: 90 }
		}
	},
	variantgroups: [
		{ code: "orientation", states: ["up"], loadFromProperties: "abstract/horizontalorientation" }
	],
	heldRightTpIdleAnimationbyType: {
		"*": "holdinglanternrighthand"
	},
	heldLeftTpIdleAnimationbyType: {
		"*": "holdinglanternlefthand"
	},
	heldTpUseAnimationbyType: {
		"*": "interactstatic"
	},
	shapebytype: {
		"*-up": { base: "block/temporaltorchground" },
		"*-north": { base: "block/temporaltorchwall", rotateY: 0 },
		"*-east": { base: "block/temporaltorchwall", rotateY: 270 },
		"*-south": { base: "block/temporaltorchwall", rotateY: 180 },
		"*-west": { base: "block/temporaltorchwall", rotateY: 90 }
	},
	creativeinventory: { "general": ["*-up"], "decorative": ["*-up"] },
	blockmaterial: "Metal",
	lightAbsorption: 0,
	lightHsv: [28, 3, 18],
	drawtype: "json",
	sidesolid: {
		all: false
	},
	sideopaque: {
		all: false
	},
	replaceable: 5001,
	resistance: 0.25,
	fpHandTransform: {
		translation: { x: 0, y: 0, z: 0 },
		rotation: { x: -20, y: 10, z: -5 },
		scale: 2
	},
	guiTransform: {
		rotation: { x: -47, y: 30, z: 15 },
		origin: { x: 0.5, y: 0.46, z: 0.5 },
		scale: 2.02
	},
	tpHandTransform: {
		translation: { x: -0.73, y: 0.05, z: -0.75 },
		rotation: { x: 0, y: 179, z: 86 },
		origin: { x: 0.5, y: 0, z: 0.5 },
		scale: 0.63
	},
	groundTransform: {
		translation: { x: 0, y: 0, z: 0 },
		rotation: { x: 0, y: -1, z: 90 },
		origin: { x: 0.44, y: 0.25, z: 0.5 },
		scale: 2.8
	},
	collisionbox: null,
	selectionboxbytype: {
		"*-up": { x1: 0.375, y1: 0, z1: 0.375, x2: 0.625, y2: 0.8875, z2: 0.625 },
		"*-east":{ x1: 0.4, y1: 0.1875, z1: 0.5625, x2: 0.6125, y2: 0.9, z2: 1, rotateY: 270 },
		"*-south": { x1: 0.4, y1: 0.1875, z1: 0.5625, x2: 0.6125, y2: 0.9, z2: 1, rotateY: 180 },
		"*-west": { x1: 0.4, y1: 0.1875, z1: 0.5625, x2: 0.6125, y2: 0.9, z2: 1, rotateY: 90 },
		"*-north": { x1: 0.4, y1: 0.1875, z1: 0.5625, x2: 0.6125, y2: 0.9, z2: 1, rotateY: 0 }
	},
	sounds: {
		"place": "game:block/planks",
		"break": "game:block/planks",
		"hit": "game:block/planks"
	},
	heldSounds: {
			"idle": "locustmod:held/torch-idle2",
			"equip": "locustmod:held/temporalstart",
			"unequip": "locustmod:held/silence",
			"attack": "locustmod:held/silence"
	},
	particleProperties: [
		{
			hsvaColor: [{ avg: 90, var: 20 }, { avg: 255, var: 45 }, { avg: 255, var: 50 },  { avg: 255, var: 0 }],
			gravityEffect: { avg: 0, var: 0 },
			posOffset: [ { avg: 0, var: 0.1 }, { avg: 0, var: 0 }, { avg: 0, var: 0.1 }],
			velocity: [ { avg: 0, var: 0.01 }, { avg: 0.1, var: 0.1 }, { avg: 0, var: 0.01 }],
			quantity: { avg: 0.1 },
			size: { avg: 0.5, var: 0 },
			sizeEvolve: { transform: "quadratic", factor: -0.7 },
			lifeLength: { avg: 0.6 } ,
			vertexFlags: 64
		}
	]
}