[ 
  { file: "game:shapes/entity/humanoid/seraph-faceless", op: "add", path: "/animations/-", value:
    {
      "name":"row_forward",
      "code":"row_forward",
      "quantityframes":33,
      "onActivityStopped":"EaseOut",
      "onAnimationEnd":"Repeat",
      "keyframes":[
        {
          "frame":0,
          "elements":{
            "BackShirtTile":{
              "rotationX":0.0,
              "rotationY":0.0,
              "rotationZ":0.0,
              "offsetX":0.0,
              "offsetY":0.0,
              "offsetZ":0.0
            },
            "FrontShirtTile":{
              "rotationX":-0.0,
              "rotationY":0.0,
              "rotationZ":-0.0,
              "offsetX":0.0,
              "offsetY":0.0,
              "offsetZ":0.0
            },
            "LowerButtons":{
              "rotationX":-0.0,
              "rotationY":0.0,
              "rotationZ":-0.0,
              "offsetX":0.0,
              "offsetY":0.0,
              "offsetZ":0.0
            },
            "UpperFootL":{
              "rotationX":0.0,
              "rotationY":0.0,
              "rotationZ":0.0,
              "offsetX":0.0,
              "offsetY":0.0,
              "offsetZ":0.0
            },
            "UpperFootR":{
              "rotationX":-0.0,
              "rotationY":-0.0,
              "rotationZ":-0.0,
              "offsetX":0.0,
              "offsetY":0.0,
              "offsetZ":0.0
            },
            "Hair":{
              "rotationX":-0.0,
              "rotationY":0.0,
              "rotationZ":-0.0,
              "offsetX":0.0,
              "offsetY":0.0,
              "offsetZ":0.0
            },
            "Hair tile upper part":{
              "rotationX":-0.0,
              "rotationY":0.0,
              "rotationZ":-0.0,
              "offsetX":0.0,
              "offsetY":0.0,
              "offsetZ":0.0
            },
            "Ponytail1":{
              "rotationX":-0.0,
              "rotationY":0.0,
              "rotationZ":-0.0,
              "offsetX":0.0,
              "offsetY":0.0,
              "offsetZ":0.0
            },
            "Ponytail 2":{
              "rotationX":0.0,
              "rotationY":0.0,
              "rotationZ":0.0,
              "offsetX":0.0,
              "offsetY":0.0,
              "offsetZ":0.0
            },
            "ItemAnchor":{
              "rotationX":1.5692804647617404,
              "rotationY":169.95100723030504,
              "rotationZ":2.234749530855785,
              "offsetX":0.0,
              "offsetY":0.0,
              "offsetZ":0.0
            },
            "UpperButtons":{
              "rotationX":0.0,
              "rotationY":0.0,
              "rotationZ":0.0,
              "offsetX":0.0,
              "offsetY":0.0,
              "offsetZ":0.0
            },
            "LowerTorso":{
              "rotationX":-0.0,
              "rotationY":0.0,
              "rotationZ":2.9999693476313407,
              "offsetX":0.0,
              "offsetY":0.0,
              "offsetZ":0.0
            },
            "UpperTorso":{
              "rotationX":-0.0,
              "rotationY":0.0,
              "rotationZ":2.9999693476313407,
              "offsetX":0.0,
              "offsetY":0.0,
              "offsetZ":0.0
            },
            "UpperArmL":{
              "rotationX":-53.9246098746283,
              "rotationY":7.9821876584473195,
              "rotationZ":28.91997717231779,
              "offsetX":0.0,
              "offsetY":0.0,
              "offsetZ":0.0
            },
            "LowerArmL":{
              "rotationX":173.67874689437957,
              "rotationY":4.868901630504059,
              "rotationZ":-73.35580821420841,
              "offsetX":0.0,
              "offsetY":0.0,
              "offsetZ":0.0
            },
            "UpperArmR":{
              "rotationX":61.03782842346804,
              "rotationY":-2.5180553189007475,
              "rotationZ":25.426458355261328,
              "offsetX":9.414458901346734e-08,
              "offsetY":1.86218343856126e-07,
              "offsetZ":1.1533844457289888e-07
            },
            "LowerArmR":{
              "rotationX":8.072439216818928,
              "rotationY":6.619006124178304,
              "rotationZ":-95.89863583397121,
              "offsetX":0.0,
              "offsetY":0.0,
              "offsetZ":0.0
            },
            "Neck":{
              "rotationX":-0.0,
              "rotationY":0.0,
              "rotationZ":-0.0,
              "offsetX":0.0,
              "offsetY":0.0,
              "offsetZ":0.0
            },
            "Head":{
              "rotationX":-0.0,
              "rotationY":0.0,
              "rotationZ":11.999976428268328,
              "offsetX":0.0,
              "offsetY":0.0,
              "offsetZ":0.0
            }
          }
        },
        {
          "frame":10,
          "elements":{
            "BackShirtTile":{
              "rotationX":0.0,
              "rotationY":0.0,
              "rotationZ":0.0,
              "offsetX":0.0,
              "offsetY":0.0,
              "offsetZ":0.0
            },
            "FrontShirtTile":{
              "rotationX":-0.0,
              "rotationY":0.0,
              "rotationZ":-0.0,
              "offsetX":0.0,
              "offsetY":0.0,
              "offsetZ":0.0
            },
            "LowerButtons":{
              "rotationX":-0.0,
              "rotationY":0.0,
              "rotationZ":-0.0,
              "offsetX":0.0,
              "offsetY":0.0,
              "offsetZ":0.0
            },
            "UpperFootL":{
              "rotationX":0.0,
              "rotationY":0.0,
              "rotationZ":0.0,
              "offsetX":0.0,
              "offsetY":0.0,
              "offsetZ":0.0
            },
            "UpperFootR":{
              "rotationX":-0.0,
              "rotationY":-0.0,
              "rotationZ":-0.0,
              "offsetX":0.0,
              "offsetY":0.0,
              "offsetZ":0.0
            },
            "Hair":{
              "rotationX":-0.0,
              "rotationY":0.0,
              "rotationZ":-0.0,
              "offsetX":0.0,
              "offsetY":0.0,
              "offsetZ":0.0
            },
            "Hair tile upper part":{
              "rotationX":-0.0,
              "rotationY":0.0,
              "rotationZ":-0.0,
              "offsetX":0.0,
              "offsetY":0.0,
              "offsetZ":0.0
            },
            "Ponytail1":{
              "rotationX":-0.0,
              "rotationY":0.0,
              "rotationZ":-0.0,
              "offsetX":0.0,
              "offsetY":0.0,
              "offsetZ":0.0
            },
            "Ponytail 2":{
              "rotationX":0.0,
              "rotationY":0.0,
              "rotationZ":0.0,
              "offsetX":0.0,
              "offsetY":0.0,
              "offsetZ":0.0
            },
            "ItemAnchor":{
              "rotationX":1.5692804647617404,
              "rotationY":169.95100723030504,
              "rotationZ":2.234749530855785,
              "offsetX":0.0,
              "offsetY":0.0,
              "offsetZ":0.0
            },
            "UpperButtons":{
              "rotationX":0.0,
              "rotationY":0.0,
              "rotationZ":0.0,
              "offsetX":0.0,
              "offsetY":0.0,
              "offsetZ":0.0
            },
            "LowerTorso":{
              "rotationX":-0.0,
              "rotationY":0.0,
              "rotationZ":12.99998100955531,
              "offsetX":-1.997259259223938,
              "offsetY":-0.10467149317264557,
              "offsetZ":0.0
            },
            "UpperTorso":{
              "rotationX":-0.0,
              "rotationY":0.0,
              "rotationZ":12.99998100955531,
              "offsetX":0.0,
              "offsetY":0.0,
              "offsetZ":0.0
            },
            "UpperArmL":{
              "rotationX":-52.19277784453113,
              "rotationY":11.15221420225999,
              "rotationZ":-25.398709004210858,
              "offsetX":-0.6903725862503052,
              "offsetY":-0.16080760955810547,
              "offsetZ":-0.08400693535804749
            },
            "LowerArmL":{
              "rotationX":150.5200889284809,
              "rotationY":-1.5768423379465908,
              "rotationZ":-71.81083308432986,
              "offsetX":0.0,
              "offsetY":0.0,
              "offsetZ":0.0
            },
            "UpperArmR":{
              "rotationX":46.02493602399661,
              "rotationY":-6.761369891482995,
              "rotationZ":-25.404226089512935,
              "offsetX":-0.6736946702003479,
              "offsetY":-0.17833474278450012,
              "offsetZ":0.06929577887058258
            },
            "LowerArmR":{
              "rotationX":48.866906020652635,
              "rotationY":-6.713532527196695,
              "rotationZ":-80.4391515156185,
              "offsetX":0.0,
              "offsetY":0.0,
              "offsetZ":0.0
            },
            "Neck":{
              "rotationX":-0.0,
              "rotationY":0.0,
              "rotationZ":18.99998800670969,
              "offsetX":0.0,
              "offsetY":0.0,
              "offsetZ":0.0
            },
            "Head":{
              "rotationX":0.0,
              "rotationY":0.0,
              "rotationZ":-21.999943693962692,
              "offsetX":0.0,
              "offsetY":0.0,
              "offsetZ":0.0
            }
          }
        },
        {
          "frame":32,
          "elements":{
            "BackShirtTile":{
              "rotationX":0.0,
              "rotationY":0.0,
              "rotationZ":0.0,
              "offsetX":0.0,
              "offsetY":0.0,
              "offsetZ":0.0
            },
            "FrontShirtTile":{
              "rotationX":-0.0,
              "rotationY":0.0,
              "rotationZ":-0.0,
              "offsetX":0.0,
              "offsetY":0.0,
              "offsetZ":0.0
            },
            "LowerButtons":{
              "rotationX":-0.0,
              "rotationY":0.0,
              "rotationZ":-0.0,
              "offsetX":0.0,
              "offsetY":0.0,
              "offsetZ":0.0
            },
            "UpperFootL":{
              "rotationX":0.0,
              "rotationY":0.0,
              "rotationZ":0.0,
              "offsetX":0.0,
              "offsetY":0.0,
              "offsetZ":0.0
            },
            "UpperFootR":{
              "rotationX":-0.0,
              "rotationY":-0.0,
              "rotationZ":-0.0,
              "offsetX":0.0,
              "offsetY":0.0,
              "offsetZ":0.0
            },
            "Hair":{
              "rotationX":-0.0,
              "rotationY":0.0,
              "rotationZ":-0.0,
              "offsetX":0.0,
              "offsetY":0.0,
              "offsetZ":0.0
            },
            "Hair tile upper part":{
              "rotationX":-0.0,
              "rotationY":0.0,
              "rotationZ":-0.0,
              "offsetX":0.0,
              "offsetY":0.0,
              "offsetZ":0.0
            },
            "Ponytail1":{
              "rotationX":-0.0,
              "rotationY":0.0,
              "rotationZ":-0.0,
              "offsetX":0.0,
              "offsetY":0.0,
              "offsetZ":0.0
            },
            "Ponytail 2":{
              "rotationX":0.0,
              "rotationY":0.0,
              "rotationZ":0.0,
              "offsetX":0.0,
              "offsetY":0.0,
              "offsetZ":0.0
            },
            "ItemAnchor":{
              "rotationX":1.5692804647617404,
              "rotationY":169.95100723030504,
              "rotationZ":2.234749530855785,
              "offsetX":0.0,
              "offsetY":0.0,
              "offsetZ":0.0
            },
            "UpperButtons":{
              "rotationX":0.0,
              "rotationY":0.0,
              "rotationZ":0.0,
              "offsetX":0.0,
              "offsetY":0.0,
              "offsetZ":0.0
            },
            "LowerTorso":{
              "rotationX":-0.0,
              "rotationY":0.0,
              "rotationZ":2.9999693476313407,
              "offsetX":0.0,
              "offsetY":0.0,
              "offsetZ":0.0
            },
            "UpperTorso":{
              "rotationX":-0.0,
              "rotationY":0.0,
              "rotationZ":2.9999693476313407,
              "offsetX":0.0,
              "offsetY":0.0,
              "offsetZ":0.0
            },
            "UpperArmL":{
              "rotationX":-53.9246098746283,
              "rotationY":7.9821876584473195,
              "rotationZ":28.91997717231779,
              "offsetX":0.0,
              "offsetY":0.0,
              "offsetZ":0.0
            },
            "LowerArmL":{
              "rotationX":173.67874689437957,
              "rotationY":4.868901630504059,
              "rotationZ":-73.35580821420841,
              "offsetX":0.0,
              "offsetY":0.0,
              "offsetZ":0.0
            },
            "UpperArmR":{
              "rotationX":61.03782842346804,
              "rotationY":-2.5180553189007475,
              "rotationZ":25.426458355261328,
              "offsetX":9.414458901346734e-08,
              "offsetY":1.86218343856126e-07,
              "offsetZ":1.1533844457289888e-07
            },
            "LowerArmR":{
              "rotationX":8.072439216818928,
              "rotationY":6.619006124178304,
              "rotationZ":-95.89863583397121,
              "offsetX":0.0,
              "offsetY":0.0,
              "offsetZ":0.0
            },
            "Neck":{
              "rotationX":-0.0,
              "rotationY":0.0,
              "rotationZ":-0.0,
              "offsetX":0.0,
              "offsetY":0.0,
              "offsetZ":0.0
            },
            "Head":{
              "rotationX":-0.0,
              "rotationY":0.0,
              "rotationZ":11.999976428268328,
              "offsetX":0.0,
              "offsetY":0.0,
              "offsetZ":0.0
            }
          }
        }
      ]
    }
  },
  { file: "game:shapes/entity/humanoid/seraph-faceless", op: "add", path: "/animations/-", value:
    {
      "name":"row_reverse",
      "code":"row_reverse",
      "quantityframes":33,
      "onActivityStopped":"EaseOut",
      "onAnimationEnd":"Repeat",
      "keyframes":[
        {
          "frame":0,
          "elements":{
            "BackShirtTile":{
              "rotationX":0.0,
              "rotationY":0.0,
              "rotationZ":0.0,
              "offsetX":0.0,
              "offsetY":0.0,
              "offsetZ":0.0
            },
            "FrontShirtTile":{
              "rotationX":-0.0,
              "rotationY":0.0,
              "rotationZ":-0.0,
              "offsetX":0.0,
              "offsetY":0.0,
              "offsetZ":0.0
            },
            "LowerButtons":{
              "rotationX":-0.0,
              "rotationY":0.0,
              "rotationZ":-0.0,
              "offsetX":0.0,
              "offsetY":0.0,
              "offsetZ":0.0
            },
            "UpperFootL":{
              "rotationX":0.0,
              "rotationY":0.0,
              "rotationZ":0.0,
              "offsetX":0.0,
              "offsetY":0.0,
              "offsetZ":0.0
            },
            "UpperFootR":{
              "rotationX":-0.0,
              "rotationY":-0.0,
              "rotationZ":-0.0,
              "offsetX":0.0,
              "offsetY":0.0,
              "offsetZ":0.0
            },
            "Hair":{
              "rotationX":-0.0,
              "rotationY":0.0,
              "rotationZ":-0.0,
              "offsetX":0.0,
              "offsetY":0.0,
              "offsetZ":0.0
            },
            "Hair tile upper part":{
              "rotationX":-0.0,
              "rotationY":0.0,
              "rotationZ":-0.0,
              "offsetX":0.0,
              "offsetY":0.0,
              "offsetZ":0.0
            },
            "Ponytail1":{
              "rotationX":-0.0,
              "rotationY":0.0,
              "rotationZ":-0.0,
              "offsetX":0.0,
              "offsetY":0.0,
              "offsetZ":0.0
            },
            "Ponytail 2":{
              "rotationX":0.0,
              "rotationY":0.0,
              "rotationZ":0.0,
              "offsetX":0.0,
              "offsetY":0.0,
              "offsetZ":0.0
            },
            "ItemAnchor":{
              "rotationX":1.5692804647617404,
              "rotationY":169.95100723030504,
              "rotationZ":2.234749530855785,
              "offsetX":0.0,
              "offsetY":0.0,
              "offsetZ":0.0
            },
            "UpperButtons":{
              "rotationX":0.0,
              "rotationY":0.0,
              "rotationZ":0.0,
              "offsetX":0.0,
              "offsetY":0.0,
              "offsetZ":0.0
            },
            "LowerTorso":{
              "rotationX":-0.0,
              "rotationY":0.0,
              "rotationZ":12.99998100955531,
              "offsetX":-1.997259259223938,
              "offsetY":-0.10467149317264557,
              "offsetZ":0.0
            },
            "UpperTorso":{
              "rotationX":-0.0,
              "rotationY":0.0,
              "rotationZ":12.99998100955531,
              "offsetX":0.0,
              "offsetY":0.0,
              "offsetZ":0.0
            },
            "UpperArmL":{
              "rotationX":-60.77958580113903,
              "rotationY":12.263211065106972,
              "rotationZ":-36.27334175728059,
              "offsetX":-0.6444233655929565,
              "offsetY":-0.2974505126476288,
              "offsetZ":-0.07597646117210388
            },
            "LowerArmL":{
              "rotationX":-7.197525281312499,
              "rotationY":-177.47523924263945,
              "rotationZ":63.92263395150379,
              "offsetX":0.0,
              "offsetY":0.0,
              "offsetZ":0.0
            },
            "UpperArmR":{
              "rotationX":68.1257821025679,
              "rotationY":-13.516762513668583,
              "rotationZ":-32.94267855569933,
              "offsetX":-0.6353798508644104,
              "offsetY":-0.2757912576198578,
              "offsetZ":0.10344702750444412
            },
            "LowerArmR":{
              "rotationX":7.8652829943870275,
              "rotationY":0.8307023344523486,
              "rotationZ":-58.3924961579221,
              "offsetX":0.0,
              "offsetY":0.0,
              "offsetZ":0.0
            },
            "Neck":{
              "rotationX":-0.0,
              "rotationY":0.0,
              "rotationZ":18.99998800670969,
              "offsetX":0.0,
              "offsetY":0.0,
              "offsetZ":0.0
            },
            "Head":{
              "rotationX":0.0,
              "rotationY":0.0,
              "rotationZ":-21.999943693962692,
              "offsetX":0.0,
              "offsetY":0.0,
              "offsetZ":0.0
            }
          }
        },
        {
          "frame":10,
          "elements":{
            "BackShirtTile":{
              "rotationX":0.0,
              "rotationY":0.0,
              "rotationZ":0.0,
              "offsetX":0.0,
              "offsetY":0.0,
              "offsetZ":0.0
            },
            "FrontShirtTile":{
              "rotationX":-0.0,
              "rotationY":0.0,
              "rotationZ":-0.0,
              "offsetX":0.0,
              "offsetY":0.0,
              "offsetZ":0.0
            },
            "LowerButtons":{
              "rotationX":-0.0,
              "rotationY":0.0,
              "rotationZ":-0.0,
              "offsetX":0.0,
              "offsetY":0.0,
              "offsetZ":0.0
            },
            "UpperFootL":{
              "rotationX":0.0,
              "rotationY":0.0,
              "rotationZ":0.0,
              "offsetX":0.0,
              "offsetY":0.0,
              "offsetZ":0.0
            },
            "UpperFootR":{
              "rotationX":-0.0,
              "rotationY":-0.0,
              "rotationZ":-0.0,
              "offsetX":0.0,
              "offsetY":0.0,
              "offsetZ":0.0
            },
            "Hair":{
              "rotationX":-0.0,
              "rotationY":0.0,
              "rotationZ":-0.0,
              "offsetX":0.0,
              "offsetY":0.0,
              "offsetZ":0.0
            },
            "Hair tile upper part":{
              "rotationX":-0.0,
              "rotationY":0.0,
              "rotationZ":-0.0,
              "offsetX":0.0,
              "offsetY":0.0,
              "offsetZ":0.0
            },
            "Ponytail1":{
              "rotationX":-0.0,
              "rotationY":0.0,
              "rotationZ":-0.0,
              "offsetX":0.0,
              "offsetY":0.0,
              "offsetZ":0.0
            },
            "Ponytail 2":{
              "rotationX":0.0,
              "rotationY":0.0,
              "rotationZ":0.0,
              "offsetX":0.0,
              "offsetY":0.0,
              "offsetZ":0.0
            },
            "ItemAnchor":{
              "rotationX":1.5692804647617404,
              "rotationY":169.95100723030504,
              "rotationZ":2.234749530855785,
              "offsetX":0.0,
              "offsetY":0.0,
              "offsetZ":0.0
            },
            "UpperButtons":{
              "rotationX":0.0,
              "rotationY":0.0,
              "rotationZ":0.0,
              "offsetX":0.0,
              "offsetY":0.0,
              "offsetZ":0.0
            },
            "LowerTorso":{
              "rotationX":-0.0,
              "rotationY":0.0,
              "rotationZ":2.9999693476313407,
              "offsetX":0.0,
              "offsetY":0.0,
              "offsetZ":0.0
            },
            "UpperTorso":{
              "rotationX":-0.0,
              "rotationY":0.0,
              "rotationZ":2.9999693476313407,
              "offsetX":0.0,
              "offsetY":0.0,
              "offsetZ":0.0
            },
            "UpperArmL":{
              "rotationX":-48.693589970463556,
              "rotationY":11.246971977936516,
              "rotationZ":27.916048647352635,
              "offsetX":0.0,
              "offsetY":0.0,
              "offsetZ":0.0
            },
            "LowerArmL":{
              "rotationX":-9.416530799244581,
              "rotationY":-168.69494910231802,
              "rotationZ":95.54528032809978,
              "offsetX":0.0,
              "offsetY":0.0,
              "offsetZ":0.0
            },
            "UpperArmR":{
              "rotationX":45.33403506869314,
              "rotationY":-6.094008756267151,
              "rotationZ":23.94955118310384,
              "offsetX":8.509358906394482e-08,
              "offsetY":1.4774559531360865e-07,
              "offsetZ":1.6665458701936586e-07
            },
            "LowerArmR":{
              "rotationX":29.9128920172463,
              "rotationY":-3.149984420910327,
              "rotationZ":-88.85500325239558,
              "offsetX":0.0,
              "offsetY":0.0,
              "offsetZ":0.0
            },
            "Neck":{
              "rotationX":-0.0,
              "rotationY":0.0,
              "rotationZ":-0.0,
              "offsetX":0.0,
              "offsetY":0.0,
              "offsetZ":0.0
            },
            "Head":{
              "rotationX":-0.0,
              "rotationY":0.0,
              "rotationZ":11.999976428268328,
              "offsetX":0.0,
              "offsetY":0.0,
              "offsetZ":0.0
            }
          }
        },
        {
          "frame":32,
          "elements":{
            "BackShirtTile":{
              "rotationX":0.0,
              "rotationY":0.0,
              "rotationZ":0.0,
              "offsetX":0.0,
              "offsetY":0.0,
              "offsetZ":0.0
            },
            "FrontShirtTile":{
              "rotationX":-0.0,
              "rotationY":0.0,
              "rotationZ":-0.0,
              "offsetX":0.0,
              "offsetY":0.0,
              "offsetZ":0.0
            },
            "LowerButtons":{
              "rotationX":-0.0,
              "rotationY":0.0,
              "rotationZ":-0.0,
              "offsetX":0.0,
              "offsetY":0.0,
              "offsetZ":0.0
            },
            "UpperFootL":{
              "rotationX":0.0,
              "rotationY":0.0,
              "rotationZ":0.0,
              "offsetX":0.0,
              "offsetY":0.0,
              "offsetZ":0.0
            },
            "UpperFootR":{
              "rotationX":-0.0,
              "rotationY":-0.0,
              "rotationZ":-0.0,
              "offsetX":0.0,
              "offsetY":0.0,
              "offsetZ":0.0
            },
            "Hair":{
              "rotationX":-0.0,
              "rotationY":0.0,
              "rotationZ":-0.0,
              "offsetX":0.0,
              "offsetY":0.0,
              "offsetZ":0.0
            },
            "Hair tile upper part":{
              "rotationX":-0.0,
              "rotationY":0.0,
              "rotationZ":-0.0,
              "offsetX":0.0,
              "offsetY":0.0,
              "offsetZ":0.0
            },
            "Ponytail1":{
              "rotationX":-0.0,
              "rotationY":0.0,
              "rotationZ":-0.0,
              "offsetX":0.0,
              "offsetY":0.0,
              "offsetZ":0.0
            },
            "Ponytail 2":{
              "rotationX":0.0,
              "rotationY":0.0,
              "rotationZ":0.0,
              "offsetX":0.0,
              "offsetY":0.0,
              "offsetZ":0.0
            },
            "ItemAnchor":{
              "rotationX":1.5692804647617404,
              "rotationY":169.95100723030504,
              "rotationZ":2.234749530855785,
              "offsetX":0.0,
              "offsetY":0.0,
              "offsetZ":0.0
            },
            "UpperButtons":{
              "rotationX":0.0,
              "rotationY":0.0,
              "rotationZ":0.0,
              "offsetX":0.0,
              "offsetY":0.0,
              "offsetZ":0.0
            },
            "LowerTorso":{
              "rotationX":-0.0,
              "rotationY":0.0,
              "rotationZ":12.99998100955531,
              "offsetX":-1.997259259223938,
              "offsetY":-0.10467149317264557,
              "offsetZ":0.0
            },
            "UpperTorso":{
              "rotationX":-0.0,
              "rotationY":0.0,
              "rotationZ":12.99998100955531,
              "offsetX":0.0,
              "offsetY":0.0,
              "offsetZ":0.0
            },
            "UpperArmL":{
              "rotationX":-60.77958580113903,
              "rotationY":12.263211065106972,
              "rotationZ":-36.27334175728059,
              "offsetX":-0.6444233655929565,
              "offsetY":-0.2974505126476288,
              "offsetZ":-0.07597646117210388
            },
            "LowerArmL":{
              "rotationX":-7.197525281312499,
              "rotationY":-177.47523924263945,
              "rotationZ":63.92263395150379,
              "offsetX":0.0,
              "offsetY":0.0,
              "offsetZ":0.0
            },
            "UpperArmR":{
              "rotationX":68.1257821025679,
              "rotationY":-13.516762513668583,
              "rotationZ":-32.94267855569933,
              "offsetX":-0.6353798508644104,
              "offsetY":-0.2757912576198578,
              "offsetZ":0.10344702750444412
            },
            "LowerArmR":{
              "rotationX":7.8652829943870275,
              "rotationY":0.8307023344523486,
              "rotationZ":-58.3924961579221,
              "offsetX":0.0,
              "offsetY":0.0,
              "offsetZ":0.0
            },
            "Neck":{
              "rotationX":-0.0,
              "rotationY":0.0,
              "rotationZ":18.99998800670969,
              "offsetX":0.0,
              "offsetY":0.0,
              "offsetZ":0.0
            },
            "Head":{
              "rotationX":0.0,
              "rotationY":0.0,
              "rotationZ":-21.999943693962692,
              "offsetX":0.0,
              "offsetY":0.0,
              "offsetZ":0.0
            }
          }
        }
      ]
    }
  },
  { file: "game:entities/humanoid/player", op: "add", path: "/client/animations/-", value: {
      code: "row_forward",
      animation: "row_forward", 
      animationSpeed: 1.2,
      blendMode: "Add",
      elementWeight: {
        "UpperArmR": 100,
        "LowerArmR": 100,
        "UpperArmL": 100,
        "LowerArmL": 100
      },
      elementBlendMode: {
        "UpperArmR": "AddAverage",
        "LowerArmR": "AddAverage",
        "UpperArmL": "AddAverage",
        "LowerArmL": "AddAverage"
      }
    }
  },
  { file: "game:entities/humanoid/player", op: "add", path: "/client/animations/-", value: {
      code: "row_reverse",
      animation: "row_reverse", 
      animationSpeed: 1.2,
      blendMode: "Add",
      elementWeight: {
        "UpperArmR": 100,
        "LowerArmR": 100,
        "UpperArmL": 100,
        "LowerArmL": 100
      },
      elementBlendMode: {
        "UpperArmR": "AddAverage",
        "LowerArmR": "AddAverage",
        "UpperArmL": "AddAverage",
        "LowerArmL": "AddAverage"
      }
    }
  }
]