[
  {
    "op": "replace",
    "path": "/0/ingredients/0/consumeLitres",
    "value": 1,
    "file": "recipes/barrel/leather.json"
  },
  {
    "op": "replace",
    "path": "/0/ingredients/0/litres",
    "value": 1,
    "file": "recipes/barrel/leather.json"
  },
  {
    "op": "replace",
    "path": "/0/sealHours",
    "value": 72,
    "file": "recipes/barrel/leather.json"
  },
  {
    "op": "replace",
    "path": "/1/ingredients/0/consumeLitres",
    "value": 2,
    "file": "recipes/barrel/leather.json"
  },
  {
    "op": "replace",
    "path": "/1/ingredients/0/litres",
    "value": 2,
    "file": "recipes/barrel/leather.json"
  },
  {
    "op": "replace",
    "path": "/1/sealHours",
    "value": 72,
    "file": "recipes/barrel/leather.json"
  },
  {
    "op": "replace",
    "path": "/2/ingredients/0/consumeLitres",
    "value": 3,
    "file": "recipes/barrel/leather.json"
  },
  {
    "op": "replace",
    "path": "/2/ingredients/0/litres",
    "value": 3,
    "file": "recipes/barrel/leather.json"
  },
  {
    "op": "replace",
    "path": "/2/sealHours",
    "value": 72,
    "file": "recipes/barrel/leather.json"
  },
  {
    "op": "replace",
    "path": "/3/ingredients/0/consumeLitres",
    "value": 4,
    "file": "recipes/barrel/leather.json"
  },
  {
    "op": "replace",
    "path": "/3/ingredients/0/litres",
    "value": 4,
    "file": "recipes/barrel/leather.json"
  },
  {
    "op": "replace",
    "path": "/3/sealHours",
    "value": 72,
    "file": "recipes/barrel/leather.json"
  }
]