{
	code: "sheetroofingridge",
	behaviors: [{name: "NWOrientable", properties: {  dropBlockFace: "ns" }}],	
	variantgroups: [
		{ code: "material", states: ["lead","zinc","copper"] },
		{ code:"orientation", states: ["ns", "we"] },
		{ code: "cover", states: ["free", "snow"] }
	],
	shapeByType: { 
		"*-ns-*": { base: "block/roofing/ridge/sheet-{material}-{cover}", rotateY: 0 },
		"*-we-*": { base: "block/roofing/ridge/sheet-{material}-{cover}", rotateY: 90 }
	},
	texturesByType: {
		"*-lead-*": {
			"material": { base: "block/metal/shingles/lead*" }
		},
		"*-zinc-*": {
			"material": { base: "block/metal/shingles/zinc*" }
		},
		"*-copper-*": {
			"material": { base: "game:block/metal/shingles/copper*" }
		}
	},
	drawtype: "json",
	faceCullMode: "NeverCull",
	renderpass: "OpaqueNoCull",
	sidesolid: { all: false },
	sideopaque: { all: false},
	blockmaterialByType: {
		"*": "Metal"
	},
	creativeinventory: { "general": ["*-ns-free"], "decorative": ["*-ns-free"] },
	replaceable: 300,
	resistance: 2,
	lightAbsorption: 99,
	emitSideAo: {
		all: true
	},
	collisionSelectionBox: {
		x1: 0.1875, y1: 0, z1: 0, x2: 1, y2: 0.5625, z2: 1
	},
	soundsByType: {
		"*": {
			"place": "game:block/chute",
			"break": "game:block/chute",
			"hit": "game:block/chute",
			"walk": "game:walk/stone"
		}
	},
	guiTransform: {
		rotation: { x: -22.6, y: -50, z: 0 },
		origin: { x: 0.5, y: 0.3, z: 0.5 },
		scale: 0.8
	}
}