[
    {
        "op": "add",
        "path": "/server/behaviors/9/aitasks/0/entityCodes/-",
        "value": "tame-wolf-male",
        "file": "game:entities/land/raccoon-male.json"
    },
    {
        "op": "add",
        "path": "/server/behaviors/9/aitasks/0/entityCodes/-",
        "value": "tame-wolf-female",
        "file": "game:entities/land/raccoon-male.json"
    },
    {
        "op": "add",
        "path": "/server/behaviors/9/aitasks/1/entityCodes/-",
        "value": "tame-wolf-male",
        "file": "game:entities/land/raccoon-male.json"
    },
    {
        "op": "add",
        "path": "/server/behaviors/9/aitasks/1/entityCodes/-",
        "value": "tame-wolf-female",
        "file": "game:entities/land/raccoon-male.json"
    },
    {
        "op": "add",
        "path": "/server/behaviors/9/aitasks/2/entityCodes/-",
        "value": "tame-wolf-male",
        "file": "game:entities/land/raccoon-male.json"
    },
    {
        "op": "add",
        "path": "/server/behaviors/9/aitasks/2/entityCodes/-",
        "value": "tame-wolf-female",
        "file": "game:entities/land/raccoon-male.json"
    }
]