{
	"editor": {
		"allAngles": false,
		"entityTextureMode": false
	},
	"textureWidth": 16,
	"textureHeight": 16,
	"textureSizes": {
	},
	"textures": {
	},
	"elements": [
		{
			"name": "Node",
			"from": [ 0.0, 0.0, 0.0 ], 
			"to": [ 0.0, 0.0, 0.0 ], 
			"faces": {
				"north": { "texture": "#null", "uv": [ 0.0, 0.0, 0.5, 0.5 ] },
				"east": { "texture": "#null", "uv": [ 0.0, 0.0, 0.5, 0.5 ] },
				"south": { "texture": "#null", "uv": [ 0.0, 0.0, 0.5, 0.5 ] },
				"west": { "texture": "#null", "uv": [ 0.0, 0.0, 0.5, 0.5 ] },
				"up": { "texture": "#null", "uv": [ 0.0, 0.0, 0.5, 0.5 ] },
				"down": { "texture": "#null", "uv": [ 0.0, 0.0, 0.5, 0.5 ] }
			},
			"children": [
				{
					"name": "Cube1",
					"from": [ -1.5, -1.5, -1.5 ], 
					"to": [ 1.5, 1.5, 1.5 ], 
					"rotationOrigin": [ -1.5, -1.5, -1.5 ],
					"faces": {
						"north": { "texture": "#null", "uv": [ 0.0, 0.0, 3.0, 3.0 ] },
						"east": { "texture": "#null", "uv": [ 0.0, 0.0, 3.0, 3.0 ] },
						"south": { "texture": "#null", "uv": [ 0.0, 0.0, 3.0, 3.0 ] },
						"west": { "texture": "#null", "uv": [ 0.0, 0.0, 3.0, 3.0 ] },
						"up": { "texture": "#null", "uv": [ 0.0, 0.0, 3.0, 3.0 ] },
						"down": { "texture": "#null", "uv": [ 0.0, 0.0, 3.0, 3.0 ] }
					},
					"children": [
						{
							"name": "Cube3",
							"from": [ 3.0, 0.5, 0.5 ], 
							"to": [ 3.5, 2.5, 2.5 ], 
							"rotationOrigin": [ 3.0, 0.5, 0.5 ],
							"faces": {
								"north": { "texture": "#null", "uv": [ 0.0, 0.0, 0.5, 2.0 ] },
								"east": { "texture": "#null", "uv": [ 0.0, 0.0, 2.0, 2.0 ] },
								"south": { "texture": "#null", "uv": [ 0.0, 0.0, 0.5, 2.0 ] },
								"west": { "texture": "#null", "uv": [ 0.0, 0.0, 2.0, 2.0 ] },
								"up": { "texture": "#null", "uv": [ 0.0, 0.0, 0.5, 2.0 ] },
								"down": { "texture": "#null", "uv": [ 0.0, 0.0, 0.5, 2.0 ] }
							}
						},
						{
							"name": "Cube4",
							"from": [ -0.5, 0.5, 0.5 ], 
							"to": [ 0.0, 2.5, 2.5 ], 
							"rotationOrigin": [ -0.5, 0.5, 0.5 ],
							"faces": {
								"north": { "texture": "#null", "uv": [ 0.0, 0.0, 0.5, 2.0 ] },
								"east": { "texture": "#null", "uv": [ 0.0, 0.0, 2.0, 2.0 ] },
								"south": { "texture": "#null", "uv": [ 0.0, 0.0, 0.5, 2.0 ] },
								"west": { "texture": "#null", "uv": [ 0.0, 0.0, 2.0, 2.0 ] },
								"up": { "texture": "#null", "uv": [ 0.0, 0.0, 0.5, 2.0 ] },
								"down": { "texture": "#null", "uv": [ 0.0, 0.0, 0.5, 2.0 ] }
							}
						},
						{
							"name": "Cube5",
							"from": [ 0.5, 3.0, 0.5 ], 
							"to": [ 2.5, 3.5, 2.5 ], 
							"rotationOrigin": [ 0.5, 3.0, 0.5 ],
							"faces": {
								"north": { "texture": "#null", "uv": [ 0.0, 0.0, 2.0, 0.5 ] },
								"east": { "texture": "#null", "uv": [ 0.0, 0.0, 2.0, 0.5 ] },
								"south": { "texture": "#null", "uv": [ 0.0, 0.0, 2.0, 0.5 ] },
								"west": { "texture": "#null", "uv": [ 0.0, 0.0, 2.0, 0.5 ] },
								"up": { "texture": "#null", "uv": [ 0.0, 0.0, 2.0, 2.0 ] },
								"down": { "texture": "#null", "uv": [ 0.0, 0.0, 2.0, 2.0 ] }
							}
						},
						{
							"name": "Cube6",
							"from": [ 0.5, -0.5, 0.5 ], 
							"to": [ 2.5, 0.0, 2.5 ], 
							"rotationOrigin": [ 0.5, -0.5, 0.5 ],
							"faces": {
								"north": { "texture": "#null", "uv": [ 0.0, 0.0, 2.0, 0.5 ] },
								"east": { "texture": "#null", "uv": [ 0.0, 0.0, 2.0, 0.5 ] },
								"south": { "texture": "#null", "uv": [ 0.0, 0.0, 2.0, 0.5 ] },
								"west": { "texture": "#null", "uv": [ 0.0, 0.0, 2.0, 0.5 ] },
								"up": { "texture": "#null", "uv": [ 0.0, 0.0, 2.0, 2.0 ] },
								"down": { "texture": "#null", "uv": [ 0.0, 0.0, 2.0, 2.0 ] }
							}
						},
						{
							"name": "Cube7",
							"from": [ 0.5, 0.5, 3.0 ], 
							"to": [ 2.5, 2.5, 3.5 ], 
							"rotationOrigin": [ 0.5, 0.5, 3.0 ],
							"faces": {
								"north": { "texture": "#null", "uv": [ 0.0, 0.0, 2.0, 2.0 ] },
								"east": { "texture": "#null", "uv": [ 0.0, 0.0, 0.5, 2.0 ] },
								"south": { "texture": "#null", "uv": [ 0.0, 0.0, 2.0, 2.0 ] },
								"west": { "texture": "#null", "uv": [ 0.0, 0.0, 0.5, 2.0 ] },
								"up": { "texture": "#null", "uv": [ 0.0, 0.0, 2.0, 0.5 ] },
								"down": { "texture": "#null", "uv": [ 0.0, 0.0, 2.0, 0.5 ] }
							}
						},
						{
							"name": "Cube8",
							"from": [ 0.5, 0.5, -0.5 ], 
							"to": [ 2.5, 2.5, 0.0 ], 
							"rotationOrigin": [ 0.5, 0.5, -0.5 ],
							"faces": {
								"north": { "texture": "#null", "uv": [ 0.0, 0.0, 2.0, 2.0 ] },
								"east": { "texture": "#null", "uv": [ 0.0, 0.0, 0.5, 2.0 ] },
								"south": { "texture": "#null", "uv": [ 0.0, 0.0, 2.0, 2.0 ] },
								"west": { "texture": "#null", "uv": [ 0.0, 0.0, 0.5, 2.0 ] },
								"up": { "texture": "#null", "uv": [ 0.0, 0.0, 2.0, 0.5 ] },
								"down": { "texture": "#null", "uv": [ 0.0, 0.0, 2.0, 0.5 ] }
							}
						}
					]
				}
			]
		}
	]}