{
	"editor": {
		"allAngles": true,
		"entityTextureMode": false
	},
	"textureWidth": 16,
	"textureHeight": 16,
	"textureSizes": { },
	"textures": {
		"normal1-6": "game:block/plant/crop/sunflower/normal1-6"
	},
	"elements": [
		{
			"name": "origin",
			"from": [ 8.0, 0.0, 8.0 ],
			"to": [ 8.0, 0.0, 8.0 ],
			"foliageWaveSpecial": 3,
			"rotationOrigin": [ 8.0, 0.0, 8.0 ],
			"faces": {
				"north": { "texture": "#0", "uv": [ 0.0, 0.0, 0.5, 0.5 ], "enabled": false },
				"east": { "texture": "#0", "uv": [ 0.0, 0.0, 0.5, 0.5 ], "enabled": false },
				"south": { "texture": "#0", "uv": [ 0.0, 0.0, 0.5, 0.5 ], "enabled": false },
				"west": { "texture": "#0", "uv": [ 0.0, 0.0, 0.5, 0.5 ], "enabled": false },
				"up": { "texture": "#0", "uv": [ 0.0, 0.0, 0.5, 0.5 ], "enabled": false },
				"down": { "texture": "#0", "uv": [ 0.0, 0.0, 0.5, 0.5 ], "enabled": false }
			},
			"children": [
				{
					"name": "stemdown",
					"from": [ -0.5, -0.1, -0.5 ],
					"to": [ 0.3, 15.9, 0.3 ],
					"foliageWaveSpecial": 3,
					"rotationOrigin": [ 0.0, -0.1, 0.0 ],
					"rotationY": -45.0,
					"faces": {
						"north": { "texture": "#normal1-6", "uv": [ 0.0, 0.0, 0.5, 16.0 ] },
						"east": { "texture": "#normal1-6", "uv": [ 0.0, 0.0, 0.5, 16.0 ] },
						"south": { "texture": "#normal1-6", "uv": [ 1.0, 0.0, 1.5, 16.0 ] },
						"west": { "texture": "#normal1-6", "uv": [ 0.0, 0.0, 0.5, 16.0 ] },
						"up": { "texture": "#0", "uv": [ 0.0, 0.0, 0.5, 0.5 ], "enabled": false },
						"down": { "texture": "#normal1-6", "uv": [ 0.5, 14.5, 1.0, 15.0 ] }
					},
					"children": [
						{
							"name": "Leaf1",
							"from": [ -1.5, 6.0, -4.5 ],
							"to": [ 3.0, 6.0, 0.0 ],
							"foliageWaveSpecial": 3,
							"rotationOrigin": [ 0.5, 6.0, 0.5 ],
							"rotationX": 6.0,
							"faces": {
								"north": { "texture": "#0", "uv": [ 0.0, 0.0, 4.5, 0.5 ], "enabled": false },
								"east": { "texture": "#0", "uv": [ 0.0, 0.0, 4.5, 0.5 ], "enabled": false },
								"south": { "texture": "#0", "uv": [ 0.0, 0.0, 4.5, 0.5 ], "enabled": false },
								"west": { "texture": "#0", "uv": [ 0.0, 0.0, 4.5, 0.5 ], "enabled": false },
								"up": { "texture": "#normal1-6", "uv": [ 6.5, 11.5, 11.0, 16.0 ] },
								"down": { "texture": "#0", "uv": [ 0.0, 0.0, 4.5, 4.5 ], "enabled": false }
							}
						},
						{
							"name": "Leaf2",
							"from": [ -1.5, 9.0, -4.5 ],
							"to": [ 3.0, 9.0, 0.0 ],
							"foliageWaveSpecial": 3,
							"rotationOrigin": [ 0.5, 9.0, 0.5 ],
							"rotationX": 14.0,
							"rotationY": 45.0,
							"rotationZ": -13.0,
							"faces": {
								"north": { "texture": "#0", "uv": [ 0.0, 0.0, 4.5, 0.5 ], "enabled": false },
								"east": { "texture": "#0", "uv": [ 0.0, 0.0, 4.5, 0.5 ], "enabled": false },
								"south": { "texture": "#0", "uv": [ 0.0, 0.0, 4.5, 0.5 ], "enabled": false },
								"west": { "texture": "#0", "uv": [ 0.0, 0.0, 4.5, 0.5 ], "enabled": false },
								"up": { "texture": "#normal1-6", "uv": [ 6.5, 11.5, 11.0, 16.0 ] },
								"down": { "texture": "#0", "uv": [ 0.0, 0.0, 4.5, 4.5 ], "enabled": false }
							}
						},
						{
							"name": "Leaf3",
							"from": [ -1.5, 3.0, -4.5 ],
							"to": [ 3.0, 3.0, 0.0 ],
							"foliageWaveSpecial": 3,
							"rotationOrigin": [ 0.5, 3.0, 0.5 ],
							"rotationX": -25.0,
							"rotationY": -157.5,
							"faces": {
								"north": { "texture": "#0", "uv": [ 0.0, 0.0, 4.5, 0.5 ], "enabled": false },
								"east": { "texture": "#0", "uv": [ 0.0, 0.0, 4.5, 0.5 ], "enabled": false },
								"south": { "texture": "#0", "uv": [ 0.0, 0.0, 4.5, 0.5 ], "enabled": false },
								"west": { "texture": "#0", "uv": [ 0.0, 0.0, 4.5, 0.5 ], "enabled": false },
								"up": { "texture": "#normal1-6", "uv": [ 6.5, 11.5, 11.0, 16.0 ] },
								"down": { "texture": "#0", "uv": [ 0.0, 0.0, 4.5, 4.5 ], "enabled": false }
							}
						},
						{
							"name": "Leaf4",
							"from": [ -1.5, 12.0, -4.5 ],
							"to": [ 3.0, 12.0, 0.0 ],
							"foliageWaveSpecial": 3,
							"rotationOrigin": [ 0.5, 12.0, 0.5 ],
							"rotationX": -3.0,
							"rotationY": 135.0,
							"rotationZ": -22.5,
							"faces": {
								"north": { "texture": "#0", "uv": [ 0.0, 0.0, 4.5, 0.5 ], "enabled": false },
								"east": { "texture": "#0", "uv": [ 0.0, 0.0, 4.5, 0.5 ], "enabled": false },
								"south": { "texture": "#0", "uv": [ 0.0, 0.0, 4.5, 0.5 ], "enabled": false },
								"west": { "texture": "#0", "uv": [ 0.0, 0.0, 4.5, 0.5 ], "enabled": false },
								"up": { "texture": "#normal1-6", "uv": [ 6.5, 11.5, 11.0, 16.0 ] },
								"down": { "texture": "#0", "uv": [ 0.0, 0.0, 4.5, 4.5 ], "enabled": false }
							}
						},
						{
							"name": "Leaf5",
							"from": [ -1.5, 10.0, -4.5 ],
							"to": [ 3.0, 10.0, 0.0 ],
							"foliageWaveSpecial": 3,
							"rotationOrigin": [ 0.5, 10.0, 0.5 ],
							"rotationX": -19.0,
							"rotationY": -135.0,
							"rotationZ": -6.0,
							"faces": {
								"north": { "texture": "#0", "uv": [ 0.0, 0.0, 4.5, 0.5 ], "enabled": false },
								"east": { "texture": "#0", "uv": [ 0.0, 0.0, 4.5, 0.5 ], "enabled": false },
								"south": { "texture": "#0", "uv": [ 0.0, 0.0, 4.5, 0.5 ], "enabled": false },
								"west": { "texture": "#0", "uv": [ 0.0, 0.0, 4.5, 0.5 ], "enabled": false },
								"up": { "texture": "#normal1-6", "uv": [ 6.5, 11.5, 11.0, 16.0 ] },
								"down": { "texture": "#0", "uv": [ 0.0, 0.0, 4.5, 4.5 ], "enabled": false }
							}
						},
						{
							"name": "Leaf6",
							"from": [ -1.5, 13.0, -4.5 ],
							"to": [ 3.0, 13.0, 0.0 ],
							"foliageWaveSpecial": 3,
							"rotationOrigin": [ 0.5, 13.0, 0.5 ],
							"rotationX": -3.0,
							"rotationY": -36.0,
							"rotationZ": -8.0,
							"faces": {
								"north": { "texture": "#0", "uv": [ 0.0, 0.0, 4.5, 0.5 ], "enabled": false },
								"east": { "texture": "#0", "uv": [ 0.0, 0.0, 4.5, 0.5 ], "enabled": false },
								"south": { "texture": "#0", "uv": [ 0.0, 0.0, 4.5, 0.5 ], "enabled": false },
								"west": { "texture": "#0", "uv": [ 0.0, 0.0, 4.5, 0.5 ], "enabled": false },
								"up": { "texture": "#normal1-6", "uv": [ 6.5, 11.5, 11.0, 16.0 ] },
								"down": { "texture": "#0", "uv": [ 0.0, 0.0, 4.5, 4.5 ], "enabled": false }
							}
						},
						{
							"name": "head",
							"from": [ -1.0, 15.6, -1.0 ],
							"to": [ 2.0, 16.6, 2.0 ],
							"foliageWaveSpecial": 3,
							"rotationOrigin": [ 0.5, 15.6, 0.5 ],
							"rotationX": 5.999999810520024,
							"rotationY": -44.999996548644546,
							"faces": {
								"north": { "texture": "#normal1-6", "uv": [ 0.5, 5.5, 1.5, 8.5 ], "rotation": 270 },
								"east": { "texture": "#normal1-6", "uv": [ 1.0, 2.5, 2.0, 5.5 ], "rotation": 270 },
								"south": { "texture": "#normal1-6", "uv": [ 0.0, 0.5, 1.0, 3.5 ], "rotation": 270 },
								"west": { "texture": "#normal1-6", "uv": [ 4.0, 0.0, 5.0, 3.0 ], "rotation": 270 },
								"up": { "texture": "#normal1-6", "uv": [ 2.0, 0.0, 5.0, 3.0 ] },
								"down": { "texture": "#normal1-6", "uv": [ 2.0, 0.0, 5.0, 3.0 ] }
							},
							"children": [
								{
									"name": "flowerN",
									"from": [ -0.5, 1.0, -2.0 ],
									"to": [ 3.5, 1.0, 0.0 ],
									"foliageWaveSpecial": 3,
									"rotationOrigin": [ 1.5, 1.0, 0.0 ],
									"rotationX": 132.0,
									"faces": {
										"north": { "texture": "#0", "uv": [ 14.0, 0.0, 14.5, 4.0 ], "rotation": 270, "enabled": false },
										"east": { "texture": "#0", "uv": [ 0.0, 0.0, 2.0, 0.5 ], "enabled": false },
										"south": { "texture": "#0", "uv": [ 14.0, 0.0, 14.5, 4.0 ], "rotation": 270, "enabled": false },
										"west": { "texture": "#0", "uv": [ 0.0, 0.0, 2.0, 0.5 ], "enabled": false },
										"up": { "texture": "#0", "uv": [ 14.0, 0.0, 16.0, 4.0 ], "rotation": 270, "enabled": false },
										"down": { "texture": "#normal1-6", "uv": [ 2.0, 4.0, 4.0, 8.0 ], "rotation": 270 }
									}
								},
								{
									"name": "flowerS",
									"from": [ -0.5, 1.0, 3.0 ],
									"to": [ 3.5, 1.0, 5.0 ],
									"foliageWaveSpecial": 3,
									"rotationOrigin": [ 1.5, 1.0, 3.0 ],
									"rotationX": -132.0,
									"faces": {
										"north": { "texture": "#0", "uv": [ 14.0, 2.0, 14.5, 6.0 ], "rotation": 270, "enabled": false },
										"east": { "texture": "#0", "uv": [ 0.0, 0.0, 2.0, 0.5 ], "enabled": false },
										"south": { "texture": "#0", "uv": [ 14.0, 0.0, 14.5, 4.0 ], "rotation": 270, "enabled": false },
										"west": { "texture": "#0", "uv": [ 0.0, 0.0, 2.0, 0.5 ], "enabled": false },
										"up": { "texture": "#0", "uv": [ 14.0, 0.0, 16.0, 4.0 ], "rotation": 90, "enabled": false },
										"down": { "texture": "#normal1-6", "uv": [ 2.0, 4.0, 4.0, 8.0 ], "rotation": 90 }
									}
								},
								{
									"name": "flowerW",
									"from": [ -2.0, 1.0, -0.5 ],
									"to": [ 0.0, 1.0, 3.5 ],
									"foliageWaveSpecial": 3,
									"rotationOrigin": [ 0.0, 1.0, 1.5 ],
									"rotationZ": -132.0,
									"faces": {
										"north": { "texture": "#0", "uv": [ 0.0, 0.0, 2.0, 0.5 ], "enabled": false },
										"east": { "texture": "#0", "uv": [ 14.0, 0.0, 14.5, 4.0 ], "rotation": 270, "enabled": false },
										"south": { "texture": "#0", "uv": [ 0.0, 0.0, 2.0, 0.5 ], "enabled": false },
										"west": { "texture": "#0", "uv": [ 14.0, 0.0, 14.5, 4.0 ], "rotation": 270, "enabled": false },
										"up": { "texture": "#0", "uv": [ 14.0, 0.0, 16.0, 4.0 ], "rotation": 180, "enabled": false },
										"down": { "texture": "#normal1-6", "uv": [ 2.0, 4.0, 4.0, 8.0 ] }
									}
								},
								{
									"name": "flowerE",
									"from": [ 3.0, 1.0, -0.5 ],
									"to": [ 3.0, 3.0, 3.5 ],
									"foliageWaveSpecial": 3,
									"rotationOrigin": [ 3.0, 1.0, 1.5 ],
									"rotationZ": 48.0,
									"faces": {
										"north": { "texture": "#0", "uv": [ 0.0, 0.0, 0.5, 2.0 ], "enabled": false },
										"east": { "texture": "#normal1-6", "uv": [ 2.0, 4.0, 4.0, 8.0 ], "rotation": 270 },
										"south": { "texture": "#0", "uv": [ 0.0, 0.0, 0.5, 2.0 ], "enabled": false },
										"west": { "texture": "#0", "uv": [ 14.0, 0.0, 16.0, 4.0 ], "rotation": 270, "enabled": false },
										"up": { "texture": "#0", "uv": [ 0.0, 0.0, 0.5, 4.0 ], "enabled": false },
										"down": { "texture": "#0", "uv": [ 0.0, 0.0, 0.5, 4.0 ], "enabled": false }
									}
								}
							]
						}
					]
				}
			]
		}
	]}
