{
	"editor": {
		"allAngles": false,
		"entityTextureMode": false
	},
	"textureWidth": 16,
	"textureHeight": 16,
	"textureSizes": {
	},
	"textures": {
		"rotglow2": "block/rotglow2",
		"rotglow1": "block/rotglow1",
		"rot2": "block/rot2"
	},
	"elements": [
		{
			"name": "Down",
			"from": [ 0.0, 0.0, 0.0 ], 
			"to": [ 16.0, 1.0, 16.0 ], 
			"faces": {
				"north": { "texture": "#rot2", "uv": [ 0.0, 8.0, 16.0, 9.0 ] },
				"east": { "texture": "#rot2", "uv": [ 0.0, 11.5, 16.0, 12.5 ] },
				"south": { "texture": "#rot2", "uv": [ 0.0, 2.5, 16.0, 3.5 ] },
				"west": { "texture": "#rot2", "uv": [ 0.0, 10.5, 16.0, 11.5 ] },
				"up": { "texture": "#rot2", "uv": [ 0.0, 0.0, 16.0, 16.0 ] },
				"down": { "texture": "#rot2", "uv": [ 0.0, 0.0, 16.0, 16.0 ] }
			},
			"children": [
				{
					"name": "Cube1",
					"from": [ 4.0, 1.0, 4.0 ], 
					"to": [ 5.0, 2.4, 5.0 ], 
					"rotationOrigin": [ 4.0, 1.0, 4.0 ],
					"faces": {
						"north": { "texture": "#rot2", "uv": [ 10.0, 4.0, 11.0, 5.0 ] },
						"east": { "texture": "#rot2", "uv": [ 9.0, 4.0, 10.0, 5.0 ] },
						"south": { "texture": "#rot2", "uv": [ 3.0, 1.5, 4.0, 2.5 ] },
						"west": { "texture": "#rot2", "uv": [ 14.5, 11.5, 15.5, 12.5 ] },
						"up": { "texture": "#rot2", "uv": [ 1.5, 3.0, 2.5, 4.0 ] },
						"down": { "texture": "#rot2", "uv": [ 0.0, 3.0, 1.0, 4.0 ] }
					},
					"children": [
						{
							"name": "Cube3",
							"from": [ -0.2, 1.4, -0.2 ], 
							"to": [ 1.2, 2.2, 1.2 ], 
							"rotationOrigin": [ 3.6, 3.8, 3.6 ],
							"faces": {
								"north": { "texture": "#rotglow1", "uv": [ 4.0, 4.5, 5.0, 5.0 ], "glow": 80 },
								"east": { "texture": "#rotglow1", "uv": [ 14.0, 0.5, 15.0, 1.0 ], "glow": 80 },
								"south": { "texture": "#rotglow1", "uv": [ 4.0, 13.5, 5.0, 14.0 ], "glow": 80 },
								"west": { "texture": "#rotglow1", "uv": [ 1.0, 0.0, 2.0, 0.5 ], "glow": 80 },
								"up": { "texture": "#rotglow1", "uv": [ 14.0, 4.5, 15.0, 5.5 ], "glow": 80 },
								"down": { "texture": "#rotglow1", "uv": [ 4.5, 2.0, 5.5, 3.0 ], "glow": 80 }
							}
						}
					]
				},
				{
					"name": "Cube4",
					"from": [ 10.9, 1.0, 7.3 ], 
					"to": [ 11.9, 2.68, 8.3 ], 
					"rotationOrigin": [ 10.9, 1.0, 7.3 ],
					"faces": {
						"north": { "texture": "#rot2", "uv": [ 5.0, 10.0, 6.0, 11.5 ] },
						"east": { "texture": "#rot2", "uv": [ 11.5, 9.0, 12.5, 10.5 ] },
						"south": { "texture": "#rot2", "uv": [ 6.0, 12.5, 7.0, 14.0 ] },
						"west": { "texture": "#rot2", "uv": [ 1.0, 5.5, 2.0, 7.0 ] },
						"up": { "texture": "#rot2", "uv": [ 11.0, 2.0, 12.0, 3.0 ] },
						"down": { "texture": "#rot2", "uv": [ 4.0, 1.0, 5.0, 2.0 ] }
					},
					"children": [
						{
							"name": "Cube5",
							"from": [ -0.54, 1.68, -0.54 ], 
							"to": [ 1.54, 2.34, 1.54 ], 
							"rotationOrigin": [ 4.02, 4.56, 4.02 ],
							"faces": {
								"north": { "texture": "#rotglow2", "uv": [ 9.0, 10.5, 11.0, 11.0 ], "glow": 80 },
								"east": { "texture": "#rotglow2", "uv": [ 6.5, 9.0, 8.5, 9.5 ], "glow": 80 },
								"south": { "texture": "#rotglow2", "uv": [ 6.5, 1.5, 8.5, 2.0 ], "glow": 80 },
								"west": { "texture": "#rotglow2", "uv": [ 6.5, 4.5, 8.5, 5.0 ], "glow": 80 },
								"up": { "texture": "#rotglow2", "uv": [ 13.5, 11.5, 15.5, 13.5 ], "glow": 80 },
								"down": { "texture": "#rotglow2", "uv": [ 5.5, 2.0, 7.5, 4.0 ], "glow": 80 }
							}
						}
					]
				},
				{
					"name": "Cube6",
					"from": [ 6.9, 1.0, 12.3 ], 
					"to": [ 7.9, 1.88, 13.3 ], 
					"rotationOrigin": [ 6.9, 1.0, 12.3 ],
					"faces": {
						"north": { "texture": "#rot2", "uv": [ 2.5, 8.0, 3.5, 8.5 ] },
						"east": { "texture": "#rot2", "uv": [ 1.5, 9.5, 2.5, 10.0 ] },
						"south": { "texture": "#rot2", "uv": [ 7.0, 9.0, 8.0, 9.5 ] },
						"west": { "texture": "#rot2", "uv": [ 13.5, 9.5, 14.5, 10.0 ] },
						"up": { "texture": "#rot2", "uv": [ 9.5, 1.0, 10.5, 2.0 ] },
						"down": { "texture": "#rot2", "uv": [ 13.0, 11.5, 14.0, 12.5 ] }
					},
					"children": [
						{
							"name": "Cube7",
							"from": [ -0.34, 0.88, -0.34 ], 
							"to": [ 1.34, 1.54, 1.34 ], 
							"rotationOrigin": [ 4.22, 3.76, 4.22 ],
							"faces": {
								"north": { "texture": "#rotglow1", "uv": [ 4.0, 13.0, 5.5, 13.5 ], "glow": 80 },
								"east": { "texture": "#rotglow1", "uv": [ 9.5, 12.5, 11.0, 13.0 ], "glow": 80 },
								"south": { "texture": "#rotglow1", "uv": [ 4.0, 4.0, 5.5, 4.5 ], "glow": 80 },
								"west": { "texture": "#rotglow1", "uv": [ 8.0, 9.0, 9.5, 9.5 ], "glow": 80 },
								"up": { "texture": "#rotglow1", "uv": [ 12.0, 8.0, 13.5, 9.5 ], "glow": 80 },
								"down": { "texture": "#rotglow1", "uv": [ 13.5, 4.5, 15.0, 6.0 ], "glow": 80 }
							}
						}
					]
				}
			]
		}
	]}