{
	"editor": {
		"allAngles": false,
		"entityTextureMode": false
	},
	"textureWidth": 16,
	"textureHeight": 16,
	"textureSizes": {
	},
	"textures": {
		"rot2": "block/rot2"
	},
	"elements": [
		{
			"name": "South",
			"from": [ 0.0, 0.0, 15.0 ], 
			"to": [ 16.0, 16.0, 16.0 ], 
			"faces": {
				"north": { "texture": "#rot2", "uv": [ 0.0, 0.0, 16.0, 16.0 ] },
				"east": { "texture": "#rot2", "uv": [ 12.5, 0.0, 13.5, 16.0 ] },
				"south": { "texture": "#rot2", "uv": [ 0.0, 0.0, 16.0, 16.0 ] },
				"west": { "texture": "#rot2", "uv": [ 8.0, 0.0, 9.0, 16.0 ] },
				"up": { "texture": "#rot2", "uv": [ 0.0, 8.5, 16.0, 9.5 ] },
				"down": { "texture": "#rot2", "uv": [ 0.0, 3.0, 16.0, 4.0 ] }
			}
		},
		{
			"name": "East",
			"from": [ 15.0, 0.0, 0.0 ], 
			"to": [ 16.0, 16.0, 15.0 ], 
			"faces": {
				"north": { "texture": "#rot2", "uv": [ 14.5, 0.0, 15.5, 16.0 ] },
				"east": { "texture": "#rot2", "uv": [ 0.0, 0.0, 15.0, 16.0 ] },
				"south": { "texture": "#rot2", "uv": [ 13.0, 0.0, 14.0, 16.0 ] },
				"west": { "texture": "#rot2", "uv": [ 0.5, 0.0, 15.5, 16.0 ] },
				"up": { "texture": "#rot2", "uv": [ 14.5, 0.5, 15.5, 15.5 ] },
				"down": { "texture": "#rot2", "uv": [ 9.5, 0.5, 10.5, 15.5 ] }
			}
		}
	]}