{
	"editor": {
		"allAngles": false,
		"entityTextureMode": false
	},
	"textureWidth": 16,
	"textureHeight": 16,
	"textureSizes": {
	},
	"textures": {
		"rot2": "block/rot2"
	},
	"elements": [
		{
			"name": "South",
			"from": [ 1.0, 1.0, 15.0 ], 
			"to": [ 15.0, 16.0, 16.0 ], 
			"faces": {
				"north": { "texture": "#rot2", "uv": [ 0.0, 0.0, 14.0, 15.0 ] },
				"east": { "texture": "#rot2", "uv": [ 0.0, 0.0, 1.0, 15.0 ] },
				"south": { "texture": "#rot2", "uv": [ 0.0, 0.0, 14.0, 15.0 ] },
				"west": { "texture": "#rot2", "uv": [ 0.0, 0.0, 1.0, 15.0 ] },
				"up": { "texture": "#rot2", "uv": [ 0.0, 0.0, 14.0, 1.0 ] },
				"down": { "texture": "#rot2", "uv": [ 0.0, 0.0, 14.0, 1.0 ] }
			}
		},
		{
			"name": "North",
			"from": [ 0.0, 0.0, 0.0 ], 
			"to": [ 16.0, 16.0, 1.0 ], 
			"faces": {
				"north": { "texture": "#rot2", "uv": [ 0.0, 0.0, 16.0, 16.0 ] },
				"east": { "texture": "#rot2", "uv": [ 0.0, 0.0, 1.0, 16.0 ] },
				"south": { "texture": "#rot2", "uv": [ 0.0, 1.0, 16.0, 17.0 ] },
				"west": { "texture": "#rot2", "uv": [ 0.0, 0.0, 1.0, 16.0 ] },
				"up": { "texture": "#rot2", "uv": [ 0.0, 0.0, 16.0, 1.0 ] },
				"down": { "texture": "#rot2", "uv": [ 0.0, 0.0, 16.0, 1.0 ] }
			}
		},
		{
			"name": "West",
			"from": [ 0.0, 1.0, 1.0 ], 
			"to": [ 1.0, 16.0, 16.0 ], 
			"faces": {
				"north": { "texture": "#rot2", "uv": [ 0.0, 0.0, 1.0, 15.0 ] },
				"east": { "texture": "#rot2", "uv": [ 0.0, 0.0, 15.0, 15.0 ] },
				"south": { "texture": "#rot2", "uv": [ 0.0, 1.0, 1.0, 16.0 ] },
				"west": { "texture": "#rot2", "uv": [ 0.0, 0.0, 15.0, 15.0 ] },
				"up": { "texture": "#rot2", "uv": [ 0.0, 0.0, 1.0, 15.0 ] },
				"down": { "texture": "#rot2", "uv": [ 0.0, 0.0, 1.0, 15.0 ] }
			}
		},
		{
			"name": "East",
			"from": [ 15.0, 1.0, 1.0 ], 
			"to": [ 16.0, 16.0, 16.0 ], 
			"faces": {
				"north": { "texture": "#rot2", "uv": [ 0.0, 0.0, 1.0, 15.0 ] },
				"east": { "texture": "#rot2", "uv": [ 0.0, 0.0, 15.0, 15.0 ] },
				"south": { "texture": "#rot2", "uv": [ 0.0, 1.0, 1.0, 16.0 ] },
				"west": { "texture": "#rot2", "uv": [ 0.0, 0.0, 15.0, 15.0 ] },
				"up": { "texture": "#rot2", "uv": [ 0.0, 0.0, 1.0, 15.0 ] },
				"down": { "texture": "#rot2", "uv": [ 0.0, 0.0, 1.0, 15.0 ] }
			}
		},
		{
			"name": "Down",
			"from": [ 0.0, 0.0, 1.0 ], 
			"to": [ 16.0, 1.0, 16.0 ], 
			"faces": {
				"north": { "texture": "#rot2", "uv": [ 0.0, 0.0, 16.0, 1.0 ] },
				"east": { "texture": "#rot2", "uv": [ 0.0, 0.0, 15.0, 1.0 ] },
				"south": { "texture": "#rot2", "uv": [ 0.0, 1.0, 16.0, 2.0 ] },
				"west": { "texture": "#rot2", "uv": [ 0.0, 0.0, 15.0, 1.0 ] },
				"up": { "texture": "#rot2", "uv": [ 0.0, 0.0, 16.0, 15.0 ] },
				"down": { "texture": "#rot2", "uv": [ 0.0, 0.0, 16.0, 15.0 ] }
			}
		},
		{
			"name": "Up",
			"from": [ 1.0, 15.0, 1.0 ], 
			"to": [ 15.0, 16.0, 15.0 ], 
			"faces": {
				"north": { "texture": "#rot2", "uv": [ 0.0, 0.0, 14.0, 1.0 ] },
				"east": { "texture": "#rot2", "uv": [ 0.0, 0.0, 14.0, 1.0 ] },
				"south": { "texture": "#rot2", "uv": [ 0.0, 1.0, 14.0, 2.0 ] },
				"west": { "texture": "#rot2", "uv": [ 0.0, 0.0, 14.0, 1.0 ] },
				"up": { "texture": "#rot2", "uv": [ 0.0, 0.0, 14.0, 14.0 ] },
				"down": { "texture": "#rot2", "uv": [ 0.0, 0.0, 14.0, 14.0 ] }
			}
		}
	]}