{
	"editor": {
		"allAngles": false,
		"entityTextureMode": false
	},
	"textureWidth": 16,
	"textureHeight": 16,
	"textureSizes": {
	},
	"textures": {
		"rotglow2": "block/rotglow2",
		"rotglow1": "block/rotglow1",
		"rot2": "block/rot2"
	},
	"elements": [
		{
			"name": "Down",
			"from": [ 0.0, 0.0, 0.0 ], 
			"to": [ 16.0, 1.0, 16.0 ], 
			"faces": {
				"north": { "texture": "#rot2", "uv": [ 0.0, 3.5, 16.0, 4.5 ] },
				"east": { "texture": "#rot2", "uv": [ 0.0, 2.0, 16.0, 3.0 ] },
				"south": { "texture": "#rot2", "uv": [ 0.0, 2.5, 16.0, 3.5 ] },
				"west": { "texture": "#rot2", "uv": [ 0.0, 11.0, 16.0, 12.0 ] },
				"up": { "texture": "#rot2", "uv": [ 0.0, 0.0, 16.0, 16.0 ] },
				"down": { "texture": "#rot2", "uv": [ 0.0, 0.0, 16.0, 16.0 ] }
			}
		},
		{
			"name": "Up",
			"from": [ 0.0, 15.0, 1.0 ], 
			"to": [ 15.0, 16.0, 16.0 ], 
			"faces": {
				"north": { "texture": "#rot2", "uv": [ 0.0, 11.5, 15.0, 12.5 ] },
				"east": { "texture": "#rot2", "uv": [ 0.0, 13.0, 15.0, 14.0 ] },
				"south": { "texture": "#rot2", "uv": [ 0.0, 6.5, 15.0, 7.5 ] },
				"west": { "texture": "#rot2", "uv": [ 0.0, 11.0, 15.0, 12.0 ] },
				"up": { "texture": "#rot2", "uv": [ 0.0, 0.0, 15.0, 15.0 ] },
				"down": { "texture": "#rot2", "uv": [ 0.0, 0.0, 15.0, 15.0 ] }
			},
			"children": [
				{
					"name": "Cube1",
					"from": [ 3.0, -3.0, 3.0 ], 
					"to": [ 4.0, 0.0, 4.0 ], 
					"rotationOrigin": [ 3.0, -3.0, 3.0 ],
					"faces": {
						"north": { "texture": "#rot2", "uv": [ 2.0, 2.5, 3.0, 5.5 ] },
						"east": { "texture": "#rot2", "uv": [ 4.0, 2.5, 5.0, 5.5 ] },
						"south": { "texture": "#rot2", "uv": [ 3.5, 0.0, 4.5, 3.0 ] },
						"west": { "texture": "#rot2", "uv": [ 12.5, 6.5, 13.5, 9.5 ] },
						"up": { "texture": "#rot2", "uv": [ 5.5, 1.0, 6.5, 2.0 ] },
						"down": { "texture": "#rot2", "uv": [ 5.5, 9.5, 6.5, 10.5 ] }
					}
				},
				{
					"name": "Cube6",
					"from": [ 6.0, -5.0, 11.0 ], 
					"to": [ 7.0, 0.0, 12.0 ], 
					"rotationOrigin": [ 6.0, -5.0, 11.0 ],
					"faces": {
						"north": { "texture": "#rot2", "uv": [ 8.5, 3.5, 9.5, 8.5 ] },
						"east": { "texture": "#rot2", "uv": [ 5.5, 5.0, 6.5, 10.0 ] },
						"south": { "texture": "#rot2", "uv": [ 7.0, 0.5, 8.0, 5.5 ] },
						"west": { "texture": "#rot2", "uv": [ 3.0, 0.5, 4.0, 5.5 ] },
						"up": { "texture": "#rot2", "uv": [ 9.5, 6.0, 10.5, 7.0 ] },
						"down": { "texture": "#rot2", "uv": [ 11.5, 14.5, 12.5, 15.5 ] }
					}
				},
				{
					"name": "Cube7",
					"from": [ 11.0, -4.0, 5.0 ], 
					"to": [ 12.0, 0.0, 6.0 ], 
					"rotationOrigin": [ 11.0, -4.0, 5.0 ],
					"faces": {
						"north": { "texture": "#rot2", "uv": [ 14.5, 5.5, 15.5, 9.5 ] },
						"east": { "texture": "#rot2", "uv": [ 2.0, 4.5, 3.0, 8.5 ] },
						"south": { "texture": "#rot2", "uv": [ 12.5, 6.5, 13.5, 10.5 ] },
						"west": { "texture": "#rot2", "uv": [ 7.5, 5.0, 8.5, 9.0 ] },
						"up": { "texture": "#rot2", "uv": [ 0.5, 11.5, 1.5, 12.5 ] },
						"down": { "texture": "#rot2", "uv": [ 12.5, 5.0, 13.5, 6.0 ] }
					}
				},
				{
					"name": "Cube8",
					"from": [ 2.8, -5.0, 2.8 ], 
					"to": [ 4.2, -3.0, 4.2 ], 
					"rotationOrigin": [ 3.3, -5.0, 3.3 ],
					"faces": {
						"north": { "texture": "#rotglow2", "uv": [ 13.5, 9.5, 14.5, 11.5 ], "glow": 80 },
						"east": { "texture": "#rotglow2", "uv": [ 0.0, 3.0, 1.0, 5.0 ], "glow": 80 },
						"south": { "texture": "#rotglow2", "uv": [ 3.5, 7.5, 4.5, 9.5 ], "glow": 80 },
						"west": { "texture": "#rotglow2", "uv": [ 4.0, 6.0, 5.0, 8.0 ], "glow": 80 },
						"up": { "texture": "#rotglow2", "uv": [ 5.0, 5.5, 6.0, 6.5 ], "glow": 80 },
						"down": { "texture": "#rotglow2", "uv": [ 14.5, 13.5, 15.5, 14.5 ], "glow": 80 }
					}
				},
				{
					"name": "Cube9",
					"from": [ 5.8, -7.8, 10.8 ], 
					"to": [ 7.2, -5.0, 12.2 ], 
					"rotationOrigin": [ 5.8, -7.8, 10.8 ],
					"faces": {
						"north": { "texture": "#rotglow1", "uv": [ 14.5, 8.0, 15.5, 10.0 ], "glow": 80 },
						"east": { "texture": "#rotglow1", "uv": [ 5.0, 2.5, 6.0, 4.5 ], "glow": 80 },
						"south": { "texture": "#rotglow1", "uv": [ 7.5, 13.5, 8.5, 15.5 ], "glow": 80 },
						"west": { "texture": "#rotglow1", "uv": [ 11.5, 6.5, 12.5, 8.5 ], "glow": 80 },
						"up": { "texture": "#rotglow1", "uv": [ 2.0, 6.5, 3.0, 7.5 ], "glow": 80 },
						"down": { "texture": "#rotglow1", "uv": [ 14.0, 7.5, 15.0, 8.5 ], "glow": 80 }
					}
				},
				{
					"name": "Cube10",
					"from": [ 10.8, -5.5, 4.8 ], 
					"to": [ 12.2, -4.0, 6.2 ], 
					"rotationOrigin": [ 10.8, -5.5, 4.8 ],
					"faces": {
						"north": { "texture": "#rotglow2", "uv": [ 14.0, 5.5, 15.0, 7.0 ], "glow": 80 },
						"east": { "texture": "#rotglow2", "uv": [ 9.0, 7.0, 10.0, 8.5 ], "glow": 80 },
						"south": { "texture": "#rotglow2", "uv": [ 3.0, 0.5, 4.0, 2.0 ], "glow": 80 },
						"west": { "texture": "#rotglow2", "uv": [ 1.0, 13.5, 2.0, 15.0 ], "glow": 80 },
						"up": { "texture": "#rotglow2", "uv": [ 10.5, 13.5, 11.5, 14.5 ], "glow": 80 },
						"down": { "texture": "#rotglow2", "uv": [ 1.5, 6.5, 2.5, 7.5 ], "glow": 80 }
					}
				},
				{
					"name": "Cube11",
					"from": [ 11.0, -14.0, 9.0 ], 
					"to": [ 12.0, -10.0, 10.0 ], 
					"rotationOrigin": [ 11.0, -14.0, 9.0 ],
					"faces": {
						"north": { "texture": "#rot2", "uv": [ 9.0, 0.5, 10.0, 4.5 ] },
						"east": { "texture": "#rot2", "uv": [ 6.0, 10.5, 7.0, 14.5 ] },
						"south": { "texture": "#rot2", "uv": [ 9.5, 10.0, 10.5, 14.0 ] },
						"west": { "texture": "#rot2", "uv": [ 5.5, 0.5, 6.5, 4.5 ] },
						"up": { "texture": "#rot2", "uv": [ 6.5, 14.5, 7.5, 15.5 ] },
						"down": { "texture": "#rot2", "uv": [ 10.5, 8.5, 11.5, 9.5 ] }
					},
					"children": [
						{
							"name": "Cube12",
							"from": [ -1.2, 4.0, -1.2 ], 
							"to": [ 2.2, 5.5, 2.2 ], 
							"rotationOrigin": [ 3.6, 6.5, 4.6 ],
							"faces": {
								"north": { "texture": "#rotglow2", "uv": [ 2.0, 12.5, 5.0, 14.0 ], "glow": 80 },
								"east": { "texture": "#rotglow2", "uv": [ 10.5, 11.0, 13.5, 12.5 ], "glow": 80 },
								"south": { "texture": "#rotglow2", "uv": [ 8.0, 2.0, 11.0, 3.5 ], "glow": 80 },
								"west": { "texture": "#rotglow2", "uv": [ 7.5, 10.0, 10.5, 11.5 ], "glow": 80 },
								"up": { "texture": "#rotglow2", "uv": [ 6.0, 6.0, 9.0, 9.0 ], "glow": 80 },
								"down": { "texture": "#rotglow2", "uv": [ 12.5, 10.0, 15.5, 13.0 ], "glow": 80 }
							}
						}
					]
				},
				{
					"name": "Cube13",
					"from": [ 3.0, -14.0, 6.0 ], 
					"to": [ 4.0, -12.0, 7.0 ], 
					"rotationOrigin": [ 3.0, -14.0, 6.0 ],
					"faces": {
						"north": { "texture": "#rot2", "uv": [ 9.5, 3.5, 10.5, 5.5 ] },
						"east": { "texture": "#rot2", "uv": [ 0.0, 12.0, 1.0, 14.0 ] },
						"south": { "texture": "#rot2", "uv": [ 1.5, 12.5, 2.5, 14.5 ] },
						"west": { "texture": "#rot2", "uv": [ 6.5, 6.5, 7.5, 8.5 ] },
						"up": { "texture": "#rot2", "uv": [ 1.5, 10.0, 2.5, 11.0 ] },
						"down": { "texture": "#rot2", "uv": [ 8.5, 11.5, 9.5, 12.5 ] }
					},
					"children": [
						{
							"name": "Cube14",
							"from": [ -0.2, 2.0, -0.2 ], 
							"to": [ 1.2, 3.0, 1.2 ], 
							"rotationOrigin": [ 4.6, 4.5, 5.6 ],
							"faces": {
								"north": { "texture": "#rotglow1", "uv": [ 10.5, 10.0, 11.5, 11.0 ], "glow": 80 },
								"east": { "texture": "#rotglow1", "uv": [ 8.5, 9.5, 9.5, 10.5 ], "glow": 80 },
								"south": { "texture": "#rotglow1", "uv": [ 2.5, 4.0, 3.5, 5.0 ], "glow": 80 },
								"west": { "texture": "#rotglow1", "uv": [ 7.5, 13.0, 8.5, 14.0 ], "glow": 80 },
								"up": { "texture": "#rotglow1", "uv": [ 0.0, 6.5, 1.0, 7.5 ], "glow": 80 },
								"down": { "texture": "#rotglow1", "uv": [ 11.0, 4.0, 12.0, 5.0 ], "glow": 80 }
							}
						}
					]
				}
			]
		},
		{
			"name": "North",
			"from": [ 0.0, 1.0, 0.0 ], 
			"to": [ 15.0, 16.0, 1.0 ], 
			"faces": {
				"north": { "texture": "#rot2", "uv": [ 0.5, 0.5, 15.5, 15.5 ] },
				"east": { "texture": "#rot2", "uv": [ 10.0, 0.0, 11.0, 15.0 ] },
				"south": { "texture": "#rot2", "uv": [ 0.5, 0.5, 15.5, 15.5 ] },
				"west": { "texture": "#rot2", "uv": [ 2.0, 0.0, 3.0, 15.0 ] },
				"up": { "texture": "#rot2", "uv": [ 0.0, 6.5, 15.0, 7.5 ] },
				"down": { "texture": "#rot2", "uv": [ 0.5, 12.5, 15.5, 13.5 ] }
			}
		},
		{
			"name": "East",
			"from": [ 15.0, 1.0, 0.0 ], 
			"to": [ 16.0, 16.0, 16.0 ], 
			"faces": {
				"north": { "texture": "#rot2", "uv": [ 7.0, 0.0, 8.0, 15.0 ] },
				"east": { "texture": "#rot2", "uv": [ 0.0, 0.0, 16.0, 15.0 ] },
				"south": { "texture": "#rot2", "uv": [ 2.0, 0.0, 3.0, 15.0 ] },
				"west": { "texture": "#rot2", "uv": [ 0.0, 0.5, 16.0, 15.5 ] },
				"up": { "texture": "#rot2", "uv": [ 0.5, 0.0, 1.5, 16.0 ] },
				"down": { "texture": "#rot2", "uv": [ 13.0, 0.0, 14.0, 16.0 ] }
			}
		}
	]}