{
	"editor": {
		"allAngles": false,
		"entityTextureMode": false
	},
	"textureWidth": 16,
	"textureHeight": 16,
	"textureSizes": {
	},
	"textures": {
		"rotglow2": "block/rotglow2",
		"rotglow1": "block/rotglow1",
		"rot2": "block/rot2"
	},
	"elements": [
		{
			"name": "Down",
			"from": [ 0.0, 0.0, 0.0 ], 
			"to": [ 16.0, 1.0, 16.0 ], 
			"faces": {
				"north": { "texture": "#rot2", "uv": [ 0.0, 8.5, 16.0, 9.5 ] },
				"east": { "texture": "#rot2", "uv": [ 0.0, 2.5, 16.0, 3.5 ] },
				"south": { "texture": "#rot2", "uv": [ 0.0, 1.0, 16.0, 2.0 ] },
				"west": { "texture": "#rot2", "uv": [ 0.0, 8.5, 16.0, 9.5 ] },
				"up": { "texture": "#rot2", "uv": [ 0.0, 0.0, 16.0, 16.0 ] },
				"down": { "texture": "#rot2", "uv": [ 0.0, 0.0, 16.0, 16.0 ] }
			}
		},
		{
			"name": "North",
			"from": [ 0.0, 1.0, 0.0 ], 
			"to": [ 16.0, 16.0, 1.0 ], 
			"faces": {
				"north": { "texture": "#rot2", "uv": [ 0.0, 0.0, 16.0, 15.0 ] },
				"east": { "texture": "#rot2", "uv": [ 1.5, 0.0, 2.5, 15.0 ] },
				"south": { "texture": "#rot2", "uv": [ 0.0, 0.0, 16.0, 15.0 ] },
				"west": { "texture": "#rot2", "uv": [ 1.5, 0.0, 2.5, 15.0 ] },
				"up": { "texture": "#rot2", "uv": [ 0.0, 12.5, 16.0, 13.5 ] },
				"down": { "texture": "#rot2", "uv": [ 0.0, 14.5, 16.0, 15.5 ] }
			}
		},
		{
			"name": "West",
			"from": [ 0.0, 1.0, 1.0 ], 
			"to": [ 1.0, 16.0, 16.0 ], 
			"faces": {
				"north": { "texture": "#rot2", "uv": [ 11.0, 0.5, 12.0, 15.5 ] },
				"east": { "texture": "#rot2", "uv": [ 0.5, 0.5, 15.5, 15.5 ] },
				"south": { "texture": "#rot2", "uv": [ 8.5, 0.5, 9.5, 15.5 ] },
				"west": { "texture": "#rot2", "uv": [ 0.0, 0.5, 15.0, 15.5 ] },
				"up": { "texture": "#rot2", "uv": [ 3.5, 0.0, 4.5, 15.0 ] },
				"down": { "texture": "#rot2", "uv": [ 5.0, 0.5, 6.0, 15.5 ] }
			}
		},
		{
			"name": "East",
			"from": [ 15.0, 1.0, 1.0 ], 
			"to": [ 16.0, 16.0, 16.0 ], 
			"faces": {
				"north": { "texture": "#rot2", "uv": [ 9.5, 0.0, 10.5, 15.0 ] },
				"east": { "texture": "#rot2", "uv": [ 0.5, 0.0, 15.5, 15.0 ] },
				"south": { "texture": "#rot2", "uv": [ 6.0, 0.0, 7.0, 15.0 ] },
				"west": { "texture": "#rot2", "uv": [ 0.0, 0.5, 15.0, 15.5 ] },
				"up": { "texture": "#rot2", "uv": [ 4.5, 0.5, 5.5, 15.5 ] },
				"down": { "texture": "#rot2", "uv": [ 3.0, 0.0, 4.0, 15.0 ] }
			}
		},
		{
			"name": "Down5",
			"from": [ 5.1, 1.0, 5.1 ], 
			"to": [ 5.9, 4.0, 5.9 ], 
			"rotationOrigin": [ 5.1, 1.0, 5.1 ],
			"faces": {
				"north": { "texture": "#rot2", "uv": [ 15.0, 0.0, 15.5, 3.0 ] },
				"east": { "texture": "#rot2", "uv": [ 3.5, 7.0, 4.0, 10.0 ] },
				"south": { "texture": "#rot2", "uv": [ 0.5, 10.0, 1.0, 13.0 ] },
				"west": { "texture": "#rot2", "uv": [ 0.5, 0.0, 1.0, 3.0 ] },
				"up": { "texture": "#rot2", "uv": [ 13.5, 9.0, 14.0, 9.5 ] },
				"down": { "texture": "#rot2", "uv": [ 5.0, 8.5, 5.5, 9.0 ] }
			},
			"children": [
				{
					"name": "Down6",
					"from": [ -0.7, 3.0, -0.7 ], 
					"to": [ 1.5, 3.6, 1.5 ], 
					"rotationOrigin": [ 4.3, 4.0, 4.3 ],
					"faces": {
						"north": { "texture": "#rotglow2", "uv": [ 5.5, 11.5, 7.5, 12.0 ], "glow": 80 },
						"east": { "texture": "#rotglow2", "uv": [ 2.0, 5.0, 4.0, 5.5 ], "glow": 80 },
						"south": { "texture": "#rotglow2", "uv": [ 6.0, 15.0, 8.0, 15.5 ], "glow": 80 },
						"west": { "texture": "#rotglow2", "uv": [ 11.5, 3.5, 13.5, 4.0 ], "glow": 80 },
						"up": { "texture": "#rotglow2", "uv": [ 3.5, 10.0, 5.5, 12.0 ], "glow": 80 },
						"down": { "texture": "#rotglow2", "uv": [ 4.0, 4.5, 6.0, 6.5 ], "glow": 80 }
					}
				}
			]
		},
		{
			"name": "Down7",
			"from": [ 12.1, 1.0, 9.1 ], 
			"to": [ 12.9, 2.6, 9.9 ], 
			"rotationOrigin": [ 12.1, 1.0, 9.1 ],
			"faces": {
				"north": { "texture": "#rot2", "uv": [ 11.5, 11.5, 12.0, 13.0 ] },
				"east": { "texture": "#rot2", "uv": [ 11.0, 7.0, 11.5, 8.5 ] },
				"south": { "texture": "#rot2", "uv": [ 4.0, 11.5, 4.5, 13.0 ] },
				"west": { "texture": "#rot2", "uv": [ 7.5, 4.0, 8.0, 5.5 ] },
				"up": { "texture": "#rot2", "uv": [ 9.5, 9.5, 10.0, 10.0 ] },
				"down": { "texture": "#rot2", "uv": [ 8.0, 8.5, 8.5, 9.0 ] }
			},
			"children": [
				{
					"name": "Down8",
					"from": [ -0.3, 1.6, -0.3 ], 
					"to": [ 1.2, 2.0, 1.2 ], 
					"rotationOrigin": [ 4.7, 2.6, 4.7 ],
					"faces": {
						"north": { "texture": "#rotglow1", "uv": [ 2.0, 13.0, 3.5, 13.5 ], "glow": 80 },
						"east": { "texture": "#rotglow1", "uv": [ 10.5, 8.5, 12.0, 9.0 ], "glow": 80 },
						"south": { "texture": "#rotglow1", "uv": [ 12.0, 1.5, 13.5, 2.0 ], "glow": 80 },
						"west": { "texture": "#rotglow1", "uv": [ 2.5, 3.0, 4.0, 3.5 ], "glow": 80 },
						"up": { "texture": "#rotglow1", "uv": [ 4.0, 10.0, 5.5, 11.5 ], "glow": 80 },
						"down": { "texture": "#rotglow1", "uv": [ 9.0, 5.0, 10.5, 6.5 ], "glow": 80 }
					}
				}
			]
		},
		{
			"name": "Down9",
			"from": [ 6.23, 1.0, 12.73 ], 
			"to": [ 7.07, 2.4, 13.57 ], 
			"rotationOrigin": [ 6.23, 1.0, 12.73 ],
			"faces": {
				"north": { "texture": "#rot2", "uv": [ 7.0, 6.5, 7.5, 7.5 ] },
				"east": { "texture": "#rot2", "uv": [ 3.0, 11.5, 3.5, 12.5 ] },
				"south": { "texture": "#rot2", "uv": [ 9.5, 12.5, 10.0, 13.5 ] },
				"west": { "texture": "#rot2", "uv": [ 10.5, 5.5, 11.0, 6.5 ] },
				"up": { "texture": "#rot2", "uv": [ 3.5, 8.0, 4.0, 8.5 ] },
				"down": { "texture": "#rot2", "uv": [ 3.5, 13.0, 4.0, 13.5 ] }
			},
			"children": [
				{
					"name": "Down10",
					"from": [ -0.69, 1.4, -0.69 ], 
					"to": [ 1.66, 1.98, 1.76 ], 
					"rotationOrigin": [ 5.81, 2.7, 5.81 ],
					"faces": {
						"north": { "texture": "#rotglow2", "uv": [ 0.0, 13.5, 2.0, 14.0 ], "glow": 80 },
						"east": { "texture": "#rotglow2", "uv": [ 2.5, 14.5, 4.5, 15.0 ], "glow": 80 },
						"south": { "texture": "#rotglow2", "uv": [ 13.5, 12.0, 15.5, 12.5 ], "glow": 80 },
						"west": { "texture": "#rotglow2", "uv": [ 8.0, 2.5, 10.0, 3.0 ], "glow": 80 },
						"up": { "texture": "#rotglow2", "uv": [ 3.0, 5.5, 5.0, 7.5 ], "glow": 80 },
						"down": { "texture": "#rotglow2", "uv": [ 6.0, 2.0, 8.0, 4.0 ], "glow": 80 }
					}
				}
			]
		}
	]}