{
	"editor": {
		"allAngles": false,
		"entityTextureMode": false
	},
	"textureWidth": 16,
	"textureHeight": 16,
	"textureSizes": {
	},
	"textures": {
		"rot2": "block/rot2"
	},
	"elements": [
		{
			"name": "Down",
			"from": [ 0.0, 0.0, 0.0 ], 
			"to": [ 16.0, 1.0, 16.0 ], 
			"faces": {
				"north": { "texture": "#rot2", "uv": [ 0.0, 9.0, 16.0, 10.0 ] },
				"east": { "texture": "#rot2", "uv": [ 0.0, 14.5, 16.0, 15.5 ] },
				"south": { "texture": "#rot2", "uv": [ 0.0, 9.0, 16.0, 10.0 ] },
				"west": { "texture": "#rot2", "uv": [ 0.0, 7.0, 16.0, 8.0 ] },
				"up": { "texture": "#rot2", "uv": [ 0.0, 0.0, 16.0, 16.0 ] },
				"down": { "texture": "#rot2", "uv": [ 0.0, 0.0, 16.0, 16.0 ] }
			}
		},
		{
			"name": "North",
			"from": [ 0.0, 1.0, 0.0 ], 
			"to": [ 16.0, 16.0, 1.0 ], 
			"faces": {
				"north": { "texture": "#rot2", "uv": [ 0.0, 0.5, 16.0, 15.5 ] },
				"east": { "texture": "#rot2", "uv": [ 2.0, 0.0, 3.0, 15.0 ] },
				"south": { "texture": "#rot2", "uv": [ 0.0, 0.5, 16.0, 15.5 ] },
				"west": { "texture": "#rot2", "uv": [ 0.0, 0.0, 1.0, 15.0 ] },
				"up": { "texture": "#rot2", "uv": [ 0.0, 3.0, 16.0, 4.0 ] },
				"down": { "texture": "#rot2", "uv": [ 0.0, 10.0, 16.0, 11.0 ] }
			}
		},
		{
			"name": "West",
			"from": [ 0.0, 1.0, 1.0 ], 
			"to": [ 1.0, 16.0, 16.0 ], 
			"faces": {
				"north": { "texture": "#rot2", "uv": [ 5.5, 0.5, 6.5, 15.5 ] },
				"east": { "texture": "#rot2", "uv": [ 0.0, 0.0, 15.0, 15.0 ] },
				"south": { "texture": "#rot2", "uv": [ 10.0, 0.0, 11.0, 15.0 ] },
				"west": { "texture": "#rot2", "uv": [ 0.0, 0.0, 15.0, 15.0 ] },
				"up": { "texture": "#rot2", "uv": [ 12.0, 0.5, 13.0, 15.5 ] },
				"down": { "texture": "#rot2", "uv": [ 6.5, 0.5, 7.5, 15.5 ] }
			}
		}
	]}