[
  {
		ingredientPattern: "C,A",
		ingredients: {
			"C": { type: "block", code: "game:oreblastingbomb" },
			"A": { type: "item", code: "game:arrow-*", name: "material"}
		},
		width: 1,
		height: 2,
		shapeless: true,
		output: { type: "item", code: "game:arrow-{material}", quantity: 1, attributes: {"tip": "explosive"}  }
	},
  {
		ingredientPattern: "TFA",
		ingredients: {
			"T": { type: "block", code: "game:torch-basic-lit-up" },
      "F": { type: "item", code: "game:fat"},
			"A": { type: "item", code: "game:arrow-*", name: "material"}
		},
		width: 3,
		height: 1,
		shapeless: true,
		output: { type: "item", code: "game:arrow-{material}", quantity: 1, attributes: {"tip": "incendiary"}  }
	},
  {
		ingredientPattern: "C,A",
		ingredients: {
			"C": { type: "item", code: "game:beenade-closed" },
			"A": { type: "item", code: "game:arrow-*", name: "material"}
		},
		width: 1,
		height: 2,
		shapeless: true,
		output: { type: "item", code: "game:arrow-{material}", quantity: 1, attributes: {"tip": "beenade"}  }
	},
  {
		ingredientPattern: "L_M,_A_,_R_",
		ingredients: {
			"R": { type: "item", code: "game:resin" },
			"A": { type: "item", code: "game:arrow-*", name: "material"},
      "L": { type: "block", code: "game:flower-lilyofthevalley-*" },
      "M": { type: "block", code: "game:mushroom-*", allowedVariants: ["deathcap", "funeralbell"] },
		},
		width: 3,
		height: 3,
		shapeless: true,
		output: { type: "item", code: "game:arrow-{material}", quantity: 1, attributes: {"tip": "cardiac"}  }
	},
  {
		ingredientPattern: "FAR",
		ingredients: {
			"R": { type: "item", code: "game:resin" },
			"A": { type: "item", code: "game:arrow-*", name: "material"},
      "F": { type: "block", code: "game:flower-*", allowedVariants : ["catmint-free", "californiapoppy-free"] },
		},
		width: 3,
		height: 1,
		shapeless: true,
		output: { type: "item", code: "game:arrow-{material}", quantity: 1, attributes: {"tip": "tranq"}  }
	},
]
