{
	"code": "smallstonebrickstairs",
	"class": "BlockStairs",
	"variantgroups": [
		{ "code": "rock", "loadFromProperties": "block/rock", "states": [ "kimberlite", "obsidian", "suevite" ] },
		{ "loadFromProperties": "abstract/verticalorientation" },
		{ "loadFromProperties": "abstract/horizontalorientation" },
		{ "code": "cover", "states": [ "free", "snow" ] }
	],
	"skipVariants": [ "*-down-north-snow", "*-down-east-snow", "*-down-south-snow", "*-down-west-snow" ],
	"attributes": {
		"canChisel": true,
		"chiselShapeFromCollisionBox": true,
		"partialAttachable": true,
		"handbook": {
			"groupBy": [ "smallstonebrickstairs-*" ]
		}
	},
	"creativeinventory": { "general": [ "*-up-north-free" ], "construction": [ "*-up-north-free" ] },
	"sidesolidByType": {
		"*-up-north-*": { "all": false, "down": true, "north": true },
		"*-up-west-*": { "all": false, "down": true, "west": true },
		"*-up-south-*": { "all": false, "down": true, "south": true },
		"*-up-east-*": { "all": false, "down": true, "east": true },
		"*-down-north-*": { "all": false, "up": true, "north": true },
		"*-down-south-*": { "all": false, "up": true, "south": true },
		"*-down-west-*": { "all": false, "up": true, "west": true },
		"*-down-east-*": { "all": false, "up": true, "east": true }
	},
	"sideopaqueByType": {
		"*-up-north-*": { "all": false, "down": true, "north": true },
		"*-up-west-*": { "all": false, "down": true, "west": true },
		"*-up-south-*": { "all": false, "down": true, "south": true },
		"*-up-east-*": { "all": false, "down": true, "east": true },
		"*-down-north-*": { "all": false, "up": true, "north":  true },
		"*-down-south-*": { "all": false, "up": true, "south": true },
		"*-down-west-*": { "all": false, "up": true, "west": true },
		"*-down-east-*": { "all": false, "up": true, "east": true }
	},
	"shapeByType": {
		"*-up-north-free": { "base": "game:block/basic/stairs/normal", "rotateY": 0 },
		"*-up-west-free": { "base": "game:block/basic/stairs/normal", "rotateY": 90 },
		"*-up-south-free": { "base": "game:block/basic/stairs/normal", "rotateY": 180 },
		"*-up-east-free": { "base": "game:block/basic/stairs/normal", "rotateY": 270 },
		"*-up-north-snow": { "base": "game:block/basic/stairs/snow-normal", "rotateY": 0 },
		"*-up-west-snow": { "base": "game:block/basic/stairs/snow-normal", "rotateY": 90 },
		"*-up-south-snow": { "base": "game:block/basic/stairs/snow-normal", "rotateY": 180 },
		"*-up-east-snow": { "base": "game:block/basic/stairs/snow-normal", "rotateY": 270 },
		"*-down-north-free": { "base": "game:block/basic/stairs/flipped", "rotateY": 0 },
		"*-down-west-free": { "base": "game:block/basic/stairs/flipped", "rotateY": 90 },
		"*-down-south-free": { "base": "game:block/basic/stairs/flipped", "rotateY": 180 },
		"*-down-east-free": { "base": "game:block/basic/stairs/flipped", "rotateY": 270 }
	},
	"blockmaterial": "Stone",
	"textures": {
		"all": { "base": "bricklayers:block/stone/brick/small/{rock}*" }
	},
	"replaceable": 160,
	"resistance": 4,
	"emitSideAo": { "all":  true },
	"sounds": {
		"walk": "game:walk/stone",
		"byTool": {
			"Pickaxe": { "hit": "game:block/rock-hit-pickaxe", "break": "game:block/rock-break-pickaxe" }
		}
	},
		"collisionSelectionBoxesByType": {
		"*-down-*": [
			{ "x1": 0, "y1": 0.5, "z1": 0, "x2": 1, "y2": 1, "z2": 1 },
			{ "x1": 0, "y1": 0, "z1": 0.5, "x2": 1, "y2": 0.5, "z2": 1,
				"rotateYByType": {
					"*-north-*": 180,
					"*-east-*": 90,
					"*-south-*": 0,
					"*-west-*": 270
				}
			}
		],
		"*-up-*": [
			{ "x1": 0, "y1": 0, "z1": 0, "x2": 1, "y2": 0.5, "z2": 1 },
			{ "x1": 0, "y1": 0.5, "z1": 0.5, "x2": 1, "y2": 1, "z2": 1,
				"rotateYByType": {
					"*-north-*": 180,
					"*-east-*": 90,
					"*-south-*": 0,
					"*-west-*": 270
				}
			}
		]
	},
	"heldTpIdleAnimation": "holdbothhandslarge", "heldTpUseAnimation": "twohandplaceblock",
	"tpHandTransform": {
		"translation": { "x": -1.2, "y": -1.1, "z": -0.8 },
		"rotation": { "x": -2, "y": 25, "z": -78 },
		"scale": 0.37
	}
}
