{
	code: "breadedball",
  	class: "ExpandedFood",
	maxstacksize: 64,
	variantgroups: [
		{ code: "type", states: ["flax", "rice", "rye", "spelt", "cassava", "amaranth", "sunflower"]},
		{ code: "state", states: ["raw", "partbaked", "cooked", "charred","syruppartbaked", "syrup", "syrupcharred", "oiled"] },
	],
	attributes: {
		"handbook": { "groupBy": [ "breadedball-*" ] },
  		"expandedNutritionPropsByType": {
			"*-raw": {
				"game:flour-flax": {saturation: 80, foodcategory: "Grain"},
				"game:flour-rye": {saturation: 150, foodcategory: "Grain"},
				"game:flour-spelt": {saturation: 150, foodcategory: "Grain"},
				"game:flour-cassava": {saturation: 150, foodcategory: "Grain"},
				"game:flour-amaranth": {saturation: 150, foodcategory: "Grain"},
				"game:flour-sunflower": {saturation: 150, foodcategory: "Grain"},
				"game:flour-rice": {saturation: 165, foodcategory: "Grain"},
				"acorns:flour-acorn": {saturation: 150, foodcategory: "Grain"},
				"expandedfoods:breadcrumbs-flax": {saturation: 80, foodcategory: "Grain"},
				"expandedfoods:breadcrumbs-rice": {saturation: 160, foodcategory: "Grain"},
				"expandedfoods:breadcrumbs-spelt": {saturation: 150, foodcategory: "Grain"},
				"expandedfoods:breadcrumbs-rye": {saturation: 150, foodcategory: "Grain"},
				"expandedfoods:breadcrumbs-cassava": {saturation: 150, foodcategory: "Grain"},
				"expandedfoods:breadcrumbs-amaranth": {saturation: 150, foodcategory: "Grain"},
				"expandedfoods:breadcrumbs-sunflower": {saturation: 150, foodcategory: "Grain"},
				"game:egg-chicken-raw": { saturation: 150, foodcategory: "Protein"},
				"game:salt": {saturation: 10, health: 0.5, foodcategory: "Grain"},
				"expandedfoods:fishnugget-raw": {saturation: 90, foodcategory: "Protein"},
				},
			"*-syruppartbaked": {
      				"game:honeyportion" : { saturation: 4, foodcategory: "Fruit" },
				},
			"*-syrup": {
      				"game:honeyportion" : { saturation: 4, foodcategory: "Fruit" },
				},
			"*-syrupcharred": {
      				"game:honeyportion" : { saturation: 4, foodcategory: "Fruit" },
				},
			},
		onDisplayTransform: { 
			translation: { x: 0, y: -0.25, z: 0 },
			rotation: { x: 0, y: 115, z: 0},
			scale: 0.5 
		},
		bakingPropertiesByType: {
			"*-raw": {
				temp: 160,
				levelFrom: 0.0,
				levelTo: 0.25,
				startScaleY: 1.0,
				endScaleY: 1.05,
				resultCode: "expandedfoods:breadedball-{type}-partbaked",
			},
			"*-oiled": {
				temp: 160,
				levelFrom: 0.0,
				levelTo: 0.25,
				startScaleY: 1.0,
				endScaleY: 1.05,
				resultCode: "expandedfoods:breadedball-{type}-partbaked",
			},
			"*-partbaked": {
				temp: 160,
				levelFrom: 0.25,
				levelTo: 0.5,
				startScaleY: 1.05,
				endScaleY: 1.10,
				resultCode: "expandedfoods:breadedball-{type}-cooked",
				initialCode: "expandedfoods:breadedball-{type}-{raw|oiled}",
			},
			"*-cooked": {
				temp: 160,
				levelFrom: 0.5,
				levelTo: 0.75,
				startScaleY: 1.10,
				endScaleY: 1.10,
				resultCode: "expandedfoods:breadedball-{type}-charred",
				initialCode: "expandedfoods:breadedball-{type}-partbaked",
			},
			"*-charred": {
				temp: 160,
				levelFrom: 0.75,
				levelTo: 1.0,
				startScaleY: 1.10,
				endScaleY: 1.0,
				initialCode: "expandedfoods:breadedball-{type}-cooked",
			},
			"*-syruppartbaked": {
				temp: 160,
				levelFrom: 0.25,
				levelTo: 0.5,
				startScaleY: 1.05,
				endScaleY: 1.10,
				resultCode: "expandedfoods:breadedball-{type}-syrup"
			},
			"*-syrup": {
				temp: 160,
				levelFrom: 0.5,
				levelTo: 0.75,
				startScaleY: 1.10,
				endScaleY: 1.10,
				resultCode: "expandedfoods:breadedball-{type}-syrupcharred",
				initialCode: "expandedfoods:breadedball-{type}-syruppartbaked",
			},
			"*-syrupcharred": {
				temp: 160,
				levelFrom: 0.75,
				levelTo: 1.0,
				startScaleY: 1.10,
				endScaleY: 1.0,
				initialCode: "expandedfoods:breadedball-{type}-syrup",
			},
		},
		satMultByType: {
			"*-partbaked": 0.9,
			"*-cooked": 1,
			"*-charred": 0.8,
			"*-syruppartbaked": 0.9,
			"*-syrups": 1,
			"*-syrupcharred": 0.8
		},
	},
	shapebytype:	{
		"*-syruppartbaked": {base: "item/food/balls-syrup"},
		"*-syrup": {base: "item/food/balls-syrup"},
		"*-syrupcharred": {base: "item/food/balls-syrup"},
		"*-partbaked": {base: "item/food/balls-cooked"},
		"*-cooked": {base: "item/food/balls-cooked"},
		"*-charred": {base: "item/food/balls-cooked"},
		"*-oiled": {base: "item/food/balls-raw"},
		"*-raw": {base: "item/food/balls-raw"},
	},
	texturesByType: { 
		"*-syruppartbaked": {
			"breading-syrup": { base: "expandedfoods:item/food/grain/breading/{type}-fish" }, 				
		},
		"*-syrup": {
			"breading-syrup": { base: "expandedfoods:item/food/grain/breading/{type}-fish" }, 				
		},
		"*-syrupcharred": {
			"breading-syrup": { base: "expandedfoods:item/food/grain/breading/{type}-fish" }, 				
		},
		"*-partbaked": {
			"breading-cooked": { base: "expandedfoods:item/food/grain/breading/{type}-partbaked" }, 				
		},
		"*-cooked": {
			"breading-cooked": { base: "expandedfoods:item/food/grain/breading/{type}-cooked" }, 				
		},
		"*-charred": {
			"breading-cooked": { base: "expandedfoods:item/food/grain/breading/{type}-charred" }, 				
		},
		"*-oiled": { 
			"breading-raw": { base: "expandedfoods:item/food/grain/breading/{type}-oiled" },	 				
		},
		"*-raw": { 
			"breading-raw": { base: "expandedfoods:item/food/grain/breading/{type}-raw" },	 				
		},
	},
	nutritionPropsByType: {
		"*-partbaked": { satiety: 45, foodcategory: "Grain" },
		"*-cooked": { satiety: 50, foodcategory: "Grain" },
		"*-charred": { satiety: 40, foodcategory: "Grain" },
		"*-syruppartbaked": { satiety: 45, foodcategory: "Grain" },
		"*-syrup": { satiety: 50, foodcategory: "Grain" },
		"*-syrupcharred": { satiety: 40, foodcategory: "Grain" },
	},
	creativeinventory: { "general": ["*"], "items": ["*"] },
	materialDensity: 600,
	transitionablePropsByType: {
		"*-raw": [{
			type: "Perish",
			freshHours: { avg: 24 },
			transitionHours: { avg: 48 },
			transitionedStack: { type: "item", code: "game:rot" },
			transitionRatio: 1
		}],
		"*-oiled": [{
			type: "Perish",
			freshHours: { avg: 24 },
			transitionHours: { avg: 48 },
			transitionedStack: { type: "item", code: "game:rot" },
			transitionRatio: 1
		}],
		"*-charred": [{
			type: "Perish",
			freshHours: { avg: 200 },
			transitionHours: { avg: 148 },
			transitionedStack: { type: "item", code: "game:rot" },
			transitionRatio: 1
		}],
		"*-syrupcharred": [{
			type: "Perish",
			freshHours: { avg: 200 },
			transitionHours: { avg: 148 },
			transitionedStack: { type: "item", code: "game:rot" },
			transitionRatio: 1
		}],
		"*": [{

			type: "Perish",
			freshHours: { avg: 100 },
			transitionHours: { avg: 72 },
			transitionedStack: { type: "item", code: "game:rot" },
			transitionRatio: 1
		
		}],
	},
	materialDensity: 600,
	guiTransform: {
			translation: { x: 0, y: 0, z: 0 },
			rotation: { x: 180, y: -31, z: 17 },
			origin: { x: 0.43, y: 0.2, z: 0.4799 },
			scale: 2
	},
	fpHandTransform: {
			translation: { x: -0.06, y: 0.36, z: 0.23 },
			rotation: { x: 0, y: 0, z: 0 },
			origin: { x: 0, y: 0, z: 1 },
			scale: 1.5
	},
	tpHandTransformByType: {
			translation: { x: 0.05, y: -0.05, z: 0.1 },
			rotation: { x: 0, y: 0, z: -7 },
			origin: { x: 0.17, y: -0.2, z: 0.15 },
			scale: 0.4
	},
	groundTransformByType: {
			translation: { x: 0, y: 0, z: 0 },
			rotation: { x: 180, y: 33, z: -180 },
			origin: { x: 0.5, y: 0, z: 0.5 },
			scale: 1.5
	},
	combustiblePropsByType: {
		"breadedball-*-raw": {
			meltingPoint: 150,
			meltingDuration: 30,
			smeltedRatio: 1,
			smeltingType: "cook",
			smeltedStack: { type: "item", code: "breadedball-{type}-charred" },
			requiresContainer: false
		},
		"breadedball-*-partbaked": {
			meltingPoint: 150,
			meltingDuration: 30,
			smeltedRatio: 1,
			smeltingType: "cook",
			smeltedStack: { type: "item", code: "breadedball-{type}-charred" },
			requiresContainer: false
		},
		"breadedball-*-cooked": {
			meltingPoint: 150,
			meltingDuration: 30,
			smeltedRatio: 1,
			smeltingType: "cook",
			smeltedStack: { type: "item", code: "breadedball-{type}-charred" },
			requiresContainer: false
		},
		"breadedball-*-oiled": {
			meltingPoint: 150,
			meltingDuration: 30,
			smeltedRatio: 1,
			smeltingType: "cook",
			smeltedStack: { type: "item", code: "breadedball-{type}-charred" },
			requiresContainer: false
		},
		"breadedball-*-syruppartbaked": {
			meltingPoint: 150,
			meltingDuration: 30,
			smeltedRatio: 1,
			smeltingType: "cook",
			smeltedStack: { type: "item", code: "breadedball-{type}-syrupcharred" },
			requiresContainer: false

		},
		"breadedball-*-syrup": {
			meltingPoint: 150,
			meltingDuration: 30,
			smeltedRatio: 1,
			smeltingType: "cook",
			smeltedStack: { type: "item", code: "breadedball-{type}-syrupcharred" },
			requiresContainer: false

		},
	}
}