{
	code: "stuffedpepper",
  	class: "ExpandedFood",
	maxstacksize: 64,
	variantgroups: [
		{ code: "type", states: ["bare", "flax", "rice", "rye", "spelt", "cassava", "amaranth", "sunflower"]},
		{ code: "state", states: ["raw", "partbaked", "cooked", "charred", "syruppartbaked", "syrupcooked", "syrupcharred", "oiled"] },
	],
	skipVariants: [
		"stuffedpepper-bare-syruppartbaked",
		"stuffedpepper-bare-syrupcooked",
		"stuffedpepper-bare-syrupcharred",
	],
	attributes: {
		"handbook": { "groupBy": [ "stuffedpepper-*" ] },
  		"expandedNutritionPropsByType": {
			"*-raw": {
				"game:egg-chicken-raw": { saturation: 150, foodcategory: "Protein"},
				"game:salt": {saturation: 10, health: 0.5, foodcategory: "Protein"},
				"game:flour-flax": {saturation: 80, foodcategory: "Grain"},
				"game:flour-rye": {saturation: 150, foodcategory: "Grain"},
				"game:flour-spelt": {saturation: 150, foodcategory: "Grain"},
				"game:flour-cassava": {saturation: 150, foodcategory: "Grain"},
				"game:flour-amaranth": {saturation: 150, foodcategory: "Grain"},
				"game:flour-sunflower": {saturation: 150, foodcategory: "Grain"},
				"game:flour-rice": {saturation: 165, foodcategory: "Grain"},
				"acorns:flour-acorn": {saturation: 150, foodcategory: "Grain"},
				"expandedfoods:breadcrumbs-flax": {saturation: 80, foodcategory: "Grain"},
				"expandedfoods:breadcrumbs-rice": {saturation: 160, foodcategory: "Grain"},
				"expandedfoods:breadcrumbs-spelt": {saturation: 150, foodcategory: "Grain"},
				"expandedfoods:breadcrumbs-rye": {saturation: 150, foodcategory: "Grain"},
				"expandedfoods:breadcrumbs-cassava": {saturation: 150, foodcategory: "Grain"},
				"expandedfoods:breadcrumbs-amaranth": {saturation: 150, foodcategory: "Grain"},
				"expandedfoods:breadcrumbs-sunflower": {saturation: 150, foodcategory: "Grain"},
				},
			"*-syruppartbaked": {
      				"game:honeyportion" : { saturation: 4, foodcategory: "Fruit" },
				},
			"*-syrupcooked": {
      				"game:honeyportion" : { saturation: 4, foodcategory: "Fruit" },
				},
			"*-syrupcharred": {
      				"game:honeyportion" : { saturation: 4, foodcategory: "Fruit" },
				},
			},
		bakingPropertiesByType: {
			"*-raw": {
				temp: 100,
				levelFrom: 0.0,
				levelTo: 0.25,
				startScaleY: 1.0,
				endScaleY: 1.0,
				resultCode: "expandedfoods:stuffedpepper-{type}-partbaked"
			},
			"*-oiled": {
				temp: 100,
				levelFrom: 0.0,
				levelTo: 0.25,
				startScaleY: 1.0,
				endScaleY: 1.0,
				resultCode: "expandedfoods:stuffedpepper-{type}-partbaked"
			},
			"*-partbaked": {
				temp: 100,
				levelFrom: 0.25,
				levelTo: 0.5,
				startScaleY: 1.0,
				endScaleY: 0.9,
				resultCode: "expandedfoods:stuffedpepper-{type}-cooked",
				initialCode: "expandedfoods:stuffedpepper-{type}-{raw|oiled}"
			},
			"*-cooked": {
				temp: 100,
				levelFrom: 0.5,
				levelTo: 0.75,
				startScaleY: 0.9,
				endScaleY: 0.8,
				resultCode: "expandedfoods:stuffedpepper-{type}-charred",
				initialCode: "expandedfoods:stuffedpepper-{type}-partbaked"
			},
			"*-charred": {
				temp: 100,
				levelFrom: 0.85,
				levelTo: 1.0,
				startScaleY: 0.8,
				endScaleY: 0.7,
				initialCode: "expandedfoods:stuffedpepper-{type}-cooked"
			},
			"*-syruppartbaked": {
				temp: 100,
				levelFrom: 0.25,
				levelTo: 0.5,
				startScaleY: 1.0,
				endScaleY: 0.9,
				resultCode: "expandedfoods:stuffedpepper-{type}-syrupcooked"
			},
			"*-syrupcooked": {
				temp: 100,
				levelFrom: 0.5,
				levelTo: 0.75,
				startScaleY: 0.9,
				endScaleY: 0.8,
				resultCode: "expandedfoods:stuffedpepper-{type}-syrupcharred",
				initialCode: "expandedfoods:stuffedpepper-{type}-syruppartbaked"
			},
			"*-syrupcharred": {
				temp: 100,
				levelFrom: 0.85,
				levelTo: 1.0,
				startScaleY: 0.8,
				endScaleY: 0.7,
				initialCode: "expandedfoods:stuffedpepper-{type}-syrupcooked"
			}
		},
		onDisplayTransformByType: {
			"*": {
				translation: { x: 0, y: 0, z: 0 },
				scale: 1 
			},
		},
		renderIngredientsByType: {
			"*-raw": {
				"game:vegetable-bellpepper": "expandedfoods:shapes/item/food/stuffedbellpepper/stuffedbellpepper.json",
				"game:grain-amaranth": "expandedfoods:shapes/item/food/stuffedbellpepper/amaranth.json",
				"game:grain-cassava": "expandedfoods:shapes/item/food/stuffedbellpepper/cassavagrain.json",
				"game:grain-flax": "expandedfoods:shapes/item/food/stuffedbellpepper/flax.json",
				"game:grain-rice": "expandedfoods:shapes/item/food/stuffedbellpepper/rice.json",
				"game:grain-rye": "expandedfoods:shapes/item/food/stuffedbellpepper/rye.json",
				"game:grain-spelt": "expandedfoods:shapes/item/food/stuffedbellpepper/spelt.json",
				"game:grain-sunflower": "expandedfoods:shapes/item/food/stuffedbellpepper/sunflower.json",
				"game:pickledvegetable-bellpepper": "expandedfoods:shapes/item/food/stuffedbellpepper/bellpepper.json",
				"game:pickledvegetable-cabbage": "expandedfoods:shapes/item/food/stuffedbellpepper/bellpepper.json",
				"expandedfoods:choppedvegetable-bellpepper": "expandedfoods:shapes/item/food/stuffedbellpepper/bellpepper.json",
				"expandedfoods:choppedvegetable-bolete": "expandedfoods:shapes/item/food/stuffedbellpepper/bolete.json",
				"expandedfoods:choppedvegetable-cabbage": "expandedfoods:shapes/item/food/stuffedbellpepper/cabbage.json",
				"expandedfoods:choppedvegetable-carrot": "expandedfoods:shapes/item/food/stuffedbellpepper/carrot.json",
				"expandedfoods:choppedvegetable-fieldmushroom": "expandedfoods:shapes/item/food/stuffedbellpepper/fieldmushroom.json",
				"expandedfoods:choppedvegetable-flyagaric": "expandedfoods:shapes/item/food/stuffedbellpepper/flyagaric.json",
				"expandedfoods:choppedvegetable-onion": "expandedfoods:shapes/item/food/stuffedbellpepper/onion.json",
				"expandedfoods:choppedvegetable-parsnip": "expandedfoods:shapes/item/food/stuffedbellpepper/parsnip.json",
				"expandedfoods:choppedvegetable-pumpkin": "expandedfoods:shapes/item/food/stuffedbellpepper/pumpkin.json",
				"expandedfoods:choppedvegetable-turnip": "expandedfoods:shapes/item/food/stuffedbellpepper/turnip.json",
				"expandedfoods:choppedvegetable-cassava": "expandedfoods:shapes/item/food/stuffedbellpepper/cassava.json",
				"expandedfoods:dryfruit-blackcurrant": "expandedfoods:shapes/item/food/stuffedbellpepper/blackcurrant.json",
				"expandedfoods:dryfruit-blueberry": "expandedfoods:shapes/item/food/stuffedbellpepper/blueberry.json",
				"expandedfoods:dryfruit-cranberry": "expandedfoods:shapes/item/food/stuffedbellpepper/cranberry.json",
				"expandedfoods:dryfruit-redcurrant": "expandedfoods:shapes/item/food/stuffedbellpepper/redcurrant.json",
				"expandedfoods:dryfruit-saguaro": "expandedfoods:shapes/item/food/stuffedbellpepper/cactifruit.json",
				"expandedfoods:dryfruit-whitecurrant": "expandedfoods:shapes/item/food/stuffedbellpepper/whitecurrant.json",
				"expandedfoods:dryfruit-pineapple": "expandedfoods:shapes/item/food/stuffedbellpepper/pineapple.json",
				"game:fruit-pineapple": "expandedfoods:shapes/item/food/stuffedbellpepper/pineapple.json",
				"game:cheese-cheddar-1slice": "expandedfoods:shapes/item/food/stuffedbellpepper/cheddar.json",
				"game:cheese-blue-1slice": "expandedfoods:shapes/item/food/stuffedbellpepper/bluecheese.json",
				"game:cottagecheeseportion": "expandedfoods:shapes/item/food/stuffedbellpepper/cottagecheese.json",
				"expandedfoods:meatnugget-bushmeat-raw": "expandedfoods:shapes/item/food/stuffedbellpepper/bushmeat.json",
				"expandedfoods:meatnugget-poultry-raw": "expandedfoods:shapes/item/food/stuffedbellpepper/poultry.json",
				"expandedfoods:meatnugget-redmeat-raw": "expandedfoods:shapes/item/food/stuffedbellpepper/redmeat.json",
				"expandedfoods:meatnugget-bushmeat-cured": "expandedfoods:shapes/item/food/stuffedbellpepper/bushmeat.json",
				"expandedfoods:meatnugget-poultry-cured": "expandedfoods:shapes/item/food/stuffedbellpepper/poultry.json",
				"expandedfoods:meatnugget-redmeat-cured": "expandedfoods:shapes/item/food/stuffedbellpepper/redmeat.json",
				"expandedfoods:agedmeat-bushmeat-raw": "expandedfoods:shapes/item/food/stuffedbellpepper/bushmeat.json",
				"expandedfoods:agedmeat-poultry-raw": "expandedfoods:shapes/item/food/stuffedbellpepper/poultry.json",
				"expandedfoods:agedmeat-redmeat-raw": "expandedfoods:shapes/item/food/stuffedbellpepper/redmeat.json",
				"expandedfoods:fishnugget-raw": "expandedfoods:shapes/item/food/stuffedbellpepper/fish.json",
				"expandedfoods:wilddryfruit-elderberry": "expandedfoods:shapes/item/food/stuffedbellpepper/elderberry.json",
				"expandedfoods:wilddryfruit-snowberry": "expandedfoods:shapes/item/food/stuffedbellpepper/snowberry.json",
				"expandedfoods:wilddryfruit-cloudberry": "expandedfoods:shapes/item/food/stuffedbellpepper/cloudberry.json",
				"expandedfoods:wilddryfruit-raspberry": "expandedfoods:shapes/item/food/stuffedbellpepper/raspberry.json",
				"expandedfoods:wilddryfruit-dogrose": "expandedfoods:shapes/item/food/stuffedbellpepper/dogrose.json",
				"expandedfoods:wilddryfruit-brambleberry": "expandedfoods:shapes/item/food/stuffedbellpepper/brambleberry.json",
				"expandedfoods:wilddryfruit-honeysuckle": "expandedfoods:shapes/item/food/stuffedbellpepper/honeysuckle.json",
				"expandedfoods:wilddryfruit-gooseberry": "expandedfoods:shapes/item/food/stuffedbellpepper/gooseberry.json",
				"expandedfoods:wilddryfruit-huckleberry": "expandedfoods:shapes/item/food/stuffedbellpepper/huckleberry.json",
				"expandedfoods:wilddryfruit-strawberry": "expandedfoods:shapes/item/food/stuffedbellpepper/strawberry.json",
				"wildcraft:minerslettuce": "expandedfoods:shapes/item/food/stuffedbellpepper/cabbage.json",
			},
			"*": {
				"game:vegetable-bellpepper": "expandedfoods:shapes/item/food/stuffedbellpepper/stuffedbellpepper.json",
				"game:grain-amaranth": "expandedfoods:shapes/item/food/stuffedbellpepper/amaranth.json",
				"game:grain-cassava": "expandedfoods:shapes/item/food/stuffedbellpepper/cassavagrain.json",
				"game:grain-flax": "expandedfoods:shapes/item/food/stuffedbellpepper/flax.json",
				"game:grain-rice": "expandedfoods:shapes/item/food/stuffedbellpepper/rice.json",
				"game:grain-rye": "expandedfoods:shapes/item/food/stuffedbellpepper/rye.json",
				"game:grain-spelt": "expandedfoods:shapes/item/food/stuffedbellpepper/spelt.json",
				"game:grain-sunflower": "expandedfoods:shapes/item/food/stuffedbellpepper/sunflower.json",
				"game:pickledvegetable-bellpepper": "expandedfoods:shapes/item/food/stuffedbellpepper/bellpepper.json",
				"game:pickledvegetable-cabbage": "expandedfoods:shapes/item/food/stuffedbellpepper/bellpepper.json",
				"expandedfoods:choppedvegetable-bellpepper": "expandedfoods:shapes/item/food/stuffedbellpepper/bellpepper.json",
				"expandedfoods:choppedvegetable-bolete": "expandedfoods:shapes/item/food/stuffedbellpepper/bolete.json",
				"expandedfoods:choppedvegetable-cabbage": "expandedfoods:shapes/item/food/stuffedbellpepper/cabbage.json",
				"expandedfoods:choppedvegetable-carrot": "expandedfoods:shapes/item/food/stuffedbellpepper/carrot.json",
				"expandedfoods:choppedvegetable-fieldmushroom": "expandedfoods:shapes/item/food/stuffedbellpepper/fieldmushroom.json",
				"expandedfoods:choppedvegetable-flyagaric": "expandedfoods:shapes/item/food/stuffedbellpepper/flyagaric.json",
				"expandedfoods:choppedvegetable-onion": "expandedfoods:shapes/item/food/stuffedbellpepper/onion.json",
				"expandedfoods:choppedvegetable-parsnip": "expandedfoods:shapes/item/food/stuffedbellpepper/parsnip.json",
				"expandedfoods:choppedvegetable-pumpkin": "expandedfoods:shapes/item/food/stuffedbellpepper/pumpkin.json",
				"expandedfoods:choppedvegetable-turnip": "expandedfoods:shapes/item/food/stuffedbellpepper/turnip.json",
				"expandedfoods:choppedvegetable-cassava": "expandedfoods:shapes/item/food/stuffedbellpepper/cassava.json",
				"expandedfoods:dryfruit-blackcurrant": "expandedfoods:shapes/item/food/stuffedbellpepper/blackcurrant.json",
				"expandedfoods:dryfruit-blueberry": "expandedfoods:shapes/item/food/stuffedbellpepper/blueberry.json",
				"expandedfoods:dryfruit-cranberry": "expandedfoods:shapes/item/food/stuffedbellpepper/cranberry.json",
				"expandedfoods:dryfruit-redcurrant": "expandedfoods:shapes/item/food/stuffedbellpepper/redcurrant.json",
				"expandedfoods:dryfruit-saguaro": "expandedfoods:shapes/item/food/stuffedbellpepper/cactifruit.json",
				"expandedfoods:dryfruit-whitecurrant": "expandedfoods:shapes/item/food/stuffedbellpepper/whitecurrant.json",
				"expandedfoods:dryfruit-pineapple": "expandedfoods:shapes/item/food/stuffedbellpepper/pineapple.json",
				"game:fruit-pineapple": "expandedfoods:shapes/item/food/stuffedbellpepper/pineapple.json",
				"game:cheese-cheddar-1slice": "expandedfoods:shapes/item/food/stuffedbellpepper/cheddarmelt.json",
				"game:cheese-blue-1slice": "expandedfoods:shapes/item/food/stuffedbellpepper/bluespread.json",
				"game:cottagecheeseportion": "expandedfoods:shapes/item/food/stuffedbellpepper/cottagespread.json",
				"expandedfoods:meatnugget-bushmeat-raw": "expandedfoods:shapes/item/food/stuffedbellpepper/bushmeat.json",
				"expandedfoods:meatnugget-poultry-raw": "expandedfoods:shapes/item/food/stuffedbellpepper/poultry.json",
				"expandedfoods:meatnugget-redmeat-raw": "expandedfoods:shapes/item/food/stuffedbellpepper/redmeat.json",
				"expandedfoods:meatnugget-bushmeat-cured": "expandedfoods:shapes/item/food/stuffedbellpepper/bushmeat.json",
				"expandedfoods:meatnugget-poultry-cured": "expandedfoods:shapes/item/food/stuffedbellpepper/poultry.json",
				"expandedfoods:meatnugget-redmeat-cured": "expandedfoods:shapes/item/food/stuffedbellpepper/redmeat.json",
				"expandedfoods:agedmeat-bushmeat-raw": "expandedfoods:shapes/item/food/stuffedbellpepper/bushmeat.json",
				"expandedfoods:agedmeat-poultry-raw": "expandedfoods:shapes/item/food/stuffedbellpepper/poultry.json",
				"expandedfoods:agedmeat-redmeat-raw": "expandedfoods:shapes/item/food/stuffedbellpepper/redmeat.json",
				"expandedfoods:fishnugget-raw": "expandedfoods:shapes/item/food/stuffedbellpepper/fish.json",
				"expandedfoods:wilddryfruit-elderberry": "expandedfoods:shapes/item/food/stuffedbellpepper/elderberry.json",
				"expandedfoods:wilddryfruit-snowberry": "expandedfoods:shapes/item/food/stuffedbellpepper/snowberry.json",
				"expandedfoods:wilddryfruit-cloudberry": "expandedfoods:shapes/item/food/stuffedbellpepper/cloudberry.json",
				"expandedfoods:wilddryfruit-raspberry": "expandedfoods:shapes/item/food/stuffedbellpepper/raspberry.json",
				"expandedfoods:wilddryfruit-dogrose": "expandedfoods:shapes/item/food/stuffedbellpepper/dogrose.json",
				"expandedfoods:wilddryfruit-brambleberry": "expandedfoods:shapes/item/food/stuffedbellpepper/brambleberry.json",
				"expandedfoods:wilddryfruit-honeysuckle": "expandedfoods:shapes/item/food/stuffedbellpepper/honeysuckle.json",
				"expandedfoods:wilddryfruit-gooseberry": "expandedfoods:shapes/item/food/stuffedbellpepper/gooseberry.json",
				"expandedfoods:wilddryfruit-huckleberry": "expandedfoods:shapes/item/food/stuffedbellpepper/huckleberry.json",
				"expandedfoods:wilddryfruit-strawberry": "expandedfoods:shapes/item/food/stuffedbellpepper/strawberry.json",
				"wildcraft:minerslettuce": "expandedfoods:shapes/item/food/stuffedbellpepper/cabbage.json",
			}
		},
		satMultByType: {
			"*-partbaked": 0.9,
			"*-cooked": 1,
			"*-charred": 0.8,
			"*-syruppartbaked": 0.9,
			"*-syrupcooked": 1,
			"*-syrupcharred": 0.8
		},
	},
	shape: { base: "item/food/stuffedbellpepper/stuffedbellpepper" },
	texturesByType: {
		"*-bare-*": {
			"turnip": { "base": "item/food/veggie/perfect/turnip" },
			"bluespread": { "base": "item/food/stuffedpepper/bluespread" },
			"waxedblue": { "base": "game:block/food/dairy/waxedblue" },
			"cheddarjack": { "base": "game:block/food/dairy/cheddarjack" },
			"cheddarspread": { "base": "item/food/stuffedpepper/cheddarspread" },
			"cottagecheese": { "base": "game:block/food/dairy/cottagecheese" },
			"cottagespread": { "base": "item/food/stuffedpepper/cottagespread" },
			"group1-flax-carrot-blueberry-cottagecheese-fish": { "base": "game:block/food/meal/group1-flax-carrot-blueberry-cottagecheese-fish" },
			"group2-soup-flyagaric-cactifruit-redmeat": { "base": "game:block/food/meal/group2-soup-flyagaric-cactifruit-redmeat" },
			"group3-millet-bolete-cranberry-poultry": { "base": "game:block/food/meal/group3-millet-bolete-cranberry-poultry" },
			"group4-rice-parsnip-whitecurrant-bluecheese-fishstew": { "base": "game:block/food/meal/group4-rice-parsnip-whitecurrant-bluecheese-fishstew" },
			"group5-rye-turnip-blackcurrant-cheddarcheese-poultrystew": { "base": "game:block/food/meal/group5-rye-turnip-blackcurrant-cheddarcheese-poultrystew" },
			"group6-spelt-onion-redcurrant-egg-redmeatstew": { "base": "game:block/food/meal/group6-spelt-onion-redcurrant-egg-redmeatstew" },
			"group7-honey-fieldmushroom-pineapple-scrambledegg-bushmeat": { "base": "game:block/food/meal/group7-honey-fieldmushroom-pineapple-scrambledegg-bushmeat" },
			"group8-amaranth-pumpkin-bellpepper-bushmeatstew": { "base": "game:block/food/meal/group8-amaranth-pumpkin-bellpepper-bushmeatstew" },
			"group9-sunflower-soya": { "base": "game:block/food/meal/group9-sunflower-soya" },
			"group10-cabbage": { "base": "game:block/food/meal/group10-cabbage" },
			"group11-cassava": { "base": "game:block/food/meal/group11-cassava" },
			"bellpepper": { "base": "game:item/food/vegetable/bellpepper" },
		},
		"*-syruppartbaked": {
			"turnip": { "base": "item/food/veggie/perfect/turnip" },
			"bluespread": { "base": "item/food/stuffedpepper/bluespread" },
			"waxedblue": { "base": "game:block/food/dairy/waxedblue" },
			"cheddarjack": { "base": "game:block/food/dairy/cheddarjack" },
			"cheddarspread": { "base": "item/food/stuffedpepper/cheddarspread" },
			"cottagecheese": { "base": "game:block/food/dairy/cottagecheese" },
			"cottagespread": { "base": "item/food/stuffedpepper/cottagespread" },
			"group1-flax-carrot-blueberry-cottagecheese-fish": { "base": "game:block/food/meal/group1-flax-carrot-blueberry-cottagecheese-fish" },
			"group2-soup-flyagaric-cactifruit-redmeat": { "base": "game:block/food/meal/group2-soup-flyagaric-cactifruit-redmeat" },
			"group3-millet-bolete-cranberry-poultry": { "base": "game:block/food/meal/group3-millet-bolete-cranberry-poultry" },
			"group4-rice-parsnip-whitecurrant-bluecheese-fishstew": { "base": "game:block/food/meal/group4-rice-parsnip-whitecurrant-bluecheese-fishstew" },
			"group5-rye-turnip-blackcurrant-cheddarcheese-poultrystew": { "base": "game:block/food/meal/group5-rye-turnip-blackcurrant-cheddarcheese-poultrystew" },
			"group6-spelt-onion-redcurrant-egg-redmeatstew": { "base": "game:block/food/meal/group6-spelt-onion-redcurrant-egg-redmeatstew" },
			"group7-honey-fieldmushroom-pineapple-scrambledegg-bushmeat": { "base": "game:block/food/meal/group7-honey-fieldmushroom-pineapple-scrambledegg-bushmeat" },
			"group8-amaranth-pumpkin-bellpepper-bushmeatstew": { "base": "game:block/food/meal/group8-amaranth-pumpkin-bellpepper-bushmeatstew" },
			"group9-sunflower-soya": { "base": "game:block/food/meal/group9-sunflower-soya" },
			"group10-cabbage": { "base": "game:block/food/meal/group10-cabbage" },
			"group11-cassava": { "base": "game:block/food/meal/group11-cassava" },
			"bellpepper": { "base": "expandedfoods:item/food/grain/breading/{type}-fish" },
		},
		"*-syrupcooked": {
			"turnip": { "base": "item/food/veggie/perfect/turnip" },
			"bluespread": { "base": "item/food/stuffedpepper/bluespread" },
			"waxedblue": { "base": "game:block/food/dairy/waxedblue" },
			"cheddarjack": { "base": "game:block/food/dairy/cheddarjack" },
			"cheddarspread": { "base": "item/food/stuffedpepper/cheddarspread" },
			"cottagecheese": { "base": "game:block/food/dairy/cottagecheese" },
			"cottagespread": { "base": "item/food/stuffedpepper/cottagespread" },
			"group1-flax-carrot-blueberry-cottagecheese-fish": { "base": "game:block/food/meal/group1-flax-carrot-blueberry-cottagecheese-fish" },
			"group2-soup-flyagaric-cactifruit-redmeat": { "base": "game:block/food/meal/group2-soup-flyagaric-cactifruit-redmeat" },
			"group3-millet-bolete-cranberry-poultry": { "base": "game:block/food/meal/group3-millet-bolete-cranberry-poultry" },
			"group4-rice-parsnip-whitecurrant-bluecheese-fishstew": { "base": "game:block/food/meal/group4-rice-parsnip-whitecurrant-bluecheese-fishstew" },
			"group5-rye-turnip-blackcurrant-cheddarcheese-poultrystew": { "base": "game:block/food/meal/group5-rye-turnip-blackcurrant-cheddarcheese-poultrystew" },
			"group6-spelt-onion-redcurrant-egg-redmeatstew": { "base": "game:block/food/meal/group6-spelt-onion-redcurrant-egg-redmeatstew" },
			"group7-honey-fieldmushroom-pineapple-scrambledegg-bushmeat": { "base": "game:block/food/meal/group7-honey-fieldmushroom-pineapple-scrambledegg-bushmeat" },
			"group8-amaranth-pumpkin-bellpepper-bushmeatstew": { "base": "game:block/food/meal/group8-amaranth-pumpkin-bellpepper-bushmeatstew" },
			"group9-sunflower-soya": { "base": "game:block/food/meal/group9-sunflower-soya" },
			"group10-cabbage": { "base": "game:block/food/meal/group10-cabbage" },
			"group11-cassava": { "base": "game:block/food/meal/group11-cassava" },
			"bellpepper": { "base": "expandedfoods:item/food/grain/breading/{type}-fish" },
		},
		"*-syrupcharred": {
			"turnip": { "base": "item/food/veggie/perfect/turnip" },
			"bluespread": { "base": "item/food/stuffedpepper/bluespread" },
			"waxedblue": { "base": "game:block/food/dairy/waxedblue" },
			"cheddarjack": { "base": "game:block/food/dairy/cheddarjack" },
			"cheddarspread": { "base": "item/food/stuffedpepper/cheddarspread" },
			"cottagecheese": { "base": "game:block/food/dairy/cottagecheese" },
			"cottagespread": { "base": "item/food/stuffedpepper/cottagespread" },
			"group1-flax-carrot-blueberry-cottagecheese-fish": { "base": "game:block/food/meal/group1-flax-carrot-blueberry-cottagecheese-fish" },
			"group2-soup-flyagaric-cactifruit-redmeat": { "base": "game:block/food/meal/group2-soup-flyagaric-cactifruit-redmeat" },
			"group3-millet-bolete-cranberry-poultry": { "base": "game:block/food/meal/group3-millet-bolete-cranberry-poultry" },
			"group4-rice-parsnip-whitecurrant-bluecheese-fishstew": { "base": "game:block/food/meal/group4-rice-parsnip-whitecurrant-bluecheese-fishstew" },
			"group5-rye-turnip-blackcurrant-cheddarcheese-poultrystew": { "base": "game:block/food/meal/group5-rye-turnip-blackcurrant-cheddarcheese-poultrystew" },
			"group6-spelt-onion-redcurrant-egg-redmeatstew": { "base": "game:block/food/meal/group6-spelt-onion-redcurrant-egg-redmeatstew" },
			"group7-honey-fieldmushroom-pineapple-scrambledegg-bushmeat": { "base": "game:block/food/meal/group7-honey-fieldmushroom-pineapple-scrambledegg-bushmeat" },
			"group8-amaranth-pumpkin-bellpepper-bushmeatstew": { "base": "game:block/food/meal/group8-amaranth-pumpkin-bellpepper-bushmeatstew" },
			"group9-sunflower-soya": { "base": "game:block/food/meal/group9-sunflower-soya" },
			"group10-cabbage": { "base": "game:block/food/meal/group10-cabbage" },
			"group11-cassava": { "base": "game:block/food/meal/group11-cassava" },
			"bellpepper": { "base": "expandedfoods:item/food/grain/breading/{type}-fish" },
		},
		"*-partbaked": {
			"turnip": { "base": "item/food/veggie/perfect/turnip" },
			"bluespread": { "base": "item/food/stuffedpepper/bluespread" },
			"waxedblue": { "base": "game:block/food/dairy/waxedblue" },
			"cheddarjack": { "base": "game:block/food/dairy/cheddarjack" },
			"cheddarspread": { "base": "item/food/stuffedpepper/cheddarspread" },
			"cottagecheese": { "base": "game:block/food/dairy/cottagecheese" },
			"cottagespread": { "base": "item/food/stuffedpepper/cottagespread" },
			"group1-flax-carrot-blueberry-cottagecheese-fish": { "base": "game:block/food/meal/group1-flax-carrot-blueberry-cottagecheese-fish" },
			"group2-soup-flyagaric-cactifruit-redmeat": { "base": "game:block/food/meal/group2-soup-flyagaric-cactifruit-redmeat" },
			"group3-millet-bolete-cranberry-poultry": { "base": "game:block/food/meal/group3-millet-bolete-cranberry-poultry" },
			"group4-rice-parsnip-whitecurrant-bluecheese-fishstew": { "base": "game:block/food/meal/group4-rice-parsnip-whitecurrant-bluecheese-fishstew" },
			"group5-rye-turnip-blackcurrant-cheddarcheese-poultrystew": { "base": "game:block/food/meal/group5-rye-turnip-blackcurrant-cheddarcheese-poultrystew" },
			"group6-spelt-onion-redcurrant-egg-redmeatstew": { "base": "game:block/food/meal/group6-spelt-onion-redcurrant-egg-redmeatstew" },
			"group7-honey-fieldmushroom-pineapple-scrambledegg-bushmeat": { "base": "game:block/food/meal/group7-honey-fieldmushroom-pineapple-scrambledegg-bushmeat" },
			"group8-amaranth-pumpkin-bellpepper-bushmeatstew": { "base": "game:block/food/meal/group8-amaranth-pumpkin-bellpepper-bushmeatstew" },
			"group9-sunflower-soya": { "base": "game:block/food/meal/group9-sunflower-soya" },
			"group10-cabbage": { "base": "game:block/food/meal/group10-cabbage" },
			"group11-cassava": { "base": "game:block/food/meal/group11-cassava" },
			"bellpepper": { "base": "expandedfoods:item/food/grain/breading/{type}-partbaked" },
		},
		"*-cooked": {
			"turnip": { "base": "item/food/veggie/perfect/turnip" },
			"bluespread": { "base": "item/food/stuffedpepper/bluespread" },
			"waxedblue": { "base": "game:block/food/dairy/waxedblue" },
			"cheddarjack": { "base": "game:block/food/dairy/cheddarjack" },
			"cheddarspread": { "base": "item/food/stuffedpepper/cheddarspread" },
			"cottagecheese": { "base": "game:block/food/dairy/cottagecheese" },
			"cottagespread": { "base": "item/food/stuffedpepper/cottagespread" },
			"group1-flax-carrot-blueberry-cottagecheese-fish": { "base": "game:block/food/meal/group1-flax-carrot-blueberry-cottagecheese-fish" },
			"group2-soup-flyagaric-cactifruit-redmeat": { "base": "game:block/food/meal/group2-soup-flyagaric-cactifruit-redmeat" },
			"group3-millet-bolete-cranberry-poultry": { "base": "game:block/food/meal/group3-millet-bolete-cranberry-poultry" },
			"group4-rice-parsnip-whitecurrant-bluecheese-fishstew": { "base": "game:block/food/meal/group4-rice-parsnip-whitecurrant-bluecheese-fishstew" },
			"group5-rye-turnip-blackcurrant-cheddarcheese-poultrystew": { "base": "game:block/food/meal/group5-rye-turnip-blackcurrant-cheddarcheese-poultrystew" },
			"group6-spelt-onion-redcurrant-egg-redmeatstew": { "base": "game:block/food/meal/group6-spelt-onion-redcurrant-egg-redmeatstew" },
			"group7-honey-fieldmushroom-pineapple-scrambledegg-bushmeat": { "base": "game:block/food/meal/group7-honey-fieldmushroom-pineapple-scrambledegg-bushmeat" },
			"group8-amaranth-pumpkin-bellpepper-bushmeatstew": { "base": "game:block/food/meal/group8-amaranth-pumpkin-bellpepper-bushmeatstew" },
			"group9-sunflower-soya": { "base": "game:block/food/meal/group9-sunflower-soya" },
			"group10-cabbage": { "base": "game:block/food/meal/group10-cabbage" },
			"group11-cassava": { "base": "game:block/food/meal/group11-cassava" },
			"bellpepper": { "base": "expandedfoods:item/food/grain/breading/{type}-cooked" },
		},
		"*-charred": {
			"turnip": { "base": "item/food/veggie/perfect/turnip" },
			"bluespread": { "base": "item/food/stuffedpepper/bluespread" },
			"waxedblue": { "base": "game:block/food/dairy/waxedblue" },
			"cheddarjack": { "base": "game:block/food/dairy/cheddarjack" },
			"cheddarspread": { "base": "item/food/stuffedpepper/cheddarspread" },
			"cottagecheese": { "base": "game:block/food/dairy/cottagecheese" },
			"cottagespread": { "base": "item/food/stuffedpepper/cottagespread" },
			"group1-flax-carrot-blueberry-cottagecheese-fish": { "base": "game:block/food/meal/group1-flax-carrot-blueberry-cottagecheese-fish" },
			"group2-soup-flyagaric-cactifruit-redmeat": { "base": "game:block/food/meal/group2-soup-flyagaric-cactifruit-redmeat" },
			"group3-millet-bolete-cranberry-poultry": { "base": "game:block/food/meal/group3-millet-bolete-cranberry-poultry" },
			"group4-rice-parsnip-whitecurrant-bluecheese-fishstew": { "base": "game:block/food/meal/group4-rice-parsnip-whitecurrant-bluecheese-fishstew" },
			"group5-rye-turnip-blackcurrant-cheddarcheese-poultrystew": { "base": "game:block/food/meal/group5-rye-turnip-blackcurrant-cheddarcheese-poultrystew" },
			"group6-spelt-onion-redcurrant-egg-redmeatstew": { "base": "game:block/food/meal/group6-spelt-onion-redcurrant-egg-redmeatstew" },
			"group7-honey-fieldmushroom-pineapple-scrambledegg-bushmeat": { "base": "game:block/food/meal/group7-honey-fieldmushroom-pineapple-scrambledegg-bushmeat" },
			"group8-amaranth-pumpkin-bellpepper-bushmeatstew": { "base": "game:block/food/meal/group8-amaranth-pumpkin-bellpepper-bushmeatstew" },
			"group9-sunflower-soya": { "base": "game:block/food/meal/group9-sunflower-soya" },
			"group10-cabbage": { "base": "game:block/food/meal/group10-cabbage" },
			"group11-cassava": { "base": "game:block/food/meal/group11-cassava" },
			"bellpepper": { "base": "expandedfoods:item/food/grain/breading/{type}-charred" },
		},
		"*-oiled": {
			"turnip": { "base": "item/food/veggie/perfect/turnip" },
			"bluespread": { "base": "item/food/stuffedpepper/bluespread" },
			"waxedblue": { "base": "game:block/food/dairy/waxedblue" },
			"cheddarjack": { "base": "game:block/food/dairy/cheddarjack" },
			"cheddarspread": { "base": "item/food/stuffedpepper/cheddarspread" },
			"cottagecheese": { "base": "game:block/food/dairy/cottagecheese" },
			"cottagespread": { "base": "item/food/stuffedpepper/cottagespread" },
			"group1-flax-carrot-blueberry-cottagecheese-fish": { "base": "game:block/food/meal/group1-flax-carrot-blueberry-cottagecheese-fish" },
			"group2-soup-flyagaric-cactifruit-redmeat": { "base": "game:block/food/meal/group2-soup-flyagaric-cactifruit-redmeat" },
			"group3-millet-bolete-cranberry-poultry": { "base": "game:block/food/meal/group3-millet-bolete-cranberry-poultry" },
			"group4-rice-parsnip-whitecurrant-bluecheese-fishstew": { "base": "game:block/food/meal/group4-rice-parsnip-whitecurrant-bluecheese-fishstew" },
			"group5-rye-turnip-blackcurrant-cheddarcheese-poultrystew": { "base": "game:block/food/meal/group5-rye-turnip-blackcurrant-cheddarcheese-poultrystew" },
			"group6-spelt-onion-redcurrant-egg-redmeatstew": { "base": "game:block/food/meal/group6-spelt-onion-redcurrant-egg-redmeatstew" },
			"group7-honey-fieldmushroom-pineapple-scrambledegg-bushmeat": { "base": "game:block/food/meal/group7-honey-fieldmushroom-pineapple-scrambledegg-bushmeat" },
			"group8-amaranth-pumpkin-bellpepper-bushmeatstew": { "base": "game:block/food/meal/group8-amaranth-pumpkin-bellpepper-bushmeatstew" },
			"group9-sunflower-soya": { "base": "game:block/food/meal/group9-sunflower-soya" },
			"group10-cabbage": { "base": "game:block/food/meal/group10-cabbage" },
			"group11-cassava": { "base": "game:block/food/meal/group11-cassava" },
			"bellpepper": { "base": "expandedfoods:item/food/grain/breading/{type}-oiled" },
		},
		"*-raw": {
			"turnip": { "base": "item/food/veggie/perfect/turnip" },
			"bluespread": { "base": "item/food/stuffedpepper/bluespread" },
			"waxedblue": { "base": "game:block/food/dairy/waxedblue" },
			"cheddarjack": { "base": "game:block/food/dairy/cheddarjack" },
			"cheddarspread": { "base": "item/food/stuffedpepper/cheddarspread" },
			"cottagecheese": { "base": "game:block/food/dairy/cottagecheese" },
			"cottagespread": { "base": "item/food/stuffedpepper/cottagespread" },
			"group1-flax-carrot-blueberry-cottagecheese-fish": { "base": "game:block/food/meal/group1-flax-carrot-blueberry-cottagecheese-fish" },
			"group2-soup-flyagaric-cactifruit-redmeat": { "base": "game:block/food/meal/group2-soup-flyagaric-cactifruit-redmeat" },
			"group3-millet-bolete-cranberry-poultry": { "base": "game:block/food/meal/group3-millet-bolete-cranberry-poultry" },
			"group4-rice-parsnip-whitecurrant-bluecheese-fishstew": { "base": "game:block/food/meal/group4-rice-parsnip-whitecurrant-bluecheese-fishstew" },
			"group5-rye-turnip-blackcurrant-cheddarcheese-poultrystew": { "base": "game:block/food/meal/group5-rye-turnip-blackcurrant-cheddarcheese-poultrystew" },
			"group6-spelt-onion-redcurrant-egg-redmeatstew": { "base": "game:block/food/meal/group6-spelt-onion-redcurrant-egg-redmeatstew" },
			"group7-honey-fieldmushroom-pineapple-scrambledegg-bushmeat": { "base": "game:block/food/meal/group7-honey-fieldmushroom-pineapple-scrambledegg-bushmeat" },
			"group8-amaranth-pumpkin-bellpepper-bushmeatstew": { "base": "game:block/food/meal/group8-amaranth-pumpkin-bellpepper-bushmeatstew" },
			"group9-sunflower-soya": { "base": "game:block/food/meal/group9-sunflower-soya" },
			"group10-cabbage": { "base": "game:block/food/meal/group10-cabbage" },
			"group11-cassava": { "base": "game:block/food/meal/group11-cassava" },
			"bellpepper": { "base": "expandedfoods:item/food/grain/breading/{type}-raw" },
		},
	},
	nutritionPropsByType: {
		"*-partbaked": { satiety: 80, foodcategory: "Vegetable" },
		"*-syruppartbaked": { satiety: 80, foodcategory: "Vegetable" },

		"*-cooked": { satiety: 90, foodcategory: "Vegetable" },
		"*-syrupcooked": { satiety: 90, foodcategory: "Vegetable" },

		"*-charred": { satiety: 70, foodcategory: "Vegetable" },
		"*-syrupcharred": { satiety: 70, foodcategory: "Vegetable" },

	},
	creativeinventory: { "general": ["*"], "items": ["*"] },
	materialDensity: 600,
	transitionablePropsByType: {
		"*-oiled": [{
			type: "Perish",
			freshHours: { avg: 18 },
			transitionHours: { avg: 72 },
			transitionedStack: { type: "item", code: "game:rot" },
			transitionRatio: 1
			}

		],
		"*-raw": [{
			type: "Perish",
			freshHours: { avg: 18 },
			transitionHours: { avg: 72 },
			transitionedStack: { type: "item", code: "game:rot" },
			transitionRatio: 1
			}
		],
		"*-partbaked": [{
			type: "Perish",
			freshHours: { avg: 60 },
			transitionHours: { avg: 96 },
			transitionedStack: { type: "item", code: "game:rot" },
			transitionRatio: 1
		}],
		"*-cooked": [{
			type: "Perish",
			freshHours: { avg: 60 },
			transitionHours: { avg: 96 },
			transitionedStack: { type: "item", code: "game:rot" },
			transitionRatio: 1
		
		}],
		"*-charred": [{
			type: "Perish",
			freshHours: { avg: 120 },
			transitionHours: { avg: 192 },
			transitionedStack: { type: "item", code: "game:rot" },
			transitionRatio: 1
		}],
		"*-syruppartbaked": [{
			type: "Perish",
			freshHours: { avg: 60 },
			transitionHours: { avg: 96 },
			transitionedStack: { type: "item", code: "game:rot" },
			transitionRatio: 1
		}],
		"*-syrupcooked": [{
			type: "Perish",
			freshHours: { avg: 60 },
			transitionHours: { avg: 96 },
			transitionedStack: { type: "item", code: "game:rot" },
			transitionRatio: 1
		}],
		"*-syrupcharred": [{
			type: "Perish",
			freshHours: { avg: 120 },
			transitionHours: { avg: 192 },
			transitionedStack: { type: "item", code: "game:rot" },
			transitionRatio: 1
		}],
	},
	materialDensity: 600,
	guiTransformByType: {
		"*": {
			translation: { x: 3, y: 6, z: 0 },
			rotation: { x: -37, y: 135, z: -155 },
			origin: { x: 0.5, y: 0.15, z: 0.5 },
			scale: 3
		},
	},
	fpHandTransformByType: {
		"*": {
			translation: { x: 0, y: 0, z: 0 },
			rotation: { x: 45, y: 47, z: -30 },
			origin: { x: 0.5, y: 0.3, z: 0.5 },
			scale: 1.9
		},
	},
	tpHandTransformByType: {
		"*": {
			translation: { x: -0.6, y: -0.18, z: -0.6 },
			rotation: { x: 0, y: 0, z: -42 },
			origin: { x: 0.5, y: 0.1, z: 0.5 },
			scale: 0.8
		},
	},
	groundTransformByType: {
		"*": {
			translation: { x: 0, y: 0, z: 0 },
			rotation: { x: 0, y: 0, z: 83 },
			origin: { x: 0.47, y: 0, z: 0.5 },
			scale: 3
		},
	},
	combustiblePropsByType: {
		"stuffedpepper-*-raw": {
			meltingPoint: 150,
			meltingDuration: 30,
			smeltedRatio: 1,
			smeltingType: "cook",
			smeltedStack: { type: "item", code: "stuffedpepper-{type}-charred" },
			requiresContainer: false
		},
		"stuffedpepper-*-partbaked": {
			meltingPoint: 150,
			meltingDuration: 30,
			smeltedRatio: 1,
			smeltingType: "cook",
			smeltedStack: { type: "item", code: "stuffedpepper-{type}-charred" },
			requiresContainer: false
		},
		"stuffedpepper-*-cooked": {
			meltingPoint: 150,
			meltingDuration: 30,
			smeltedRatio: 1,
			smeltingType: "cook",
			smeltedStack: { type: "item", code: "stuffedpepper-{type}-charred" },
			requiresContainer: false
		},
		"stuffedpepper-*-oiled": {
			meltingPoint: 150,
			meltingDuration: 30,
			smeltedRatio: 1,
			smeltingType: "cook",
			smeltedStack: { type: "item", code: "stuffedpepper-{type}-charred" },
			requiresContainer: false
		},
		"stuffedpepper-*-syruppartbaked": {
			meltingPoint: 150,
			meltingDuration: 30,
			smeltedRatio: 1,
			smeltingType: "cook",
			smeltedStack: { type: "item", code: "stuffedpepper-{type}-syrupcharred" },
			requiresContainer: false
		},
		"stuffedpepper-*-syrupcooked": {
			meltingPoint: 150,
			meltingDuration: 30,
			smeltedRatio: 1,
			smeltingType: "cook",
			smeltedStack: { type: "item", code: "stuffedpepper-{type}-syrupcharred" },
			requiresContainer: false

		},
	}
}