[
    {
        "op": "add",
        "path": "/server/behaviors/10/aitasks/0/entityCodes/-",
        "value": "tame-wolf-male",
        "file": "game:entities/land/sheep-bighorn-female.json"
    },
    {
        "op": "add",
        "path": "/server/behaviors/10/aitasks/0/entityCodes/-",
        "value": "tame-wolf-female",
        "file": "game:entities/land/sheep-bighorn-female.json"
    },
    {
        "op": "add",
        "path": "/server/behaviors/10/aitasks/1/entityCodes/-",
        "value": "tame-wolf-male",
        "file": "game:entities/land/sheep-bighorn-female.json"
    },
    {
        "op": "add",
        "path": "/server/behaviors/10/aitasks/1/entityCodes/-",
        "value": "tame-wolf-female",
        "file": "game:entities/land/sheep-bighorn-female.json"
    },
    {
        "op": "add",
        "path": "/server/behaviors/10/aitasks/2/entityCodes/-",
        "value": "tame-wolf-male",
        "file": "game:entities/land/sheep-bighorn-female.json"
    },
    {
        "op": "add",
        "path": "/server/behaviors/10/aitasks/2/entityCodes/-",
        "value": "tame-wolf-female",
        "file": "game:entities/land/sheep-bighorn-female.json"
    }
]