{
	"editor": {
		"allAngles": false,
		"entityTextureMode": false
	},
	"textureWidth": 16,
	"textureHeight": 16,
	"textureSizes": {
	},
	"textures": {
		"stone": "game:block/stone/rock/andesite1",
		"sand": "game:block/stone/sand/andesite",
		"gravel": "game:block/stone/gravel/andesite",


		"birch": "game:block/wood/debarked/birch",
		"iron": "game:block/metal/plate/iron"
	},
	"elements": [
		{
			"name": "root",
			"from": [ 0.0, 0.0, 0.0 ], 
			"to": [ 1.0, 1.0, 1.0 ], 
			"faces": {
				"north": { "texture": "#stone", "uv": [ 0.0, 0.0, 1.0, 1.0 ] },
				"east": { "texture": "#stone", "uv": [ 0.0, 0.0, 1.0, 1.0 ] },
				"south": { "texture": "#stone", "uv": [ 0.0, 0.0, 1.0, 1.0 ] },
				"west": { "texture": "#stone", "uv": [ 0.0, 0.0, 1.0, 1.0 ] },
				"up": { "texture": "#stone", "uv": [ 0.0, 0.0, 1.0, 1.0 ] },
				"down": { "texture": "#stone", "uv": [ 0.0, 0.0, 1.0, 1.0 ] }
			},
			"children": [
				{
					"name": "Cube1",
					"from": [ 0.0, 0.0, 0.0 ], 
					"to": [ 16.0, 1.0, 16.0 ], 
					"faces": {
						"north": { "texture": "#birch", "uv": [ 0.0, 0.0, 16.0, 1.0 ] },
						"east": { "texture": "#birch", "uv": [ 0.0, 0.0, 16.0, 1.0 ] },
						"south": { "texture": "#birch", "uv": [ 0.0, 0.0, 16.0, 1.0 ] },
						"west": { "texture": "#birch", "uv": [ 0.0, 0.0, 16.0, 1.0 ] },
						"up": { "texture": "#birch", "uv": [ 0.0, 0.0, 16.0, 16.0 ] },
						"down": { "texture": "#birch", "uv": [ 0.0, 0.0, 16.0, 16.0 ] }
					},
					"children": [
						{
							"name": "Cube2",
							"from": [ 0.0, 1.0, 0.0 ], 
							"to": [ 16.0, 16.0, 1.0 ], 
							"rotationOrigin": [ 0.0, 1.0, 0.0 ],
							"faces": {
								"north": { "texture": "#birch", "uv": [ 0.0, 0.0, 16.0, 15.0 ] },
								"east": { "texture": "#birch", "uv": [ 0.0, 0.0, 1.0, 15.0 ] },
								"south": { "texture": "#birch", "uv": [ 0.0, 0.0, 16.0, 15.0 ] },
								"west": { "texture": "#birch", "uv": [ 0.0, 0.0, 1.0, 15.0 ] },
								"up": { "texture": "#birch", "uv": [ 0.0, 0.0, 16.0, 1.0 ] },
								"down": { "texture": "#birch", "uv": [ 0.0, 0.0, 16.0, 1.0 ] }
							}
						},
						{
							"name": "Cube4",
							"from": [ 0.0, 1.0, 15.0 ], 
							"to": [ 16.0, 16.0, 16.0 ], 
							"rotationOrigin": [ 0.0, 1.0, 15.0 ],
							"faces": {
								"north": { "texture": "#birch", "uv": [ 0.0, 0.0, 16.0, 15.0 ] },
								"east": { "texture": "#birch", "uv": [ 0.0, 0.0, 1.0, 15.0 ] },
								"south": { "texture": "#birch", "uv": [ 0.0, 0.0, 16.0, 15.0 ] },
								"west": { "texture": "#birch", "uv": [ 0.0, 0.0, 1.0, 15.0 ] },
								"up": { "texture": "#birch", "uv": [ 0.0, 0.0, 16.0, 1.0 ] },
								"down": { "texture": "#birch", "uv": [ 0.0, 0.0, 16.0, 1.0 ] }
							}
						},
						{
							"name": "Cube3",
							"from": [ 0.0, 1.0, 1.0 ], 
							"to": [ 1.0, 16.0, 15.0 ], 
							"rotationOrigin": [ 0.0, 1.0, 1.0 ],
							"faces": {
								"north": { "texture": "#birch", "uv": [ 0.0, 0.0, 1.0, 15.0 ] },
								"east": { "texture": "#birch", "uv": [ 0.0, 0.0, 14.0, 15.0 ] },
								"south": { "texture": "#birch", "uv": [ 0.0, 0.0, 1.0, 15.0 ] },
								"west": { "texture": "#birch", "uv": [ 0.0, 0.0, 14.0, 15.0 ] },
								"up": { "texture": "#birch", "uv": [ 0.0, 0.0, 1.0, 14.0 ] },
								"down": { "texture": "#birch", "uv": [ 0.0, 0.0, 1.0, 14.0 ] }
							}
						}
					]
				},
				{
					"name": "Cube9",
					"from": [ 0.0, 0.0, 0.0 ], 
					"to": [ 0.0, 0.0, 0.0 ], 
					"faces": {
						"north": { "texture": "#iron", "uv": [ 0.0, 0.0, 0.5, 0.5 ] },
						"east": { "texture": "#iron", "uv": [ 0.0, 0.0, 0.5, 0.5 ] },
						"south": { "texture": "#iron", "uv": [ 0.0, 0.0, 0.5, 0.5 ] },
						"west": { "texture": "#iron", "uv": [ 0.0, 0.0, 0.5, 0.5 ] },
						"up": { "texture": "#iron", "uv": [ 0.0, 0.0, 0.5, 0.5 ] },
						"down": { "texture": "#iron", "uv": [ 0.0, 0.0, 0.5, 0.5 ] }
					},
					"children": [
						{
							"name": "Cube5",
							"from": [ 0.0, 14.0, -0.5 ], 
							"to": [ 16.0, 15.0, 0.0 ], 
							"rotationOrigin": [ 0.0, 14.0, -0.5 ],
							"faces": {
								"north": { "texture": "#iron", "uv": [ 0.0, 0.0, 16.0, 1.0 ] },
								"east": { "texture": "#iron", "uv": [ 0.0, 0.0, 0.5, 1.0 ] },
								"south": { "texture": "#iron", "uv": [ 0.0, 0.0, 16.0, 1.0 ] },
								"west": { "texture": "#iron", "uv": [ 0.0, 0.0, 0.5, 1.0 ] },
								"up": { "texture": "#iron", "uv": [ 0.0, 0.0, 16.0, 0.5 ] },
								"down": { "texture": "#iron", "uv": [ 0.0, 0.0, 16.0, 0.5 ] }
							}
						},
						{
							"name": "Cube6",
							"from": [ 0.0, 0.0, -0.5 ], 
							"to": [ 16.0, 1.0, 0.0 ], 
							"rotationOrigin": [ 0.0, 0.0, -0.5 ],
							"faces": {
								"north": { "texture": "#iron", "uv": [ 0.0, 0.0, 16.0, 1.0 ] },
								"east": { "texture": "#iron", "uv": [ 0.0, 0.0, 0.5, 1.0 ] },
								"south": { "texture": "#iron", "uv": [ 0.0, 0.0, 16.0, 1.0 ] },
								"west": { "texture": "#iron", "uv": [ 0.0, 0.0, 0.5, 1.0 ] },
								"up": { "texture": "#iron", "uv": [ 0.0, 0.0, 16.0, 0.5 ] },
								"down": { "texture": "#iron", "uv": [ 0.0, 0.0, 16.0, 0.5 ] }
							}
						},
						{
							"name": "Cube7",
							"from": [ 0.0, 0.0, 16.0 ], 
							"to": [ 16.0, 1.0, 16.5 ], 
							"rotationOrigin": [ 0.0, 0.0, 16.0 ],
							"faces": {
								"north": { "texture": "#iron", "uv": [ 0.0, 0.0, 16.0, 1.0 ] },
								"east": { "texture": "#iron", "uv": [ 0.0, 0.0, 0.5, 1.0 ] },
								"south": { "texture": "#iron", "uv": [ 0.0, 0.0, 16.0, 1.0 ] },
								"west": { "texture": "#iron", "uv": [ 0.0, 0.0, 0.5, 1.0 ] },
								"up": { "texture": "#iron", "uv": [ 0.0, 0.0, 16.0, 0.5 ] },
								"down": { "texture": "#iron", "uv": [ 0.0, 0.0, 16.0, 0.5 ] }
							}
						},
						{
							"name": "Cube8",
							"from": [ 0.0, 14.0, 16.0 ], 
							"to": [ 16.0, 15.0, 16.5 ], 
							"rotationOrigin": [ 0.0, 14.0, 16.0 ],
							"faces": {
								"north": { "texture": "#iron", "uv": [ 0.0, 0.0, 16.0, 1.0 ] },
								"east": { "texture": "#iron", "uv": [ 0.0, 0.0, 0.5, 1.0 ] },
								"south": { "texture": "#iron", "uv": [ 0.0, 0.0, 16.0, 1.0 ] },
								"west": { "texture": "#iron", "uv": [ 0.0, 0.0, 0.5, 1.0 ] },
								"up": { "texture": "#iron", "uv": [ 0.0, 0.0, 16.0, 0.5 ] },
								"down": { "texture": "#iron", "uv": [ 0.0, 0.0, 16.0, 0.5 ] }
							}
						},
						{
							"name": "Cube10",
							"from": [ -0.5, 0.0, -0.5 ], 
							"to": [ 0.0, 1.0, 16.5 ], 
							"rotationOrigin": [ -0.5, 0.0, -0.5 ],
							"faces": {
								"north": { "texture": "#iron", "uv": [ 0.0, 0.0, 0.5, 1.0 ] },
								"east": { "texture": "#iron", "uv": [ 0.0, 0.0, 16.0, 1.0 ], "autoUv": false },
								"south": { "texture": "#iron", "uv": [ 0.0, 0.0, 0.5, 1.0 ] },
								"west": { "texture": "#iron", "uv": [ 0.0, 0.0, 16.0, 1.0 ], "autoUv": false },
								"up": { "texture": "#iron", "uv": [ 0.0, 0.0, 1.0, 15.5 ], "autoUv": false },
								"down": { "texture": "#iron", "uv": [ 0.0, 0.0, 1.5, 15.5 ], "autoUv": false }
							}
						},
						{
							"name": "Cube11",
							"from": [ -0.5, 14.0, -0.5 ], 
							"to": [ 0.0, 15.0, 16.5 ], 
							"rotationOrigin": [ -0.5, 14.0, -0.5 ],
							"faces": {
								"north": { "texture": "#iron", "uv": [ 0.0, 0.0, 0.5, 1.0 ] },
								"east": { "texture": "#iron", "uv": [ 0.0, 0.0, 15.5, 1.5 ], "autoUv": false },
								"south": { "texture": "#iron", "uv": [ 0.0, 0.0, 0.5, 1.0 ] },
								"west": { "texture": "#iron", "uv": [ 0.0, 0.0, 16.0, 1.5 ], "autoUv": false },
								"up": { "texture": "#iron", "uv": [ 0.0, 0.0, 1.0, 15.5 ], "autoUv": false },
								"down": { "texture": "#iron", "uv": [ 0.0, 0.0, 1.0, 15.5 ], "autoUv": false }
							}
						}
					]
				},
				{
					"name": "Cube12",
					"from": [ 0.0, 0.0, 0.0 ], 
					"to": [ 0.0, 0.0, 0.0 ], 
					"faces": {
						"north": { "texture": "#iron", "uv": [ 0.0, 0.0, 0.5, 0.5 ] },
						"east": { "texture": "#iron", "uv": [ 0.0, 0.0, 0.5, 0.5 ] },
						"south": { "texture": "#iron", "uv": [ 0.0, 0.0, 0.5, 0.5 ] },
						"west": { "texture": "#iron", "uv": [ 0.0, 0.0, 0.5, 0.5 ] },
						"up": { "texture": "#iron", "uv": [ 0.0, 0.0, 0.5, 0.5 ] },
						"down": { "texture": "#iron", "uv": [ 0.0, 0.0, 0.5, 0.5 ] }
					},
					"children": [
						{
							"name": "Cube13",
							"from": [ 1.0, 1.0, 1.0 ], 
							"to": [ 16.0, 2.0, 2.0 ], 
							"rotationOrigin": [ 1.0, 1.0, 1.0 ],
							"faces": {
								"north": { "texture": "#iron", "uv": [ 0.0, 0.0, 15.0, 1.0 ] },
								"east": { "texture": "#iron", "uv": [ 0.0, 0.0, 1.0, 1.0 ] },
								"south": { "texture": "#iron", "uv": [ 0.0, 0.0, 15.0, 1.0 ] },
								"west": { "texture": "#iron", "uv": [ 0.0, 0.0, 1.0, 1.0 ] },
								"up": { "texture": "#iron", "uv": [ 0.0, 0.0, 15.0, 1.0 ] },
								"down": { "texture": "#iron", "uv": [ 0.0, 0.0, 15.0, 1.0 ] }
							}
						},
						{
							"name": "Cube14",
							"from": [ 1.0, 1.0, 14.0 ], 
							"to": [ 16.0, 2.0, 15.0 ], 
							"rotationOrigin": [ 1.0, 1.0, 14.0 ],
							"faces": {
								"north": { "texture": "#iron", "uv": [ 0.0, 0.0, 15.0, 1.0 ] },
								"east": { "texture": "#iron", "uv": [ 0.0, 0.0, 1.0, 1.0 ] },
								"south": { "texture": "#iron", "uv": [ 0.0, 0.0, 15.0, 1.0 ] },
								"west": { "texture": "#iron", "uv": [ 0.0, 0.0, 1.0, 1.0 ] },
								"up": { "texture": "#iron", "uv": [ 0.0, 0.0, 15.0, 1.0 ] },
								"down": { "texture": "#iron", "uv": [ 0.0, 0.0, 15.0, 1.0 ] }
							}
						},
						{
							"name": "Cube15",
							"from": [ 1.0, 1.0, 2.0 ], 
							"to": [ 2.0, 2.0, 14.0 ], 
							"rotationOrigin": [ 1.0, 1.0, 2.0 ],
							"faces": {
								"north": { "texture": "#iron", "uv": [ 0.0, 0.0, 1.0, 1.0 ] },
								"east": { "texture": "#iron", "uv": [ 0.0, 0.0, 12.0, 1.0 ] },
								"south": { "texture": "#iron", "uv": [ 0.0, 0.0, 1.0, 1.0 ] },
								"west": { "texture": "#iron", "uv": [ 0.0, 0.0, 12.0, 1.0 ] },
								"up": { "texture": "#iron", "uv": [ 0.0, 0.0, 1.0, 12.0 ] },
								"down": { "texture": "#iron", "uv": [ 0.0, 0.0, 1.0, 12.0 ] }
							}
						}
					]
				},
				{
					"name": "Cube16",
					"from": [ 0.0, 0.0, 0.0 ], 
					"to": [ 0.0, 0.0, 0.0 ], 
					"faces": {
						"north": { "texture": "#iron", "uv": [ 0.0, 0.0, 0.5, 0.5 ] },
						"east": { "texture": "#iron", "uv": [ 0.0, 0.0, 0.5, 0.5 ] },
						"south": { "texture": "#iron", "uv": [ 0.0, 0.0, 0.5, 0.5 ] },
						"west": { "texture": "#iron", "uv": [ 0.0, 0.0, 0.5, 0.5 ] },
						"up": { "texture": "#iron", "uv": [ 0.0, 0.0, 0.5, 0.5 ] },
						"down": { "texture": "#iron", "uv": [ 0.0, 0.0, 0.5, 0.5 ] }
					},
					"children": [
						{
							"name": "Cube17",
							"from": [ 1.0, 2.0, 1.0 ], 
							"to": [ 1.5, 16.0, 2.0 ], 
							"rotationOrigin": [ 1.0, 2.0, 1.0 ],
							"faces": {
								"north": { "texture": "#iron", "uv": [ 0.0, 0.0, 0.5, 14.0 ] },
								"east": { "texture": "#iron", "uv": [ 0.0, 0.0, 1.0, 14.0 ] },
								"south": { "texture": "#iron", "uv": [ 0.0, 0.0, 0.5, 14.0 ] },
								"west": { "texture": "#iron", "uv": [ 0.0, 0.0, 1.0, 14.0 ] },
								"up": { "texture": "#iron", "uv": [ 0.0, 0.0, 0.5, 1.0 ] },
								"down": { "texture": "#iron", "uv": [ 0.0, 0.0, 0.5, 1.0 ] }
							}
						},
						{
							"name": "Cube18",
							"from": [ 1.5, 2.0, 1.0 ], 
							"to": [ 2.0, 16.0, 1.5 ], 
							"rotationOrigin": [ 1.5, 2.0, 1.0 ],
							"faces": {
								"north": { "texture": "#iron", "uv": [ 0.0, 0.0, 0.5, 14.0 ] },
								"east": { "texture": "#iron", "uv": [ 0.0, 0.0, 0.5, 14.0 ] },
								"south": { "texture": "#iron", "uv": [ 0.0, 0.0, 0.5, 14.0 ] },
								"west": { "texture": "#iron", "uv": [ 0.0, 0.0, 0.5, 14.0 ] },
								"up": { "texture": "#iron", "uv": [ 0.0, 0.0, 0.5, 0.5 ] },
								"down": { "texture": "#iron", "uv": [ 0.0, 0.0, 0.5, 0.5 ] }
							}
						},
						{
							"name": "Cube20",
							"from": [ 1.0, 2.0, 14.0 ], 
							"to": [ 1.5, 16.0, 15.0 ], 
							"rotationOrigin": [ 1.0, 2.0, 14.0 ],
							"faces": {
								"north": { "texture": "#iron", "uv": [ 0.0, 0.0, 0.5, 14.0 ] },
								"east": { "texture": "#iron", "uv": [ 0.0, 0.0, 1.0, 14.0 ] },
								"south": { "texture": "#iron", "uv": [ 0.0, 0.0, 0.5, 14.0 ] },
								"west": { "texture": "#iron", "uv": [ 0.0, 0.0, 1.0, 14.0 ] },
								"up": { "texture": "#iron", "uv": [ 0.0, 0.0, 0.5, 1.0 ] },
								"down": { "texture": "#iron", "uv": [ 0.0, 0.0, 0.5, 1.0 ] }
							}
						},
						{
							"name": "Cube21",
							"from": [ 1.5, 2.0, 14.5 ], 
							"to": [ 2.0, 16.0, 15.0 ], 
							"rotationOrigin": [ 1.5, 2.0, 14.5 ],
							"faces": {
								"north": { "texture": "#iron", "uv": [ 0.0, 0.0, 0.5, 14.0 ] },
								"east": { "texture": "#iron", "uv": [ 0.0, 0.0, 0.5, 14.0 ] },
								"south": { "texture": "#iron", "uv": [ 0.0, 0.0, 0.5, 14.0 ] },
								"west": { "texture": "#iron", "uv": [ 0.0, 0.0, 0.5, 14.0 ] },
								"up": { "texture": "#iron", "uv": [ 0.0, 0.0, 0.5, 0.5 ] },
								"down": { "texture": "#iron", "uv": [ 0.0, 0.0, 0.5, 0.5 ] }
							}
						}
					]
				},
				{
					"name": "TopPlate",
					"from": [ 1.0, 14.5, 1.0 ], 
					"to": [ 16.0, 15.5, 15.0 ], 
					"rotationOrigin": [ 1.0, 14.5, 1.0 ],
					"faces": {
						"north": { "texture": "#birch", "uv": [ 0.0, 0.0, 15.0, 1.0 ] },
						"east": {
							"texture": "#birch",
							"uv": [ 0.0, 0.0, 14.0, 1.0 ]
						},
						"south": {
							"texture": "#birch",
							"uv": [ 0.0, 0.0, 15.0, 1.0 ]
						},
						"west": {
							"texture": "#birch",
							"uv": [ 0.0, 0.0, 14.0, 1.0 ]
						},
						"up": {
							"texture": "#birch",
							"uv": [ 0.0, 0.0, 15.0, 14.0 ]
						},
						"down": {
							"texture": "#birch",
							"uv": [ 0.0, 0.0, 15.0, 14.0 ]
						}
					}
				}
			]
		},
		{
			"name": "root23",
			"from": [ 32.0, 0.0, 16.0 ], 
			"to": [ 33.0, 1.0, 17.0 ], 
			"rotationOrigin": [ 32.0, 0.0, 16.0 ],
			"rotationY": -180.0,
			"faces": {
				"north": { "texture": "#stone", "uv": [ 0.0, 0.0, 1.0, 1.0 ] },
				"east": { "texture": "#stone", "uv": [ 0.0, 0.0, 1.0, 1.0 ] },
				"south": { "texture": "#stone", "uv": [ 0.0, 0.0, 1.0, 1.0 ] },
				"west": { "texture": "#stone", "uv": [ 0.0, 0.0, 1.0, 1.0 ] },
				"up": { "texture": "#stone", "uv": [ 0.0, 0.0, 1.0, 1.0 ] },
				"down": { "texture": "#stone", "uv": [ 0.0, 0.0, 1.0, 1.0 ] }
			},
			"children": [
				{
					"name": "Cube24",
					"from": [ 0.0, 0.0, 0.0 ], 
					"to": [ 16.0, 1.0, 16.0 ], 
					"faces": {
						"north": { "texture": "#birch", "uv": [ 0.0, 0.0, 16.0, 1.0 ] },
						"east": { "texture": "#birch", "uv": [ 0.0, 0.0, 16.0, 1.0 ] },
						"south": { "texture": "#birch", "uv": [ 0.0, 0.0, 16.0, 1.0 ] },
						"west": { "texture": "#birch", "uv": [ 0.0, 0.0, 16.0, 1.0 ] },
						"up": { "texture": "#birch", "uv": [ 0.0, 0.0, 16.0, 16.0 ] },
						"down": { "texture": "#birch", "uv": [ 0.0, 0.0, 16.0, 16.0 ] }
					},
					"children": [
						{
							"name": "Cube25",
							"from": [ 0.0, 1.0, 0.0 ], 
							"to": [ 16.0, 16.0, 1.0 ], 
							"rotationOrigin": [ 0.0, 1.0, 0.0 ],
							"faces": {
								"north": { "texture": "#birch", "uv": [ 0.0, 0.0, 16.0, 15.0 ] },
								"east": { "texture": "#birch", "uv": [ 0.0, 0.0, 1.0, 15.0 ] },
								"south": { "texture": "#birch", "uv": [ 0.0, 0.0, 16.0, 15.0 ] },
								"west": { "texture": "#birch", "uv": [ 0.0, 0.0, 1.0, 15.0 ] },
								"up": { "texture": "#birch", "uv": [ 0.0, 0.0, 16.0, 1.0 ] },
								"down": { "texture": "#birch", "uv": [ 0.0, 0.0, 16.0, 1.0 ] }
							}
						},
						{
							"name": "Cube26",
							"from": [ 0.0, 1.0, 15.0 ], 
							"to": [ 16.0, 16.0, 16.0 ], 
							"rotationOrigin": [ 0.0, 1.0, 15.0 ],
							"faces": {
								"north": { "texture": "#birch", "uv": [ 0.0, 0.0, 16.0, 15.0 ] },
								"east": { "texture": "#birch", "uv": [ 0.0, 0.0, 1.0, 15.0 ] },
								"south": { "texture": "#birch", "uv": [ 0.0, 0.0, 16.0, 15.0 ] },
								"west": { "texture": "#birch", "uv": [ 0.0, 0.0, 1.0, 15.0 ] },
								"up": { "texture": "#birch", "uv": [ 0.0, 0.0, 16.0, 1.0 ] },
								"down": { "texture": "#birch", "uv": [ 0.0, 0.0, 16.0, 1.0 ] }
							}
						},
						{
							"name": "Cube27",
							"from": [ 0.0, 1.0, 1.0 ], 
							"to": [ 1.0, 16.0, 15.0 ], 
							"rotationOrigin": [ 0.0, 1.0, 1.0 ],
							"faces": {
								"north": { "texture": "#birch", "uv": [ 0.0, 0.0, 1.0, 15.0 ] },
								"east": { "texture": "#birch", "uv": [ 0.0, 0.0, 14.0, 15.0 ] },
								"south": { "texture": "#birch", "uv": [ 0.0, 0.0, 1.0, 15.0 ] },
								"west": { "texture": "#birch", "uv": [ 0.0, 0.0, 14.0, 15.0 ] },
								"up": { "texture": "#birch", "uv": [ 0.0, 0.0, 1.0, 14.0 ] },
								"down": { "texture": "#birch", "uv": [ 0.0, 0.0, 1.0, 14.0 ] }
							}
						}
					]
				},
				{
					"name": "Cube28",
					"from": [ 0.0, 0.0, 0.0 ], 
					"to": [ 0.0, 0.0, 0.0 ], 
					"faces": {
						"north": { "texture": "#iron", "uv": [ 0.0, 0.0, 0.5, 0.5 ] },
						"east": { "texture": "#iron", "uv": [ 0.0, 0.0, 0.5, 0.5 ] },
						"south": { "texture": "#iron", "uv": [ 0.0, 0.0, 0.5, 0.5 ] },
						"west": { "texture": "#iron", "uv": [ 0.0, 0.0, 0.5, 0.5 ] },
						"up": { "texture": "#iron", "uv": [ 0.0, 0.0, 0.5, 0.5 ] },
						"down": { "texture": "#iron", "uv": [ 0.0, 0.0, 0.5, 0.5 ] }
					},
					"children": [
						{
							"name": "Cube29",
							"from": [ 0.0, 14.0, -0.5 ], 
							"to": [ 16.0, 15.0, 0.0 ], 
							"rotationOrigin": [ 0.0, 14.0, -0.5 ],
							"faces": {
								"north": { "texture": "#iron", "uv": [ 0.0, 0.0, 16.0, 1.0 ] },
								"east": { "texture": "#iron", "uv": [ 0.0, 0.0, 0.5, 1.0 ] },
								"south": { "texture": "#iron", "uv": [ 0.0, 0.0, 16.0, 1.0 ] },
								"west": { "texture": "#iron", "uv": [ 0.0, 0.0, 0.5, 1.0 ] },
								"up": { "texture": "#iron", "uv": [ 0.0, 0.0, 16.0, 0.5 ] },
								"down": { "texture": "#iron", "uv": [ 0.0, 0.0, 16.0, 0.5 ] }
							}
						},
						{
							"name": "Cube30",
							"from": [ 0.0, 0.0, -0.5 ], 
							"to": [ 16.0, 1.0, 0.0 ], 
							"rotationOrigin": [ 0.0, 0.0, -0.5 ],
							"faces": {
								"north": { "texture": "#iron", "uv": [ 0.0, 0.0, 16.0, 1.0 ] },
								"east": { "texture": "#iron", "uv": [ 0.0, 0.0, 0.5, 1.0 ] },
								"south": { "texture": "#iron", "uv": [ 0.0, 0.0, 16.0, 1.0 ] },
								"west": { "texture": "#iron", "uv": [ 0.0, 0.0, 0.5, 1.0 ] },
								"up": { "texture": "#iron", "uv": [ 0.0, 0.0, 16.0, 0.5 ] },
								"down": { "texture": "#iron", "uv": [ 0.0, 0.0, 16.0, 0.5 ] }
							}
						},
						{
							"name": "Cube31",
							"from": [ 0.0, 0.0, 16.0 ], 
							"to": [ 16.0, 1.0, 16.5 ], 
							"rotationOrigin": [ 0.0, 0.0, 16.0 ],
							"faces": {
								"north": { "texture": "#iron", "uv": [ 0.0, 0.0, 16.0, 1.0 ] },
								"east": { "texture": "#iron", "uv": [ 0.0, 0.0, 0.5, 1.0 ] },
								"south": { "texture": "#iron", "uv": [ 0.0, 0.0, 16.0, 1.0 ] },
								"west": { "texture": "#iron", "uv": [ 0.0, 0.0, 0.5, 1.0 ] },
								"up": { "texture": "#iron", "uv": [ 0.0, 0.0, 16.0, 0.5 ] },
								"down": { "texture": "#iron", "uv": [ 0.0, 0.0, 16.0, 0.5 ] }
							}
						},
						{
							"name": "Cube32",
							"from": [ 0.0, 14.0, 16.0 ], 
							"to": [ 16.0, 15.0, 16.5 ], 
							"rotationOrigin": [ 0.0, 14.0, 16.0 ],
							"faces": {
								"north": { "texture": "#iron", "uv": [ 0.0, 0.0, 16.0, 1.0 ] },
								"east": { "texture": "#iron", "uv": [ 0.0, 0.0, 0.5, 1.0 ] },
								"south": { "texture": "#iron", "uv": [ 0.0, 0.0, 16.0, 1.0 ] },
								"west": { "texture": "#iron", "uv": [ 0.0, 0.0, 0.5, 1.0 ] },
								"up": { "texture": "#iron", "uv": [ 0.0, 0.0, 16.0, 0.5 ] },
								"down": { "texture": "#iron", "uv": [ 0.0, 0.0, 16.0, 0.5 ] }
							}
						},
						{
							"name": "Cube33",
							"from": [ -0.5, 0.0, -0.5 ], 
							"to": [ 0.0, 1.0, 16.5 ], 
							"rotationOrigin": [ -0.5, 0.0, -0.5 ],
							"faces": {
								"north": { "texture": "#iron", "uv": [ 0.0, 0.0, 0.5, 1.0 ] },
								"east": { "texture": "#iron", "uv": [ 0.0, 0.0, 16.0, 1.0 ], "autoUv": false },
								"south": { "texture": "#iron", "uv": [ 0.0, 0.0, 0.5, 1.0 ] },
								"west": { "texture": "#iron", "uv": [ 0.0, 0.0, 16.0, 1.0 ], "autoUv": false },
								"up": { "texture": "#iron", "uv": [ 0.0, 0.0, 1.0, 15.5 ], "autoUv": false },
								"down": { "texture": "#iron", "uv": [ 0.0, 0.0, 1.5, 15.5 ], "autoUv": false }
							}
						},
						{
							"name": "Cube34",
							"from": [ -0.5, 14.0, -0.5 ], 
							"to": [ 0.0, 15.0, 16.5 ], 
							"rotationOrigin": [ -0.5, 14.0, -0.5 ],
							"faces": {
								"north": { "texture": "#iron", "uv": [ 0.0, 0.0, 0.5, 1.0 ] },
								"east": { "texture": "#iron", "uv": [ 0.0, 0.0, 15.5, 1.5 ], "autoUv": false },
								"south": { "texture": "#iron", "uv": [ 0.0, 0.0, 0.5, 1.0 ] },
								"west": { "texture": "#iron", "uv": [ 0.0, 0.0, 16.0, 1.5 ], "autoUv": false },
								"up": { "texture": "#iron", "uv": [ 0.0, 0.0, 1.0, 15.5 ], "autoUv": false },
								"down": { "texture": "#iron", "uv": [ 0.0, 0.0, 1.0, 15.5 ], "autoUv": false }
							}
						}
					]
				},
				{
					"name": "Cube35",
					"from": [ 0.0, 0.0, 0.0 ], 
					"to": [ 0.0, 0.0, 0.0 ], 
					"faces": {
						"north": { "texture": "#iron", "uv": [ 0.0, 0.0, 0.5, 0.5 ] },
						"east": { "texture": "#iron", "uv": [ 0.0, 0.0, 0.5, 0.5 ] },
						"south": { "texture": "#iron", "uv": [ 0.0, 0.0, 0.5, 0.5 ] },
						"west": { "texture": "#iron", "uv": [ 0.0, 0.0, 0.5, 0.5 ] },
						"up": { "texture": "#iron", "uv": [ 0.0, 0.0, 0.5, 0.5 ] },
						"down": { "texture": "#iron", "uv": [ 0.0, 0.0, 0.5, 0.5 ] }
					},
					"children": [
						{
							"name": "Cube36",
							"from": [ 1.0, 1.0, 1.0 ], 
							"to": [ 16.0, 2.0, 2.0 ], 
							"rotationOrigin": [ 1.0, 1.0, 1.0 ],
							"faces": {
								"north": { "texture": "#iron", "uv": [ 0.0, 0.0, 15.0, 1.0 ] },
								"east": { "texture": "#iron", "uv": [ 0.0, 0.0, 1.0, 1.0 ] },
								"south": { "texture": "#iron", "uv": [ 0.0, 0.0, 15.0, 1.0 ] },
								"west": { "texture": "#iron", "uv": [ 0.0, 0.0, 1.0, 1.0 ] },
								"up": { "texture": "#iron", "uv": [ 0.0, 0.0, 15.0, 1.0 ] },
								"down": { "texture": "#iron", "uv": [ 0.0, 0.0, 15.0, 1.0 ] }
							}
						},
						{
							"name": "Cube37",
							"from": [ 1.0, 1.0, 14.0 ], 
							"to": [ 16.0, 2.0, 15.0 ], 
							"rotationOrigin": [ 1.0, 1.0, 14.0 ],
							"faces": {
								"north": { "texture": "#iron", "uv": [ 0.0, 0.0, 15.0, 1.0 ] },
								"east": { "texture": "#iron", "uv": [ 0.0, 0.0, 1.0, 1.0 ] },
								"south": { "texture": "#iron", "uv": [ 0.0, 0.0, 15.0, 1.0 ] },
								"west": { "texture": "#iron", "uv": [ 0.0, 0.0, 1.0, 1.0 ] },
								"up": { "texture": "#iron", "uv": [ 0.0, 0.0, 15.0, 1.0 ] },
								"down": { "texture": "#iron", "uv": [ 0.0, 0.0, 15.0, 1.0 ] }
							}
						},
						{
							"name": "Cube38",
							"from": [ 1.0, 1.0, 2.0 ], 
							"to": [ 2.0, 2.0, 14.0 ], 
							"rotationOrigin": [ 1.0, 1.0, 2.0 ],
							"faces": {
								"north": { "texture": "#iron", "uv": [ 0.0, 0.0, 1.0, 1.0 ] },
								"east": { "texture": "#iron", "uv": [ 0.0, 0.0, 12.0, 1.0 ] },
								"south": { "texture": "#iron", "uv": [ 0.0, 0.0, 1.0, 1.0 ] },
								"west": { "texture": "#iron", "uv": [ 0.0, 0.0, 12.0, 1.0 ] },
								"up": { "texture": "#iron", "uv": [ 0.0, 0.0, 1.0, 12.0 ] },
								"down": { "texture": "#iron", "uv": [ 0.0, 0.0, 1.0, 12.0 ] }
							}
						}
					]
				},
				{
					"name": "Cube39",
					"from": [ 0.0, 0.0, 0.0 ], 
					"to": [ 0.0, 0.0, 0.0 ], 
					"faces": {
						"north": { "texture": "#iron", "uv": [ 0.0, 0.0, 0.5, 0.5 ] },
						"east": { "texture": "#iron", "uv": [ 0.0, 0.0, 0.5, 0.5 ] },
						"south": { "texture": "#iron", "uv": [ 0.0, 0.0, 0.5, 0.5 ] },
						"west": { "texture": "#iron", "uv": [ 0.0, 0.0, 0.5, 0.5 ] },
						"up": { "texture": "#iron", "uv": [ 0.0, 0.0, 0.5, 0.5 ] },
						"down": { "texture": "#iron", "uv": [ 0.0, 0.0, 0.5, 0.5 ] }
					},
					"children": [
						{
							"name": "Cube40",
							"from": [ 1.0, 2.0, 1.0 ], 
							"to": [ 1.5, 16.0, 2.0 ], 
							"rotationOrigin": [ 1.0, 2.0, 1.0 ],
							"faces": {
								"north": { "texture": "#iron", "uv": [ 0.0, 0.0, 0.5, 14.0 ] },
								"east": { "texture": "#iron", "uv": [ 0.0, 0.0, 1.0, 14.0 ] },
								"south": { "texture": "#iron", "uv": [ 0.0, 0.0, 0.5, 14.0 ] },
								"west": { "texture": "#iron", "uv": [ 0.0, 0.0, 1.0, 14.0 ] },
								"up": { "texture": "#iron", "uv": [ 0.0, 0.0, 0.5, 1.0 ] },
								"down": { "texture": "#iron", "uv": [ 0.0, 0.0, 0.5, 1.0 ] }
							}
						},
						{
							"name": "Cube41",
							"from": [ 1.5, 2.0, 1.0 ], 
							"to": [ 2.0, 16.0, 1.5 ], 
							"rotationOrigin": [ 1.5, 2.0, 1.0 ],
							"faces": {
								"north": { "texture": "#iron", "uv": [ 0.0, 0.0, 0.5, 14.0 ] },
								"east": { "texture": "#iron", "uv": [ 0.0, 0.0, 0.5, 14.0 ] },
								"south": { "texture": "#iron", "uv": [ 0.0, 0.0, 0.5, 14.0 ] },
								"west": { "texture": "#iron", "uv": [ 0.0, 0.0, 0.5, 14.0 ] },
								"up": { "texture": "#iron", "uv": [ 0.0, 0.0, 0.5, 0.5 ] },
								"down": { "texture": "#iron", "uv": [ 0.0, 0.0, 0.5, 0.5 ] }
							}
						},
						{
							"name": "Cube42",
							"from": [ 1.0, 2.0, 14.0 ], 
							"to": [ 1.5, 16.0, 15.0 ], 
							"rotationOrigin": [ 1.0, 2.0, 14.0 ],
							"faces": {
								"north": { "texture": "#iron", "uv": [ 0.0, 0.0, 0.5, 14.0 ] },
								"east": { "texture": "#iron", "uv": [ 0.0, 0.0, 1.0, 14.0 ] },
								"south": { "texture": "#iron", "uv": [ 0.0, 0.0, 0.5, 14.0 ] },
								"west": { "texture": "#iron", "uv": [ 0.0, 0.0, 1.0, 14.0 ] },
								"up": { "texture": "#iron", "uv": [ 0.0, 0.0, 0.5, 1.0 ] },
								"down": { "texture": "#iron", "uv": [ 0.0, 0.0, 0.5, 1.0 ] }
							}
						},
						{
							"name": "Cube43",
							"from": [ 1.5, 2.0, 14.5 ], 
							"to": [ 2.0, 16.0, 15.0 ], 
							"rotationOrigin": [ 1.5, 2.0, 14.5 ],
							"faces": {
								"north": { "texture": "#iron", "uv": [ 0.0, 0.0, 0.5, 14.0 ] },
								"east": { "texture": "#iron", "uv": [ 0.0, 0.0, 0.5, 14.0 ] },
								"south": { "texture": "#iron", "uv": [ 0.0, 0.0, 0.5, 14.0 ] },
								"west": { "texture": "#iron", "uv": [ 0.0, 0.0, 0.5, 14.0 ] },
								"up": { "texture": "#iron", "uv": [ 0.0, 0.0, 0.5, 0.5 ] },
								"down": { "texture": "#iron", "uv": [ 0.0, 0.0, 0.5, 0.5 ] }
							}
						}
					]
				},
				{
					"name": "TopPlate44",
					"from": [ 1.0, 14.5, 1.0 ], 
					"to": [ 16.0, 15.5, 15.0 ], 
					"rotationOrigin": [ 1.0, 14.5, 1.0 ],
					"faces": {
						"north": {
							"texture": "#birch",
							"uv": [ 0.0, 0.0, 15.0, 1.0 ]
						},
						"east": {
							"texture": "#birch",
							"uv": [ 0.0, 0.0, 14.0, 1.0 ]
						},
						"south": {
							"texture": "#birch",
							"uv": [ 0.0, 0.0, 15.0, 1.0 ]
						},
						"west": {
							"texture": "#birch",
							"uv": [ 0.0, 0.0, 14.0, 1.0 ]
						},
						"up": {
							"texture": "#birch",
							"uv": [ 0.0, 0.0, 15.0, 14.0 ]
						},
						"down": {
							"texture": "#birch",
							"uv": [ 0.0, 0.0, 15.0, 14.0 ]
						}
					}
				}
			]
		}
	]}