{
	"editor": {
		"allAngles": false,
		"entityTextureMode": false
	},
	"textureWidth": 16,
	"textureHeight": 16,
	"textureSizes": {
	},
	"textures": {
		"stone": "game:block/stone/rock/andesite1",
		"sand": "game:block/stone/sand/andesite",
		"gravel": "game:block/stone/gravel/andesite",


		"birch": "game:block/wood/debarked/birch",
		"iron": "game:block/metal/plate/iron"
	},
	"elements": [
		{
			"name": "Cube1",
			"from": [ 0.0, 0.0, 0.0 ], 
			"to": [ 16.0, 1.0, 16.0 ], 
			"faces": {
				"north": { "texture": "#birch", "uv": [ 0.0, 0.0, 16.0, 1.0 ] },
				"east": { "texture": "#birch", "uv": [ 0.0, 0.0, 16.0, 1.0 ] },
				"south": { "texture": "#birch", "uv": [ 0.0, 0.0, 16.0, 1.0 ] },
				"west": { "texture": "#birch", "uv": [ 0.0, 0.0, 16.0, 1.0 ] },
				"up": { "texture": "#birch", "uv": [ 0.0, 0.0, 16.0, 16.0 ] },
				"down": { "texture": "#birch", "uv": [ 0.0, 0.0, 16.0, 16.0 ] }
			},
			"children": [
				{
					"name": "Cube2",
					"from": [ 0.0, 1.0, 0.0 ], 
					"to": [ 16.0, 16.0, 1.0 ], 
					"rotationOrigin": [ 0.0, 1.0, 0.0 ],
					"faces": {
						"north": { "texture": "#birch", "uv": [ 0.0, 0.0, 16.0, 15.0 ] },
						"east": { "texture": "#birch", "uv": [ 0.0, 0.0, 1.0, 15.0 ] },
						"south": { "texture": "#birch", "uv": [ 0.0, 0.0, 16.0, 15.0 ] },
						"west": { "texture": "#birch", "uv": [ 0.0, 0.0, 1.0, 15.0 ] },
						"up": { "texture": "#birch", "uv": [ 0.0, 0.0, 16.0, 1.0 ] },
						"down": { "texture": "#birch", "uv": [ 0.0, 0.0, 16.0, 1.0 ] }
					}
				},
				{
					"name": "Cube4",
					"from": [ 0.0, 1.0, 15.0 ], 
					"to": [ 16.0, 16.0, 16.0 ], 
					"rotationOrigin": [ 0.0, 1.0, 15.0 ],
					"faces": {
						"north": { "texture": "#birch", "uv": [ 0.0, 0.0, 16.0, 15.0 ] },
						"east": { "texture": "#birch", "uv": [ 0.0, 0.0, 1.0, 15.0 ] },
						"south": { "texture": "#birch", "uv": [ 0.0, 0.0, 16.0, 15.0 ] },
						"west": { "texture": "#birch", "uv": [ 0.0, 0.0, 1.0, 15.0 ] },
						"up": { "texture": "#birch", "uv": [ 0.0, 0.0, 16.0, 1.0 ] },
						"down": { "texture": "#birch", "uv": [ 0.0, 0.0, 16.0, 1.0 ] }
					}
				},
				{
					"name": "Cube3",
					"from": [ 0.0, 1.0, 1.0 ], 
					"to": [ 1.0, 16.0, 15.0 ], 
					"rotationOrigin": [ 0.0, 1.0, 1.0 ],
					"faces": {
						"north": { "texture": "#birch", "uv": [ 0.0, 0.0, 1.0, 15.0 ] },
						"east": { "texture": "#birch", "uv": [ 0.0, 0.0, 14.0, 15.0 ] },
						"south": { "texture": "#birch", "uv": [ 0.0, 0.0, 1.0, 15.0 ] },
						"west": { "texture": "#birch", "uv": [ 0.0, 0.0, 14.0, 15.0 ] },
						"up": { "texture": "#birch", "uv": [ 0.0, 0.0, 1.0, 14.0 ] },
						"down": { "texture": "#birch", "uv": [ 0.0, 0.0, 1.0, 14.0 ] }
					}
				}
			]
		},
		{
			"name": "Cube9",
			"from": [ 0.0, 0.0, 0.0 ],
			"to": [ 0.0, 0.0, 0.0 ],
			"faces": {
				"north": {
					"texture": "#iron",
					"uv": [ 0.0, 0.0, 0.5, 0.5 ]
				},
				"east": {
					"texture": "#iron",
					"uv": [ 0.0, 0.0, 0.5, 0.5 ]
				},
				"south": {
					"texture": "#iron",
					"uv": [ 0.0, 0.0, 0.5, 0.5 ]
				},
				"west": {
					"texture": "#iron",
					"uv": [ 0.0, 0.0, 0.5, 0.5 ]
				},
				"up": {
					"texture": "#iron",
					"uv": [ 0.0, 0.0, 0.5, 0.5 ]
				},
				"down": {
					"texture": "#iron",
					"uv": [ 0.0, 0.0, 0.5, 0.5 ]
				}
			},
			"children": [
				{
					"name": "Cube5",
					"from": [ 0.0, 14.0, -0.5 ],
					"to": [ 16.0, 15.0, 0.0 ],
					"rotationOrigin": [ 0.0, 14.0, -0.5 ],
					"faces": {
						"north": {
							"texture": "#iron",
							"uv": [ 0.0, 0.0, 16.0, 1.0 ]
						},
						"east": {
							"texture": "#iron",
							"uv": [ 0.0, 0.0, 0.5, 1.0 ]
						},
						"south": {
							"texture": "#iron",
							"uv": [ 0.0, 0.0, 16.0, 1.0 ]
						},
						"west": {
							"texture": "#iron",
							"uv": [ 0.0, 0.0, 0.5, 1.0 ]
						},
						"up": {
							"texture": "#iron",
							"uv": [ 0.0, 0.0, 16.0, 0.5 ]
						},
						"down": {
							"texture": "#iron",
							"uv": [ 0.0, 0.0, 16.0, 0.5 ]
						}
					}
				},
				{
					"name": "Cube6",
					"from": [ 0.0, 0.0, -0.5 ],
					"to": [ 16.0, 1.0, 0.0 ],
					"rotationOrigin": [ 0.0, 0.0, -0.5 ],
					"faces": {
						"north": {
							"texture": "#iron",
							"uv": [ 0.0, 0.0, 16.0, 1.0 ]
						},
						"east": {
							"texture": "#iron",
							"uv": [ 0.0, 0.0, 0.5, 1.0 ]
						},
						"south": {
							"texture": "#iron",
							"uv": [ 0.0, 0.0, 16.0, 1.0 ]
						},
						"west": {
							"texture": "#iron",
							"uv": [ 0.0, 0.0, 0.5, 1.0 ]
						},
						"up": {
							"texture": "#iron",
							"uv": [ 0.0, 0.0, 16.0, 0.5 ]
						},
						"down": {
							"texture": "#iron",
							"uv": [ 0.0, 0.0, 16.0, 0.5 ]
						}
					}
				},
				{
					"name": "Cube7",
					"from": [ 0.0, 0.0, 16.0 ],
					"to": [ 16.0, 1.0, 16.5 ],
					"rotationOrigin": [ 0.0, 0.0, 16.0 ],
					"faces": {
						"north": {
							"texture": "#iron",
							"uv": [ 0.0, 0.0, 16.0, 1.0 ]
						},
						"east": {
							"texture": "#iron",
							"uv": [ 0.0, 0.0, 0.5, 1.0 ]
						},
						"south": {
							"texture": "#iron",
							"uv": [ 0.0, 0.0, 16.0, 1.0 ]
						},
						"west": {
							"texture": "#iron",
							"uv": [ 0.0, 0.0, 0.5, 1.0 ]
						},
						"up": {
							"texture": "#iron",
							"uv": [ 0.0, 0.0, 16.0, 0.5 ]
						},
						"down": {
							"texture": "#iron",
							"uv": [ 0.0, 0.0, 16.0, 0.5 ]
						}
					}
				},
				{
					"name": "Cube8",
					"from": [ 0.0, 14.0, 16.0 ],
					"to": [ 16.0, 15.0, 16.5 ],
					"rotationOrigin": [ 0.0, 14.0, 16.0 ],
					"faces": {
						"north": {
							"texture": "#iron",
							"uv": [ 0.0, 0.0, 16.0, 1.0 ]
						},
						"east": {
							"texture": "#iron",
							"uv": [ 0.0, 0.0, 0.5, 1.0 ]
						},
						"south": {
							"texture": "#iron",
							"uv": [ 0.0, 0.0, 16.0, 1.0 ]
						},
						"west": {
							"texture": "#iron",
							"uv": [ 0.0, 0.0, 0.5, 1.0 ]
						},
						"up": {
							"texture": "#iron",
							"uv": [ 0.0, 0.0, 16.0, 0.5 ]
						},
						"down": {
							"texture": "#iron",
							"uv": [ 0.0, 0.0, 16.0, 0.5 ]
						}
					}
				},
				{
					"name": "Cube10",
					"from": [ -0.5, 0.0, -0.5 ],
					"to": [ 0.0, 1.0, 16.5 ],
					"rotationOrigin": [ -0.5, 0.0, -0.5 ],
					"faces": {
						"north": {
							"texture": "#iron",
							"uv": [ 0.0, 0.0, 0.5, 1.0 ]
						},
						"east": {
							"texture": "#iron",
							"uv": [ 0.0, 0.0, 16.0, 1.0 ],
							"autoUv": false
						},
						"south": {
							"texture": "#iron",
							"uv": [ 0.0, 0.0, 0.5, 1.0 ]
						},
						"west": {
							"texture": "#iron",
							"uv": [ 0.0, 0.0, 16.0, 1.0 ],
							"autoUv": false
						},
						"up": {
							"texture": "#iron",
							"uv": [ 0.0, 0.0, 1.0, 15.5 ],
							"autoUv": false
						},
						"down": {
							"texture": "#iron",
							"uv": [ 0.0, 0.0, 1.5, 15.5 ],
							"autoUv": false
						}
					}
				},
				{
					"name": "Cube11",
					"from": [ -0.5, 14.0, -0.5 ],
					"to": [ 0.0, 15.0, 16.5 ],
					"rotationOrigin": [ -0.5, 14.0, -0.5 ],
					"faces": {
						"north": {
							"texture": "#iron",
							"uv": [ 0.0, 0.0, 0.5, 1.0 ]
						},
						"east": {
							"texture": "#iron",
							"uv": [ 0.0, 0.0, 15.5, 1.5 ],
							"autoUv": false
						},
						"south": {
							"texture": "#iron",
							"uv": [ 0.0, 0.0, 0.5, 1.0 ]
						},
						"west": {
							"texture": "#iron",
							"uv": [ 0.0, 0.0, 16.0, 1.5 ],
							"autoUv": false
						},
						"up": {
							"texture": "#iron",
							"uv": [ 0.0, 0.0, 1.0, 15.5 ],
							"autoUv": false
						},
						"down": {
							"texture": "#iron",
							"uv": [ 0.0, 0.0, 1.0, 15.5 ],
							"autoUv": false
						}
					}
				}
			]
		},
		{
			"name": "Cube12",
			"from": [ 0.0, 0.0, 0.0 ], 
			"to": [ 0.0, 0.0, 0.0 ], 
			"faces": {
				"north": { "texture": "#iron", "uv": [ 0.0, 0.0, 0.5, 0.5 ] },
				"east": { "texture": "#iron", "uv": [ 0.0, 0.0, 0.5, 0.5 ] },
				"south": { "texture": "#iron", "uv": [ 0.0, 0.0, 0.5, 0.5 ] },
				"west": { "texture": "#iron", "uv": [ 0.0, 0.0, 0.5, 0.5 ] },
				"up": { "texture": "#iron", "uv": [ 0.0, 0.0, 0.5, 0.5 ] },
				"down": { "texture": "#iron", "uv": [ 0.0, 0.0, 0.5, 0.5 ] }
			},
			"children": [
				{
					"name": "Cube13",
					"from": [ 1.0, 1.0, 1.0 ], 
					"to": [ 16.0, 2.0, 2.0 ], 
					"rotationOrigin": [ 1.0, 1.0, 1.0 ],
					"faces": {
						"north": { "texture": "#iron", "uv": [ 0.0, 0.0, 15.0, 1.0 ] },
						"east": { "texture": "#iron", "uv": [ 0.0, 0.0, 1.0, 1.0 ] },
						"south": { "texture": "#iron", "uv": [ 0.0, 0.0, 15.0, 1.0 ] },
						"west": { "texture": "#iron", "uv": [ 0.0, 0.0, 1.0, 1.0 ] },
						"up": { "texture": "#iron", "uv": [ 0.0, 0.0, 15.0, 1.0 ] },
						"down": { "texture": "#iron", "uv": [ 0.0, 0.0, 15.0, 1.0 ] }
					}
				},
				{
					"name": "Cube14",
					"from": [ 1.0, 1.0, 14.0 ], 
					"to": [ 16.0, 2.0, 15.0 ], 
					"rotationOrigin": [ 1.0, 1.0, 14.0 ],
					"faces": {
						"north": { "texture": "#iron", "uv": [ 0.0, 0.0, 15.0, 1.0 ] },
						"east": { "texture": "#iron", "uv": [ 0.0, 0.0, 1.0, 1.0 ] },
						"south": { "texture": "#iron", "uv": [ 0.0, 0.0, 15.0, 1.0 ] },
						"west": { "texture": "#iron", "uv": [ 0.0, 0.0, 1.0, 1.0 ] },
						"up": { "texture": "#iron", "uv": [ 0.0, 0.0, 15.0, 1.0 ] },
						"down": { "texture": "#iron", "uv": [ 0.0, 0.0, 15.0, 1.0 ] }
					}
				},
				{
					"name": "Cube15",
					"from": [ 1.0, 1.0, 2.0 ], 
					"to": [ 2.0, 2.0, 14.0 ], 
					"rotationOrigin": [ 1.0, 1.0, 2.0 ],
					"faces": {
						"north": { "texture": "#iron", "uv": [ 0.0, 0.0, 1.0, 1.0 ] },
						"east": { "texture": "#iron", "uv": [ 0.0, 0.0, 12.0, 1.0 ] },
						"south": { "texture": "#iron", "uv": [ 0.0, 0.0, 1.0, 1.0 ] },
						"west": { "texture": "#iron", "uv": [ 0.0, 0.0, 12.0, 1.0 ] },
						"up": { "texture": "#iron", "uv": [ 0.0, 0.0, 1.0, 12.0 ] },
						"down": { "texture": "#iron", "uv": [ 0.0, 0.0, 1.0, 12.0 ] }
					}
				}
			]
		},
		{
			"name": "Cube16",
			"from": [ 0.0, 0.0, 0.0 ], 
			"to": [ 0.0, 0.0, 0.0 ], 
			"faces": {
				"north": { "texture": "#iron", "uv": [ 0.0, 0.0, 0.5, 0.5 ] },
				"east": { "texture": "#iron", "uv": [ 0.0, 0.0, 0.5, 0.5 ] },
				"south": { "texture": "#iron", "uv": [ 0.0, 0.0, 0.5, 0.5 ] },
				"west": { "texture": "#iron", "uv": [ 0.0, 0.0, 0.5, 0.5 ] },
				"up": { "texture": "#iron", "uv": [ 0.0, 0.0, 0.5, 0.5 ] },
				"down": { "texture": "#iron", "uv": [ 0.0, 0.0, 0.5, 0.5 ] }
			},
			"children": [
				{
					"name": "Cube17",
					"from": [ 1.0, 2.0, 1.0 ], 
					"to": [ 1.5, 16.0, 2.0 ], 
					"rotationOrigin": [ 1.0, 2.0, 1.0 ],
					"faces": {
						"north": { "texture": "#iron", "uv": [ 0.0, 0.0, 0.5, 14.0 ] },
						"east": { "texture": "#iron", "uv": [ 0.0, 0.0, 1.0, 14.0 ] },
						"south": { "texture": "#iron", "uv": [ 0.0, 0.0, 0.5, 14.0 ] },
						"west": { "texture": "#iron", "uv": [ 0.0, 0.0, 1.0, 14.0 ] },
						"up": { "texture": "#iron", "uv": [ 0.0, 0.0, 0.5, 1.0 ] },
						"down": { "texture": "#iron", "uv": [ 0.0, 0.0, 0.5, 1.0 ] }
					}
				},
				{
					"name": "Cube18",
					"from": [ 1.5, 2.0, 1.0 ], 
					"to": [ 2.0, 16.0, 1.5 ], 
					"rotationOrigin": [ 1.5, 2.0, 1.0 ],
					"faces": {
						"north": { "texture": "#iron", "uv": [ 0.0, 0.0, 0.5, 14.0 ] },
						"east": { "texture": "#iron", "uv": [ 0.0, 0.0, 0.5, 14.0 ] },
						"south": { "texture": "#iron", "uv": [ 0.0, 0.0, 0.5, 14.0 ] },
						"west": { "texture": "#iron", "uv": [ 0.0, 0.0, 0.5, 14.0 ] },
						"up": { "texture": "#iron", "uv": [ 0.0, 0.0, 0.5, 0.5 ] },
						"down": { "texture": "#iron", "uv": [ 0.0, 0.0, 0.5, 0.5 ] }
					}
				},
				{
					"name": "Cube20",
					"from": [ 1.0, 2.0, 14.0 ], 
					"to": [ 1.5, 16.0, 15.0 ], 
					"rotationOrigin": [ 1.0, 2.0, 14.0 ],
					"faces": {
						"north": { "texture": "#iron", "uv": [ 0.0, 0.0, 0.5, 14.0 ] },
						"east": { "texture": "#iron", "uv": [ 0.0, 0.0, 1.0, 14.0 ] },
						"south": { "texture": "#iron", "uv": [ 0.0, 0.0, 0.5, 14.0 ] },
						"west": { "texture": "#iron", "uv": [ 0.0, 0.0, 1.0, 14.0 ] },
						"up": { "texture": "#iron", "uv": [ 0.0, 0.0, 0.5, 1.0 ] },
						"down": { "texture": "#iron", "uv": [ 0.0, 0.0, 0.5, 1.0 ] }
					}
				},
				{
					"name": "Cube21",
					"from": [ 1.5, 2.0, 14.5 ], 
					"to": [ 2.0, 16.0, 15.0 ], 
					"rotationOrigin": [ 1.5, 2.0, 14.5 ],
					"faces": {
						"north": { "texture": "#iron", "uv": [ 0.0, 0.0, 0.5, 14.0 ] },
						"east": { "texture": "#iron", "uv": [ 0.0, 0.0, 0.5, 14.0 ] },
						"south": { "texture": "#iron", "uv": [ 0.0, 0.0, 0.5, 14.0 ] },
						"west": { "texture": "#iron", "uv": [ 0.0, 0.0, 0.5, 14.0 ] },
						"up": { "texture": "#iron", "uv": [ 0.0, 0.0, 0.5, 0.5 ] },
						"down": { "texture": "#iron", "uv": [ 0.0, 0.0, 0.5, 0.5 ] }
					}
				}
			]
		},
		{
			"name": "Cube22",
			"from": [ 1.0, 12.0, 1.0 ],
			"to": [ 16.0, 13.0, 15.0 ],
			"rotationOrigin": [ 1.0, 12.0, 1.0 ],
			"faces": {
				"north": {
					"texture": "#sand",
					"uv": [ 0.0, 0.0, 15.0, 1.0 ]
				},
				"east": {
					"texture": "#sand",
					"uv": [ 0.0, 0.0, 14.0, 1.0 ]
				},
				"south": {
					"texture": "#sand",
					"uv": [ 0.0, 0.0, 15.0, 1.0 ]
				},
				"west": {
					"texture": "#sand",
					"uv": [ 0.0, 0.0, 14.0, 1.0 ]
				},
				"up": {
					"texture": "#sand",
					"uv": [ 0.0, 0.0, 15.0, 14.0 ]
				},
				"down": {
					"texture": "#sand",
					"uv": [ 0.0, 0.0, 15.0, 14.0 ]
				}
			}
		},
		{
			"name": "Buttons",
			"from": [ 0.0, 0.0, 0.0 ],
			"to": [ 0.0, 0.0, 0.0 ],
			"faces": {
				"north": {
					"texture": "#birch",
					"uv": [ 0.0, 0.0, 0.5, 0.5 ]
				},
				"east": {
					"texture": "#birch",
					"uv": [ 0.0, 0.0, 0.5, 0.5 ]
				},
				"south": {
					"texture": "#birch",
					"uv": [ 0.0, 0.0, 0.5, 0.5 ]
				},
				"west": {
					"texture": "#birch",
					"uv": [ 0.0, 0.0, 0.5, 0.5 ]
				},
				"up": {
					"texture": "#birch",
					"uv": [ 0.0, 0.0, 0.5, 0.5 ]
				},
				"down": {
					"texture": "#birch",
					"uv": [ 0.0, 0.0, 0.5, 0.5 ]
				}
			},
			"children": [
				{
					"name": "Gravel",
					"from": [ 4.0, 11.0, 16.0 ],
					"to": [ 6.0, 13.0, 16.5 ],
					"rotationOrigin": [ 4.0, 11.0, 16.0 ],
					"faces": {
						"north": {
							"texture": "#gravel",
							"uv": [ 0.0, 0.0, 16.0, 16.0 ],
							"autoUv": false
						},
						"east": {
							"texture": "#gravel",
							"uv": [ 0.0, 0.0, 8.0, 16.0 ],
							"autoUv": false
						},
						"south": {
							"texture": "#gravel",
							"uv": [ 0.0, 0.0, 16.0, 16.0 ],
							"autoUv": false
						},
						"west": {
							"texture": "#gravel",
							"uv": [ 0.0, 0.0, 8.0, 16.0 ],
							"autoUv": false
						},
						"up": {
							"texture": "#gravel",
							"uv": [ 0.0, 0.0, 16.0, 8.0 ],
							"autoUv": false
						},
						"down": {
							"texture": "#gravel",
							"uv": [ 0.0, 0.0, 16.0, 8.0 ],
							"autoUv": false
						}
					}
				},
				{
					"name": "Stone",
					"from": [ 7.0, 11.0, 16.0 ],
					"to": [ 9.0, 13.0, 16.5 ],
					"rotationOrigin": [ 7.0, 11.0, 16.0 ],
					"faces": {
						"north": {
							"texture": "#stone",
							"uv": [ 0.0, 0.0, 16.0, 16.0 ],
							"autoUv": false
						},
						"east": {
							"texture": "#stone",
							"uv": [ 0.0, 0.0, 8.0, 16.0 ],
							"autoUv": false
						},
						"south": {
							"texture": "#stone",
							"uv": [ 0.0, 0.0, 16.0, 16.0 ],
							"autoUv": false
						},
						"west": {
							"texture": "#stone",
							"uv": [ 0.0, 0.0, 8.0, 16.0 ],
							"autoUv": false
						},
						"up": {
							"texture": "#stone",
							"uv": [ 0.0, 0.0, 16.0, 8.0 ],
							"autoUv": false
						},
						"down": {
							"texture": "#stone",
							"uv": [ 0.0, 0.0, 16.0, 8.0 ],
							"autoUv": false
						}
					}
				},
				{
					"name": "Sand",
					"from": [ 1.0, 11.0, 16.0 ],
					"to": [ 3.0, 13.0, 16.5 ],
					"rotationOrigin": [ 1.0, 11.0, 16.0 ],
					"faces": {
						"north": {
							"texture": "#sand",
							"uv": [ 0.0, 0.0, 16.0, 16.0 ],
							"autoUv": false
						},
						"east": {
							"texture": "#sand",
							"uv": [ 0.0, 0.0, 8.0, 16.0 ],
							"autoUv": false
						},
						"south": {
							"texture": "#sand",
							"uv": [ 0.0, 0.0, 16.0, 16.0 ],
							"autoUv": false
						},
						"west": {
							"texture": "#sand",
							"uv": [ 0.0, 0.0, 8.0, 16.0 ],
							"autoUv": false
						},
						"up": {
							"texture": "#sand",
							"uv": [ 0.0, 0.0, 16.0, 8.0 ],
							"autoUv": false
						},
						"down": {
							"texture": "#sand",
							"uv": [ 0.0, 0.0, 16.0, 8.0 ],
							"autoUv": false
						}
					}
				}
			]
		}

	]}