{
    "code": "horse-female",
    "class": "EntityMount",
    "hitboxSize": {
        "x": 1.4,
        "y": 1.9
    },
    "deadHitboxSize": {
        "x": 1.9,
        "y": 0.8
    },
    "eyeHeight": 1.8,
    "drops": [],
    "attributes": {
        "riderIdleAnimation": "rideidle",
        "mountHeight": 1,
        "mountRunningSpeed": 0.09,
        "mountWalkingSpeed": 0.02,
        "mountAnimations": {
            "walk": {
                "code": "idle",
                "animation": "idle",
                "blendMode": "Average",
                "mulWithWalkSpeed": true,
                "animationSpeed": 1.1
            },
            "sprint": {
                "code": "idle",
                "animation": "idle",
                "blendMode": "Average",
                "mulWithWalkSpeed": true,
                "animationSpeed": 3.3
            },
            "backward": {
                "code": "idle",
                "animation": "idle",
                "blendMode": "Average",
                "mulWithWalkSpeed": true,
                "animationSpeed": 0.6
            }
        }
    },
    "client": {
        "renderer": "Shape",
        "shape": {
            "base": "entity/land/horse"
        },
        "texture": {
            "base": "entity/horse/horse3",
            "alternates": [ { "base": "entity/horse/horse1" }, { "base": "entity/horse/horse2" },
                            { "base": "entity/horse/horse4" }, { "base": "entity/horse/horse5" },
                            { "base": "entity/horse/horse6" }, { "base": "entity/horse/horse7" },
                            { "base": "entity/horse/horse8" }, { "base": "entity/horse/horse9" },
							{ "base": "entity/horse/horse10" }, { "base": "entity/horse/horse11" },
							{ "base": "entity/horse/horse12" }, { "base": "entity/horse/horse13" },
                            { "base": "entity/horse/horse14" }, { "base": "entity/horse/horse15" },
							{ "base": "entity/horse/horse16" }, { "base": "entity/horse/horse17" },
                            { "base": "entity/horse/horse18" }, { "base": "entity/horse/horse19" },
							{ "base": "entity/horse/horse20" }
                          ]
        },
        "behaviors": [
            { "code": "nametag" },
            { "code": "multiply" },
            { "code": "receivecommand",
                "availableCommands": [
                    {
                        "commandName": "followmaster",
                        "commandType": "COMPLEX",
                        "minObedience": 0.6
                    },
                    {
                        "commandName": "stay",
                        "commandType": "COMPLEX",
                        "minObedience": 0.1
                    }
                ]
            },
            { "code": "tameable",
                "treat": [
                    { "code": "vegetable-carrot", "progress": 0.075, "cooldown": 0.6 },
					{ "code": "carrotbundle", "progress": 0.125, "cooldown": 0.75 },
					{ "code": "drygrass", "progress": 0.05, "cooldown": 0.5 },
					{ "code": "fruit-pinkapple", "progress": 0.25, "cooldown": 1 },
					{ "code": "fruit-redapple", "progress": 0.25, "cooldown": 1 },
					{ "code": "fruit-yellowapple", "progress": 0.25, "cooldown": 1 },
					{ "code": "grain-flax", "progress": 0.2, "cooldown": 0.8 },
					{ "code": "grain-rye", "progress": 0.2, "cooldown": 0.8 },
					{ "code": "grain-spelt", "progress": 0.2, "cooldown": 0.8 }
                ]
            },
            { "code": "mouthinventory",
                "acceptStacks": [
                    { "type": "item", "code": "vegetable-carrot" },
					{ "type": "item", "code": "feverstonehorses:carrotbundle" },
					{ "type": "item", "code": "drygrass" },
					{ "type": "item", "code": "fruit-pinkapple" },
					{ "type": "item", "code": "fruit-redapple" },
					{ "type": "item", "code": "fruit-yellowapple" },
                    { "type": "item", "code": "grain-flax" },
                    { "type": "item", "code": "grain-rye" },
                    { "type": "item", "code": "grain-spelt" }
				]
            },
            { "code": "repulseagents" },
			{ "code": "harvestable" },
            { "code": "controlledphysics", "stepHeight": 1.5 },
            { "code": "floatupwhenstuck", "onlyWhenDead": true },
            { "code": "interpolatemount"  },
            { "code": "despawn", "minPlayerDistance": 8, "belowLightLevel": 8, "minSeconds": 300 },
            { "code": "ropetieable", "minGeneration": 2 }
        ],
        "animations": [
            {
                "code": "idle",
                "animation": "idle",
                "blendMode": "AddAverage",
                "easeOutSpeed": 3,
                "triggeredBy": { "defaultAnim": true },
                "animationSpeed": 0.5
            },
            {
                "code": "die",
                "animation": "dead",
                "easeInSpeed": 2,
                "weight": 10,
                "blendMode": "Average",
                "triggeredBy": { "onControls": [ "dead" ] }
            },
            {
                "code": "walk",
                "animation": "walk",
                "blendMode": "average",
                "mulWithWalkSpeed": true,
                "animationSpeed": 0.8,
				"triggeredBy": {"onControls": ["Move"], "matchExact": true }
            },
            {
                "code": "run",
                "animation": "run",
                "blendMode": "average",
                "mulWithWalkSpeed": true,
                "animationSpeed": 1.1,
				"triggeredBy": {"onControls": ["Move", "SprintMode"], "matchExact": true }
            },
			{
				"code": "jump",
				"animation": "jump",
				"blendMode": "average",
				"easeInSpeed": 3,
				"easeOutSpeed": 3,
				"triggeredBy": { "onControls": ["Jump"], "matchExact": true }
			}
        ]
    },
    "server": {
        "attributes": {
            "pathfinder": {
                "minTurnAnglePerSec": 95,
                "maxTurnAnglePerSec": 145
            }
        },
        "behaviors": [
            { "code": "nametag" },
            { "code": "tameable",
                "disobediencePerDay": 0.1,
                "treat": [
                    { "code": "vegetable-carrot", "progress": 0.075, "cooldown": 0.6 },
					{ "code": "carrotbundle", "progress": 0.125, "cooldown": 0.75 },
					{ "code": "drygrass", "progress": 0.05, "cooldown": 0.5 },
					{ "code": "fruit-pinkapple", "progress": 0.25, "cooldown": 1 },
					{ "code": "fruit-redapple", "progress": 0.25, "cooldown": 1 },
					{ "code": "fruit-yellowapple", "progress": 0.25, "cooldown": 1 },
					{ "code": "grain-flax", "progress": 0.2, "cooldown": 0.8 },
					{ "code": "grain-rye", "progress": 0.2, "cooldown": 0.8 },
					{ "code": "grain-spelt", "progress": 0.2, "cooldown": 0.8 }
                ]
            },
            { "code": "mouthinventory",
                "acceptStacks": [
                    { "type": "item", "code": "vegetable-carrot" },
					{ "type": "item", "code": "feverstonehorses:carrotbundle" },
					{ "type": "item", "code": "drygrass" },
					{ "type": "item", "code": "fruit-pinkapple" },
					{ "type": "item", "code": "fruit-redapple" },
					{ "type": "item", "code": "fruit-yellowapple" },
                    { "type": "item", "code": "grain-flax" },
                    { "type": "item", "code": "grain-rye" },
                    { "type": "item", "code": "grain-spelt" }
				]
            },
            { "code": "receivecommand",
                "availableCommands": [
                    {
                        "commandName": "followmaster",
                        "commandType": "COMPLEX",
                        "minObedience": 0.6
                    },
                    {
                        "commandName": "stay",
                        "commandType": "COMPLEX",
                        "minObedience": 0.1
                    }
                ]
            },
            {
                "code": "multiply",
                "spawnEntityCode": "feverstonehorses:horse-foal",
                "requiresNearbyEntityCode": "feverstonehorses:horse-male",
                "requiresNearbyEntityRange": 10,
                "spawnQuantityMin": 1,
                "spawnQuantityMax": 1,
                "pregnancyDays": 14,
                "multiplyCooldownDaysMin": 7,
                "multiplyCooldownDaysMax": 14,
                "portionsEatenForMultiply": 12
            },
            { "code": "repulseagents" },
            { "code": "controlledphysics", "stepHeight": 1.1251 },
            {
                "code": "despawn",
                "minPlayerDistance": 8,
                "belowLightLevel": 8,
                "minSeconds": 300
            },
            { "code": "health", "currenthealth": 25, "maxhealth": 25 },
            { "code": "deaddecay", "hoursToDecay": 96, "decayedBlock": "carcass-medium" },
            { "code": "floatupwhenstuck", "onlyWhenDead": true },
            { "code": "harvestable",
                "drops": [
                    { "type": "item", "code": "redmeat-raw",
                        "quantity": {
                            "avg": 13,
                            "var": 4
                        }
                    },
                    { "type": "item", "code": "hide-raw-large",
                        "quantity": {
                            "avg": 1.5,
                            "var": 0.5
                        }
                    },
                    { "type": "item", "code": "fat",
                        "quantity": {
                            "avg": 3,
                            "var": 1
                        }
                    },
                    { "type": "item", "code": "bone",
                        "quantity": {
                            "avg": 5,
                            "var": 1
                        }
                    }
                ]
            },
            { "code": "breathe" },
            { "code": "emotionstates",
                "states": [
                    {
                        "code": "fleeondamage",
                        "duration": 60,
                        "chance": 0.85,
                        "slot": 0,
                        "priority": 5,
                        "accumType": "max",
                        "whenHealthRelBelow": 0.4
                    },
                    {
                        "code": "aggressiveondamage",
                        "duration": 30,
                        "chance": 0.95,
                        "slot": 0,
                        "priority": 2,
                        "accumType": "noaccum"
                    },
                    {
                        "code": "fleeondamage",
                        "duration": 30,
                        "chance": 1,
                        "slot": 0,
                        "priority": 1,
                        "accumType": "max"
                    }, 
					{
						"code": "saturated",
						"duration": 900,
						"chance": 1,
						"slot": 0,
						"priority": 1,
						"accumType": "sum"
					}
                ]
            },
            {
                "code": "taskai",
                "aitasks": [
                    {
                        "code": "meleeattack",
                        "entityCodes": [ "player", "wolf-*" ],
                        "priority": 2,
                        "slot": 1,
                        "damage": 4,
                        "damageTier": 2,
                        "mincooldown": 1500,
                        "maxcooldown": 2500,
                        "attackDurationMs": 750,
                        "damagePlayerAtMs": 500,
                        "animation": "attackFront",
                        "animationSpeed": 1.1,
                        "whenNotInEmotionState": "fleeondamage",
                        "whenInEmotionState": "aggressiveondamage"
                    },
                    {
                        "code": "seekentity",
                        "entityCodes": [ "player" ],
                        "priority": 1.5,
                        "mincooldown": 1000,
                        "maxcooldown": 1500,
                        "seekingRange": 20,
                        "movespeed": 0.045,
                        "animation": "run",
                        "animationSpeed": 2,
                        "whenInEmotionState": "aggressiveondamage"
                    },
					{
						"code": "seekentity",
						"entityCodes": [ "wolf-*" ],
						"priority": 1.5,
						"mincooldown": 1000,
						"maxcooldown": 1500,
						"seekingRange": 6,
						"movespeed": 0.045,
						"animation": "run",
						"animationSpeed": 2,
						"whenInEmotionState": "aggressiveondamage"
					},
                    {
                        "code": "fleeentity",
                        "entityCodes": [ "player", "wolf-*" ],
                        "priority": 1.5,
                        "movespeed": 0.05,
                        "seekingRange": 12,
                        "animation": "run",
                        "animationSpeed": 2.2,
                        "whenInEmotionState": "fleeondamage"
                    },
                    {
                        "code": "stayclosetoentity",
                        "priority": 1.3,
                        "entityCode": "horse-male",
                        "maxDistance": 12,
                        "searchRange": 30,
                        "moveSpeed": 0.04,
                        "animation": "run",
                        "animationSpeed": 2.2
                    },
                    {
                        "code": "beamount",
                        "priority": 8,
                        "priorityForCancel": 8,
                        "movespeed": 0.045,
                        "animationSpeed": 2.2,
                        "maxDistance": 8,
                        "searchRange": 40,
                        "animation": "idle"
                    },
                    {
                        "code": "followmaster",
                        "priority": 2,
                        "priorityForCancel": 1.9,
                        "command": "followmaster",
                        "movespeed": 0.045,
                        "animationSpeed": 2.2,
                        "maxDistance": 8,
                        "searchRange": 40,
                        "animation": "run"
                    },
                    {
                        "code": "stay",
                        "priority": 2,
                        "priorityForCancel": 1.9,
                        "command": "stay",
                        "movespeed": 0.006,
                        "maxDistance": 10,
                        "searchRange": 40,
                        "animation": "walk"
                    },
                    {
                        "code": "getoutofwater",
                        "priority": 1.4,
                        "movespeed": 0.02,
                        "animation": "walk",
                        "animationSpeed": 2.2
                    },
                    {
                        "code": "useinventory",
                        "animation": "eat",
                        "animationSpeed": 1.1,
                        "priority": 1.6,
                        "priorityForCancel": 1.7,
						"eatItemCategories": [ "Vegetable", "Grain", "Fruit" ],
                        "eatItemCodes": [ "drygrass", "feverstonehorses:carrotbundle" ],
                        "sound": "horse/horseeating",
                        "soundRange": 3,
                        "soundStartMs": 950,
                        "useTime": 3.2,
                        "mincooldownHours": 1,
                        "maxcooldownHours": 1.5
                    },
                    {
                        "code": "idle",
                        "priority": 1.35,
                        "priorityForCancel": 1.35,
                        "minduration": 5000000,
                        "maxduration": 5000000,
                        "mincooldown": 10000,
                        "maxcooldown": 30000,
                        "animation": "sleeplay",
                        "whenNotInEmotionState": "aggressiveondamage",
                        "duringDayTimeFrames": [
                            {
                                "fromHour": 22,
                                "toHour": 24
                            },
                            {
                                "fromHour": 0,
                                "toHour": 5
                            }
                        ],
                        "stopOnNearbyEntityCodes": [ "player", "wolf-*" ],
                        "stopRange": 6,
                        "stopOnHurt": true
                    },
                    {
                        "code": "seekfoodandeat",
                        "movespeed": 0.004,
                        "priority": 1.35,
                        "eatSound": "horse/horseeating",
                        "soundRange": 3,
                        "soundStartMs": 800,
                        "eatTime": 1.5,
                        "animationSpeed": 0.9,
                        "animation": "walk",
                        "eatAnimation": "eat",
                        "mincooldownHours": 1,
                        "maxcooldownHours": 4
                    },
                    {
                        "code": "idle",
                        "priority": 1.2,
						"priorityForCancel": 1.35,
						"minduration": 2667,
						"maxduration": 2667,
						"mincooldown": 6000,
						"maxcooldown": 20000,
						"animation": "eat",
                        "sound": "horse/horseeating",
                        "soundRange": 3,
                        "soundStartMs": 800,
						"animationSpeed": 0.9
                    },
                    {
                        "code": "idle",
                        "priority": 1.1,
                        "priorityForCancel": 1.35,
                        "minduration": 16000,
                        "maxduration": 24000,
                        "mincooldown": 9000,
                        "maxcooldown": 160000,
                        "animation": "idleFlickL",
                        "easeOutSpeed": 0.8,
                        "animationSpeed": 0.9,
                        "whenNotInEmotionState": "aggressiveondamage"
                    },
                    {
                        "code": "wander",
                        "priority": 1.0,
                        "priorityForCancel": 1.35,
                        "movespeed": 0.006,
                        "animationSpeed": 0.8,
                        "animation": "walk",
                        "preferredLightLevel": 10
                    },
                    { "code": "lookaround", "priority": 0.5 }
                ]
            },
            { "code": "ropetieable", "minGeneration": 2 }
        ],
        "spawnconditions": {
            "worldgen": {
                "TriesPerChunk": {
                    "avg": 0.06,
                    "var": 0.01
                },
                "tryOnlySurface": true,
                "minLightLevel": 10,
                "groupSize": {
                    "dist": "verynarrowgaussian",
                    "avg": 1,
                    "var": 2
                },
                "insideBlockCodes": [ "game:air", "game:tallgrass-*", "game:snowlayer-1" ],
                "minTemp": -2,
                "maxTemp": 25,
                "minRain": 0.25,
                "minForest": 0.15,
                "companions": [ "horse-male", "horse-foal" ]
            },
            "runtime": {
                "group": "neutral",
                "tryOnlySurface": true,
                "chance": 0.0005,
                "maxQuantity": 3,
                "minLightLevel": 10,
                "groupSize": {
                    "dist": "verynarrowgaussian",
                    "avg": 1,
                    "var": 2
                },
                "insideBlockCodes": [ "game:air", "game:tallgrass-*", "game:snowlayer-1" ],
                "minTemp": -2,
                "maxTemp": 25,
                "minRain": 0.25,
                "minForest": 0.15,
                "companions": [ "horse-male", "horse-foal" ]
            }
        }
    },
    "sounds": {
        "hurt": "feverstonehorses:horse/horsedamage",
        "death": "feverstonehorses:horse/horsedamage",
        "idle": "feverstonehorses:horse/neigh"
    },
    "idleSoundChance": 0.025
}