{
	"editor": {
		"allAngles": false,
		"entityTextureMode": false
	},
	"textureWidth": 16,
	"textureHeight": 16,
	"textureSizes": {
	},
	"textures": {
		"color": "block/tradegoods/seashell/plain"
	},
	"elements": [
		{
			"name": "Cube1",
			"from": [ 7.0, 0.0, 7.0 ], 
			"to": [ 9.0, 1.2, 9.0 ], 
			"rotationOrigin": [ 8.0, 0.0, 8.0 ],
			"rotationY": 90.0,
			"faces": {
				"north": { "texture": "#color", "uv": [ 9.5, 0.5, 11.5, 1.5 ] },
				"east": { "texture": "#color", "uv": [ 11.0, 5.5, 13.0, 6.5 ] },
				"south": { "texture": "#color", "uv": [ 12.0, 1.0, 14.0, 2.0 ] },
				"west": { "texture": "#color", "uv": [ 11.0, 6.5, 13.0, 7.5 ] },
				"up": { "texture": "#color", "uv": [ 11.0, 2.5, 13.0, 4.5 ] },
				"down": { "texture": "#color", "uv": [ 11.0, 3.5, 13.0, 5.5 ] }
			},
			"children": [
				{
					"name": "E",
					"from": [ 1.6, 0.1, 0.2 ], 
					"to": [ 3.6, 1.1, 1.2 ], 
					"rotationOrigin": [ 1.6, 0.1, 0.7 ],
					"rotationY": 22.5,
					"rotationZ": -2.0,
					"faces": {
						"north": { "texture": "#color", "uv": [ 0.0, 0.0, 2.0, 1.0 ] },
						"east": { "texture": "#color", "uv": [ 0.0, 0.0, 1.0, 1.0 ] },
						"south": { "texture": "#color", "uv": [ 0.0, 0.0, 2.0, 1.0 ] },
						"west": { "texture": "#color", "uv": [ 0.0, 0.0, 1.0, 1.0 ], "enabled": false },
						"up": { "texture": "#color", "uv": [ 0.0, 0.0, 2.0, 1.0 ] },
						"down": { "texture": "#color", "uv": [ 4.5, 7.5, 6.5, 8.5 ] }
					},
					"children": [
						{
							"name": "E7",
							"from": [ 2.0008, 0.1, 0.1 ], 
							"to": [ 4.0008, 0.9, 0.9 ], 
							"rotationOrigin": [ -0.0383, 0.1, 0.5924 ],
							"rotationZ": -2.0,
							"faces": {
								"north": { "texture": "#color", "uv": [ 0.0, 0.0, 2.0, 0.5 ] },
								"east": { "texture": "#color", "uv": [ 0.0, 0.0, 0.5, 0.5 ] },
								"south": { "texture": "#color", "uv": [ 0.0, 0.0, 2.0, 0.5 ] },
								"west": { "texture": "#color", "uv": [ 0.0, 0.0, 0.5, 0.5 ], "enabled": false },
								"up": { "texture": "#color", "uv": [ 0.0, 0.0, 2.0, 0.5 ] },
								"down": { "texture": "#color", "uv": [ 4.5, 7.5, 6.5, 8.0 ] }
							}
						}
					]
				},
				{
					"name": "W",
					"from": [ -1.6, 0.1, 0.2 ], 
					"to": [ 0.4, 1.1, 1.2 ], 
					"rotationOrigin": [ 0.4, 0.1, 0.7 ],
					"rotationY": -22.5,
					"rotationZ": 2.0,
					"faces": {
						"north": { "texture": "#color", "uv": [ 0.0, 0.0, 2.0, 1.0 ] },
						"east": { "texture": "#color", "uv": [ 0.0, 0.0, 1.0, 1.0 ], "enabled": false },
						"south": { "texture": "#color", "uv": [ 0.0, 0.0, 2.0, 1.0 ] },
						"west": { "texture": "#color", "uv": [ 0.0, 0.0, 1.0, 1.0 ] },
						"up": { "texture": "#color", "uv": [ 0.0, 0.0, 2.0, 1.0 ] },
						"down": { "texture": "#color", "uv": [ 5.5, 8.0, 7.5, 9.0 ] }
					},
					"children": [
						{
							"name": "W8",
							"from": [ -1.94, 0.1, 0.1 ], 
							"to": [ 0.06, 0.9, 0.9 ], 
							"rotationOrigin": [ 0.0, 0.0, 0.5 ],
							"rotationZ": 2.0,
							"faces": {
								"north": { "texture": "#color", "uv": [ 0.0, 0.0, 2.0, 0.5 ] },
								"east": { "texture": "#color", "uv": [ 0.0, 0.0, 0.5, 0.5 ], "enabled": false },
								"south": { "texture": "#color", "uv": [ 0.0, 0.0, 2.0, 0.5 ] },
								"west": { "texture": "#color", "uv": [ 0.0, 0.0, 0.5, 0.5 ] },
								"up": { "texture": "#color", "uv": [ 0.0, 0.0, 2.0, 0.5 ] },
								"down": { "texture": "#color", "uv": [ 5.5, 8.0, 7.5, 8.5 ] }
							}
						}
					]
				},
				{
					"name": "N",
					"from": [ 0.5, 0.1, -2.0 ], 
					"to": [ 1.5, 1.1, 0.0 ], 
					"rotationOrigin": [ 0.5, 0.1, -2.0 ],
					"rotationX": -2.0,
					"faces": {
						"north": { "texture": "#color", "uv": [ 0.0, 0.0, 1.0, 1.0 ] },
						"east": { "texture": "#color", "uv": [ 0.0, 0.0, 2.0, 1.0 ] },
						"south": { "texture": "#color", "uv": [ 0.0, 0.0, 1.0, 1.0 ], "enabled": false },
						"west": { "texture": "#color", "uv": [ 0.0, 0.0, 2.0, 1.0 ] },
						"up": { "texture": "#color", "uv": [ 0.0, 0.0, 1.0, 2.0 ] },
						"down": { "texture": "#color", "uv": [ 6.5, 10.5, 7.5, 12.5 ] }
					},
					"children": [
						{
							"name": "N9",
							"from": [ 0.1, 0.1, -2.0 ], 
							"to": [ 0.9, 0.9, 0.0 ], 
							"rotationOrigin": [ 0.1, 0.1, -2.0 ],
							"rotationX": -2.0,
							"faces": {
								"north": { "texture": "#color", "uv": [ 0.0, 0.0, 0.5, 0.5 ] },
								"east": { "texture": "#color", "uv": [ 0.0, 0.0, 2.0, 0.5 ] },
								"south": { "texture": "#color", "uv": [ 0.0, 0.0, 0.5, 0.5 ], "enabled": false },
								"west": { "texture": "#color", "uv": [ 0.0, 0.0, 2.0, 0.5 ] },
								"up": { "texture": "#color", "uv": [ 0.0, 0.0, 0.5, 2.0 ] },
								"down": { "texture": "#color", "uv": [ 6.5, 10.5, 7.0, 12.5 ] }
							}
						}
					]
				},
				{
					"name": "SW",
					"from": [ 0.0, 0.1, 1.6 ], 
					"to": [ 1.0, 1.1, 3.6 ], 
					"rotationOrigin": [ 0.5, 0.1, 1.6 ],
					"rotationX": 2.0,
					"rotationY": -45.0,
					"faces": {
						"north": { "texture": "#color", "uv": [ 0.0, 0.0, 1.0, 1.0 ], "enabled": false },
						"east": { "texture": "#color", "uv": [ 0.0, 0.0, 2.0, 1.0 ] },
						"south": { "texture": "#color", "uv": [ 0.0, 0.0, 1.0, 1.0 ] },
						"west": { "texture": "#color", "uv": [ 0.0, 0.0, 2.0, 1.0 ] },
						"up": { "texture": "#color", "uv": [ 0.0, 0.0, 1.0, 2.0 ] },
						"down": { "texture": "#color", "uv": [ 6.5, 8.5, 7.5, 10.5 ] }
					},
					"children": [
						{
							"name": "SW11",
							"from": [ 0.1, 0.1, 1.95 ], 
							"to": [ 0.9, 0.9, 3.95 ], 
							"rotationOrigin": [ 0.5, 0.1, 1.7 ],
							"rotationX": 2.0,
							"faces": {
								"north": { "texture": "#color", "uv": [ 0.0, 0.0, 0.5, 0.5 ], "enabled": false },
								"east": { "texture": "#color", "uv": [ 0.0, 0.0, 2.0, 0.5 ] },
								"south": { "texture": "#color", "uv": [ 0.0, 0.0, 0.5, 0.5 ] },
								"west": { "texture": "#color", "uv": [ 0.0, 0.0, 2.0, 0.5 ] },
								"up": { "texture": "#color", "uv": [ 0.0, 0.0, 0.5, 2.0 ] },
								"down": { "texture": "#color", "uv": [ 6.5, 8.5, 7.0, 10.5 ] }
							}
						}
					]
				},
				{
					"name": "SE",
					"from": [ 1.0, 0.1, 1.6 ], 
					"to": [ 2.0, 1.1, 3.6 ], 
					"rotationOrigin": [ 1.5, 0.1, 1.6 ],
					"rotationX": 2.0,
					"rotationY": 45.0,
					"faces": {
						"north": { "texture": "#color", "uv": [ 0.0, 0.0, 1.0, 1.0 ], "enabled": false },
						"east": { "texture": "#color", "uv": [ 0.0, 0.0, 2.0, 1.0 ] },
						"south": { "texture": "#color", "uv": [ 0.0, 0.0, 1.0, 1.0 ] },
						"west": { "texture": "#color", "uv": [ 0.0, 0.0, 2.0, 1.0 ] },
						"up": { "texture": "#color", "uv": [ 0.0, 0.0, 1.0, 2.0 ] },
						"down": { "texture": "#color", "uv": [ 7.0, 10.0, 8.0, 12.0 ] }
					},
					"children": [
						{
							"name": "SE10",
							"from": [ 0.1, 0.1, 1.95 ], 
							"to": [ 0.9, 0.9, 3.95 ], 
							"rotationOrigin": [ 0.5, 0.1, 2.3 ],
							"rotationX": 2.0,
							"faces": {
								"north": { "texture": "#color", "uv": [ 0.0, 0.0, 0.5, 0.5 ], "enabled": false },
								"east": { "texture": "#color", "uv": [ 0.0, 0.0, 2.0, 0.5 ] },
								"south": { "texture": "#color", "uv": [ 0.0, 0.0, 0.5, 0.5 ] },
								"west": { "texture": "#color", "uv": [ 0.0, 0.0, 2.0, 0.5 ] },
								"up": { "texture": "#color", "uv": [ 0.0, 0.0, 0.5, 2.0 ] },
								"down": { "texture": "#color", "uv": [ 7.0, 10.0, 7.5, 12.0 ] }
							}
						}
					]
				}
			]
		}
	],
	"animations": [
		{
			"name": "Walk",
			"code": "walk",
			"quantityframes": 30,
			"onActivityStopped": "Rewind",
			"onAnimationEnd": "Repeat",
			"keyframes": [
				{
					"frame": 14,
					"elements": {
						"Cube1": {  },
						"SE": { "rotationX": 0.0, "rotationY": -5.0, "rotationZ": 0.0 },
						"W": { "rotationX": 0.0, "rotationY": -5.0, "rotationZ": 0.0 },
						"N": { "rotationX": 0.0, "rotationY": 5.0, "rotationZ": 0.0 },
						"SW": { "rotationX": 0.0, "rotationY": -5.0, "rotationZ": 0.0 },
						"E": { "rotationX": 0.0, "rotationY": 5.0, "rotationZ": 0.0 }
					}
				},
				{
					"frame": 29,
					"elements": {
						"Cube1": {  },
						"SE": { "rotationX": 0.0, "rotationY": 0.0, "rotationZ": 0.0 },
						"W": { "rotationX": 0.0, "rotationY": 0.0, "rotationZ": 0.0 },
						"N": { "rotationX": 0.0, "rotationY": 0.0, "rotationZ": 0.0 },
						"SW": { "rotationX": 0.0, "rotationY": 0.0, "rotationZ": 0.0 },
						"E": { "rotationX": 0.0, "rotationY": 0.0, "rotationZ": 0.0 }
					}
				}
			]
		}
	]
}