[ 
 {
    "op": "add",
    "path": "/patches/-",
    "value": {
      "comment": "Gigantic locust nests",
      "blockCodes": [
        "locustnest-cage"
      ],
      "quantity": {
        "avg": 100,
        "var": 25
      },
      "chance": 0.018,
      "placement": "Underground"
    },
    "file": "game:worldgen/blockpatches.json"
  },
  {
    "op": "add",
    "path": "/patches/-",
    "value": {
      "comment": "Huge locust nests",
      "blockCodes": [
        "locustnest-cage"
      ],
      "quantity": {
        "avg": 40,
        "var": 20
      },
      "chance": 0.42,
      "placement": "Underground"
    },
    "file": "game:worldgen/blockpatches.json"
  }
]