[
  {
    "op": "replace",
    "path": "/server/behaviors/2/currenthealthByType/*-corrupt-sawblade",
    "value": 35,
    "file": "game:entities/land/locust.json"
  },
  {
    "op": "replace",
    "path": "/server/behaviors/2/maxhealthByType/*-corrupt-sawblade",
    "value": 35,
    "file": "game:entities/land/locust.json"
  },
  {
    "op": "replace",
    "path": "/server/behaviors/7/aitasks/0/damageByType/*-corrupt-sawblade",
    "value": 12,
    "file": "game:entities/land/locust.json"
  },
  {
    "op": "replace",
    "path": "/server/spawnconditionsByType/*-corrupt-sawblade/runtime/chance",
    "value": 0.005,
    "file": "game:entities/land/locust.json"
  },
  {
    "op": "replace",
    "path": "/server/spawnconditionsByType/*-corrupt-sawblade/runtime/maxQuantity",
    "value": 4,
    "file": "game:entities/land/locust.json"
  },
  {
    "op": "replace",
    "path": "/server/spawnconditionsByType/*-corrupt-sawblade/runtime/maxY",
    "value": 0.7,
    "file": "game:entities/land/locust.json"
  },
  {
    "op": "replace",
    "path": "/server/behaviors/3/hoursToDecay",
    "value": 4,
    "file": "game:entities/land/locust.json"
  }
]