{
	"editor": {
		"allAngles": true,
		"entityTextureMode": false
	},
	"textureWidth": 16,
	"textureHeight": 16,
	"textureSizes": {
	},
	"textures": {
		"brass": "game:item/resource/plate/brass"
	},
	"elements": [
		{
			"name": "tube 1",
			"from": [ 0.8, 0.0, 6.1 ], 
			"to": [ 15.8, 0.5, 6.6 ], 
			"rotationOrigin": [ 8.3, 0.0, 6.3 ],
			"rotationY": -6.0,
			"faces": {
				"north": { "texture": "#brass", "uv": [ 1.0, 3.5, 16.0, 4.0 ] },
				"east": { "texture": "#brass", "uv": [ 13.5, 5.5, 14.0, 6.0 ] },
				"south": { "texture": "#brass", "uv": [ 0.5, 3.5, 15.5, 4.0 ] },
				"west": { "texture": "#brass", "uv": [ 4.0, 4.5, 4.5, 5.0 ] },
				"up": { "texture": "#brass", "uv": [ 1.0, 7.0, 16.0, 7.5 ] },
				"down": { "texture": "#brass", "uv": [ 0.0, 10.5, 15.0, 11.0 ] }
			}
		},
		{
			"name": "tube 2",
			"from": [ 0.1, 0.2, 7.1 ], 
			"to": [ 7.1, 0.7, 7.6 ], 
			"rotationOrigin": [ 2.6, 0.2, 7.3 ],
			"rotationY": 30.0,
			"rotationZ": 5.0,
			"faces": {
				"north": { "texture": "#brass", "uv": [ 8.5, 12.5, 15.5, 13.0 ] },
				"east": { "texture": "#brass", "uv": [ 12.0, 14.0, 12.5, 14.5 ] },
				"south": { "texture": "#brass", "uv": [ 8.5, 14.0, 15.5, 14.5 ] },
				"west": { "texture": "#brass", "uv": [ 13.0, 13.0, 13.5, 13.5 ] },
				"up": { "texture": "#brass", "uv": [ 8.5, 12.0, 15.5, 12.5 ] },
				"down": { "texture": "#brass", "uv": [ 6.5, 12.0, 13.5, 12.5 ] }
			}
		},
		{
			"name": "tube 3",
			"from": [ 4.8, 0.3, 5.4 ], 
			"to": [ 11.8, 0.8, 5.9 ], 
			"rotationOrigin": [ 7.3, 0.3, 5.6 ],
			"rotationX": 4.0,
			"rotationY": 17.0,
			"rotationZ": -6.0,
			"faces": {
				"north": { "texture": "#brass", "uv": [ 8.5, 12.0, 15.5, 12.5 ] },
				"east": { "texture": "#brass", "uv": [ 12.0, 14.0, 12.5, 14.5 ] },
				"south": { "texture": "#brass", "uv": [ 8.5, 14.0, 15.5, 14.5 ] },
				"west": { "texture": "#brass", "uv": [ 13.0, 13.0, 13.5, 13.5 ] },
				"up": { "texture": "#brass", "uv": [ 8.5, 12.0, 15.5, 12.5 ] },
				"down": { "texture": "#brass", "uv": [ 5.0, 2.5, 12.0, 3.0 ] }
			}
		},
		{
			"name": "small cube 2",
			"from": [ 10.5, 0.0, 5.0 ], 
			"to": [ 11.5, 0.5, 6.0 ], 
			"rotationOrigin": [ 11.0, 0.0, 5.5 ],
			"rotationX": 1.0,
			"rotationY": -58.0,
			"faces": {
				"north": { "texture": "#brass", "uv": [ 7.5, 6.0, 8.5, 6.5 ] },
				"east": { "texture": "#brass", "uv": [ 7.5, 2.0, 8.5, 2.5 ] },
				"south": { "texture": "#brass", "uv": [ 11.5, 14.0, 12.5, 14.5 ] },
				"west": { "texture": "#brass", "uv": [ 12.0, 13.0, 13.0, 13.5 ] },
				"up": { "texture": "#brass", "uv": [ 11.5, 12.0, 12.5, 13.0 ] },
				"down": { "texture": "#brass", "uv": [ 10.5, 14.5, 11.5, 15.5 ] }
			}
		},
		{
			"name": "cilinder 1",
			"from": [ 1.9, 0.0, 7.5 ], 
			"to": [ 9.9, 1.0, 10.5 ], 
			"rotationOrigin": [ 5.9, 0.0, 9.0 ],
			"rotationY": 11.0,
			"faces": {
				"north": { "texture": "#brass", "uv": [ 6.5, 6.0, 14.5, 7.0 ] },
				"east": { "texture": "#brass", "uv": [ 8.0, 5.5, 11.0, 6.5 ] },
				"south": { "texture": "#brass", "uv": [ 1.5, 3.5, 9.5, 4.5 ] },
				"west": { "texture": "#brass", "uv": [ 1.0, 2.5, 4.0, 3.5 ] },
				"up": { "texture": "#brass", "uv": [ 0.5, 12.5, 8.5, 15.5 ] },
				"down": { "texture": "#brass", "uv": [ 7.0, 7.5, 15.0, 10.5 ] }
			}
		},
		{
			"name": "cilinder 2",
			"from": [ 6.6, 0.0, 9.3 ], 
			"to": [ 10.6, 0.5, 11.3 ], 
			"rotationOrigin": [ 7.6, 0.0, 10.3 ],
			"rotationY": -17.0,
			"faces": {
				"north": { "texture": "#brass", "uv": [ 5.5, 7.0, 9.5, 7.5 ] },
				"east": { "texture": "#brass", "uv": [ 8.0, 5.5, 10.0, 6.0 ] },
				"south": { "texture": "#brass", "uv": [ 6.0, 7.5, 10.0, 8.0 ] },
				"west": { "texture": "#brass", "uv": [ 8.5, 9.0, 10.5, 9.5 ] },
				"up": { "texture": "#brass", "uv": [ 6.5, 6.0, 10.5, 8.0 ] },
				"down": { "texture": "#brass", "uv": [ 7.0, 7.5, 11.0, 9.5 ] }
			}
		},
		{
			"name": "cilinder 66",
			"from": [ 8.6, 0.5, 7.3 ], 
			"to": [ 13.6, 0.9, 9.3 ], 
			"rotationOrigin": [ 11.1, 0.5, 8.3 ],
			"rotationZ": -17.0,
			"faces": {
				"north": { "texture": "#brass", "uv": [ 6.0, 9.5, 11.0, 10.0 ] },
				"east": { "texture": "#brass", "uv": [ 9.5, 11.0, 11.5, 11.5 ] },
				"south": { "texture": "#brass", "uv": [ 10.5, 12.0, 15.5, 12.5 ] },
				"west": { "texture": "#brass", "uv": [ 9.5, 12.0, 11.5, 12.5 ] },
				"up": { "texture": "#brass", "uv": [ 10.0, 11.5, 15.0, 13.5 ] },
				"down": { "texture": "#brass", "uv": [ 7.0, 7.5, 12.0, 9.5 ] }
			}
		},
		{
			"name": "tube 4",
			"from": [ 3.9, 0.4, 11.2 ], 
			"to": [ 8.9, 0.9, 11.7 ], 
			"rotationOrigin": [ 6.4, 0.4, 11.4 ],
			"rotationX": 21.0,
			"rotationY": 11.0,
			"rotationZ": 5.0,
			"faces": {
				"north": { "texture": "#brass", "uv": [ 8.5, 12.0, 13.5, 12.5 ] },
				"east": { "texture": "#brass", "uv": [ 12.0, 14.0, 12.5, 14.5 ] },
				"south": { "texture": "#brass", "uv": [ 8.5, 14.0, 13.5, 14.5 ] },
				"west": { "texture": "#brass", "uv": [ 13.0, 13.0, 13.5, 13.5 ] },
				"up": { "texture": "#brass", "uv": [ 8.5, 12.0, 13.5, 12.5 ] },
				"down": { "texture": "#brass", "uv": [ 5.0, 2.5, 10.0, 3.0 ] }
			}
		},
		{
			"name": "tube 5",
			"from": [ 6.9, 0.5, 10.5 ], 
			"to": [ 9.9, 1.0, 11.0 ], 
			"rotationOrigin": [ 8.5, 0.5, 11.0 ],
			"faces": {
				"north": { "texture": "#brass", "uv": [ 10.0, 8.5, 13.0, 9.0 ] },
				"east": { "texture": "#brass", "uv": [ 6.0, 3.5, 6.5, 4.0 ] },
				"south": { "texture": "#brass", "uv": [ 7.0, 10.5, 10.0, 11.0 ] },
				"west": { "texture": "#brass", "uv": [ 13.0, 7.5, 13.5, 8.0 ] },
				"up": { "texture": "#brass", "uv": [ 9.5, 13.0, 12.5, 13.5 ] },
				"down": { "texture": "#brass", "uv": [ 10.5, 14.5, 13.5, 15.0 ] }
			}
		},
		{
			"name": "small cube 68",
			"from": [ 6.4, 1.0, 8.1 ], 
			"to": [ 8.9, 1.5, 9.1 ], 
			"rotationOrigin": [ 6.9, 1.0, 8.6 ],
			"rotationY": -14.0,
			"faces": {
				"north": { "texture": "#brass", "uv": [ 12.5, 3.5, 15.0, 4.0 ] },
				"east": { "texture": "#brass", "uv": [ 4.5, 1.0, 5.5, 1.5 ] },
				"south": { "texture": "#brass", "uv": [ 4.0, 15.0, 6.5, 15.5 ] },
				"west": { "texture": "#brass", "uv": [ 14.0, 6.5, 15.0, 7.0 ] },
				"up": { "texture": "#brass", "uv": [ 2.5, 5.0, 5.0, 6.0 ] },
				"down": { "texture": "#brass", "uv": [ 10.5, 14.5, 13.0, 15.5 ] }
			}
		}
	]}