{
	"editor": {
		"allAngles": true,
		"entityTextureMode": false
	},
	"textureWidth": 16,
	"textureHeight": 16,
	"textureSizes": {
	},
	"textures": {
		"steel": "game:item/resource/plate/steel",
		"limonite": "game:item/resource/nugget/limonite",
		"nativecopper": "game:item/resource/nugget/nativecopper",
		"tin": "game:item/resource/plate/tin",
		"brass": "game:item/resource/plate/brass",
		"graphite": "game:item/resource/nugget/graphite",
		"malachite": "game:item/resource/nugget/malachite",
		"molybdochalkos": "game:item/resource/plate/molybdochalkos"
	},
	"elements": [
		{
			"name": "origin 1",
			"from": [ 9.5, 0.8, 6.6 ], 
			"to": [ 9.5, 0.8, 6.6 ], 
			"rotationOrigin": [ 9.5, 0.8, 6.6 ],
			"rotationX": -20.0,
			"rotationY": -7.0,
			"rotationZ": -22.0,
			"faces": {
				"north": { "texture": "#molybdochalkos", "uv": [ 2.0, 3.0, 2.0, 3.0 ], "enabled": false },
				"east": { "texture": "#molybdochalkos", "uv": [ 10.0, 1.0, 10.0, 1.0 ], "enabled": false },
				"south": { "texture": "#molybdochalkos", "uv": [ 6.0, 6.0, 6.0, 6.0 ], "enabled": false },
				"west": { "texture": "#molybdochalkos", "uv": [ 0.0, 0.0, 0.0, 0.0 ], "enabled": false },
				"up": { "texture": "#molybdochalkos", "uv": [ 3.0, 3.0, 3.0, 3.0 ], "enabled": false },
				"down": { "texture": "#molybdochalkos", "uv": [ 0.0, 0.0, 0.0, 0.0 ], "enabled": false }
			},
			"children": [
				{
					"name": "W vertical",
					"from": [ -1.0, 0.1, -2.0 ], 
					"to": [ -0.5, 0.6, 2.0 ], 
					"faces": {
						"north": { "texture": "#molybdochalkos", "uv": [ 2.0, 0.0, 2.5, 0.5 ] },
						"east": { "texture": "#molybdochalkos", "uv": [ 0.0, 0.0, 4.0, 0.5 ] },
						"south": { "texture": "#molybdochalkos", "uv": [ 4.0, 5.0, 4.5, 5.5 ] },
						"west": { "texture": "#molybdochalkos", "uv": [ 3.0, 2.5, 7.0, 3.0 ] },
						"up": { "texture": "#molybdochalkos", "uv": [ 2.0, 3.0, 2.5, 7.0 ] },
						"down": { "texture": "#molybdochalkos", "uv": [ 1.0, 0.0, 1.5, 4.0 ] }
					}
				},
				{
					"name": "E vertical",
					"from": [ 0.5, 0.1, -2.0 ], 
					"to": [ 1.0, 0.6, 2.0 ], 
					"faces": {
						"north": { "texture": "#molybdochalkos", "uv": [ 0.0, 7.0, 0.5, 7.5 ] },
						"east": { "texture": "#molybdochalkos", "uv": [ 9.5, 5.5, 13.5, 6.0 ] },
						"south": { "texture": "#molybdochalkos", "uv": [ 8.0, 1.0, 8.5, 1.5 ] },
						"west": { "texture": "#molybdochalkos", "uv": [ 0.0, 0.0, 4.0, 0.5 ] },
						"up": { "texture": "#molybdochalkos", "uv": [ 5.0, 6.0, 5.5, 10.0 ] },
						"down": { "texture": "#molybdochalkos", "uv": [ 0.0, 0.0, 0.5, 4.0 ] }
					}
				},
				{
					"name": "N horizontal",
					"from": [ -2.0, 0.0, -1.0 ], 
					"to": [ 2.0, 0.7, -0.5 ], 
					"faces": {
						"north": { "texture": "#molybdochalkos", "uv": [ 10.5, 3.0, 14.5, 3.5 ] },
						"east": { "texture": "#molybdochalkos", "uv": [ 7.5, 2.0, 8.0, 2.5 ] },
						"south": { "texture": "#molybdochalkos", "uv": [ 2.5, 6.0, 6.5, 6.5 ] },
						"west": { "texture": "#molybdochalkos", "uv": [ 2.0, 3.0, 2.5, 3.5 ] },
						"up": { "texture": "#molybdochalkos", "uv": [ 3.0, 1.0, 7.0, 1.5 ] },
						"down": { "texture": "#molybdochalkos", "uv": [ 2.0, 3.0, 6.0, 3.5 ] }
					}
				},
				{
					"name": "S horizontal",
					"from": [ -2.0, 0.0, 0.5 ], 
					"to": [ 2.0, 0.7, 1.0 ], 
					"faces": {
						"north": { "texture": "#molybdochalkos", "uv": [ 10.0, 2.0, 14.0, 2.5 ] },
						"east": { "texture": "#molybdochalkos", "uv": [ 7.0, 6.0, 7.5, 6.5 ] },
						"south": { "texture": "#molybdochalkos", "uv": [ 4.0, 2.5, 8.0, 3.0 ] },
						"west": { "texture": "#molybdochalkos", "uv": [ 0.0, 3.0, 0.5, 3.5 ] },
						"up": { "texture": "#molybdochalkos", "uv": [ 1.0, 6.0, 5.0, 6.5 ] },
						"down": { "texture": "#molybdochalkos", "uv": [ 1.0, 5.0, 5.0, 5.5 ] }
					}
				}
			]
		},
		{
			"name": "origin 2",
			"from": [ 11.8, 0.2, 9.7 ], 
			"to": [ 11.8, 0.2, 9.7 ], 
			"rotationOrigin": [ 11.8, 0.2, 9.7 ],
			"rotationY": -14.0,
			"rotationZ": -14.0,
			"faces": {
				"north": { "texture": "#limonite", "uv": [ 2.0, 3.0, 2.5, 3.5 ], "enabled": false },
				"east": { "texture": "#limonite", "uv": [ 10.0, 1.0, 10.5, 1.5 ], "enabled": false },
				"south": { "texture": "#limonite", "uv": [ 6.0, 6.0, 6.5, 6.5 ], "enabled": false },
				"west": { "texture": "#limonite", "uv": [ 0.0, 0.0, 0.5, 0.5 ], "enabled": false },
				"up": { "texture": "#limonite", "uv": [ 3.0, 3.0, 3.5, 3.5 ], "enabled": false },
				"down": { "texture": "#limonite", "uv": [ 0.0, 0.0, 0.5, 0.5 ], "enabled": false }
			},
			"children": [
				{
					"name": "W vertical 2",
					"from": [ -0.8, 0.1, -1.3 ], 
					"to": [ -0.3, 0.6, 1.2 ], 
					"faces": {
						"north": { "texture": "#limonite", "uv": [ 2.0, 0.0, 2.5, 0.5 ] },
						"east": { "texture": "#limonite", "uv": [ 0.0, 0.0, 2.5, 0.5 ] },
						"south": { "texture": "#limonite", "uv": [ 4.0, 5.0, 4.5, 5.5 ] },
						"west": { "texture": "#limonite", "uv": [ 3.0, 2.5, 5.5, 3.0 ] },
						"up": { "texture": "#limonite", "uv": [ 2.0, 3.0, 2.5, 5.5 ] },
						"down": { "texture": "#limonite", "uv": [ 1.0, 0.0, 1.5, 2.5 ] }
					}
				},
				{
					"name": "E vertical 2",
					"from": [ 0.2, 0.1, -1.3 ], 
					"to": [ 0.7, 0.6, 1.2 ], 
					"faces": {
						"north": { "texture": "#limonite", "uv": [ 0.0, 7.0, 0.5, 7.5 ] },
						"east": { "texture": "#limonite", "uv": [ 9.5, 5.5, 12.0, 6.0 ] },
						"south": { "texture": "#limonite", "uv": [ 8.0, 1.0, 8.5, 1.5 ] },
						"west": { "texture": "#limonite", "uv": [ 0.0, 0.0, 2.5, 0.5 ] },
						"up": { "texture": "#limonite", "uv": [ 5.0, 6.0, 5.5, 8.5 ] },
						"down": { "texture": "#limonite", "uv": [ 0.0, 0.0, 0.5, 2.5 ] }
					}
				},
				{
					"name": "N horizontal 2",
					"from": [ -1.3, 0.0, -0.8 ], 
					"to": [ 1.2, 0.7, -0.3 ], 
					"faces": {
						"north": { "texture": "#limonite", "uv": [ 10.5, 3.0, 13.0, 3.5 ] },
						"east": { "texture": "#limonite", "uv": [ 7.5, 2.0, 8.0, 2.5 ] },
						"south": { "texture": "#limonite", "uv": [ 2.5, 6.0, 5.0, 6.5 ] },
						"west": { "texture": "#limonite", "uv": [ 2.0, 3.0, 2.5, 3.5 ] },
						"up": { "texture": "#limonite", "uv": [ 3.0, 1.0, 5.5, 1.5 ] },
						"down": { "texture": "#limonite", "uv": [ 2.0, 3.0, 4.5, 3.5 ] }
					}
				},
				{
					"name": "S horizontal 2",
					"from": [ -1.3, 0.0, 0.2 ], 
					"to": [ 1.2, 0.7, 0.7 ], 
					"faces": {
						"north": { "texture": "#limonite", "uv": [ 10.0, 2.0, 12.5, 2.5 ] },
						"east": { "texture": "#limonite", "uv": [ 7.0, 6.0, 7.5, 6.5 ] },
						"south": { "texture": "#limonite", "uv": [ 4.0, 2.5, 6.5, 3.0 ] },
						"west": { "texture": "#limonite", "uv": [ 0.0, 3.0, 0.5, 3.5 ] },
						"up": { "texture": "#limonite", "uv": [ 1.0, 6.0, 3.5, 6.5 ] },
						"down": { "texture": "#limonite", "uv": [ 1.0, 5.0, 3.5, 5.5 ] }
					}
				}
			]
		},
		{
			"name": "origin 3",
			"from": [ 7.0, 0.6, 10.3 ], 
			"to": [ 7.0, 0.6, 10.3 ], 
			"rotationOrigin": [ 7.0, 0.6, 10.3 ],
			"rotationX": 22.0,
			"rotationY": -27.0,
			"rotationZ": -4.0,
			"faces": {
				"north": { "texture": "#nativecopper", "uv": [ 2.0, 3.0, 2.0, 3.0 ], "enabled": false },
				"east": { "texture": "#nativecopper", "uv": [ 10.0, 1.0, 10.0, 1.0 ], "enabled": false },
				"south": { "texture": "#nativecopper", "uv": [ 6.0, 6.0, 6.0, 6.0 ], "enabled": false },
				"west": { "texture": "#nativecopper", "uv": [ 0.0, 0.0, 0.0, 0.0 ], "enabled": false },
				"up": { "texture": "#nativecopper", "uv": [ 3.0, 3.0, 3.0, 3.0 ], "enabled": false },
				"down": { "texture": "#nativecopper", "uv": [ 0.0, 0.0, 0.0, 0.0 ], "enabled": false }
			},
			"children": [
				{
					"name": "W vertical 3",
					"from": [ -1.3, 0.1, -1.8 ], 
					"to": [ -0.8, 0.6, 1.7 ], 
					"faces": {
						"north": { "texture": "#nativecopper", "uv": [ 7.5, 5.0, 8.0, 5.5 ] },
						"east": { "texture": "#nativecopper", "uv": [ 7.5, 6.5, 11.0, 7.0 ] },
						"south": { "texture": "#nativecopper", "uv": [ 6.0, 7.5, 6.5, 8.0 ] },
						"west": { "texture": "#nativecopper", "uv": [ 6.0, 7.5, 9.5, 8.0 ] },
						"up": { "texture": "#nativecopper", "uv": [ 7.0, 5.5, 7.5, 9.0 ] },
						"down": { "texture": "#nativecopper", "uv": [ 9.5, 2.5, 10.0, 6.0 ] }
					}
				},
				{
					"name": "E vertical 3",
					"from": [ 0.7, 0.1, -1.8 ], 
					"to": [ 1.2, 0.6, 1.7 ], 
					"faces": {
						"north": { "texture": "#nativecopper", "uv": [ 6.0, 7.5, 6.5, 8.0 ] },
						"east": { "texture": "#nativecopper", "uv": [ 7.5, 9.5, 11.0, 10.0 ] },
						"south": { "texture": "#nativecopper", "uv": [ 7.5, 6.0, 8.0, 6.5 ] },
						"west": { "texture": "#nativecopper", "uv": [ 5.5, 7.0, 9.0, 7.5 ] },
						"up": { "texture": "#nativecopper", "uv": [ 9.5, 3.0, 10.0, 6.5 ] },
						"down": { "texture": "#nativecopper", "uv": [ 9.0, 4.5, 9.5, 8.0 ] }
					}
				},
				{
					"name": "N horizontal 3",
					"from": [ -1.8, 0.0, -1.3 ], 
					"to": [ 1.7, 0.7, -0.8 ], 
					"faces": {
						"north": { "texture": "#nativecopper", "uv": [ 7.5, 8.5, 11.0, 9.0 ] },
						"east": { "texture": "#nativecopper", "uv": [ 8.0, 3.5, 8.5, 4.0 ] },
						"south": { "texture": "#nativecopper", "uv": [ 6.5, 6.0, 10.0, 6.5 ] },
						"west": { "texture": "#nativecopper", "uv": [ 8.0, 5.5, 8.5, 6.0 ] },
						"up": { "texture": "#nativecopper", "uv": [ 3.0, 8.0, 6.5, 8.5 ] },
						"down": { "texture": "#nativecopper", "uv": [ 5.5, 5.5, 9.0, 6.0 ] }
					}
				},
				{
					"name": "S horizontal 3",
					"from": [ -1.8, 0.0, 0.7 ], 
					"to": [ 1.7, 0.7, 1.2 ], 
					"faces": {
						"north": { "texture": "#nativecopper", "uv": [ 10.0, 2.0, 13.5, 2.5 ] },
						"east": { "texture": "#nativecopper", "uv": [ 10.0, 9.5, 10.5, 10.0 ] },
						"south": { "texture": "#nativecopper", "uv": [ 7.0, 3.0, 10.5, 3.5 ] },
						"west": { "texture": "#nativecopper", "uv": [ 5.5, 5.5, 6.0, 6.0 ] },
						"up": { "texture": "#nativecopper", "uv": [ 8.0, 11.0, 11.5, 11.5 ] },
						"down": { "texture": "#nativecopper", "uv": [ 5.0, 5.0, 8.5, 5.5 ] }
					}
				},
				{
					"name": "Middle vertical",
					"from": [ -0.3, 0.1, -2.3 ], 
					"to": [ 0.2, 0.6, 2.2 ], 
					"faces": {
						"north": { "texture": "#nativecopper", "uv": [ 10.0, 3.5, 10.5, 4.0 ] },
						"east": { "texture": "#nativecopper", "uv": [ 6.0, 3.0, 10.5, 3.5 ] },
						"south": { "texture": "#nativecopper", "uv": [ 10.0, 6.5, 10.5, 7.0 ] },
						"west": { "texture": "#nativecopper", "uv": [ 6.5, 3.5, 11.0, 4.0 ] },
						"up": { "texture": "#nativecopper", "uv": [ 8.5, 0.5, 9.0, 5.0 ] },
						"down": { "texture": "#nativecopper", "uv": [ 8.0, 2.0, 8.5, 6.5 ] }
					}
				},
				{
					"name": "Middle horizontal",
					"from": [ -2.3, 0.0, -0.3 ], 
					"to": [ 2.2, 0.7, 0.2 ], 
					"faces": {
						"north": { "texture": "#nativecopper", "uv": [ 8.5, 3.5, 13.0, 4.0 ] },
						"east": { "texture": "#nativecopper", "uv": [ 8.0, 2.5, 8.5, 3.0 ] },
						"south": { "texture": "#nativecopper", "uv": [ 6.5, 8.0, 11.0, 8.5 ] },
						"west": { "texture": "#nativecopper", "uv": [ 9.0, 2.0, 9.5, 2.5 ] },
						"up": { "texture": "#nativecopper", "uv": [ 5.5, 3.0, 10.0, 3.5 ] },
						"down": { "texture": "#nativecopper", "uv": [ 6.5, 4.0, 11.0, 4.5 ] }
					}
				}
			]
		},
		{
			"name": "origin 4",
			"from": [ 10.2, 0.0, 10.1 ], 
			"to": [ 10.2, 0.0, 10.1 ], 
			"rotationOrigin": [ 10.2, 0.0, 10.1 ],
			"rotationY": 10.0,
			"faces": {
				"north": { "texture": "#graphite", "uv": [ 2.0, 3.0, 2.5, 3.5 ], "enabled": false },
				"east": { "texture": "#graphite", "uv": [ 10.0, 1.0, 10.5, 1.5 ], "enabled": false },
				"south": { "texture": "#graphite", "uv": [ 6.0, 6.0, 6.5, 6.5 ], "enabled": false },
				"west": { "texture": "#graphite", "uv": [ 0.0, 0.0, 0.5, 0.5 ], "enabled": false },
				"up": { "texture": "#graphite", "uv": [ 3.0, 3.0, 3.5, 3.5 ], "enabled": false },
				"down": { "texture": "#graphite", "uv": [ 0.0, 0.0, 0.5, 0.5 ], "enabled": false }
			},
			"children": [
				{
					"name": "W vertical 19",
					"from": [ -0.8, 0.0, -0.3 ], 
					"to": [ -0.3, 0.5, 0.2 ], 
					"faces": {
						"north": { "texture": "#graphite", "uv": [ 2.0, 0.0, 2.5, 0.5 ], "enabled": false },
						"east": { "texture": "#graphite", "uv": [ 8.5, 1.0, 9.0, 1.5 ] },
						"south": { "texture": "#graphite", "uv": [ 4.0, 5.0, 4.5, 5.5 ], "enabled": false },
						"west": { "texture": "#graphite", "uv": [ 10.0, 12.0, 10.5, 12.5 ] },
						"up": { "texture": "#graphite", "uv": [ 9.0, 3.0, 9.5, 3.5 ] },
						"down": { "texture": "#graphite", "uv": [ 9.0, 1.0, 9.5, 1.5 ] }
					}
				},
				{
					"name": "E vertical 20",
					"from": [ 0.2, 0.0, -0.3 ], 
					"to": [ 0.7, 0.5, 0.2 ], 
					"faces": {
						"north": { "texture": "#graphite", "uv": [ 0.0, 7.0, 0.5, 7.5 ], "enabled": false },
						"east": { "texture": "#graphite", "uv": [ 11.5, 11.0, 12.0, 11.5 ] },
						"south": { "texture": "#graphite", "uv": [ 8.0, 1.0, 8.5, 1.5 ], "enabled": false },
						"west": { "texture": "#graphite", "uv": [ 11.0, 12.0, 11.5, 12.5 ] },
						"up": { "texture": "#graphite", "uv": [ 12.0, 11.5, 12.5, 12.0 ] },
						"down": { "texture": "#graphite", "uv": [ 11.0, 12.0, 11.5, 12.5 ] }
					}
				},
				{
					"name": "N horizontal 21",
					"from": [ -0.8, 0.0, -0.8 ], 
					"to": [ 0.7, 0.5, -0.3 ], 
					"faces": {
						"north": { "texture": "#graphite", "uv": [ 11.5, 11.5, 13.0, 12.0 ] },
						"east": { "texture": "#graphite", "uv": [ 10.5, 11.0, 11.0, 11.5 ] },
						"south": { "texture": "#graphite", "uv": [ 10.5, 12.0, 12.0, 12.5 ] },
						"west": { "texture": "#graphite", "uv": [ 12.0, 12.0, 12.5, 12.5 ] },
						"up": { "texture": "#graphite", "uv": [ 12.0, 13.0, 13.5, 13.5 ] },
						"down": { "texture": "#graphite", "uv": [ 10.0, 10.5, 11.5, 11.0 ] }
					}
				},
				{
					"name": "S horizontal 22",
					"from": [ -0.8, 0.0, 0.2 ], 
					"to": [ 0.7, 0.5, 0.7 ], 
					"faces": {
						"north": { "texture": "#graphite", "uv": [ 10.5, 12.5, 12.0, 13.0 ] },
						"east": { "texture": "#graphite", "uv": [ 11.0, 12.5, 11.5, 13.0 ] },
						"south": { "texture": "#graphite", "uv": [ 11.5, 13.0, 13.0, 13.5 ] },
						"west": { "texture": "#graphite", "uv": [ 10.5, 12.0, 11.0, 12.5 ] },
						"up": { "texture": "#graphite", "uv": [ 14.0, 14.0, 15.5, 14.5 ] },
						"down": { "texture": "#graphite", "uv": [ 11.0, 12.0, 12.5, 12.5 ] }
					}
				}
			]
		},
		{
			"name": "origin 5",
			"from": [ 0.0, 0.0, 0.0 ], 
			"to": [ 0.0, 0.0, 0.0 ], 
			"rotationOrigin": [ 8.0, 0.0, 8.0 ],
			"faces": {
				"north": { "texture": "#steel", "uv": [ 0.0, 0.0, 0.0, 0.0 ], "enabled": false },
				"east": { "texture": "#steel", "uv": [ 0.0, 0.0, 0.0, 0.0 ], "enabled": false },
				"south": { "texture": "#steel", "uv": [ 0.0, 0.0, 0.0, 0.0 ], "enabled": false },
				"west": { "texture": "#steel", "uv": [ 0.0, 0.0, 0.0, 0.0 ], "enabled": false },
				"up": { "texture": "#steel", "uv": [ 0.0, 0.0, 0.0, 0.0 ], "enabled": false },
				"down": { "texture": "#steel", "uv": [ 0.0, 0.0, 0.0, 0.0 ], "enabled": false }
			},
			"children": [
				{
					"name": "cilinder 1",
					"from": [ 7.0, 0.0, 7.0 ], 
					"to": [ 9.0, 1.5, 9.0 ], 
					"rotationOrigin": [ 8.0, 0.0, 8.0 ],
					"faces": {
						"north": { "texture": "#malachite", "uv": [ 10.0, 8.0, 12.0, 9.5 ] },
						"east": { "texture": "#malachite", "uv": [ 11.0, 8.5, 13.0, 10.0 ] },
						"south": { "texture": "#malachite", "uv": [ 10.0, 10.0, 12.0, 11.5 ] },
						"west": { "texture": "#malachite", "uv": [ 10.0, 7.5, 12.0, 9.0 ] },
						"up": { "texture": "#malachite", "uv": [ 7.5, 7.0, 9.5, 9.0 ] },
						"down": { "texture": "#malachite", "uv": [ 10.5, 11.0, 12.5, 13.0 ] }
					}
				},
				{
					"name": "cilinder 3",
					"from": [ 4.5, 0.0, 5.7 ], 
					"to": [ 8.5, 1.0, 6.7 ], 
					"rotationOrigin": [ 6.5, 0.0, 6.2 ],
					"rotationY": 64.0,
					"faces": {
						"north": { "texture": "#molybdochalkos", "uv": [ 7.5, 6.5, 11.5, 7.5 ] },
						"east": { "texture": "#molybdochalkos", "uv": [ 11.0, 8.5, 12.0, 9.5 ] },
						"south": { "texture": "#molybdochalkos", "uv": [ 10.0, 10.0, 14.0, 11.0 ] },
						"west": { "texture": "#molybdochalkos", "uv": [ 9.0, 9.5, 10.0, 10.5 ] },
						"up": { "texture": "#molybdochalkos", "uv": [ 9.5, 12.5, 13.5, 13.5 ] },
						"down": { "texture": "#molybdochalkos", "uv": [ 10.5, 11.0, 14.5, 12.0 ] }
					},
					"children": [
						{
							"name": "cilinder 3 segment",
							"from": [ -2.4, 0.0, 0.0 ], 
							"to": [ -0.4, 1.0, 1.0 ], 
							"rotationOrigin": [ -1.3, 0.0, 0.5 ],
							"rotationY": 47.0,
							"faces": {
								"north": { "texture": "#molybdochalkos", "uv": [ 3.5, 2.5, 5.5, 3.5 ] },
								"east": { "texture": "#molybdochalkos", "uv": [ 8.0, 2.5, 9.0, 3.5 ] },
								"south": { "texture": "#molybdochalkos", "uv": [ 3.5, 3.0, 5.5, 4.0 ] },
								"west": { "texture": "#molybdochalkos", "uv": [ 2.0, 3.5, 3.0, 4.5 ] },
								"up": { "texture": "#molybdochalkos", "uv": [ 3.5, 4.0, 5.5, 5.0 ] },
								"down": { "texture": "#molybdochalkos", "uv": [ 3.5, 5.0, 5.5, 6.0 ] }
							}
						},
						{
							"name": "cilinder 3 tip",
							"from": [ -3.4, 0.1, -0.9 ], 
							"to": [ -0.9, 0.6, -0.4 ], 
							"rotationOrigin": [ -2.1, 0.1, -0.6 ],
							"rotationY": -121.0,
							"faces": {
								"north": { "texture": "#molybdochalkos", "uv": [ 8.5, 1.5, 11.0, 2.0 ] },
								"east": { "texture": "#molybdochalkos", "uv": [ 10.5, 12.0, 11.0, 12.5 ] },
								"south": { "texture": "#molybdochalkos", "uv": [ 6.5, 6.0, 9.0, 6.5 ] },
								"west": { "texture": "#molybdochalkos", "uv": [ 10.0, 10.5, 10.5, 11.0 ] },
								"up": { "texture": "#molybdochalkos", "uv": [ 11.0, 12.0, 13.5, 12.5 ] },
								"down": { "texture": "#molybdochalkos", "uv": [ 11.0, 12.5, 13.5, 13.0 ] }
							}
						}
					]
				}
			]
		},
		{
			"name": "origin 8",
			"from": [ 6.0, 0.8, 7.0 ], 
			"to": [ 6.0, 0.8, 7.0 ], 
			"rotationOrigin": [ 6.0, 0.8, 7.0 ],
			"rotationY": -8.0,
			"rotationZ": 39.0,
			"faces": {
				"north": { "texture": "#limonite", "uv": [ 2.0, 3.0, 2.5, 3.5 ], "enabled": false },
				"east": { "texture": "#limonite", "uv": [ 10.0, 1.0, 10.0, 1.0 ], "enabled": false, "autoUv": false },
				"south": { "texture": "#limonite", "uv": [ 6.0, 6.0, 6.5, 6.5 ], "enabled": false },
				"west": { "texture": "#limonite", "uv": [ 0.0, 0.0, 0.5, 0.5 ], "enabled": false },
				"up": { "texture": "#limonite", "uv": [ 3.0, 3.0, 3.5, 3.5 ], "enabled": false },
				"down": { "texture": "#limonite", "uv": [ 0.0, 0.0, 0.5, 0.5 ], "enabled": false }
			},
			"children": [
				{
					"name": "W vertical 40",
					"from": [ -0.8, 0.1, -1.3 ], 
					"to": [ -0.3, 0.6, 1.2 ], 
					"faces": {
						"north": { "texture": "#limonite", "uv": [ 2.0, 0.0, 2.5, 0.5 ] },
						"east": { "texture": "#limonite", "uv": [ 0.0, 0.0, 2.5, 0.5 ] },
						"south": { "texture": "#limonite", "uv": [ 4.0, 5.0, 4.5, 5.5 ] },
						"west": { "texture": "#limonite", "uv": [ 3.0, 2.5, 5.5, 3.0 ] },
						"up": { "texture": "#limonite", "uv": [ 1.0, 13.5, 1.5, 16.0 ] },
						"down": { "texture": "#limonite", "uv": [ 1.0, 0.0, 1.5, 2.5 ] }
					}
				},
				{
					"name": "E vertical 41",
					"from": [ 0.2, 0.1, -1.3 ], 
					"to": [ 0.7, 0.6, 1.2 ], 
					"faces": {
						"north": { "texture": "#limonite", "uv": [ 0.0, 7.0, 0.5, 7.5 ] },
						"east": { "texture": "#limonite", "uv": [ 9.5, 5.5, 12.0, 6.0 ] },
						"south": { "texture": "#limonite", "uv": [ 8.0, 1.0, 8.5, 1.5 ] },
						"west": { "texture": "#limonite", "uv": [ 0.0, 0.0, 2.5, 0.5 ] },
						"up": { "texture": "#limonite", "uv": [ 8.0, 4.0, 8.5, 6.5 ] },
						"down": { "texture": "#limonite", "uv": [ 0.0, 0.0, 0.5, 2.5 ] }
					}
				},
				{
					"name": "N horizontal 42",
					"from": [ -1.3, 0.0, -0.8 ], 
					"to": [ 1.2, 0.7, -0.3 ], 
					"faces": {
						"north": { "texture": "#limonite", "uv": [ 10.5, 3.0, 13.0, 3.5 ] },
						"east": { "texture": "#limonite", "uv": [ 7.5, 2.0, 8.0, 2.5 ] },
						"south": { "texture": "#limonite", "uv": [ 2.5, 6.0, 5.0, 6.5 ] },
						"west": { "texture": "#limonite", "uv": [ 2.0, 3.0, 2.5, 3.5 ] },
						"up": { "texture": "#limonite", "uv": [ 2.5, 3.5, 5.0, 4.0 ] },
						"down": { "texture": "#limonite", "uv": [ 2.0, 3.0, 4.5, 3.5 ] }
					}
				},
				{
					"name": "S horizontal 43",
					"from": [ -1.3, 0.0, 0.2 ], 
					"to": [ 1.2, 0.7, 0.7 ], 
					"faces": {
						"north": { "texture": "#limonite", "uv": [ 10.0, 2.0, 12.5, 2.5 ] },
						"east": { "texture": "#limonite", "uv": [ 7.0, 6.0, 7.5, 6.5 ] },
						"south": { "texture": "#limonite", "uv": [ 4.0, 2.5, 6.5, 3.0 ] },
						"west": { "texture": "#limonite", "uv": [ 0.0, 3.0, 0.5, 3.5 ] },
						"up": { "texture": "#limonite", "uv": [ 3.0, 14.5, 5.5, 15.0 ] },
						"down": { "texture": "#limonite", "uv": [ 1.0, 5.0, 3.5, 5.5 ] }
					}
				}
			]
		},
		{
			"name": "tube 1",
			"from": [ 2.4, 0.0, 6.6 ], 
			"to": [ 13.4, 0.5, 7.1 ], 
			"rotationOrigin": [ 7.9, 0.0, 6.8 ],
			"rotationY": -35.0,
			"faces": {
				"north": { "texture": "#steel", "uv": [ 5.0, 12.5, 16.0, 13.0 ] },
				"east": { "texture": "#steel", "uv": [ 0.0, 0.0, 0.5, 0.5 ] },
				"south": { "texture": "#steel", "uv": [ 3.5, 12.5, 14.5, 13.0 ] },
				"west": { "texture": "#steel", "uv": [ 0.0, 0.0, 0.5, 0.5 ] },
				"up": { "texture": "#steel", "uv": [ 5.0, 12.0, 16.0, 12.5 ] },
				"down": { "texture": "#steel", "uv": [ 4.0, 0.0, 15.0, 0.5 ] }
			}
		},
		{
			"name": "tube 2",
			"from": [ 4.7, 0.0, 4.3 ], 
			"to": [ 9.7, 0.5, 4.8 ], 
			"rotationOrigin": [ 7.2, 0.0, 4.5 ],
			"rotationY": -56.0,
			"faces": {
				"north": { "texture": "#molybdochalkos", "uv": [ 10.5, 12.5, 15.5, 13.0 ] },
				"east": { "texture": "#molybdochalkos", "uv": [ 12.0, 14.0, 12.5, 14.5 ] },
				"south": { "texture": "#molybdochalkos", "uv": [ 9.5, 13.5, 14.5, 14.0 ] },
				"west": { "texture": "#molybdochalkos", "uv": [ 13.0, 13.0, 13.5, 13.5 ] },
				"up": { "texture": "#molybdochalkos", "uv": [ 8.5, 12.0, 13.5, 12.5 ] },
				"down": { "texture": "#molybdochalkos", "uv": [ 4.0, 0.0, 9.0, 0.5 ] }
			}
		},
		{
			"name": "tube 3",
			"from": [ 6.4, 0.0, 10.6 ], 
			"to": [ 11.4, 0.5, 11.1 ], 
			"rotationOrigin": [ 8.9, 0.0, 10.8 ],
			"rotationY": -97.0,
			"faces": {
				"north": { "texture": "#brass", "uv": [ 10.5, 12.5, 15.5, 13.0 ] },
				"east": { "texture": "#brass", "uv": [ 12.0, 14.0, 12.5, 14.5 ] },
				"south": { "texture": "#brass", "uv": [ 9.5, 13.5, 14.5, 14.0 ] },
				"west": { "texture": "#brass", "uv": [ 13.0, 13.0, 13.5, 13.5 ] },
				"up": { "texture": "#brass", "uv": [ 8.5, 12.0, 13.5, 12.5 ] },
				"down": { "texture": "#brass", "uv": [ 4.0, 0.0, 9.0, 0.5 ] }
			}
		},
		{
			"name": "small cube 1",
			"from": [ 9.7, 0.0, 11.1 ], 
			"to": [ 10.2, 0.5, 11.6 ], 
			"rotationOrigin": [ 9.7, 0.0, 11.1 ],
			"rotationY": -14.0,
			"faces": {
				"north": { "texture": "#steel", "uv": [ 7.5, 6.0, 8.0, 6.5 ] },
				"east": { "texture": "#steel", "uv": [ 7.5, 2.0, 8.0, 2.5 ] },
				"south": { "texture": "#steel", "uv": [ 11.5, 14.0, 12.0, 14.5 ] },
				"west": { "texture": "#steel", "uv": [ 12.0, 13.0, 12.5, 13.5 ] },
				"up": { "texture": "#steel", "uv": [ 11.5, 12.0, 12.0, 12.5 ] },
				"down": { "texture": "#steel", "uv": [ 10.5, 14.5, 11.0, 15.0 ] }
			}
		},
		{
			"name": "small cube 2",
			"from": [ 3.4, 0.0, 6.0 ], 
			"to": [ 4.4, 0.5, 7.0 ], 
			"rotationOrigin": [ 3.9, 0.0, 6.5 ],
			"rotationY": -17.0,
			"faces": {
				"north": { "texture": "#tin", "uv": [ 7.5, 6.0, 8.5, 6.5 ] },
				"east": { "texture": "#tin", "uv": [ 7.5, 2.0, 8.5, 2.5 ] },
				"south": { "texture": "#tin", "uv": [ 11.5, 14.0, 12.5, 14.5 ] },
				"west": { "texture": "#tin", "uv": [ 12.0, 13.0, 13.0, 13.5 ] },
				"up": { "texture": "#tin", "uv": [ 11.5, 12.0, 12.5, 13.0 ] },
				"down": { "texture": "#tin", "uv": [ 10.5, 14.5, 11.5, 15.5 ] }
			}
		},
		{
			"name": "small cube 3",
			"from": [ 7.9, 0.0, 4.1 ], 
			"to": [ 8.4, 0.5, 4.6 ], 
			"rotationOrigin": [ 7.9, 0.0, 4.1 ],
			"rotationY": 31.0,
			"faces": {
				"north": { "texture": "#steel", "uv": [ 3.0, 4.5, 3.5, 5.0 ] },
				"east": { "texture": "#steel", "uv": [ 1.5, 4.0, 2.0, 4.5 ] },
				"south": { "texture": "#steel", "uv": [ 15.0, 2.5, 15.5, 3.0 ] },
				"west": { "texture": "#steel", "uv": [ 1.5, 6.0, 2.0, 6.5 ] },
				"up": { "texture": "#steel", "uv": [ 2.5, 3.5, 3.0, 4.0 ] },
				"down": { "texture": "#steel", "uv": [ 3.5, 4.0, 4.0, 4.5 ] }
			}
		}
	]}