{
	code: "metalmininglantern",
	storageFlags: 257,
	heldRightTpIdleAnimation: "holdinglanternrighthand",
	heldLeftTpIdleAnimation: "holdinglanternlefthand",
	creativeinventory: { "general": ["metalmininglantern-south"], "decorative": ["metalmininglantern-south"] },
	variantgroups: [
		{ code:"side", loadFromProperties: "abstract/horizontalorientation" }
	],
	behaviors: [
		{ name: "HorizontalOrientable", properties: {  dropBlockFace: "south" }},
		{ name: "RightClickPickup" },
		{ name: "UnstableFalling"}
	],
	shapebytype: {
		"metalmininglantern-west": { base: "block/metalmininglantern", rotateY: 270 },
		"metalmininglantern-east": { base: "block/metalmininglantern", rotateY: 90 },
		"metalmininglantern-south": { base: "block/metalmininglantern", rotateY: 0 },
		"metalmininglantern-north": { base: "block/metalmininglantern", rotateY: 180 }
	},
	drawtype: "json",
	resistance: 1,
	maxStackSize: 16,
	materialDensity: 800,
	blockmaterial: "Metal",
	lightAbsorption: 0,
	lightHsv: [5, 5, 24],
	sideopaque: {
		all: false
	},
	sidesolid: {
		all: false
	},
	selectionBox: { x1: 0.35, y1: 0, z1: 0.35, x2: 0.725, y2: 0.625, z2: 0.7 },
	collisionbox: { x1: 0.35, y1: 0, z1: 0.35, x2: 0.725, y2: 0.625, z2: 0.7 },
		
	guiTransform: {
	origin: { x: 0.5, y: 0.3, z: 0.45 },
	scale: 2
	},
	fpHandTransform: {
		translation: { x: 0, y: 0, z: 0 },
		rotation: { x: 11, y: -46, z: 1 },
		origin: { x: 0, y: 0, z: 0 },
		scale: 1.6
	},
		tpHandTransform: {
		translation: { x: -2.09, y: -2.15, z: -1.705 },
		rotation: { x: 93, y: 0, z: -89 },
		origin: { x: 0.8, y: 1.5, z: 0.9 },
		scale: 0.59
	},
		groundTransform: {
		translation: { x: 0, y: 0, z: 0 },
		rotation: { x: 0, y: -45, z: 0 },
		origin: { x: 0.5, y: 0, z: 0.5 },
		scale: 2.5
	}
}