{
	"editor": {
		"allAngles": false,
		"entityTextureMode": false
	},
	"textureWidth": 16,
	"textureHeight": 16,
	"textureSizes": {
	},
	"textures": {
		"metal": "block/metal/plate/copper"
	},
	"elements": [
		{
			"name": "Pin1",
			"from": [ 5.9, 0.0, 2.0 ], 
			"to": [ 7.9, 1.0, 4.0 ], 
			"rotationOrigin": [ 5.9, 0.0, 2.0 ],
			"faces": {
				"north": { "texture": "#metal", "uv": [ 0.0, 0.0, 15.0, 14.0 ], "autoUv": false },
				"east": { "texture": "#metal", "uv": [ 0.0, 0.0, 15.0, 15.0 ], "autoUv": false },
				"south": { "texture": "#metal", "uv": [ 0.0, 0.0, 15.0, 14.5 ], "autoUv": false },
				"west": { "texture": "#metal", "uv": [ 0.0, 0.0, 15.5, 15.5 ], "autoUv": false },
				"up": { "texture": "#metal", "uv": [ 0.0, 0.0, 15.0, 15.0 ], "autoUv": false },
				"down": { "texture": "#metal", "uv": [ 0.0, 0.0, 14.0, 13.0 ], "autoUv": false }
			},
			"children": [
				{
					"name": "SubPin",
					"from": [ 2.0, 0.0, 0.0 ], 
					"to": [ 4.0, 1.0, 2.0 ], 
					"rotationOrigin": [ 2.0, 0.0, 0.0 ],
					"faces": {
						"north": { "texture": "#metal", "uv": [ 0.0, 0.0, 14.5, 15.0 ], "autoUv": false },
						"east": { "texture": "#metal", "uv": [ 0.0, 0.0, 15.5, 14.5 ], "autoUv": false },
						"south": { "texture": "#metal", "uv": [ 0.0, 0.0, 15.5, 15.5 ], "autoUv": false },
						"west": { "texture": "#metal", "uv": [ 0.0, 0.0, 15.0, 15.0 ], "autoUv": false },
						"up": { "texture": "#metal", "uv": [ 0.0, 0.0, 15.0, 15.0 ], "autoUv": false },
						"down": { "texture": "#metal", "uv": [ 0.0, 0.0, 14.5, 13.5 ], "autoUv": false }
					}
				},
				{
					"name": "Chisel",
					"from": [ 1.0, 4.7, 0.0 ], 
					"to": [ 3.0, 5.7, 2.0 ], 
					"rotationOrigin": [ 1.0, 4.7, 0.0 ],
					"faces": {
						"north": { "texture": "#metal", "uv": [ 0.0, 0.0, 15.5, 14.5 ], "autoUv": false },
						"east": { "texture": "#metal", "uv": [ 0.0, 0.0, 14.5, 14.5 ], "autoUv": false },
						"south": { "texture": "#metal", "uv": [ 0.0, 0.0, 15.0, 14.0 ], "autoUv": false },
						"west": { "texture": "#metal", "uv": [ 0.0, 0.0, 14.0, 10.5 ], "autoUv": false },
						"up": { "texture": "#metal", "uv": [ 0.0, 0.0, 10.5, 9.5 ], "autoUv": false },
						"down": { "texture": "#metal", "uv": [ 0.0, 0.0, 15.0, 15.0 ], "autoUv": false }
					},
					"children": [
						{
							"name": "Cube1",
							"from": [ 0.5, -3.9, 0.1 ], 
							"to": [ 1.5, 0.1, 1.9 ], 
							"rotationOrigin": [ 1.5, -3.9, 0.1 ],
							"rotationZ": -7.0,
							"faces": {
								"north": { "texture": "#metal", "uv": [ 0.0, 0.0, 15.5, 15.0 ], "autoUv": false },
								"east": { "texture": "#metal", "uv": [ 0.0, 0.0, 15.0, 15.0 ], "autoUv": false },
								"south": { "texture": "#metal", "uv": [ 0.0, 0.0, 15.0, 15.0 ], "autoUv": false },
								"west": { "texture": "#metal", "uv": [ 0.0, 0.0, 15.0, 15.5 ], "autoUv": false },
								"up": { "texture": "#metal", "uv": [ 0.0, 0.0, 15.5, 15.0 ], "autoUv": false },
								"down": { "texture": "#metal", "uv": [ 0.0, 0.0, 15.5, 15.5 ], "autoUv": false }
							}
						},
						{
							"name": "Cube2",
							"from": [ 0.5, -3.9, 0.1 ], 
							"to": [ 1.5, 0.1, 1.9 ], 
							"rotationOrigin": [ 0.5, -3.9, 0.1 ],
							"rotationZ": 7.0,
							"faces": {
								"north": { "texture": "#metal", "uv": [ 0.0, 0.0, 15.5, 15.0 ], "autoUv": false },
								"east": { "texture": "#metal", "uv": [ 0.0, 0.0, 15.0, 14.0 ], "autoUv": false },
								"south": { "texture": "#metal", "uv": [ 0.0, 0.0, 15.0, 15.5 ], "autoUv": false },
								"west": { "texture": "#metal", "uv": [ 0.0, 0.0, 14.0, 15.0 ], "autoUv": false },
								"up": { "texture": "#metal", "uv": [ 0.0, 0.0, 13.5, 15.5 ], "autoUv": false },
								"down": { "texture": "#metal", "uv": [ 0.0, 0.0, 15.0, 13.5 ], "autoUv": false }
							}
						}
					]
				}
			]
		},
		{
			"name": "Pin6",
			"from": [ 6.5, 0.0, 7.0 ], 
			"to": [ 8.5, 1.0, 9.0 ], 
			"rotationOrigin": [ 6.5, 0.0, 7.0 ],
			"faces": {
				"north": { "texture": "#metal", "uv": [ 0.0, 0.0, 15.0, 15.0 ], "autoUv": false },
				"east": { "texture": "#metal", "uv": [ 0.0, 0.0, 14.5, 15.0 ], "autoUv": false },
				"south": { "texture": "#metal", "uv": [ 0.0, 0.0, 15.0, 15.0 ], "autoUv": false },
				"west": { "texture": "#metal", "uv": [ 0.0, 0.0, 14.5, 15.0 ], "autoUv": false },
				"up": { "texture": "#metal", "uv": [ 0.0, 0.0, 15.5, 15.0 ], "autoUv": false },
				"down": { "texture": "#metal", "uv": [ 0.0, 0.0, 15.5, 15.0 ], "autoUv": false }
			},
			"children": [
				{
					"name": "SubPin7",
					"from": [ 2.0, 0.0, 0.0 ], 
					"to": [ 4.0, 1.0, 2.0 ], 
					"rotationOrigin": [ 2.0, 0.0, 0.0 ],
					"faces": {
						"north": { "texture": "#metal", "uv": [ 0.0, 0.0, 14.5, 15.0 ], "autoUv": false },
						"east": { "texture": "#metal", "uv": [ 0.0, 0.0, 15.5, 13.0 ], "autoUv": false },
						"south": { "texture": "#metal", "uv": [ 0.0, 0.0, 11.0, 14.5 ], "autoUv": false },
						"west": { "texture": "#metal", "uv": [ 0.0, 0.0, 14.5, 15.5 ], "autoUv": false },
						"up": { "texture": "#metal", "uv": [ 0.0, 0.0, 14.5, 14.5 ], "autoUv": false },
						"down": { "texture": "#metal", "uv": [ 0.0, 0.0, 15.0, 15.5 ], "autoUv": false }
					}
				},
				{
					"name": "Chisel8",
					"from": [ 1.0, 4.7, 0.0 ], 
					"to": [ 3.0, 5.7, 2.0 ], 
					"rotationOrigin": [ 1.0, 4.7, 0.0 ],
					"faces": {
						"north": { "texture": "#metal", "uv": [ 0.0, 0.0, 15.5, 14.5 ], "autoUv": false },
						"east": { "texture": "#metal", "uv": [ 0.0, 0.0, 12.0, 14.0 ], "autoUv": false },
						"south": { "texture": "#metal", "uv": [ 0.0, 0.0, 14.0, 11.0 ], "autoUv": false },
						"west": { "texture": "#metal", "uv": [ 0.0, 0.0, 13.0, 15.0 ], "autoUv": false },
						"up": { "texture": "#metal", "uv": [ 0.0, 0.0, 14.0, 12.5 ], "autoUv": false },
						"down": { "texture": "#metal", "uv": [ 0.0, 0.0, 13.5, 14.0 ], "autoUv": false }
					},
					"children": [
						{
							"name": "Cube9",
							"from": [ 0.5, -3.9, 0.1 ], 
							"to": [ 1.5, 0.1, 1.9 ], 
							"rotationOrigin": [ 1.5, -3.9, 0.1 ],
							"rotationZ": -7.0,
							"faces": {
								"north": { "texture": "#metal", "uv": [ 0.0, 0.0, 14.5, 14.5 ], "autoUv": false },
								"east": { "texture": "#metal", "uv": [ 0.0, 0.0, 15.5, 15.0 ], "autoUv": false },
								"south": { "texture": "#metal", "uv": [ 0.0, 0.0, 15.0, 14.0 ], "autoUv": false },
								"west": { "texture": "#metal", "uv": [ 0.0, 0.0, 14.5, 13.0 ], "autoUv": false },
								"up": { "texture": "#metal", "uv": [ 0.0, 0.0, 13.5, 15.0 ], "autoUv": false },
								"down": { "texture": "#metal", "uv": [ 0.0, 0.0, 15.0, 11.0 ], "autoUv": false }
							}
						},
						{
							"name": "Cube10",
							"from": [ 0.5, -3.9, 0.1 ], 
							"to": [ 1.5, 0.1, 1.9 ], 
							"rotationOrigin": [ 0.5, -3.9, 0.1 ],
							"rotationZ": 7.0,
							"faces": {
								"north": { "texture": "#metal", "uv": [ 0.0, 0.0, 15.5, 15.0 ], "autoUv": false },
								"east": { "texture": "#metal", "uv": [ 0.0, 0.0, 15.0, 14.5 ], "autoUv": false },
								"south": { "texture": "#metal", "uv": [ 0.0, 0.0, 14.5, 14.5 ], "autoUv": false },
								"west": { "texture": "#metal", "uv": [ 0.0, 0.0, 14.5, 15.5 ], "autoUv": false },
								"up": { "texture": "#metal", "uv": [ 0.0, 0.0, 14.5, 14.5 ], "autoUv": false },
								"down": { "texture": "#metal", "uv": [ 0.0, 0.0, 14.5, 14.0 ], "autoUv": false }
							}
						}
					]
				}
			]
		},
		{
			"name": "Pin11",
			"from": [ 6.2, 0.0, 12.0 ], 
			"to": [ 8.2, 1.0, 14.0 ], 
			"rotationOrigin": [ 6.2, 0.0, 12.0 ],
			"faces": {
				"north": { "texture": "#metal", "uv": [ 0.0, 0.0, 14.5, 15.0 ], "autoUv": false },
				"east": { "texture": "#metal", "uv": [ 0.0, 0.0, 15.0, 14.5 ], "autoUv": false },
				"south": { "texture": "#metal", "uv": [ 0.0, 0.0, 15.0, 15.0 ], "autoUv": false },
				"west": { "texture": "#metal", "uv": [ 0.0, 0.0, 12.5, 12.5 ], "autoUv": false },
				"up": { "texture": "#metal", "uv": [ 0.0, 0.0, 14.5, 13.0 ], "autoUv": false },
				"down": { "texture": "#metal", "uv": [ 0.0, 0.0, 14.5, 14.0 ], "autoUv": false }
			},
			"children": [
				{
					"name": "SubPin12",
					"from": [ 2.0, 0.0, 0.0 ], 
					"to": [ 4.0, 1.0, 2.0 ], 
					"rotationOrigin": [ 2.0, 0.0, 0.0 ],
					"faces": {
						"north": { "texture": "#metal", "uv": [ 0.0, 0.0, 15.0, 13.5 ], "autoUv": false },
						"east": { "texture": "#metal", "uv": [ 0.0, 0.0, 14.0, 15.5 ], "autoUv": false },
						"south": { "texture": "#metal", "uv": [ 0.0, 0.0, 14.5, 14.0 ], "autoUv": false },
						"west": { "texture": "#metal", "uv": [ 0.0, 0.0, 14.5, 14.5 ], "autoUv": false },
						"up": { "texture": "#metal", "uv": [ 0.0, 0.0, 14.5, 14.0 ], "autoUv": false },
						"down": { "texture": "#metal", "uv": [ 0.0, 0.0, 13.0, 14.5 ], "autoUv": false }
					}
				},
				{
					"name": "Chisel13",
					"from": [ 1.0, 4.7, 0.0 ], 
					"to": [ 3.0, 5.7, 2.0 ], 
					"rotationOrigin": [ 1.0, 4.7, 0.0 ],
					"faces": {
						"north": { "texture": "#metal", "uv": [ 0.0, 0.0, 15.5, 15.5 ], "autoUv": false },
						"east": { "texture": "#metal", "uv": [ 0.0, 0.0, 15.5, 16.0 ], "autoUv": false },
						"south": { "texture": "#metal", "uv": [ 0.0, 0.0, 14.5, 16.0 ], "autoUv": false },
						"west": { "texture": "#metal", "uv": [ 0.0, 0.0, 14.5, 13.0 ], "autoUv": false },
						"up": { "texture": "#metal", "uv": [ 0.0, 0.0, 15.5, 14.5 ], "autoUv": false },
						"down": { "texture": "#metal", "uv": [ 0.0, 0.0, 14.5, 15.0 ], "autoUv": false }
					},
					"children": [
						{
							"name": "Cube14",
							"from": [ 0.5, -3.9, 0.1 ], 
							"to": [ 1.5, 0.1, 1.9 ], 
							"rotationOrigin": [ 1.5, -3.9, 0.1 ],
							"rotationZ": -7.0,
							"faces": {
								"north": { "texture": "#metal", "uv": [ 0.0, 0.0, 15.5, 15.0 ], "autoUv": false },
								"east": { "texture": "#metal", "uv": [ 0.0, 0.0, 15.0, 15.0 ], "autoUv": false },
								"south": { "texture": "#metal", "uv": [ 0.0, 0.0, 15.5, 15.0 ], "autoUv": false },
								"west": { "texture": "#metal", "uv": [ 0.0, 0.0, 15.5, 15.0 ], "autoUv": false },
								"up": { "texture": "#metal", "uv": [ 0.0, 0.0, 15.5, 15.5 ], "autoUv": false },
								"down": { "texture": "#metal", "uv": [ 0.0, 0.0, 15.5, 15.0 ], "autoUv": false }
							}
						},
						{
							"name": "Cube15",
							"from": [ 0.5, -3.9, 0.1 ], 
							"to": [ 1.5, 0.1, 1.9 ], 
							"rotationOrigin": [ 0.5, -3.9, 0.1 ],
							"rotationZ": 7.0,
							"faces": {
								"north": { "texture": "#metal", "uv": [ 0.0, 0.0, 15.0, 15.0 ], "autoUv": false },
								"east": { "texture": "#metal", "uv": [ 0.0, 0.0, 15.0, 14.5 ], "autoUv": false },
								"south": { "texture": "#metal", "uv": [ 0.0, 0.0, 14.5, 15.5 ], "autoUv": false },
								"west": { "texture": "#metal", "uv": [ 0.0, 0.0, 15.0, 14.5 ], "autoUv": false },
								"up": { "texture": "#metal", "uv": [ 0.0, 0.0, 15.0, 14.0 ], "autoUv": false },
								"down": { "texture": "#metal", "uv": [ 0.0, 0.0, 14.0, 14.0 ], "autoUv": false }
							}
						}
					]
				}
			]
		}
	]}