{
	"editor": {
		"allAngles": false,
		"entityTextureMode": false
	},
	"textureWidth": 16,
	"textureHeight": 16,
	"textureSizes": {
	},
	"textures": {
		"metal": "block/metal/plate/copper"
	},
	"elements": [
		{
			"name": "Chisel3",
			"from": [ 7.2, 1.0, 12.0 ], 
			"to": [ 9.2, 2.0, 14.0 ], 
			"rotationOrigin": [ 7.2, 1.0, 12.0 ],
			"faces": {
				"north": { "texture": "#metal", "uv": [ 0.0, 0.0, 15.0, 15.0 ], "autoUv": false },
				"east": { "texture": "#metal", "uv": [ 0.0, 0.0, 15.5, 15.5 ], "autoUv": false },
				"south": { "texture": "#metal", "uv": [ 0.0, 0.0, 14.5, 15.0 ], "autoUv": false },
				"west": { "texture": "#metal", "uv": [ 0.0, 0.0, 15.0, 15.5 ], "autoUv": false },
				"up": { "texture": "#metal", "uv": [ 0.0, 0.0, 14.5, 15.5 ], "autoUv": false },
				"down": { "texture": "#metal", "uv": [ 0.0, 0.0, 15.0, 14.5 ], "autoUv": false }
			},
			"children": [
				{
					"name": "Cube14",
					"from": [ 0.5, -3.9, 0.1 ], 
					"to": [ 1.5, 0.1, 1.9 ], 
					"rotationOrigin": [ 1.5, -3.9, 0.1 ],
					"rotationZ": -7.0,
					"faces": {
						"north": { "texture": "#metal", "uv": [ 0.0, 0.0, 15.0, 15.0 ], "autoUv": false },
						"east": { "texture": "#metal", "uv": [ 0.0, 0.0, 15.0, 15.5 ], "autoUv": false },
						"south": { "texture": "#metal", "uv": [ 0.0, 0.0, 15.5, 15.0 ], "autoUv": false },
						"west": { "texture": "#metal", "uv": [ 0.0, 0.0, 14.0, 15.0 ], "autoUv": false },
						"up": { "texture": "#metal", "uv": [ 0.0, 0.0, 14.5, 14.5 ], "autoUv": false },
						"down": { "texture": "#metal", "uv": [ 0.0, 0.0, 15.0, 14.5 ], "autoUv": false }
					}
				},
				{
					"name": "Cube15",
					"from": [ 0.5, -3.9, 0.1 ], 
					"to": [ 1.5, 0.1, 1.9 ], 
					"rotationOrigin": [ 0.5, -3.9, 0.1 ],
					"rotationZ": 7.0,
					"faces": {
						"north": { "texture": "#metal", "uv": [ 0.0, 0.0, 15.5, 15.5 ], "autoUv": false },
						"east": { "texture": "#metal", "uv": [ 0.0, 0.0, 14.0, 15.0 ], "autoUv": false },
						"south": { "texture": "#metal", "uv": [ 0.0, 0.0, 15.0, 15.5 ], "autoUv": false },
						"west": { "texture": "#metal", "uv": [ 0.0, 0.0, 15.0, 15.5 ], "autoUv": false },
						"up": { "texture": "#metal", "uv": [ 0.0, 0.0, 15.5, 16.0 ], "autoUv": false },
						"down": { "texture": "#metal", "uv": [ 0.0, 0.0, 14.5, 14.5 ], "autoUv": false }
					}
				}
			]
		},
		{
			"name": "Chisel2",
			"from": [ 7.5, 1.8, 7.0 ], 
			"to": [ 9.5, 2.8, 9.0 ], 
			"rotationOrigin": [ 7.5, 1.8, 7.0 ],
			"faces": {
				"north": { "texture": "#metal", "uv": [ 0.0, 0.0, 15.0, 13.5 ], "autoUv": false },
				"east": { "texture": "#metal", "uv": [ 0.0, 0.0, 13.5, 16.0 ], "autoUv": false },
				"south": { "texture": "#metal", "uv": [ 0.0, 0.0, 14.0, 13.5 ], "autoUv": false },
				"west": { "texture": "#metal", "uv": [ 0.0, 0.0, 14.5, 12.0 ], "autoUv": false },
				"up": { "texture": "#metal", "uv": [ 0.0, 0.0, 15.0, 12.5 ], "autoUv": false },
				"down": { "texture": "#metal", "uv": [ 0.0, 0.0, 13.0, 12.5 ], "autoUv": false }
			},
			"children": [
				{
					"name": "Cube9",
					"from": [ 0.5, -3.9, 0.1 ], 
					"to": [ 1.5, 0.1, 1.9 ], 
					"rotationOrigin": [ 1.5, -3.9, 0.1 ],
					"rotationZ": -7.0,
					"faces": {
						"north": { "texture": "#metal", "uv": [ 0.0, 0.0, 14.0, 13.5 ], "autoUv": false },
						"east": { "texture": "#metal", "uv": [ 0.0, 0.0, 16.0, 14.0 ], "autoUv": false },
						"south": { "texture": "#metal", "uv": [ 0.0, 0.0, 13.5, 14.0 ], "autoUv": false },
						"west": { "texture": "#metal", "uv": [ 0.0, 0.0, 13.5, 12.0 ], "autoUv": false },
						"up": { "texture": "#metal", "uv": [ 0.0, 0.0, 8.5, 10.0 ], "autoUv": false },
						"down": { "texture": "#metal", "uv": [ 0.0, 0.0, 14.5, 14.5 ], "autoUv": false }
					}
				},
				{
					"name": "Cube10",
					"from": [ 0.5, -3.9, 0.1 ], 
					"to": [ 1.5, 0.1, 1.9 ], 
					"rotationOrigin": [ 0.5, -3.9, 0.1 ],
					"rotationZ": 7.0,
					"faces": {
						"north": { "texture": "#metal", "uv": [ 0.0, 0.0, 15.0, 11.5 ], "autoUv": false },
						"east": { "texture": "#metal", "uv": [ 0.0, 0.0, 14.5, 14.5 ], "autoUv": false },
						"south": { "texture": "#metal", "uv": [ 0.0, 0.0, 14.0, 13.5 ], "autoUv": false },
						"west": { "texture": "#metal", "uv": [ 0.0, 0.0, 13.0, 14.0 ], "autoUv": false },
						"up": { "texture": "#metal", "uv": [ 0.0, 0.0, 14.5, 14.0 ], "autoUv": false },
						"down": { "texture": "#metal", "uv": [ 0.0, 0.0, 13.5, 14.5 ], "autoUv": false }
					}
				}
			]
		},
		{
			"name": "Chisel1",
			"from": [ 6.9, 1.2, 2.0 ], 
			"to": [ 8.9, 2.2, 4.0 ], 
			"rotationOrigin": [ 6.9, 1.2, 2.0 ],
			"faces": {
				"north": { "texture": "#metal", "uv": [ 0.0, 0.0, 13.5, 12.5 ], "autoUv": false },
				"east": { "texture": "#metal", "uv": [ 0.0, 0.0, 14.0, 14.5 ], "autoUv": false },
				"south": { "texture": "#metal", "uv": [ 0.0, 0.0, 15.0, 13.0 ], "autoUv": false },
				"west": { "texture": "#metal", "uv": [ 0.0, 0.0, 14.0, 13.5 ], "autoUv": false },
				"up": { "texture": "#metal", "uv": [ 0.0, 0.0, 13.0, 13.5 ], "autoUv": false },
				"down": { "texture": "#metal", "uv": [ 0.0, 0.0, 13.5, 15.5 ], "autoUv": false }
			},
			"children": [
				{
					"name": "Cube1",
					"from": [ 0.5, -3.9, 0.1 ], 
					"to": [ 1.5, 0.1, 1.9 ], 
					"rotationOrigin": [ 1.5, -3.9, 0.1 ],
					"rotationZ": -7.0,
					"faces": {
						"north": { "texture": "#metal", "uv": [ 0.0, 0.0, 15.5, 13.5 ], "autoUv": false },
						"east": { "texture": "#metal", "uv": [ 0.0, 0.0, 13.0, 15.0 ], "autoUv": false },
						"south": { "texture": "#metal", "uv": [ 0.0, 0.0, 10.5, 14.0 ], "autoUv": false },
						"west": { "texture": "#metal", "uv": [ 0.0, 0.0, 11.5, 11.5 ], "autoUv": false },
						"up": { "texture": "#metal", "uv": [ 0.0, 0.0, 10.5, 14.0 ], "autoUv": false },
						"down": { "texture": "#metal", "uv": [ 0.0, 0.0, 15.0, 13.0 ], "autoUv": false }
					}
				},
				{
					"name": "Cube2",
					"from": [ 0.5, -3.9, 0.1 ], 
					"to": [ 1.5, 0.1, 1.9 ], 
					"rotationOrigin": [ 0.5, -3.9, 0.1 ],
					"rotationZ": 7.0,
					"faces": {
						"north": { "texture": "#metal", "uv": [ 0.0, 0.0, 13.5, 14.0 ], "autoUv": false },
						"east": { "texture": "#metal", "uv": [ 0.0, 0.0, 15.0, 14.5 ], "autoUv": false },
						"south": { "texture": "#metal", "uv": [ 0.0, 0.0, 11.0, 14.5 ], "autoUv": false },
						"west": { "texture": "#metal", "uv": [ 0.0, 0.0, 14.0, 14.0 ], "autoUv": false },
						"up": { "texture": "#metal", "uv": [ 0.0, 0.0, 11.0, 14.0 ], "autoUv": false },
						"down": { "texture": "#metal", "uv": [ 0.0, 0.0, 9.0, 8.5 ], "autoUv": false }
					}
				}
			]
		},
		{
			"name": "Pin1",
			"from": [ 5.1, 0.0, 2.0 ], 
			"to": [ 7.1, 1.0, 4.0 ], 
			"rotationOrigin": [ 5.1, 0.0, 2.0 ],
			"faces": {
				"north": { "texture": "#metal", "uv": [ 0.0, 0.0, 15.5, 15.0 ], "autoUv": false },
				"east": { "texture": "#metal", "uv": [ 0.0, 0.0, 12.5, 11.5 ], "autoUv": false },
				"south": { "texture": "#metal", "uv": [ 0.0, 0.0, 13.5, 14.5 ], "autoUv": false },
				"west": { "texture": "#metal", "uv": [ 0.0, 0.0, 13.5, 13.0 ], "autoUv": false },
				"up": { "texture": "#metal", "uv": [ 0.0, 0.0, 13.0, 13.0 ], "autoUv": false },
				"down": { "texture": "#metal", "uv": [ 0.0, 0.0, 11.5, 11.5 ], "autoUv": false }
			}
		},
		{
			"name": "Pin2",
			"from": [ 8.7, 0.0, 2.0 ], 
			"to": [ 10.7, 1.0, 4.0 ], 
			"rotationOrigin": [ 8.7, 0.0, 2.0 ],
			"faces": {
				"north": { "texture": "#metal", "uv": [ 0.0, 0.0, 14.5, 13.5 ], "autoUv": false },
				"east": { "texture": "#metal", "uv": [ 0.0, 0.0, 14.5, 14.5 ], "autoUv": false },
				"south": { "texture": "#metal", "uv": [ 0.0, 0.0, 13.0, 13.5 ], "autoUv": false },
				"west": { "texture": "#metal", "uv": [ 0.0, 0.0, 13.5, 11.5 ], "autoUv": false },
				"up": { "texture": "#metal", "uv": [ 0.0, 0.0, 15.0, 13.5 ], "autoUv": false },
				"down": { "texture": "#metal", "uv": [ 0.0, 0.0, 14.0, 14.5 ], "autoUv": false }
			}
		},
		{
			"name": "Pin3",
			"from": [ 5.7, 0.0, 7.0 ], 
			"to": [ 7.7, 1.0, 9.0 ], 
			"rotationOrigin": [ 5.7, 0.0, 7.0 ],
			"faces": {
				"north": { "texture": "#metal", "uv": [ 0.0, 0.0, 13.5, 14.5 ], "autoUv": false },
				"east": { "texture": "#metal", "uv": [ 0.0, 0.0, 11.5, 13.5 ], "autoUv": false },
				"south": { "texture": "#metal", "uv": [ 0.0, 0.0, 15.5, 14.0 ], "autoUv": false },
				"west": { "texture": "#metal", "uv": [ 0.0, 0.0, 14.5, 13.0 ], "autoUv": false },
				"up": { "texture": "#metal", "uv": [ 0.0, 0.0, 15.0, 13.5 ], "autoUv": false },
				"down": { "texture": "#metal", "uv": [ 0.0, 0.0, 11.5, 14.0 ], "autoUv": false }
			}
		},
		{
			"name": "Pin4",
			"from": [ 9.2, 0.0, 7.0 ], 
			"to": [ 11.2, 1.0, 9.0 ], 
			"rotationOrigin": [ 9.2, 0.0, 7.0 ],
			"faces": {
				"north": { "texture": "#metal", "uv": [ 0.0, 0.0, 14.5, 14.5 ], "autoUv": false },
				"east": { "texture": "#metal", "uv": [ 0.0, 0.0, 14.5, 14.5 ], "autoUv": false },
				"south": { "texture": "#metal", "uv": [ 0.0, 0.0, 14.5, 14.5 ], "autoUv": false },
				"west": { "texture": "#metal", "uv": [ 0.0, 0.0, 15.0, 15.5 ], "autoUv": false },
				"up": { "texture": "#metal", "uv": [ 0.0, 0.0, 15.0, 14.5 ], "autoUv": false },
				"down": { "texture": "#metal", "uv": [ 0.0, 0.0, 13.5, 14.5 ], "autoUv": false }
			}
		},
		{
			"name": "Pin6",
			"from": [ 8.9, 0.0, 12.0 ], 
			"to": [ 10.9, 1.0, 14.0 ], 
			"rotationOrigin": [ 8.9, 0.0, 12.0 ],
			"faces": {
				"north": { "texture": "#metal", "uv": [ 0.0, 0.0, 12.0, 13.5 ], "autoUv": false },
				"east": { "texture": "#metal", "uv": [ 0.0, 0.0, 14.5, 15.0 ], "autoUv": false },
				"south": { "texture": "#metal", "uv": [ 0.0, 0.0, 13.0, 15.5 ], "autoUv": false },
				"west": { "texture": "#metal", "uv": [ 0.0, 0.0, 14.5, 13.5 ], "autoUv": false },
				"up": { "texture": "#metal", "uv": [ 0.0, 0.0, 13.0, 13.0 ], "autoUv": false },
				"down": { "texture": "#metal", "uv": [ 0.0, 0.0, 12.5, 15.0 ], "autoUv": false }
			}
		},
		{
			"name": "Pin5",
			"from": [ 5.5, 0.0, 12.0 ], 
			"to": [ 7.5, 1.0, 14.0 ], 
			"rotationOrigin": [ 5.5, 0.0, 12.0 ],
			"faces": {
				"north": { "texture": "#metal", "uv": [ 0.0, 0.0, 11.0, 15.0 ], "autoUv": false },
				"east": { "texture": "#metal", "uv": [ 0.0, 0.0, 9.5, 12.0 ], "autoUv": false },
				"south": { "texture": "#metal", "uv": [ 0.0, 0.0, 11.0, 11.0 ], "autoUv": false },
				"west": { "texture": "#metal", "uv": [ 0.0, 0.0, 13.0, 12.0 ], "autoUv": false },
				"up": { "texture": "#metal", "uv": [ 2.0, 1.0, 14.5, 13.0 ], "autoUv": false },
				"down": { "texture": "#metal", "uv": [ 0.0, 0.0, 14.0, 15.0 ], "autoUv": false }
			}
		}
	]}