{
  "ingredient": { "type": "item", "code": "game:clay-*", "name": "type", "allowedVariants": ["blue", "fire"] },
  "pattern": [
    [
      "##############",
      "##############",
      "##############",
      "##############",
      "##############",
      "##############",
      "##############",
      "##############",
      "##############",
      "##############",
      "##############",
      "##############",
      "##############",
      "##############"
    ],
    [
      "##############",
      "##############",
      "##__________##",
      "##__________##",
      "##############",
      "##############",
      "##__________##",
      "##__________##",
      "##############",
      "##############",
      "##__________##",
      "##__________##",
      "##############",
      "##############"
    ]
  ],
  "name": "PlugAndFeather Mold",
  "output": { "type": "block", "code": "game:toolmold-raw-sq_plugandfeather" }
}
