{
	"editor": {
		"backDropShape": "entity/land/wolf-male",
		"allAngles": false,
		"entityTextureMode": false
	},
	"textureWidth": 16,
	"textureHeight": 16,
	"textureSizes": {
	},
	"textures": {
		"orange": "game:block/liquid/dye/orange"
	},
	"elements": [
		{
			"name": "scarfroot",
			"stepParentName": "neck",
			"from": [ 1.75, -0.5, 0.0 ], 
			"to": [ 3.5, 0.0, 1.0 ], 
			"rotationOrigin": [ 1.0, -0.25, 0.0 ],
			"faces": {
				"north": { "texture": "#orange", "uv": [ 0.0, 0.0, 1.5, 0.5 ] },
				"east": { "texture": "#orange", "uv": [ 0.0, 0.0, 1.0, 0.5 ] },
				"south": { "texture": "#orange", "uv": [ 0.0, 0.0, 1.5, 0.5 ] },
				"west": { "texture": "#orange", "uv": [ 0.0, 0.0, 1.0, 0.5 ] },
				"up": { "texture": "#orange", "uv": [ 0.0, 0.0, 1.5, 1.0 ] },
				"down": { "texture": "#orange", "uv": [ 0.0, 0.0, 1.5, 1.0 ] }
			},
			"children": [
				{
					"name": "scarftop",
					"from": [ -0.5, 7.5, 0.0 ], 
					"to": [ 0.5, 8.0, 4.0 ], 
					"rotationOrigin": [ -1.0, 6.5, 0.0 ],
					"faces": {
						"north": { "texture": "#orange", "uv": [ 0.0, 0.0, 1.0, 0.5 ] },
						"east": { "texture": "#orange", "uv": [ 0.0, 0.0, 4.0, 0.5 ] },
						"south": { "texture": "#orange", "uv": [ 0.0, 0.0, 1.0, 0.5 ] },
						"west": { "texture": "#orange", "uv": [ 0.0, 0.0, 4.0, 0.5 ] },
						"up": { "texture": "#orange", "uv": [ 0.0, 0.0, 1.0, 4.0 ] },
						"down": { "texture": "#orange", "uv": [ 0.0, 0.0, 1.0, 4.0 ] }
					},
					"children": [
						{
							"name": "scarftop1",
							"from": [ 0.0, 0.0, 4.0 ], 
							"to": [ 1.25, 0.5, 6.0 ], 
							"rotationOrigin": [ -0.5, -1.0, 4.0 ],
							"faces": {
								"north": { "texture": "#orange", "uv": [ 0.0, 0.0, 1.0, 0.5 ] },
								"east": { "texture": "#orange", "uv": [ 0.0, 0.0, 2.0, 0.5 ] },
								"south": { "texture": "#orange", "uv": [ 0.0, 0.0, 1.0, 0.5 ] },
								"west": { "texture": "#orange", "uv": [ 0.0, 0.0, 2.0, 0.5 ] },
								"up": { "texture": "#orange", "uv": [ 0.0, 0.0, 1.0, 2.0 ] },
								"down": { "texture": "#orange", "uv": [ 0.0, 0.0, 1.0, 2.0 ] }
							}
						},
						{
							"name": "scarfknot",
							"from": [ -0.25, -0.25, -1.0 ], 
							"to": [ 1.25, 0.75, 0.5 ], 
							"rotationOrigin": [ 0.5, -0.25, -0.25 ],
							"rotationX": -45.0,
							"rotationY": 45.0,
							"faces": {
								"north": { "texture": "#orange", "uv": [ 0.0, 0.0, 1.5, 1.0 ] },
								"east": { "texture": "#orange", "uv": [ 0.0, 0.0, 1.5, 1.0 ] },
								"south": { "texture": "#orange", "uv": [ 0.0, 0.0, 1.5, 1.0 ] },
								"west": { "texture": "#orange", "uv": [ 0.0, 0.0, 1.5, 1.0 ] },
								"up": { "texture": "#orange", "uv": [ 0.0, 0.0, 1.5, 1.5 ] },
								"down": { "texture": "#orange", "uv": [ 0.0, 0.0, 1.5, 1.5 ] }
							},
							"children": [
								{
									"name": "scarfknot1",
									"from": [ 1.0, 0.5, 0.0 ], 
									"to": [ 2.5, 1.0, 0.5 ], 
									"rotationOrigin": [ 1.0, 0.5, 0.0 ],
									"rotationX": -22.5,
									"rotationY": 22.5,
									"rotationZ": 67.5,
									"faces": {
										"north": { "texture": "#orange", "uv": [ 0.0, 0.0, 1.5, 0.5 ] },
										"east": { "texture": "#orange", "uv": [ 0.0, 0.0, 0.5, 0.5 ] },
										"south": { "texture": "#orange", "uv": [ 0.0, 0.0, 1.5, 0.5 ] },
										"west": { "texture": "#orange", "uv": [ 0.0, 0.0, 0.5, 0.5 ] },
										"up": { "texture": "#orange", "uv": [ 0.0, 0.0, 1.5, 0.5 ] },
										"down": { "texture": "#orange", "uv": [ 0.0, 0.0, 1.5, 0.5 ] }
									}
								},
								{
									"name": "scarfknot2",
									"from": [ 1.0, 0.5, 1.0 ], 
									"to": [ 3.0, 1.0, 1.5 ], 
									"rotationOrigin": [ 1.0, 0.5, 1.0 ],
									"rotationX": 22.5,
									"rotationY": -22.5,
									"rotationZ": 45.0,
									"faces": {
										"north": { "texture": "#orange", "uv": [ 0.0, 0.0, 2.0, 0.5 ] },
										"east": { "texture": "#orange", "uv": [ 0.0, 0.0, 0.5, 0.5 ] },
										"south": { "texture": "#orange", "uv": [ 0.0, 0.0, 2.0, 0.5 ] },
										"west": { "texture": "#orange", "uv": [ 0.0, 0.0, 0.5, 0.5 ] },
										"up": { "texture": "#orange", "uv": [ 0.0, 0.0, 2.0, 0.5 ] },
										"down": { "texture": "#orange", "uv": [ 0.0, 0.0, 2.0, 0.5 ] }
									}
								}
							]
						}
					]
				},
				{
					"name": "scarfleft",
					"from": [ 0.0, 0.0, 6.0 ], 
					"to": [ 0.5, 8.0, 6.5 ], 
					"rotationOrigin": [ 0.0, -0.5, 6.0 ],
					"faces": {
						"north": { "texture": "#orange", "uv": [ 0.0, 0.0, 0.5, 8.0 ] },
						"east": { "texture": "#orange", "uv": [ 0.0, 0.0, 0.5, 8.0 ] },
						"south": { "texture": "#orange", "uv": [ 0.0, 0.0, 0.5, 8.0 ] },
						"west": { "texture": "#orange", "uv": [ 0.0, 0.0, 0.5, 8.0 ] },
						"up": { "texture": "#orange", "uv": [ 0.0, 0.0, 0.5, 0.5 ] },
						"down": { "texture": "#orange", "uv": [ 0.0, 0.0, 0.5, 0.5 ] }
					},
					"children": [
						{
							"name": "scarfleft1",
							"from": [ 0.5, 0.0, 0.0 ], 
							"to": [ 1.5, 2.0, 0.5 ], 
							"rotationOrigin": [ 1.0, -0.5, 0.0 ],
							"faces": {
								"north": { "texture": "#orange", "uv": [ 0.0, 0.0, 1.0, 2.0 ] },
								"east": { "texture": "#orange", "uv": [ 0.0, 0.0, 0.5, 2.0 ] },
								"south": { "texture": "#orange", "uv": [ 0.0, 0.0, 1.0, 2.0 ] },
								"west": { "texture": "#orange", "uv": [ 0.0, 0.0, 0.5, 2.0 ] },
								"up": { "texture": "#orange", "uv": [ 0.0, 0.0, 1.0, 0.5 ] },
								"down": { "texture": "#orange", "uv": [ 0.0, 0.0, 1.0, 0.5 ] }
							}
						},
						{
							"name": "scarfleft2",
							"from": [ -0.5, 5.0, 0.0 ], 
							"to": [ 0.0, 8.0, 0.5 ], 
							"rotationOrigin": [ 0.0, 4.5, 0.0 ],
							"faces": {
								"north": { "texture": "#orange", "uv": [ 0.0, 0.0, 0.5, 3.0 ] },
								"east": { "texture": "#orange", "uv": [ 0.0, 0.0, 0.5, 3.0 ] },
								"south": { "texture": "#orange", "uv": [ 0.0, 0.0, 0.5, 3.0 ] },
								"west": { "texture": "#orange", "uv": [ 0.0, 0.0, 0.5, 3.0 ] },
								"up": { "texture": "#orange", "uv": [ 0.0, 0.0, 0.5, 0.5 ] },
								"down": { "texture": "#orange", "uv": [ 0.0, 0.0, 0.5, 0.5 ] }
							}
						},
						{
							"name": "scarfleft3",
							"from": [ -0.25, 2.0, 0.0 ], 
							"to": [ 0.0, 5.0, 0.5 ], 
							"rotationOrigin": [ 0.0, 1.5, 0.0 ],
							"faces": {
								"north": { "texture": "#orange", "uv": [ 0.0, 0.0, 0.5, 3.0 ] },
								"east": { "texture": "#orange", "uv": [ 0.0, 0.0, 0.5, 3.0 ] },
								"south": { "texture": "#orange", "uv": [ 0.0, 0.0, 0.5, 3.0 ] },
								"west": { "texture": "#orange", "uv": [ 0.0, 0.0, 0.5, 3.0 ] },
								"up": { "texture": "#orange", "uv": [ 0.0, 0.0, 0.5, 0.5 ] },
								"down": { "texture": "#orange", "uv": [ 0.0, 0.0, 0.5, 0.5 ] }
							}
						},
						{
							"name": "scarfleft4",
							"from": [ 0.5, 2.0, 0.0 ], 
							"to": [ 1.25, 4.0, 0.5 ], 
							"rotationOrigin": [ 1.0, 1.5, 0.0 ],
							"faces": {
								"north": { "texture": "#orange", "uv": [ 0.0, 0.0, 0.5, 2.0 ] },
								"east": { "texture": "#orange", "uv": [ 0.0, 0.0, 0.5, 2.0 ] },
								"south": { "texture": "#orange", "uv": [ 0.0, 0.0, 0.5, 2.0 ] },
								"west": { "texture": "#orange", "uv": [ 0.0, 0.0, 0.5, 2.0 ] },
								"up": { "texture": "#orange", "uv": [ 0.0, 0.0, 0.5, 0.5 ] },
								"down": { "texture": "#orange", "uv": [ 0.0, 0.0, 0.5, 0.5 ] }
							}
						},
						{
							"name": "scarfleft5",
							"from": [ 0.5, 4.0, 0.0 ], 
							"to": [ 1.0, 6.0, 0.5 ], 
							"rotationOrigin": [ 1.0, 3.5, 0.0 ],
							"faces": {
								"north": { "texture": "#orange", "uv": [ 0.0, 0.0, 0.5, 2.0 ] },
								"east": { "texture": "#orange", "uv": [ 0.0, 0.0, 0.5, 2.0 ] },
								"south": { "texture": "#orange", "uv": [ 0.0, 0.0, 0.5, 2.0 ] },
								"west": { "texture": "#orange", "uv": [ 0.0, 0.0, 0.5, 2.0 ] },
								"up": { "texture": "#orange", "uv": [ 0.0, 0.0, 0.5, 0.5 ] },
								"down": { "texture": "#orange", "uv": [ 0.0, 0.0, 0.5, 0.5 ] }
							}
						},
						{
							"name": "scarfleft6",
							"from": [ 0.5, 6.0, 0.0 ], 
							"to": [ 0.75, 8.0, 0.5 ], 
							"rotationOrigin": [ 1.0, 5.5, 0.0 ],
							"faces": {
								"north": { "texture": "#orange", "uv": [ 0.0, 0.0, 0.5, 2.0 ] },
								"east": { "texture": "#orange", "uv": [ 0.0, 0.0, 0.5, 2.0 ] },
								"south": { "texture": "#orange", "uv": [ 0.0, 0.0, 0.5, 2.0 ] },
								"west": { "texture": "#orange", "uv": [ 0.0, 0.0, 0.5, 2.0 ] },
								"up": { "texture": "#orange", "uv": [ 0.0, 0.0, 0.5, 0.5 ] },
								"down": { "texture": "#orange", "uv": [ 0.0, 0.0, 0.5, 0.5 ] }
							}
						}
					]
				},
				{
					"name": "scarfend",
					"from": [ 1.75, 0.0, 0.5 ], 
					"to": [ 2.25, 0.5, 5.5 ], 
					"rotationOrigin": [ 1.75, 0.5, 0.5 ],
					"rotationZ": -45.0,
					"faces": {
						"north": { "texture": "#orange", "uv": [ 0.0, 0.0, 0.5, 0.5 ] },
						"east": { "texture": "#orange", "uv": [ 0.0, 0.0, 5.0, 0.5 ] },
						"south": { "texture": "#orange", "uv": [ 0.0, 0.0, 0.5, 0.5 ] },
						"west": { "texture": "#orange", "uv": [ 0.0, 0.0, 5.0, 0.5 ] },
						"up": { "texture": "#orange", "uv": [ 0.0, 0.0, 0.5, 5.0 ] },
						"down": { "texture": "#orange", "uv": [ 0.0, 0.0, 0.5, 5.0 ] }
					},
					"children": [
						{
							"name": "scarfend1",
							"from": [ 0.5, 0.0, 0.5 ], 
							"to": [ 1.0, 0.5, 4.5 ], 
							"rotationOrigin": [ 0.25, 0.0, 1.5 ],
							"faces": {
								"north": { "texture": "#orange", "uv": [ 0.0, 0.0, 0.5, 0.5 ] },
								"east": { "texture": "#orange", "uv": [ 0.0, 0.0, 4.0, 0.5 ] },
								"south": { "texture": "#orange", "uv": [ 0.0, 0.0, 0.5, 0.5 ] },
								"west": { "texture": "#orange", "uv": [ 0.0, 0.0, 4.0, 0.5 ] },
								"up": { "texture": "#orange", "uv": [ 0.0, 0.0, 0.5, 4.0 ] },
								"down": { "texture": "#orange", "uv": [ 0.0, 0.0, 0.5, 4.0 ] }
							}
						},
						{
							"name": "scarfend2",
							"from": [ 1.0, 0.0, 1.0 ], 
							"to": [ 1.5, 0.5, 4.0 ], 
							"rotationOrigin": [ 0.25, 0.0, 1.5 ],
							"faces": {
								"north": { "texture": "#orange", "uv": [ 0.0, 0.0, 0.5, 0.5 ] },
								"east": { "texture": "#orange", "uv": [ 0.0, 0.0, 3.0, 0.5 ] },
								"south": { "texture": "#orange", "uv": [ 0.0, 0.0, 0.5, 0.5 ] },
								"west": { "texture": "#orange", "uv": [ 0.0, 0.0, 3.0, 0.5 ] },
								"up": { "texture": "#orange", "uv": [ 0.0, 0.0, 0.5, 3.0 ] },
								"down": { "texture": "#orange", "uv": [ 0.0, 0.0, 0.5, 3.0 ] }
							}
						},
						{
							"name": "scarfend3",
							"from": [ 1.5, 0.0, 1.5 ], 
							"to": [ 2.0, 0.5, 3.5 ], 
							"rotationOrigin": [ 0.25, 0.0, 1.5 ],
							"faces": {
								"north": { "texture": "#orange", "uv": [ 0.0, 0.0, 0.5, 0.5 ] },
								"east": { "texture": "#orange", "uv": [ 0.0, 0.0, 2.0, 0.5 ] },
								"south": { "texture": "#orange", "uv": [ 0.0, 0.0, 0.5, 0.5 ] },
								"west": { "texture": "#orange", "uv": [ 0.0, 0.0, 2.0, 0.5 ] },
								"up": { "texture": "#orange", "uv": [ 0.0, 0.0, 0.5, 2.0 ] },
								"down": { "texture": "#orange", "uv": [ 0.0, 0.0, 0.5, 2.0 ] }
							}
						},
						{
							"name": "scarfend4",
							"from": [ 2.0, 0.0, 2.0 ], 
							"to": [ 2.5, 0.5, 3.0 ], 
							"rotationOrigin": [ 0.25, 0.0, 1.5 ],
							"faces": {
								"north": { "texture": "#orange", "uv": [ 0.0, 0.0, 0.5, 0.5 ] },
								"east": { "texture": "#orange", "uv": [ 0.0, 0.0, 1.0, 0.5 ] },
								"south": { "texture": "#orange", "uv": [ 0.0, 0.0, 0.5, 0.5 ] },
								"west": { "texture": "#orange", "uv": [ 0.0, 0.0, 1.0, 0.5 ] },
								"up": { "texture": "#orange", "uv": [ 0.0, 0.0, 0.5, 1.0 ] },
								"down": { "texture": "#orange", "uv": [ 0.0, 0.0, 0.5, 1.0 ] }
							}
						}
					]
				},
				{
					"name": "scarfroot1",
					"from": [ 0.0, 0.0, 5.0 ], 
					"to": [ 1.75, 0.5, 6.0 ], 
					"rotationOrigin": [ 0.0, 0.25, 5.0 ],
					"faces": {
						"north": { "texture": "#orange", "uv": [ 0.0, 0.0, 1.5, 0.5 ] },
						"east": { "texture": "#orange", "uv": [ 0.0, 0.0, 1.0, 0.5 ] },
						"south": { "texture": "#orange", "uv": [ 0.0, 0.0, 1.5, 0.5 ] },
						"west": { "texture": "#orange", "uv": [ 0.0, 0.0, 1.0, 0.5 ] },
						"up": { "texture": "#orange", "uv": [ 0.0, 0.0, 1.5, 1.0 ] },
						"down": { "texture": "#orange", "uv": [ 0.0, 0.0, 1.5, 1.0 ] }
					}
				},
				{
					"name": "scarfroot2",
					"from": [ 0.5, 0.0, 2.0 ], 
					"to": [ 1.75, 0.5, 4.0 ], 
					"rotationOrigin": [ 0.0, 0.25, 2.0 ],
					"faces": {
						"north": { "texture": "#orange", "uv": [ 0.0, 0.0, 1.0, 0.5 ] },
						"east": { "texture": "#orange", "uv": [ 0.0, 0.0, 2.0, 0.5 ] },
						"south": { "texture": "#orange", "uv": [ 0.0, 0.0, 1.0, 0.5 ] },
						"west": { "texture": "#orange", "uv": [ 0.0, 0.0, 2.0, 0.5 ] },
						"up": { "texture": "#orange", "uv": [ 0.0, 0.0, 1.0, 2.0 ] },
						"down": { "texture": "#orange", "uv": [ 0.0, 0.0, 1.0, 2.0 ] }
					}
				},
				{
					"name": "scarfroot3",
					"from": [ 0.25, 0.0, 4.0 ], 
					"to": [ 1.75, 0.5, 5.0 ], 
					"rotationOrigin": [ 0.0, 0.25, 4.0 ],
					"faces": {
						"north": { "texture": "#orange", "uv": [ 0.0, 0.0, 1.5, 0.5 ] },
						"east": { "texture": "#orange", "uv": [ 0.0, 0.0, 1.0, 0.5 ] },
						"south": { "texture": "#orange", "uv": [ 0.0, 0.0, 1.5, 0.5 ] },
						"west": { "texture": "#orange", "uv": [ 0.0, 0.0, 1.0, 0.5 ] },
						"up": { "texture": "#orange", "uv": [ 0.0, 0.0, 1.5, 1.0 ] },
						"down": { "texture": "#orange", "uv": [ 0.0, 0.0, 1.5, 1.0 ] }
					}
				},
				{
					"name": "scarfroot4",
					"from": [ 0.25, 0.0, 1.0 ], 
					"to": [ 1.75, 0.5, 2.0 ], 
					"rotationOrigin": [ 0.0, 0.25, 1.0 ],
					"faces": {
						"north": { "texture": "#orange", "uv": [ 0.0, 0.0, 1.5, 0.5 ] },
						"east": { "texture": "#orange", "uv": [ 0.0, 0.0, 1.0, 0.5 ] },
						"south": { "texture": "#orange", "uv": [ 0.0, 0.0, 1.5, 0.5 ] },
						"west": { "texture": "#orange", "uv": [ 0.0, 0.0, 1.0, 0.5 ] },
						"up": { "texture": "#orange", "uv": [ 0.0, 0.0, 1.5, 1.0 ] },
						"down": { "texture": "#orange", "uv": [ 0.0, 0.0, 1.5, 1.0 ] }
					}
				},
				{
					"name": "scarfright",
					"from": [ 0.0, 0.0, -0.5 ], 
					"to": [ 0.5, 8.0, 0.0 ], 
					"rotationOrigin": [ 0.0, -0.5, -1.0 ],
					"faces": {
						"north": { "texture": "#orange", "uv": [ 0.0, 0.0, 0.5, 8.0 ] },
						"east": { "texture": "#orange", "uv": [ 0.0, 0.0, 0.5, 8.0 ] },
						"south": { "texture": "#orange", "uv": [ 0.0, 0.0, 0.5, 8.0 ] },
						"west": { "texture": "#orange", "uv": [ 0.0, 0.0, 0.5, 8.0 ] },
						"up": { "texture": "#orange", "uv": [ 0.0, 0.0, 0.5, 0.5 ] },
						"down": { "texture": "#orange", "uv": [ 0.0, 0.0, 0.5, 0.5 ] }
					},
					"children": [
						{
							"name": "scarfright1",
							"from": [ 0.5, 0.0, 0.0 ], 
							"to": [ 1.5, 2.0, 0.5 ], 
							"rotationOrigin": [ 1.0, -0.5, 0.0 ],
							"faces": {
								"north": { "texture": "#orange", "uv": [ 0.0, 0.0, 1.0, 2.0 ] },
								"east": { "texture": "#orange", "uv": [ 0.0, 0.0, 0.5, 2.0 ] },
								"south": { "texture": "#orange", "uv": [ 0.0, 0.0, 1.0, 2.0 ] },
								"west": { "texture": "#orange", "uv": [ 0.0, 0.0, 0.5, 2.0 ] },
								"up": { "texture": "#orange", "uv": [ 0.0, 0.0, 1.0, 0.5 ] },
								"down": { "texture": "#orange", "uv": [ 0.0, 0.0, 1.0, 0.5 ] }
							}
						},
						{
							"name": "scarfright2",
							"from": [ -0.5, 5.0, 0.0 ], 
							"to": [ 0.0, 8.0, 0.5 ], 
							"rotationOrigin": [ 0.0, 4.5, 0.0 ],
							"faces": {
								"north": { "texture": "#orange", "uv": [ 0.0, 0.0, 0.5, 3.0 ] },
								"east": { "texture": "#orange", "uv": [ 0.0, 0.0, 0.5, 3.0 ] },
								"south": { "texture": "#orange", "uv": [ 0.0, 0.0, 0.5, 3.0 ] },
								"west": { "texture": "#orange", "uv": [ 0.0, 0.0, 0.5, 3.0 ] },
								"up": { "texture": "#orange", "uv": [ 0.0, 0.0, 0.5, 0.5 ] },
								"down": { "texture": "#orange", "uv": [ 0.0, 0.0, 0.5, 0.5 ] }
							}
						},
						{
							"name": "scarfright3",
							"from": [ -0.25, 2.0, 0.0 ], 
							"to": [ 0.0, 5.0, 0.5 ], 
							"rotationOrigin": [ 0.0, 1.5, 0.0 ],
							"faces": {
								"north": { "texture": "#orange", "uv": [ 0.0, 0.0, 0.5, 3.0 ] },
								"east": { "texture": "#orange", "uv": [ 0.0, 0.0, 0.5, 3.0 ] },
								"south": { "texture": "#orange", "uv": [ 0.0, 0.0, 0.5, 3.0 ] },
								"west": { "texture": "#orange", "uv": [ 0.0, 0.0, 0.5, 3.0 ] },
								"up": { "texture": "#orange", "uv": [ 0.0, 0.0, 0.5, 0.5 ] },
								"down": { "texture": "#orange", "uv": [ 0.0, 0.0, 0.5, 0.5 ] }
							}
						},
						{
							"name": "scarfright4",
							"from": [ 0.5, 2.0, 0.0 ], 
							"to": [ 1.25, 4.0, 0.5 ], 
							"rotationOrigin": [ 1.0, 1.5, 0.0 ],
							"faces": {
								"north": { "texture": "#orange", "uv": [ 0.0, 0.0, 0.5, 2.0 ] },
								"east": { "texture": "#orange", "uv": [ 0.0, 0.0, 0.5, 2.0 ] },
								"south": { "texture": "#orange", "uv": [ 0.0, 0.0, 0.5, 2.0 ] },
								"west": { "texture": "#orange", "uv": [ 0.0, 0.0, 0.5, 2.0 ] },
								"up": { "texture": "#orange", "uv": [ 0.0, 0.0, 0.5, 0.5 ] },
								"down": { "texture": "#orange", "uv": [ 0.0, 0.0, 0.5, 0.5 ] }
							}
						},
						{
							"name": "scarfright5",
							"from": [ 0.5, 4.0, 0.0 ], 
							"to": [ 1.0, 6.0, 0.5 ], 
							"rotationOrigin": [ 1.0, 3.5, 0.0 ],
							"faces": {
								"north": { "texture": "#orange", "uv": [ 0.0, 0.0, 0.5, 2.0 ] },
								"east": { "texture": "#orange", "uv": [ 0.0, 0.0, 0.5, 2.0 ] },
								"south": { "texture": "#orange", "uv": [ 0.0, 0.0, 0.5, 2.0 ] },
								"west": { "texture": "#orange", "uv": [ 0.0, 0.0, 0.5, 2.0 ] },
								"up": { "texture": "#orange", "uv": [ 0.0, 0.0, 0.5, 0.5 ] },
								"down": { "texture": "#orange", "uv": [ 0.0, 0.0, 0.5, 0.5 ] }
							}
						},
						{
							"name": "scarfright6",
							"from": [ 0.5, 6.0, 0.0 ], 
							"to": [ 0.75, 8.0, 0.5 ], 
							"rotationOrigin": [ 1.0, 5.5, 0.0 ],
							"faces": {
								"north": { "texture": "#orange", "uv": [ 0.0, 0.0, 0.5, 2.0 ] },
								"east": { "texture": "#orange", "uv": [ 0.0, 0.0, 0.5, 2.0 ] },
								"south": { "texture": "#orange", "uv": [ 0.0, 0.0, 0.5, 2.0 ] },
								"west": { "texture": "#orange", "uv": [ 0.0, 0.0, 0.5, 2.0 ] },
								"up": { "texture": "#orange", "uv": [ 0.0, 0.0, 0.5, 0.5 ] },
								"down": { "texture": "#orange", "uv": [ 0.0, 0.0, 0.5, 0.5 ] }
							}
						}
					]
				}
			]
		}
	]}