{
	"editor": {
		"backDropShape": "entity/land/wolf-male",
		"allAngles": false,
		"entityTextureMode": false
	},
	"textureWidth": 16,
	"textureHeight": 16,
	"textureSizes": {
	},
	"textures": {
		"copper": "game:block/metal/plate/copper",
		"leather": "game:block/leather"
	},
	"elements": [
		{
			"name": "collarroot",
			"stepParentName": "neck",
			"from": [ 2.0, -0.5, 0.0 ], 
			"to": [ 3.0, 0.0, 6.0 ], 
			"rotationOrigin": [ 2.5, -0.5, 0.0 ],
			"faces": {
				"north": { "texture": "#leather", "uv": [ 0.0, 0.0, 1.0, 0.5 ] },
				"east": { "texture": "#leather", "uv": [ 0.0, 0.0, 6.0, 0.5 ] },
				"south": { "texture": "#leather", "uv": [ 0.0, 0.0, 1.0, 0.5 ] },
				"west": { "texture": "#leather", "uv": [ 0.0, 0.0, 6.0, 0.5 ] },
				"up": { "texture": "#leather", "uv": [ 0.0, 0.0, 1.0, 6.0 ] },
				"down": { "texture": "#leather", "uv": [ 0.0, 0.0, 1.0, 6.0 ] }
			},
			"children": [
				{
					"name": "collarleftbottom",
					"from": [ 0.0, 0.0, 6.0 ], 
					"to": [ 1.0, 3.0, 6.5 ], 
					"rotationOrigin": [ 0.0, 7.5, 6.0 ],
					"faces": {
						"north": { "texture": "#leather", "uv": [ 0.0, 0.0, 1.0, 3.0 ] },
						"east": { "texture": "#leather", "uv": [ 0.0, 0.0, 0.5, 3.0 ] },
						"south": { "texture": "#leather", "uv": [ 0.0, 0.0, 1.0, 3.0 ] },
						"west": { "texture": "#leather", "uv": [ 0.0, 0.0, 0.5, 3.0 ] },
						"up": { "texture": "#leather", "uv": [ 0.0, 0.0, 1.0, 0.5 ] },
						"down": { "texture": "#leather", "uv": [ 0.0, 0.0, 1.0, 0.5 ] }
					},
					"children": [
						{
							"name": "collarlefttop",
							"from": [ 0.0, 5.0, 0.0 ], 
							"to": [ 1.0, 8.0, 0.5 ], 
							"rotationOrigin": [ 0.0, 5.0, 0.0 ],
							"faces": {
								"north": { "texture": "#leather", "uv": [ 0.0, 0.0, 1.0, 3.0 ] },
								"east": { "texture": "#leather", "uv": [ 0.0, 0.0, 0.5, 3.0 ] },
								"south": { "texture": "#leather", "uv": [ 0.0, 0.0, 1.0, 3.0 ] },
								"west": { "texture": "#leather", "uv": [ 0.0, 0.0, 0.5, 3.0 ] },
								"up": { "texture": "#leather", "uv": [ 0.0, 0.0, 1.0, 0.5 ] },
								"down": { "texture": "#leather", "uv": [ 0.0, 0.0, 1.0, 0.5 ] }
							},
							"children": [
								{
									"name": "lockroot",
									"from": [ -0.4, -0.4, 0.0 ], 
									"to": [ 1.4, 0.0, 0.4 ], 
									"rotationOrigin": [ 0.0, 0.0, 0.0 ],
									"rotationX": -15.0,
									"faces": {
										"north": { "texture": "#copper", "uv": [ 0.0, 0.0, 1.5, 0.5 ] },
										"east": { "texture": "#copper", "uv": [ 0.0, 0.0, 0.5, 0.5 ] },
										"south": { "texture": "#copper", "uv": [ 0.0, 0.0, 1.5, 0.5 ] },
										"west": { "texture": "#copper", "uv": [ 0.0, 0.0, 0.5, 0.5 ] },
										"up": { "texture": "#copper", "uv": [ 0.0, 0.0, 1.5, 0.5 ] },
										"down": { "texture": "#copper", "uv": [ 0.0, 0.0, 1.5, 0.5 ] }
									},
									"children": [
										{
											"name": "lock1",
											"from": [ 0.0, -1.5, 0.0 ], 
											"to": [ 0.4, 0.0, 0.4 ], 
											"rotationOrigin": [ 0.5, 0.0, 0.0 ],
											"faces": {
												"north": { "texture": "#copper", "uv": [ 0.0, 0.0, 0.5, 1.5 ] },
												"east": { "texture": "#copper", "uv": [ 0.0, 0.0, 0.5, 1.5 ] },
												"south": { "texture": "#copper", "uv": [ 0.0, 0.0, 0.5, 1.5 ] },
												"west": { "texture": "#copper", "uv": [ 0.0, 0.0, 0.5, 1.5 ] },
												"up": { "texture": "#copper", "uv": [ 0.0, 0.0, 0.5, 0.5 ] },
												"down": { "texture": "#copper", "uv": [ 0.0, 0.0, 0.5, 0.5 ] }
											}
										},
										{
											"name": "lock2",
											"from": [ 1.4, -1.5, 0.0 ], 
											"to": [ 1.8, 0.0, 0.4 ], 
											"rotationOrigin": [ 1.5, 0.0, 0.0 ],
											"faces": {
												"north": { "texture": "#copper", "uv": [ 0.0, 0.0, 0.5, 1.5 ] },
												"east": { "texture": "#copper", "uv": [ 0.0, 0.0, 0.5, 1.5 ] },
												"south": { "texture": "#copper", "uv": [ 0.0, 0.0, 0.5, 1.5 ] },
												"west": { "texture": "#copper", "uv": [ 0.0, 0.0, 0.5, 1.5 ] },
												"up": { "texture": "#copper", "uv": [ 0.0, 0.0, 0.5, 0.5 ] },
												"down": { "texture": "#copper", "uv": [ 0.0, 0.0, 0.5, 0.5 ] }
											}
										},
										{
											"name": "lock3",
											"from": [ 0.7, -2.0, 0.0 ], 
											"to": [ 1.1, 0.0, 0.4 ], 
											"rotationOrigin": [ 1.5, 0.0, 0.0 ],
											"rotationX": -15.0,
											"faces": {
												"north": { "texture": "#copper", "uv": [ 0.0, 0.0, 0.5, 2.0 ] },
												"east": { "texture": "#copper", "uv": [ 0.0, 0.0, 0.5, 2.0 ] },
												"south": { "texture": "#copper", "uv": [ 0.0, 0.0, 0.5, 2.0 ] },
												"west": { "texture": "#copper", "uv": [ 0.0, 0.0, 0.5, 2.0 ] },
												"up": { "texture": "#copper", "uv": [ 0.0, 0.0, 0.5, 0.5 ] },
												"down": { "texture": "#copper", "uv": [ 0.0, 0.0, 0.5, 0.5 ] }
											}
										},
										{
											"name": "lock4",
											"from": [ 0.0, -1.9, 0.0 ], 
											"to": [ 1.8, -1.5, 0.4 ], 
											"rotationOrigin": [ 0.5, -1.5, 0.0 ],
											"faces": {
												"north": { "texture": "#copper", "uv": [ 0.0, 0.0, 1.5, 0.5 ] },
												"east": { "texture": "#copper", "uv": [ 0.0, 0.0, 0.5, 0.5 ] },
												"south": { "texture": "#copper", "uv": [ 0.0, 0.0, 1.5, 0.5 ] },
												"west": { "texture": "#copper", "uv": [ 0.0, 0.0, 0.5, 0.5 ] },
												"up": { "texture": "#copper", "uv": [ 0.0, 0.0, 1.5, 0.5 ] },
												"down": { "texture": "#copper", "uv": [ 0.0, 0.0, 1.5, 0.5 ] }
											}
										}
									]
								}
							]
						},
						{
							"name": "collarleftslip",
							"from": [ 0.0, 3.0, 0.0 ], 
							"to": [ 1.0, 6.0, 0.5 ], 
							"rotationOrigin": [ 0.0, 3.0, 0.0 ],
							"rotationX": 22.5,
							"faces": {
								"north": { "texture": "#leather", "uv": [ 0.0, 0.0, 1.0, 3.0 ] },
								"east": { "texture": "#leather", "uv": [ 0.0, 0.0, 0.5, 3.0 ] },
								"south": { "texture": "#leather", "uv": [ 0.0, 0.0, 1.0, 3.0 ] },
								"west": { "texture": "#leather", "uv": [ 0.0, 0.0, 0.5, 3.0 ] },
								"up": { "texture": "#leather", "uv": [ 0.0, 0.0, 1.0, 0.5 ] },
								"down": { "texture": "#leather", "uv": [ 0.0, 0.0, 1.0, 0.5 ] }
							},
							"children": [
								{
									"name": "collarleftslipend",
									"from": [ -0.1, 2.65, 0.05 ], 
									"to": [ 0.6, 3.35, 0.45 ], 
									"rotationOrigin": [ 0.35, 3.35, 0.0 ],
									"rotationZ": 45.0,
									"faces": {
										"north": { "texture": "#leather", "uv": [ 0.0, 0.0, 0.5, 0.5 ] },
										"east": { "texture": "#leather", "uv": [ 0.0, 0.0, 0.5, 0.5 ] },
										"south": { "texture": "#leather", "uv": [ 0.0, 0.0, 0.5, 0.5 ] },
										"west": { "texture": "#leather", "uv": [ 0.0, 0.0, 0.5, 0.5 ] },
										"up": { "texture": "#leather", "uv": [ 0.0, 0.0, 0.5, 0.5 ] },
										"down": { "texture": "#leather", "uv": [ 0.0, 0.0, 0.5, 0.5 ] }
									}
								}
							]
						},
						{
							"name": "spike22",
							"from": [ 0.5, 2.0, 0.8 ], 
							"to": [ 1.0, 2.5, 1.3 ], 
							"rotationOrigin": [ 0.5, 2.0, 0.8 ],
							"rotationX": -135.0,
							"rotationY": -45.0,
							"rotationZ": 1.2074179696507239E-6,
							"faces": {
								"north": { "texture": "#copper", "uv": [ 0.0, 0.0, 0.5, 0.5 ] },
								"east": { "texture": "#copper", "uv": [ 0.0, 0.0, 0.5, 0.5 ] },
								"south": { "texture": "#copper", "uv": [ 0.0, 0.0, 0.5, 0.5 ] },
								"west": { "texture": "#copper", "uv": [ 0.0, 0.0, 0.5, 0.5 ] },
								"up": { "texture": "#copper", "uv": [ 0.0, 0.0, 0.5, 0.5 ] },
								"down": { "texture": "#copper", "uv": [ 0.0, 0.0, 0.5, 0.5 ] }
							}
						},
						{
							"name": "spike23",
							"from": [ 0.5, 6.0, 0.8 ], 
							"to": [ 1.0, 6.5, 1.3 ], 
							"rotationOrigin": [ 0.5, 6.0, 0.8 ],
							"rotationX": -135.0,
							"rotationY": -45.0,
							"rotationZ": 1.2074179696507239E-6,
							"faces": {
								"north": { "texture": "#copper", "uv": [ 0.0, 0.0, 0.5, 0.5 ] },
								"east": { "texture": "#copper", "uv": [ 0.0, 0.0, 0.5, 0.5 ] },
								"south": { "texture": "#copper", "uv": [ 0.0, 0.0, 0.5, 0.5 ] },
								"west": { "texture": "#copper", "uv": [ 0.0, 0.0, 0.5, 0.5 ] },
								"up": { "texture": "#copper", "uv": [ 0.0, 0.0, 0.5, 0.5 ] },
								"down": { "texture": "#copper", "uv": [ 0.0, 0.0, 0.5, 0.5 ] }
							}
						}
					]
				},
				{
					"name": "collarright",
					"from": [ 0.0, 0.0, -0.5 ], 
					"to": [ 1.0, 8.0, 0.0 ], 
					"rotationOrigin": [ 0.0, 7.5, -1.0 ],
					"faces": {
						"north": { "texture": "#leather", "uv": [ 0.0, 0.0, 1.0, 8.0 ] },
						"east": { "texture": "#leather", "uv": [ 0.0, 0.0, 0.5, 8.0 ] },
						"south": { "texture": "#leather", "uv": [ 0.0, 0.0, 1.0, 8.0 ] },
						"west": { "texture": "#leather", "uv": [ 0.0, 0.0, 0.5, 8.0 ] },
						"up": { "texture": "#leather", "uv": [ 0.0, 0.0, 1.0, 0.5 ] },
						"down": { "texture": "#leather", "uv": [ 0.0, 0.0, 1.0, 0.5 ] }
					},
					"children": [
						{
							"name": "spike16",
							"from": [ 0.5, 2.0, -0.3 ], 
							"to": [ 1.0, 2.5, 0.2 ], 
							"rotationOrigin": [ 0.5, 2.0, -0.3 ],
							"rotationX": 44.99999240657885,
							"rotationY": -44.99999171897202,
							"rotationZ": -1.2074181223173004E-6,
							"faces": {
								"north": { "texture": "#copper", "uv": [ 0.0, 0.0, 0.5, 0.5 ] },
								"east": { "texture": "#copper", "uv": [ 0.0, 0.0, 0.5, 0.5 ] },
								"south": { "texture": "#copper", "uv": [ 0.0, 0.0, 0.5, 0.5 ] },
								"west": { "texture": "#copper", "uv": [ 0.0, 0.0, 0.5, 0.5 ] },
								"up": { "texture": "#copper", "uv": [ 0.0, 0.0, 0.5, 0.5 ] },
								"down": { "texture": "#copper", "uv": [ 0.0, 0.0, 0.5, 0.5 ] }
							}
						},
						{
							"name": "spike17",
							"from": [ 0.5, 4.0, -0.3 ], 
							"to": [ 1.0, 4.5, 0.2 ], 
							"rotationOrigin": [ 0.5, 4.0, -0.3 ],
							"rotationX": 44.99999240657885,
							"rotationY": -44.99999171897202,
							"rotationZ": -1.2074181223173004E-6,
							"faces": {
								"north": { "texture": "#copper", "uv": [ 0.0, 0.0, 0.5, 0.5 ] },
								"east": { "texture": "#copper", "uv": [ 0.0, 0.0, 0.5, 0.5 ] },
								"south": { "texture": "#copper", "uv": [ 0.0, 0.0, 0.5, 0.5 ] },
								"west": { "texture": "#copper", "uv": [ 0.0, 0.0, 0.5, 0.5 ] },
								"up": { "texture": "#copper", "uv": [ 0.0, 0.0, 0.5, 0.5 ] },
								"down": { "texture": "#copper", "uv": [ 0.0, 0.0, 0.5, 0.5 ] }
							}
						},
						{
							"name": "spike18",
							"from": [ 0.5, 6.0, -0.3 ], 
							"to": [ 1.0, 6.5, 0.2 ], 
							"rotationOrigin": [ 0.5, 6.0, -0.3 ],
							"rotationX": 44.99999240657885,
							"rotationY": -44.99999171897202,
							"rotationZ": -1.2074181223173004E-6,
							"faces": {
								"north": { "texture": "#copper", "uv": [ 0.0, 0.0, 0.5, 0.5 ] },
								"east": { "texture": "#copper", "uv": [ 0.0, 0.0, 0.5, 0.5 ] },
								"south": { "texture": "#copper", "uv": [ 0.0, 0.0, 0.5, 0.5 ] },
								"west": { "texture": "#copper", "uv": [ 0.0, 0.0, 0.5, 0.5 ] },
								"up": { "texture": "#copper", "uv": [ 0.0, 0.0, 0.5, 0.5 ] },
								"down": { "texture": "#copper", "uv": [ 0.0, 0.0, 0.5, 0.5 ] }
							}
						}
					]
				},
				{
					"name": "spike1",
					"from": [ 0.5, -0.3, 1.0 ], 
					"to": [ 1.0, 0.2, 1.5 ], 
					"rotationOrigin": [ 0.5, -0.3, 1.0 ],
					"rotationX": -45.0,
					"rotationZ": 45.0,
					"faces": {
						"north": { "texture": "#copper", "uv": [ 0.0, 0.0, 0.5, 0.5 ] },
						"east": { "texture": "#copper", "uv": [ 0.0, 0.0, 0.5, 0.5 ] },
						"south": { "texture": "#copper", "uv": [ 0.0, 0.0, 0.5, 0.5 ] },
						"west": { "texture": "#copper", "uv": [ 0.0, 0.0, 0.5, 0.5 ] },
						"up": { "texture": "#copper", "uv": [ 0.0, 0.0, 0.5, 0.5 ] },
						"down": { "texture": "#copper", "uv": [ 0.0, 0.0, 0.5, 0.5 ] }
					}
				},
				{
					"name": "spike14",
					"from": [ 0.5, -0.3, 3.0 ], 
					"to": [ 1.0, 0.2, 3.5 ], 
					"rotationOrigin": [ 0.5, -0.3, 3.0 ],
					"rotationX": -45.0,
					"rotationZ": 45.0,
					"faces": {
						"north": { "texture": "#copper", "uv": [ 0.0, 0.0, 0.5, 0.5 ] },
						"east": { "texture": "#copper", "uv": [ 0.0, 0.0, 0.5, 0.5 ] },
						"south": { "texture": "#copper", "uv": [ 0.0, 0.0, 0.5, 0.5 ] },
						"west": { "texture": "#copper", "uv": [ 0.0, 0.0, 0.5, 0.5 ] },
						"up": { "texture": "#copper", "uv": [ 0.0, 0.0, 0.5, 0.5 ] },
						"down": { "texture": "#copper", "uv": [ 0.0, 0.0, 0.5, 0.5 ] }
					}
				},
				{
					"name": "spike15",
					"from": [ 0.5, -0.3, 5.0 ], 
					"to": [ 1.0, 0.2, 5.5 ], 
					"rotationOrigin": [ 0.5, -0.3, 5.0 ],
					"rotationX": -45.0,
					"rotationZ": 45.0,
					"faces": {
						"north": { "texture": "#copper", "uv": [ 0.0, 0.0, 0.5, 0.5 ] },
						"east": { "texture": "#copper", "uv": [ 0.0, 0.0, 0.5, 0.5 ] },
						"south": { "texture": "#copper", "uv": [ 0.0, 0.0, 0.5, 0.5 ] },
						"west": { "texture": "#copper", "uv": [ 0.0, 0.0, 0.5, 0.5 ] },
						"up": { "texture": "#copper", "uv": [ 0.0, 0.0, 0.5, 0.5 ] },
						"down": { "texture": "#copper", "uv": [ 0.0, 0.0, 0.5, 0.5 ] }
					}
				},
				{
					"name": "collartop",
					"from": [ 0.0, 8.0, 0.0 ], 
					"to": [ 1.0, 8.5, 6.0 ], 
					"rotationOrigin": [ 0.5, 8.0, 0.0 ],
					"rotationZ": -180.0,
					"faces": {
						"north": { "texture": "#leather", "uv": [ 0.0, 0.0, 1.0, 0.5 ] },
						"east": { "texture": "#leather", "uv": [ 0.0, 0.0, 6.0, 0.5 ] },
						"south": { "texture": "#leather", "uv": [ 0.0, 0.0, 1.0, 0.5 ] },
						"west": { "texture": "#leather", "uv": [ 0.0, 0.0, 6.0, 0.5 ] },
						"up": { "texture": "#leather", "uv": [ 0.0, 0.0, 1.0, 6.0 ] },
						"down": { "texture": "#leather", "uv": [ 0.0, 0.0, 1.0, 6.0 ] }
					},
					"children": [
						{
							"name": "spike34",
							"from": [ 0.5, -0.3, 1.0 ], 
							"to": [ 1.0, 0.2, 1.5 ], 
							"rotationOrigin": [ 0.5, -0.3, 1.0 ],
							"rotationX": -45.0,
							"rotationZ": 45.0,
							"faces": {
								"north": { "texture": "#copper", "uv": [ 0.0, 0.0, 0.5, 0.5 ] },
								"east": { "texture": "#copper", "uv": [ 0.0, 0.0, 0.5, 0.5 ] },
								"south": { "texture": "#copper", "uv": [ 0.0, 0.0, 0.5, 0.5 ] },
								"west": { "texture": "#copper", "uv": [ 0.0, 0.0, 0.5, 0.5 ] },
								"up": { "texture": "#copper", "uv": [ 0.0, 0.0, 0.5, 0.5 ] },
								"down": { "texture": "#copper", "uv": [ 0.0, 0.0, 0.5, 0.5 ] }
							}
						},
						{
							"name": "spike35",
							"from": [ 0.5, -0.3, 3.0 ], 
							"to": [ 1.0, 0.2, 3.5 ], 
							"rotationOrigin": [ 0.5, -0.3, 3.0 ],
							"rotationX": -45.0,
							"rotationZ": 45.0,
							"faces": {
								"north": { "texture": "#copper", "uv": [ 0.0, 0.0, 0.5, 0.5 ] },
								"east": { "texture": "#copper", "uv": [ 0.0, 0.0, 0.5, 0.5 ] },
								"south": { "texture": "#copper", "uv": [ 0.0, 0.0, 0.5, 0.5 ] },
								"west": { "texture": "#copper", "uv": [ 0.0, 0.0, 0.5, 0.5 ] },
								"up": { "texture": "#copper", "uv": [ 0.0, 0.0, 0.5, 0.5 ] },
								"down": { "texture": "#copper", "uv": [ 0.0, 0.0, 0.5, 0.5 ] }
							}
						},
						{
							"name": "spike36",
							"from": [ 0.5, -0.3, 5.0 ], 
							"to": [ 1.0, 0.2, 5.5 ], 
							"rotationOrigin": [ 0.5, -0.3, 5.0 ],
							"rotationX": -45.0,
							"rotationZ": 45.0,
							"faces": {
								"north": { "texture": "#copper", "uv": [ 0.0, 0.0, 0.5, 0.5 ] },
								"east": { "texture": "#copper", "uv": [ 0.0, 0.0, 0.5, 0.5 ] },
								"south": { "texture": "#copper", "uv": [ 0.0, 0.0, 0.5, 0.5 ] },
								"west": { "texture": "#copper", "uv": [ 0.0, 0.0, 0.5, 0.5 ] },
								"up": { "texture": "#copper", "uv": [ 0.0, 0.0, 0.5, 0.5 ] },
								"down": { "texture": "#copper", "uv": [ 0.0, 0.0, 0.5, 0.5 ] }
							}
						}
					]
				}
			]
		}
	]}