{
	"editor": {
		"allAngles": false,
		"entityTextureMode": false
	},
	"textureWidth": 16,
	"textureHeight": 16,
	"textureSizes": {
	},
	"textures": {
	},
	"elements": [
		{
			"name": "Leaves",
			"from": [ 3.0, 0.0, 3.0 ], 
			"to": [ 3.0, 16.0, 13.0 ], 
			"climateColorMap": "climatePlantTint",
			"seasonColorMap": "seasonalFoliage",
			"rotationOrigin": [ 3.0, 0.0, 6.0 ],
			"rotationY": 22.5,
			"faces": {
				"north": { "texture": "#leaves", "uv": [ 0.0, 0.0, 0.5, 16.0 ], "enabled": false },
				"east": { "texture": "#leaves", "uv": [ 3.0, 1.0, 14.0, 16.0 ], "autoUv": false, "windMode": [0,2,2,0], "windData": [0,1,1,0] },
				"south": { "texture": "#leaves", "uv": [ 0.0, 0.0, 0.5, 16.0 ], "enabled": false },
				"west": { "texture": "#leaves", "uv": [ 0.0, 0.0, 10.0, 16.0 ], "enabled": false },
				"up": { "texture": "#leaves", "uv": [ 0.0, 0.0, 0.5, 10.0 ], "enabled": false },
				"down": { "texture": "#leaves", "uv": [ 0.0, 0.0, 0.5, 10.0 ], "enabled": false }
			},
			"children": [
				{
					"name": "Leaves2",
					"from": [ -7.0E-4, 0.0, -0.0024 ], 
					"to": [ -7.0E-4, 16.0, 9.9976 ], 
					"climateColorMap": "climatePlantTint",
					"seasonColorMap": "seasonalFoliage",
					"rotationOrigin": [ 0.0, 0.0, 5.0 ],
					"rotationY": 89.98,
					"faces": {
						"north": { "texture": "#leaves", "uv": [ 0.0, 0.0, 0.5, 16.0 ], "enabled": false },
						"east": { "texture": "#leaves", "uv": [ 3.0, 1.0, 14.0, 16.0 ], "autoUv": false, "windMode": [0,2,2,0], "windData": [0,1,1,0] },
						"south": { "texture": "#leaves", "uv": [ 0.0, 0.0, 0.5, 16.0 ], "enabled": false },
						"west": { "texture": "#leaves", "uv": [ 0.0, 0.0, 10.0, 16.0 ], "enabled": false },
						"up": { "texture": "#leaves", "uv": [ 0.0, 0.0, 0.5, 10.0 ], "enabled": false },
						"down": { "texture": "#leaves", "uv": [ 0.0, 0.0, 0.5, 10.0 ], "enabled": false }
					}
				}
			]
		},
		{
			"name": "Leaves3",
			"from": [ 9.0, 0.0, 1.0 ], 
			"to": [ 9.0, 13.0, 11.0 ], 
			"climateColorMap": "climatePlantTint",
			"seasonColorMap": "seasonalFoliage",
			"rotationOrigin": [ 9.0, 0.0, 4.0 ],
			"rotationY": 67.5,
			"faces": {
				"north": { "texture": "#leaves", "uv": [ 0.0, 0.0, 0.5, 13.0 ], "enabled": false },
				"east": { "texture": "#leaves", "uv": [ 3.0, 0.5, 14.0, 16.0 ], "autoUv": false, "windMode": [0,2,2,0] },
				"south": { "texture": "#leaves", "uv": [ 0.0, 0.0, 0.5, 13.0 ], "enabled": false },
				"west": { "texture": "#leaves", "uv": [ 0.0, 0.0, 10.0, 13.0 ], "enabled": false },
				"up": { "texture": "#leaves", "uv": [ 0.0, 0.0, 0.5, 10.0 ], "enabled": false },
				"down": { "texture": "#leaves", "uv": [ 0.0, 0.0, 0.5, 10.0 ], "enabled": false }
			},
			"children": [
				{
					"name": "Leaves4",
					"from": [ -7.0E-4, 0.0, -0.0024 ], 
					"to": [ -7.0E-4, 13.0, 9.9976 ], 
					"climateColorMap": "climatePlantTint",
					"seasonColorMap": "seasonalFoliage",
					"rotationOrigin": [ 0.0, 0.0, 5.0 ],
					"rotationY": 89.98,
					"faces": {
						"north": { "texture": "#leaves", "uv": [ 0.0, 0.0, 0.5, 13.0 ], "enabled": false },
						"east": { "texture": "#leaves", "uv": [ 3.0, 1.0, 14.0, 16.0 ], "autoUv": false, "windMode": [0,2,2,0] },
						"south": { "texture": "#leaves", "uv": [ 0.0, 0.0, 0.5, 13.0 ], "enabled": false },
						"west": { "texture": "#leaves", "uv": [ 0.0, 0.0, 10.0, 13.0 ], "enabled": false },
						"up": { "texture": "#leaves", "uv": [ 0.0, 0.0, 0.5, 10.0 ], "enabled": false },
						"down": { "texture": "#leaves", "uv": [ 0.0, 0.0, 0.5, 10.0 ], "enabled": false }
					}
				}
			]
		},
		{
			"name": "Leaves9",
			"from": [ 9.0, 0.0, 9.0 ], 
			"to": [ 9.0, 7.0, 15.0 ], 
			"climateColorMap": "climatePlantTint",
			"seasonColorMap": "seasonalFoliage",
			"rotationOrigin": [ 9.0, 0.0, 12.0 ],
			"rotationY": -67.5,
			"faces": {
				"north": { "texture": "#leaves", "uv": [ 0.0, 0.0, 0.5, 7.0 ], "enabled": false },
				"east": { "texture": "#leaves", "uv": [ 3.0, 1.0, 14.0, 16.0 ], "autoUv": false, "windMode": [0,1,1,0] },
				"south": { "texture": "#leaves", "uv": [ 0.0, 0.0, 0.5, 7.0 ], "enabled": false },
				"west": { "texture": "#leaves", "uv": [ 0.0, 0.0, 6.0, 7.0 ], "enabled": false },
				"up": { "texture": "#leaves", "uv": [ 0.0, 0.0, 0.5, 6.0 ], "enabled": false },
				"down": { "texture": "#leaves", "uv": [ 0.0, 0.0, 0.5, 6.0 ], "enabled": false }
			},
			"children": [
				{
					"name": "Leaves10",
					"from": [ 1.0, 0.0, -1.0 ], 
					"to": [ 1.0, 7.0, 5.0 ], 
					"climateColorMap": "climatePlantTint",
					"seasonColorMap": "seasonalFoliage",
					"rotationOrigin": [ 1.0, 0.0, 3.0 ],
					"rotationY": 89.98,
					"faces": {
						"north": { "texture": "#leaves", "uv": [ 0.0, 0.0, 0.5, 7.0 ], "enabled": false },
						"east": { "texture": "#leaves", "uv": [ 3.0, 1.0, 14.0, 16.0 ], "autoUv": false, "windMode": [0,1,1,0] },
						"south": { "texture": "#leaves", "uv": [ 0.0, 0.0, 0.5, 7.0 ], "enabled": false },
						"west": { "texture": "#leaves", "uv": [ 0.0, 0.0, 6.0, 7.0 ], "enabled": false },
						"up": { "texture": "#leaves", "uv": [ 0.0, 0.0, 0.5, 6.0 ], "enabled": false },
						"down": { "texture": "#leaves", "uv": [ 0.0, 0.0, 0.5, 6.0 ], "enabled": false }
					}
				}
			]
		}
	]}