{
	"editor": {
		"allAngles": false,
		"entityTextureMode": false
	},
	"textureWidth": 16,
	"textureHeight": 16,
	"textureSizes": {
	},
	"textures": {
		"sides": "/users/administrator/AppData/Roaming/Vintagestory/assets/survival/textures/block/wood/bark/birch",
		"topbottom": "/users/administrator/AppData/Roaming/Vintagestory/assets/survival/textures/block/wood/treetrunk/birch",
		"inside": "/repos/PrimitiveSurvival/PrimitiveSurvival/assets/primitivesurvival/textures/block/wood/inside"
	},
	"elements": [
		{
			"name": "origin",
			"from": [ 0.0, 0.0, 0.0 ], 
			"to": [ 0.0, 0.0, 0.0 ], 
			"faces": {
				"north": { "texture": "#sides", "uv": [ 0.0, 0.0, 0.5, 0.5 ], "enabled": false },
				"east": { "texture": "#sides", "uv": [ 0.0, 0.0, 0.5, 0.5 ], "enabled": false },
				"south": { "texture": "#sides", "uv": [ 0.0, 0.0, 0.5, 0.5 ], "enabled": false },
				"west": { "texture": "#sides", "uv": [ 0.0, 0.0, 0.5, 0.5 ], "enabled": false },
				"up": { "texture": "#sides", "uv": [ 0.0, 0.0, 0.5, 0.5 ], "enabled": false },
				"down": { "texture": "#sides", "uv": [ 0.0, 0.0, 0.5, 0.5 ], "enabled": false }
			},
			"children": [
				{
					"name": "Cube2",
					"from": [ 0.0, 14.0, 0.0 ], 
					"to": [ 16.0, 16.0, 16.0 ], 
					"rotationOrigin": [ 0.0, 14.0, 0.0 ],
					"faces": {
						"north": { "texture": "#sides", "uv": [ 0.0, 0.0, 16.0, 2.0 ] },
						"east": { "texture": "#sides", "uv": [ 0.0, 0.0, 16.0, 2.0 ] },
						"south": { "texture": "#sides", "uv": [ 0.0, 0.0, 16.0, 2.0 ] },
						"west": { "texture": "#sides", "uv": [ 0.0, 0.0, 16.0, 2.0 ] },
						"up": { "texture": "#topbottom", "uv": [ 0.0, 0.0, 16.0, 16.0 ] },
						"down": { "texture": "#inside", "uv": [ 0.0, 0.0, 16.0, 16.0 ] }
					}
				},
				{
					"name": "Cube3",
					"from": [ 0.0, 3.0, 0.0 ], 
					"to": [ 3.0, 14.0, 16.0 ], 
					"rotationOrigin": [ 0.0, 3.0, 0.0 ],
					"faces": {
						"north": { "texture": "#sides", "uv": [ 12.5, 1.0, 15.5, 13.0 ], "autoUv": false },
						"east": { "texture": "#inside", "uv": [ 0.0, 0.0, 16.0, 11.0 ] },
						"south": { "texture": "#sides", "uv": [ 0.0, 0.0, 3.5, 15.5 ], "autoUv": false },
						"west": { "texture": "#sides", "uv": [ 0.0, 0.0, 16.0, 11.0 ] },
						"up": { "texture": "#sides", "uv": [ 0.0, 0.0, 3.0, 16.0 ] },
						"down": { "texture": "#inside", "uv": [ 0.0, 0.0, 3.0, 16.0 ] }
					}
				},
				{
					"name": "Cube4",
					"from": [ 13.0, 3.0, 0.0 ], 
					"to": [ 16.0, 14.0, 16.0 ], 
					"rotationOrigin": [ 13.0, 3.0, 0.0 ],
					"faces": {
						"north": { "texture": "#sides", "uv": [ 0.5, 1.0, 4.0, 13.5 ], "autoUv": false },
						"east": { "texture": "#sides", "uv": [ 0.0, 0.0, 16.0, 11.0 ] },
						"south": { "texture": "#sides", "uv": [ 13.0, 0.0, 16.0, 11.0 ] },
						"west": { "texture": "#inside", "uv": [ 0.0, 0.0, 16.0, 11.0 ] },
						"up": { "texture": "#sides", "uv": [ 0.0, 0.0, 3.0, 16.0 ] },
						"down": { "texture": "#inside", "uv": [ 0.0, 0.0, 3.0, 16.0 ] }
					}
				},
				{
					"name": "Cube5",
					"from": [ 3.0, 3.0, 0.0 ], 
					"to": [ 13.0, 14.0, 4.0 ], 
					"rotationOrigin": [ 3.0, 3.0, 0.0 ],
					"faces": {
						"north": { "texture": "#sides", "uv": [ 4.5, 1.0, 14.0, 13.0 ], "autoUv": false },
						"east": { "texture": "#sides", "uv": [ 0.0, 0.0, 4.0, 11.0 ] },
						"south": { "texture": "#inside", "uv": [ 2.5, 2.0, 12.5, 13.0 ] },
						"west": { "texture": "#sides", "uv": [ 0.0, 0.0, 4.0, 11.0 ] },
						"up": { "texture": "#sides", "uv": [ 0.0, 0.0, 10.0, 4.0 ] },
						"down": { "texture": "#sides", "uv": [ 0.0, 0.0, 10.0, 4.0 ] }
					}
				},
				{
					"name": "Cube8",
					"from": [ 3.0, 11.5, 14.0 ], 
					"to": [ 8.0, 14.0, 16.0 ], 
					"rotationOrigin": [ 3.0, 11.5, 14.0 ],
					"faces": {
						"north": { "texture": "#sides", "uv": [ 0.0, 0.0, 5.0, 2.5 ] },
						"east": { "texture": "#sides", "uv": [ 0.0, 0.0, 2.0, 2.5 ] },
						"south": { "texture": "#sides", "uv": [ 8.0, 4.5, 13.0, 7.0 ] },
						"west": { "texture": "#sides", "uv": [ 0.0, 0.0, 2.0, 2.5 ], "enabled": false },
						"up": { "texture": "#sides", "uv": [ 0.0, 0.0, 5.0, 2.0 ], "enabled": false },
						"down": { "texture": "#sides", "uv": [ 2.0, 1.5, 7.0, 3.5 ] }
					}
				},
				{
					"name": "Cube9",
					"from": [ 9.5, 11.0, 14.0 ], 
					"to": [ 13.0, 14.0, 16.0 ], 
					"rotationOrigin": [ 9.5, 11.0, 14.0 ],
					"faces": {
						"north": { "texture": "#sides", "uv": [ 0.0, 0.0, 3.5, 3.0 ] },
						"east": { "texture": "#sides", "uv": [ 0.0, 0.0, 2.0, 3.0 ], "enabled": false },
						"south": { "texture": "#sides", "uv": [ 5.5, 6.5, 9.0, 9.5 ] },
						"west": { "texture": "#sides", "uv": [ 0.5, 1.0, 2.5, 4.0 ] },
						"up": { "texture": "#sides", "uv": [ 0.0, 0.0, 3.5, 2.0 ], "enabled": false },
						"down": { "texture": "#sides", "uv": [ 0.0, 0.0, 3.5, 2.0 ] }
					}
				},
				{
					"name": "Cube13",
					"from": [ 3.0, 5.0, 14.0 ], 
					"to": [ 5.0, 9.0, 16.0 ], 
					"rotationOrigin": [ 3.0, 5.0, 14.0 ],
					"faces": {
						"north": { "texture": "#sides", "uv": [ 0.0, 0.0, 2.0, 4.0 ] },
						"east": { "texture": "#sides", "uv": [ 0.0, 0.0, 2.0, 4.0 ] },
						"south": { "texture": "#sides", "uv": [ 3.0, 1.0, 5.0, 5.0 ] },
						"west": { "texture": "#sides", "uv": [ 0.0, 0.0, 2.0, 4.0 ], "enabled": false },
						"up": { "texture": "#sides", "uv": [ 0.0, 0.0, 2.0, 2.0 ] },
						"down": { "texture": "#sides", "uv": [ 4.0, 4.5, 6.0, 6.5 ] }
					}
				},
				{
					"name": "Cube14",
					"from": [ 3.0, 9.0, 14.0 ], 
					"to": [ 7.0, 11.5, 16.0 ], 
					"rotationOrigin": [ 3.0, 9.0, 14.0 ],
					"faces": {
						"north": { "texture": "#sides", "uv": [ 2.5, 8.0, 6.5, 10.5 ] },
						"east": { "texture": "#sides", "uv": [ 0.0, 0.0, 2.0, 2.5 ] },
						"south": { "texture": "#sides", "uv": [ 1.5, 2.0, 5.5, 4.5 ] },
						"west": { "texture": "#sides", "uv": [ 0.0, 0.0, 2.0, 2.5 ], "enabled": false },
						"up": { "texture": "#sides", "uv": [ 0.0, 0.0, 4.0, 2.0 ], "enabled": false },
						"down": { "texture": "#sides", "uv": [ 0.5, 4.5, 4.5, 6.5 ] }
					}
				},
				{
					"name": "Cube17",
					"from": [ 10.0, 10.0, 14.0 ], 
					"to": [ 13.0, 11.0, 16.0 ], 
					"rotationOrigin": [ 10.0, 10.0, 14.0 ],
					"faces": {
						"north": { "texture": "#sides", "uv": [ 0.0, 0.0, 3.0, 1.0 ] },
						"east": { "texture": "#sides", "uv": [ 0.0, 0.0, 2.0, 1.0 ], "enabled": false },
						"south": { "texture": "#sides", "uv": [ 4.5, 6.5, 7.5, 7.5 ] },
						"west": { "texture": "#sides", "uv": [ 0.0, 0.0, 2.0, 1.0 ] },
						"up": { "texture": "#sides", "uv": [ 0.0, 0.0, 3.0, 2.0 ], "enabled": false },
						"down": { "texture": "#sides", "uv": [ 0.0, 0.0, 3.0, 2.0 ] }
					}
				},
				{
					"name": "Cube18",
					"from": [ 10.5, 8.0, 14.0 ], 
					"to": [ 13.0, 10.0, 16.0 ], 
					"rotationOrigin": [ 10.5, 8.0, 14.0 ],
					"faces": {
						"north": { "texture": "#sides", "uv": [ 0.0, 0.0, 2.5, 2.0 ] },
						"east": { "texture": "#sides", "uv": [ 0.0, 0.0, 2.0, 2.0 ], "enabled": false },
						"south": { "texture": "#sides", "uv": [ 7.0, 8.0, 9.5, 10.0 ] },
						"west": { "texture": "#sides", "uv": [ 0.0, 0.0, 2.0, 2.0 ] },
						"up": { "texture": "#sides", "uv": [ 0.0, 0.0, 2.5, 2.0 ] },
						"down": { "texture": "#sides", "uv": [ 0.0, 0.0, 2.5, 2.0 ] }
					}
				},
				{
					"name": "rbulge1",
					"from": [ 15.8, 0.0, 0.2 ], 
					"to": [ 17.6, 9.8, 15.9 ], 
					"rotationOrigin": [ 15.8, 0.0, 0.2 ],
					"rotationZ": 10.5,
					"faces": {
						"north": { "texture": "#sides", "uv": [ 14.5, 5.5, 16.0, 15.0 ] },
						"east": { "texture": "#sides", "uv": [ 0.0, 0.0, 15.5, 9.5 ] },
						"south": { "texture": "#sides", "uv": [ 0.0, 5.0, 1.5, 14.5 ] },
						"west": { "texture": "#inside", "uv": [ 0.0, 0.0, 15.5, 9.5 ], "enabled": false },
						"up": { "texture": "#sides", "uv": [ 0.0, 0.0, 1.5, 15.5 ] },
						"down": { "texture": "#sides", "uv": [ 0.0, 0.0, 1.5, 15.5 ] }
					}
				},
				{
					"name": "Cube24",
					"from": [ 2.0, 0.3, 0.0 ], 
					"to": [ 14.0, 3.0, 4.0 ], 
					"rotationOrigin": [ 2.0, 0.3, 0.0 ],
					"faces": {
						"north": { "texture": "#sides", "uv": [ 3.0, 5.0, 15.0, 7.5 ] },
						"east": { "texture": "#sides", "uv": [ 0.0, 0.0, 4.0, 2.5 ] },
						"south": { "texture": "#inside", "uv": [ 2.5, 2.0, 14.5, 4.5 ] },
						"west": { "texture": "#sides", "uv": [ 0.0, 0.0, 4.0, 2.5 ] },
						"up": { "texture": "#sides", "uv": [ 0.0, 0.0, 12.0, 4.0 ] },
						"down": { "texture": "#sides", "uv": [ 0.0, 0.0, 12.0, 4.0 ] }
					}
				},
				{
					"name": "Cube20",
					"from": [ 11.5, 6.0, 14.0 ], 
					"to": [ 13.0, 8.0, 16.0 ], 
					"rotationOrigin": [ 11.5, 6.0, 14.0 ],
					"faces": {
						"north": { "texture": "#sides", "uv": [ 0.0, 0.0, 1.5, 2.0 ] },
						"east": { "texture": "#sides", "uv": [ 0.0, 0.0, 2.0, 2.0 ], "enabled": false },
						"south": { "texture": "#sides", "uv": [ 7.0, 8.0, 8.5, 10.0 ] },
						"west": { "texture": "#sides", "uv": [ 0.0, 0.0, 2.0, 2.0 ] },
						"up": { "texture": "#sides", "uv": [ 0.0, 0.0, 1.5, 2.0 ] },
						"down": { "texture": "#sides", "uv": [ 5.5, 5.0, 6.5, 7.0 ], "autoUv": false }
					}
				},
				{
					"name": "base",
					"from": [ 0.0, 0.0, 0.0 ], 
					"to": [ 16.0, 0.3, 16.0 ], 
					"faces": {
						"north": { "texture": "#sides", "uv": [ 0.0, 11.0, 16.0, 11.5 ], "autoUv": false },
						"east": { "texture": "#sides", "uv": [ 0.0, 0.0, 16.0, 0.5 ] },
						"south": { "texture": "#sides", "uv": [ 1.0, 9.5, 16.0, 10.0 ], "autoUv": false },
						"west": { "texture": "#sides", "uv": [ 0.0, 0.0, 16.0, 0.5 ] },
						"up": { "texture": "#inside", "uv": [ 0.0, 0.0, 16.0, 16.0 ], "autoUv": false },
						"down": { "texture": "#topbottom", "uv": [ 1.5, 0.0, 14.5, 16.0 ], "autoUv": false }
					}
				},
				{
					"name": "rbulge21",
					"from": [ 17.25, 0.0, 0.1 ], 
					"to": [ 18.05, 3.1, 15.8 ], 
					"rotationOrigin": [ 17.2, 0.0, 0.1 ],
					"rotationZ": 20.0,
					"faces": {
						"north": { "texture": "#sides", "uv": [ 12.0, 4.0, 12.5, 7.0 ] },
						"east": { "texture": "#sides", "uv": [ 0.0, 0.0, 15.5, 3.0 ] },
						"south": { "texture": "#sides", "uv": [ 0.0, 0.0, 0.5, 3.0 ] },
						"west": { "texture": "#inside", "uv": [ 0.0, 0.0, 15.5, 3.0 ], "enabled": false },
						"up": { "texture": "#sides", "uv": [ 0.0, 0.0, 0.5, 15.5 ] },
						"down": { "texture": "#sides", "uv": [ 0.0, 0.0, 0.5, 15.5 ] }
					}
				},
				{
					"name": "rbulge19",
					"from": [ 0.0, 0.1, 16.1 ], 
					"to": [ 1.1, 5.9, 31.9 ], 
					"rotationOrigin": [ 0.0, 0.1, 16.1 ],
					"rotationY": 180.0,
					"rotationZ": 10.5,
					"faces": {
						"north": { "texture": "#sides", "uv": [ 15.0, 6.0, 16.0, 11.5 ] },
						"east": { "texture": "#sides", "uv": [ 0.0, 3.5, 15.5, 9.0 ] },
						"south": { "texture": "#sides", "uv": [ 0.0, 0.0, 1.0, 5.5 ] },
						"west": { "texture": "#inside", "uv": [ 0.0, 0.0, 15.5, 5.5 ], "enabled": false },
						"up": { "texture": "#sides", "uv": [ 0.0, 0.0, 1.0, 15.5 ] },
						"down": { "texture": "#sides", "uv": [ 0.0, 0.0, 1.0, 15.5 ] }
					}
				},
				{
					"name": "rbulge20",
					"from": [ -0.75, 0.0, 15.9 ], 
					"to": [ -0.05, 2.9, 31.7 ], 
					"rotationOrigin": [ -0.8, 0.0, 15.9 ],
					"rotationY": 180.0,
					"rotationZ": 20.0,
					"faces": {
						"north": { "texture": "#sides", "uv": [ 15.5, 7.5, 16.0, 10.0 ] },
						"east": { "texture": "#sides", "uv": [ 0.0, 0.0, 15.5, 2.5 ] },
						"south": { "texture": "#sides", "uv": [ 0.5, 9.5, 1.0, 12.0 ] },
						"west": { "texture": "#inside", "uv": [ 0.0, 0.0, 15.5, 2.5 ], "enabled": false },
						"up": { "texture": "#sides", "uv": [ 0.0, 0.0, 0.5, 15.5 ] },
						"down": { "texture": "#sides", "uv": [ 0.0, 0.0, 0.5, 15.5 ] }
					}
				},
				{
					"name": "Cube21",
					"from": [ 0.0, 0.3, 0.0 ], 
					"to": [ 2.0, 3.0, 16.0 ], 
					"rotationOrigin": [ 0.0, 0.3, 0.0 ],
					"faces": {
						"north": { "texture": "#sides", "uv": [ 14.0, 11.5, 16.0, 14.0 ] },
						"east": { "texture": "#inside", "uv": [ 0.0, 0.0, 16.0, 2.5 ] },
						"south": { "texture": "#sides", "uv": [ 0.0, 0.0, 2.0, 2.5 ] },
						"west": { "texture": "#sides", "uv": [ 0.0, 0.0, 16.0, 2.5 ] },
						"up": { "texture": "#sides", "uv": [ 0.0, 0.0, 2.0, 16.0 ] },
						"down": { "texture": "#sides", "uv": [ 0.0, 0.0, 2.0, 16.0 ] }
					}
				},
				{
					"name": "Cube22",
					"from": [ 14.0, 0.3, 0.0 ], 
					"to": [ 16.0, 3.0, 16.0 ], 
					"rotationOrigin": [ 14.0, 0.3, 0.0 ],
					"faces": {
						"north": { "texture": "#sides", "uv": [ 1.5, 5.0, 3.5, 7.5 ], "autoUv": false },
						"east": { "texture": "#sides", "uv": [ 0.0, 0.0, 16.0, 2.5 ] },
						"south": { "texture": "#sides", "uv": [ 13.5, 2.0, 15.5, 4.5 ] },
						"west": { "texture": "#inside", "uv": [ 0.0, 0.0, 16.0, 2.5 ] },
						"up": { "texture": "#sides", "uv": [ 0.0, 0.0, 2.0, 16.0 ] },
						"down": { "texture": "#sides", "uv": [ 0.0, 0.0, 2.0, 16.0 ] }
					}
				},
				{
					"name": "Cube23",
					"from": [ 12.0, 3.0, 14.0 ], 
					"to": [ 13.0, 6.0, 16.0 ], 
					"rotationOrigin": [ 12.0, 3.0, 14.0 ],
					"faces": {
						"north": { "texture": "#sides", "uv": [ 0.0, 0.0, 1.0, 3.0 ] },
						"east": { "texture": "#sides", "uv": [ 0.0, 0.0, 2.0, 3.0 ], "enabled": false },
						"south": { "texture": "#sides", "uv": [ 7.0, 8.0, 8.0, 11.0 ] },
						"west": { "texture": "#sides", "uv": [ 0.0, 0.0, 2.0, 3.0 ] },
						"up": { "texture": "#sides", "uv": [ 0.0, 0.0, 1.0, 2.0 ] },
						"down": { "texture": "#sides", "uv": [ 2.0, 5.0, 3.0, 7.0 ] }
					}
				},
				{
					"name": "Cube25",
					"from": [ 3.0, 3.0, 14.0 ], 
					"to": [ 4.0, 5.0, 16.0 ], 
					"rotationOrigin": [ 3.0, 3.0, 14.0 ],
					"faces": {
						"north": { "texture": "#sides", "uv": [ 0.0, 0.0, 1.0, 2.0 ] },
						"east": { "texture": "#sides", "uv": [ 0.0, 0.0, 2.0, 2.0 ] },
						"south": { "texture": "#sides", "uv": [ 3.0, 1.0, 4.0, 3.0 ] },
						"west": { "texture": "#sides", "uv": [ 0.0, 0.0, 2.0, 2.0 ], "enabled": false },
						"up": { "texture": "#sides", "uv": [ 0.0, 0.0, 1.0, 2.0 ] },
						"down": { "texture": "#sides", "uv": [ 7.5, 6.5, 8.5, 8.5 ] }
					}
				},
				{
					"name": "Cube26",
					"from": [ 2.0, 0.3, 14.0 ], 
					"to": [ 3.0, 3.0, 16.0 ], 
					"rotationOrigin": [ 2.0, 0.3, 14.0 ],
					"faces": {
						"north": { "texture": "#sides", "uv": [ 0.0, 0.0, 1.0, 2.5 ] },
						"east": { "texture": "#sides", "uv": [ 0.0, 0.0, 2.0, 2.5 ] },
						"south": { "texture": "#sides", "uv": [ 3.5, 6.0, 4.5, 8.5 ] },
						"west": { "texture": "#sides", "uv": [ 0.0, 0.0, 2.0, 2.5 ], "enabled": false },
						"up": { "texture": "#sides", "uv": [ 0.0, 0.0, 1.0, 2.0 ] },
						"down": { "texture": "#sides", "uv": [ 0.0, 0.0, 1.0, 2.0 ], "enabled": false }
					}
				},
				{
					"name": "Cube27",
					"from": [ 13.0, 0.3, 14.0 ], 
					"to": [ 14.0, 3.0, 16.0 ], 
					"rotationOrigin": [ 13.0, 0.3, 14.0 ],
					"faces": {
						"north": { "texture": "#sides", "uv": [ 0.0, 0.0, 1.0, 2.5 ] },
						"east": { "texture": "#sides", "uv": [ 0.0, 0.0, 2.0, 2.5 ], "enabled": false },
						"south": { "texture": "#sides", "uv": [ 7.0, 8.0, 8.0, 10.5 ] },
						"west": { "texture": "#sides", "uv": [ 0.0, 0.0, 2.0, 2.5 ] },
						"up": { "texture": "#sides", "uv": [ 0.0, 0.0, 1.0, 2.0 ] },
						"down": { "texture": "#sides", "uv": [ 0.0, 0.0, 1.0, 2.0 ], "enabled": false }
					}
				},
				{
					"name": "Cube28",
					"from": [ 8.0, 11.0, 14.0 ], 
					"to": [ 9.5, 14.0, 16.0 ], 
					"rotationOrigin": [ 8.0, 11.0, 14.0 ],
					"faces": {
						"north": { "texture": "#sides", "uv": [ 1.0, 1.0, 2.5, 4.0 ] },
						"east": { "texture": "#sides", "uv": [ 0.0, 0.0, 2.0, 3.0 ], "enabled": false },
						"south": { "texture": "#sides", "uv": [ 2.0, 2.0, 3.5, 5.0 ] },
						"west": { "texture": "#sides", "uv": [ 0.0, 0.0, 2.0, 3.0 ] },
						"up": { "texture": "#sides", "uv": [ 0.0, 0.0, 1.5, 2.0 ], "enabled": false },
						"down": { "texture": "#sides", "uv": [ 5.0, 5.5, 6.5, 7.5 ] }
					}
				},
				{
					"name": "base26",
					"from": [ -1.5, 0.0, 0.22 ], 
					"to": [ 0.0, 0.3, 15.97 ], 
					"rotationOrigin": [ -1.5, 0.0, 0.3 ],
					"faces": {
						"north": { "texture": "#sides", "uv": [ 0.0, 10.5, 1.5, 11.0 ], "autoUv": false },
						"east": { "texture": "#sides", "uv": [ 0.0, 0.0, 15.5, 0.5 ] },
						"south": { "texture": "#sides", "uv": [ 1.0, 9.5, 3.0, 10.0 ], "autoUv": false },
						"west": { "texture": "#sides", "uv": [ 0.0, 0.0, 15.5, 0.5 ] },
						"up": { "texture": "#sides", "uv": [ 15.0, 0.5, 16.0, 16.0 ], "autoUv": false },
						"down": { "texture": "#topbottom", "uv": [ 14.5, 0.0, 16.0, 16.0 ], "autoUv": false }
					}
				},
				{
					"name": "base27",
					"from": [ 16.0, 0.0, 0.22 ], 
					"to": [ 18.0, 0.3, 15.97 ], 
					"rotationOrigin": [ 16.0, 0.0, 0.3 ],
					"faces": {
						"north": { "texture": "#sides", "uv": [ 0.0, 10.5, 1.5, 11.0 ], "autoUv": false },
						"east": { "texture": "#sides", "uv": [ 0.0, 0.0, 15.5, 0.5 ] },
						"south": { "texture": "#sides", "uv": [ 1.0, 9.5, 3.0, 10.0 ], "autoUv": false },
						"west": { "texture": "#sides", "uv": [ 0.0, 0.0, 15.5, 0.5 ] },
						"up": { "texture": "#sides", "uv": [ 15.5, 0.0, 16.0, 15.5 ], "autoUv": false },
						"down": { "texture": "#topbottom", "uv": [ 0.0, 0.0, 1.5, 16.0 ], "autoUv": false }
					}
				}
			]
		}
	]}