{
        "code": "powdered",
	"variantgroups": [
		{ "code": "type", "states": [
		       "bauxite", "boneash", "cassiterite", "coal", "chromite", "chromiumoxide", "cinnabar", "copper", "galena", "gold", "granite", "hematite",
		       "ilmenite", "lapislazuli", "lead", "limonite", "litharge", "leadoxide", "magnetite",
		       "malachite", "massicot", "nickel", "olivine", "pentlandite", "rhodochrosite", "quartz", "tin" ] }
	],
	"attributes": {
		"inContainerTexture": { "base": "bricklayers:item/resource/powdered/incontainer/{type}" }
	},
	"attributesByType": {
		"powdered-boneash": {
			"handbook": { "extraSections": [ { "title": "handbook-item-usage", "text": "handbook-item-usage-powdered-boneash" } ] },
			"fertilizerProps": { "n": 0, "p": 42, "k": 0 }
		},
		"powdered-chromite": {
			"handbook": { "extraSections": [ { "title": "handbook-item-usage", "text": "handbook-item-usage-powdered-chromite" } ] }
		},
		"powdered-chromiumoxide": {
			"handbook": { "extraSections": [ { "title": "handbook-item-usage", "text": "handbook-item-usage-powdered-chromiumoxide" } ] }
		},
		"powdered-galena": {
			"handbook": { "extraSections": [ { "title": "handbook-item-usage", "text": "handbook-item-usage-powdered-galena" } ] }
		},
		"powdered-granite": {
			"handbook": { "extraSections": [ { "title": "handbook-item-usage", "text": "handbook-item-usage-powdered-granite" } ] }
		},
		"powdered-leadoxide": {
			"handbook": { "extraSections": [ { "title": "handbook-item-usage", "text": "handbook-item-usage-powdered-leadoxide" } ] }
		},
		"powdered-lead": {
			"handbook": { "extraSections": [ { "title": "handbook-item-usage", "text": "handbook-item-usage-powdered-lead" } ] }
		},
		"powdered-litharge": {
			"handbook": { "extraSections": [ { "title": "handbook-item-usage", "text": "handbook-item-usage-powdered-litharge" } ] }
		},
		"powdered-massicot": {
			"handbook": { "extraSections": [ { "title": "handbook-item-usage", "text": "handbook-item-usage-powdered-massicot" } ] }
		},
		"powdered-pentlandite": {
			"handbook": { "extraSections": [ { "title": "handbook-item-usage", "text": "handbook-item-usage-powdered-pentlandite" } ] }
		},
		"powdered-rhodochrosite": {
			"handbook": { "extraSections": [ { "title": "handbook-item-usage", "text": "handbook-item-usage-powdered-rhodochrosite" } ] }
		},
		"powdered-quartz": {
			"handbook": { "extraSections": [ { "title": "handbook-item-usage", "text": "handbook-item-usage-powdered-quartz" } ] }
		},
		"powdered-tin": {
			"handbook": { "extraSections": [ { "title": "handbook-item-usage", "text": "handbook-item-usage-powdered-tin" } ] }
		},
		"powdered-ilmenite": {
			"handbook": { "extraSections": [ { "title": "handbook-item-usage", "text": "handbook-item-usage-powdered-ilmenite" } ] }
		},
		"powdered-*": {
			"handbook": { "extraSections": [ { "title": "handbook-item-usage", "text": "handbook-item-usage-powdered" } ] }
		}
	},
        "texture": { "base": "bricklayers:item/resource/powdered/{type}" },
	"combustiblePropsByType": {
		"*-coal": {
			"burnTemperature": 1100,
			"burnDuration": 18
		},
		"*-chromite": {
			"meltingPoint": 1000,
			"meltingDuration": 6,
			"smeltingType": "convert",
			"smeltedStack": { "type": "item", "code": "bricklayers:powdered-chromiumoxide" },
			"requiresContainer": false
		},
		"*-galena": {
			"meltingPoint": 1000,
			"meltingDuration": 6,
			"smeltingType": "convert",
			"smeltedStack": { "type": "item", "code": "bricklayers:powdered-leadoxide" },
			"requiresContainer": false
		},
		"*-lead": {
			"meltingPoint": 1000,
			"meltingDuration": 12,
			"smeltingType": "convert",
			"smeltedStack": { "type": "item", "code": "bricklayers:powdered-leadoxide" },
			"requiresContainer": false
		},
		"*-leadoxide": {
			"meltingPoint": 600,
			"meltingDuration": 12,
			"smeltingType": "convert",
			"smeltedStack": { "type": "item", "code": "bricklayers:powdered-massicot" },
			"requiresContainer": false
		},
		"*-massicot": {
			"meltingPoint": 488,
			"meltingDuration": 16,
			"smeltingType": "convert",
			"smeltedStack": { "type": "item", "code": "bricklayers:powdered-litharge" },
			"requiresContainer": false
		},
		"*-litharge": {
			"meltingPoint": 488,
			"meltingDuration": 16,
			"smeltingType": "convert",
			"smeltedStack": { "type": "item", "code": "bricklayers:powdered-massicot" },
			"requiresContainer": false
		},
		"*-limonite": {
			"meltingPoint": 950,
			"meltingDuration": 18,
			"smeltingType": "convert",
			"smeltedStack": { "type": "item", "code": "bricklayers:powdered-hematite" },
			"requiresContainer": false
		},
		"*-pentlandite": {
			"meltingPoint": 950,
			"meltingDuration": 18,
			"smeltingType": "convert",
			"smeltedStack": { "type": "item", "code": "bricklayers:powdered-nickel" },
			"requiresContainer": false
		},
		"*-tin": {
			"meltingPoint": 950,
			"meltingDuration": 14,
			"smeltingType": "convert",
			"smeltedStack": { "type": "item", "code": "bricklayers:powdered-cassiterite" },
			"requiresContainer": false
		}
        },
        "creativeinventory": { "general": ["*"], "items": ["*"], "ceramics": ["*"] },
        "maxstacksize": 64,
        "materialDensity": 500,
	"heldTpIdleAnimation": "holdbothhands",
	"tpHandTransform": {
		"translation": { "x": -1.5, "y": -1.55, "z": -1.15 },
		"rotation": { "x": 163, "y": 75, "z": -98 },
		"scale": 0.33
        },
        "fpHandTransform": {
		"translation": { "x": 0.047, "y": -0.2, "z": 0 },
		"rotation": { "x": 180, "y": 90, "z": 15 }
        }
}
