[
  {
    "op": "add",
    "path": "/dropsByType/*-10/2",
    "value": {
      "type": "item",
      "code": "game:drygrass",
      "quantity": {
        "avg": 3,
        "var": 1
      }
    },
    "file": "game:blocktypes/plant/crop/rice.json"
  },
  {
    "op": "add",
    "path": "/dropsByType/*-9/2",
    "value": {
      "type": "item",
      "code": "game:drygrass",
      "quantity": {
        "avg": 3,
        "var": 1
      }
    },
    "file": "game:blocktypes/plant/crop/rye.json"
  },
  {
    "op": "add",
    "path": "/dropsByType/*-9/2",
    "value": {
      "type": "item",
      "code": "game:drygrass",
      "quantity": {
        "avg": 3,
        "var": 1
      }
    },
    "file": "game:blocktypes/plant/crop/spelt.json"
  },
  {
    "op": "replace",
    "path": "/transitionableProps/0/transitionRatio",
    "value": 1,
    "file": "game:itemtypes/food/flour.json"
  },
  {
    "op": "replace",
    "path": "/transitionablePropsByType/*/0/transitionRatio",
    "value": 1,
    "file": "game:itemtypes/food/fruit.json"
  },
  {
    "op": "replace",
    "path": "/transitionablePropsByType/*-cranberry/0/transitionRatio",
    "value": 1,
    "file": "game:itemtypes/food/fruit.json"
  },
  {
    "op": "replace",
    "path": "/transitionableProps/0/transitionRatio",
    "value": 1,
    "file": "game:itemtypes/food/legume.json"
  },
  {
    "op": "replace",
    "path": "/transitionableProps/0/transitionRatio",
    "value": 1,
    "file": "game:itemtypes/food/pickledlegume.json"
  },
  {
    "op": "replace",
    "path": "/transitionableProps/0/transitionRatio",
    "value": 1,
    "file": "game:itemtypes/food/pickledvegetable.json"
  },
  {
    "op": "replace",
    "path": "/transitionablePropsByType/*/0/transitionRatio",
    "value": 1,
    "file": "game:itemtypes/food/vegetable.json"
  },
  {
    "op": "replace",
    "path": "/transitionablePropsByType/*-cookedcattailroot/0/transitionRatio",
    "value": 1,
    "file": "game:itemtypes/food/vegetable.json"
  },
  {
    "op": "replace",
    "path": "/transitionablePropsByType/*-onion/0/transitionRatio",
    "value": 1,
    "file": "game:itemtypes/food/vegetable.json"
  },
  {
    "op": "replace",
    "path": "/transitionablePropsByType/*-pumpkin/0/transitionRatio",
    "value": 1,
    "file": "game:itemtypes/food/vegetable.json"
  }
]
