{
	code: "tea",
	class: "ExpandedLiquid",
	matterState: "liquid",
	attributes: {
		handbook: {
			ignoreCreativeInvStacks: true
		},
		inContainerTexture: { base: "game:item/liquid/tea" },
		"inBowlShape": { "base": "game:block/food/meal/liquid" },
		expandedNutritionPropsByType: {
			"*-herb": {
      				"game:herbbundle-sage" : { saturation: 19, health: 0.35, foodcategory: "Vegetable" },
      				"game:herbbundle-cilantro" : { saturation: 14, health: 0.15, foodcategory: "Vegetable" },
      				"game:herbbundle-lavender" : { saturation: 14, health: 0.15, foodcategory: "Vegetable" },
      				"game:herbbundle-mint" : { saturation: 14, health: 0.15, foodcategory: "Vegetable" },
      				"game:herbbundle-basil" : { saturation: 9, health: 0.1, foodcategory: "Vegetable" },
      				"game:herbbundle-chamomile" : { saturation: 9, health: 0.1, foodcategory: "Vegetable" },
      				"game:herbbundle-marjoram" : { saturation: 9, health: 0.1, foodcategory: "Vegetable" },
      				"game:herbbundle-saffron" : { saturation: 9, health: 0.1, foodcategory: "Vegetable" },
      				"game:herbbundle-thyme" : { saturation: 9, health: 0.1, foodcategory: "Vegetable" },
			},
		},
		waterTightContainerProps: {
			containable: true,
			itemsPerLitre: 100,
			isopaque: true,
			texture: { base: "game:item/liquid/tea" },
			allowSpill: true,
			whenSpilled: { 
				action: "DropContents",
				stack: { type: "item", code: "tea" } 
			}
		}
	},
	variantgroups: [
		{ code: "type", states: ["herb"] },
	],
	shape: { base: "game:item/liquid" },
	texture: { base: "game:item/liquid/tea" },
	creativeinventoryStacks: [ { tabs: ["general", "liquids", "expandedfoods"], stacks: [ { type: "block", code: "game:woodbucket", attributes: { ucontents: [ { type:"item", code: "expandedfoods:tea-{type}", makefull: true } ] } } ] } ],
	maxstacksize: 5000,
	materialDensity: 200,
	transitionablePropsByType: {
		"*":[{
    			type: "Perish",
    			freshHours: { avg: 240 },
    			transitionHours: { avg: 480 },
    			transitionedStack: { type: "item", code: "game:rot" },
    			transitionRatio: 0.25
  		}],
	},
	nutritionPropsByType: {
		"*-herb": { saturation: 1, Health: 0.1, foodcategory: "Vegetable" }
	},
	guiTransform: {
		rotation: { x: 123, y: -33, z: -13 },
		origin: { x: 0.5, y: 0, z: 0.5 },
		scale: 1.4
	},
	fpHandTransform: {
		translation: { x: 0, y: 0, z: 0 },
		rotation: { x: 25, y: 157, z: -5 }
	},
	tpHandTransform: {
		translation: { x: -1.5, y: -1, z: -1.4 }
	}
}