{
	"editor": {
		"allAngles": false,
		"entityTextureMode": false
	},
	"textureWidth": 16,
	"textureHeight": 16,
	"textureSizes": {
	},
	"textures": {
	},
	"elements": [
		{
			"name": "Case",
			"from": [ 0.0, 0.0, 0.0 ], 
			"to": [ 0.0, 0.0, 0.0 ], 
			"rotationOrigin": [ 8.0, 0.0, 8.0 ],
			"faces": {
				"north": { "texture": "#0", "uv": [ 41.0, 10.0, 46.0, 15.0 ] },
				"east": { "texture": "#0", "uv": [ 57.0, 10.0, 63.0, 15.0 ] },
				"south": { "texture": "#0", "uv": [ 52.0, 10.0, 57.0, 15.0 ] },
				"west": { "texture": "#0", "uv": [ 46.0, 10.0, 52.0, 15.0 ] },
				"up": { "texture": "#0", "uv": [ 34.0, 5.0, 40.0, 10.0 ] },
				"down": { "texture": "#0", "uv": [ 34.0, 10.0, 40.0, 15.0 ] }
			},
			"children": [
				{
					"name": "cube0",
					"from": [ 0.0, 0.0, 0.0 ], 
					"to": [ 16.0, 15.0, 1.0 ], 
					"rotationOrigin": [ 8.0, -1.0, 8.0 ],
					"faces": {
						"north": { "texture": "#0", "uv": [ 0.0, 0.0, 16.0, 14.0 ], "autoUv": false },
						"east": { "texture": "#0", "uv": [ 0.0, 0.0, 1.0, 14.0 ], "autoUv": false },
						"south": { "texture": "#0", "uv": [ 0.0, 0.0, 16.0, 14.0 ], "autoUv": false },
						"west": { "texture": "#0", "uv": [ 0.0, 0.0, 1.0, 14.0 ], "autoUv": false },
						"up": { "texture": "#0", "uv": [ 0.0, 0.0, 16.0, 1.0 ], "autoUv": false },
						"down": { "texture": "#0", "uv": [ 0.0, 0.0, 16.0, 1.0 ], "autoUv": false }
					}
				},
				{
					"name": "cube1",
					"from": [ 0.0, 0.0, 1.0 ], 
					"to": [ 1.0, 15.0, 8.0 ], 
					"rotationOrigin": [ 8.0, 0.0, 8.0 ],
					"faces": {
						"north": { "texture": "#1", "uv": [ 0.0, 0.0, 1.0, 15.0 ], "autoUv": false },
						"east": { "texture": "#1", "uv": [ 0.0, 0.0, 7.0, 15.0 ], "autoUv": false },
						"south": { "texture": "#1", "uv": [ 0.0, 0.0, 1.0, 15.0 ], "autoUv": false },
						"west": { "texture": "#1", "uv": [ 0.0, 0.0, 7.0, 15.0 ], "autoUv": false },
						"up": { "texture": "#1", "uv": [ 0.0, 0.0, 1.0, 7.0 ], "autoUv": false },
						"down": { "texture": "#1", "uv": [ 0.0, 0.0, 1.0, 7.0 ], "autoUv": false }
					}
				},
				{
					"name": "cube2",
					"from": [ 15.0, 0.0, 1.0 ], 
					"to": [ 16.0, 15.0, 8.0 ], 
					"rotationOrigin": [ 8.0, 0.0, 8.0 ],
					"faces": {
						"north": { "texture": "#1", "uv": [ 0.0, 0.0, 1.0, 15.0 ], "autoUv": false },
						"east": { "texture": "#1", "uv": [ 0.0, 0.0, 7.0, 15.0 ], "autoUv": false },
						"south": { "texture": "#1", "uv": [ 0.0, 0.0, 1.0, 15.0 ], "autoUv": false },
						"west": { "texture": "#1", "uv": [ 0.0, 0.0, 7.0, 15.0 ], "autoUv": false },
						"up": { "texture": "#1", "uv": [ 0.0, 0.0, 1.0, 7.0 ], "autoUv": false },
						"down": { "texture": "#1", "uv": [ 0.0, 0.0, 1.0, 7.0 ], "autoUv": false }
					}
				},
				{
					"name": "cube3",
					"from": [ 1.0, 1.0, 1.0 ], 
					"to": [ 15.0, 2.0, 7.0 ], 
					"rotationOrigin": [ 8.0, 0.0, 8.0 ],
					"faces": {
						"north": { "texture": "#1", "uv": [ 0.0, 0.0, 14.0, 1.0 ], "autoUv": false },
						"east": { "texture": "#1", "uv": [ 0.0, 0.0, 6.0, 1.0 ], "autoUv": false },
						"south": { "texture": "#1", "uv": [ 0.0, 0.0, 14.0, 1.0 ], "autoUv": false },
						"west": { "texture": "#1", "uv": [ 0.0, 0.0, 6.0, 1.0 ], "autoUv": false },
						"up": { "texture": "#1", "uv": [ 0.0, 0.0, 14.0, 6.0 ], "autoUv": false },
						"down": { "texture": "#1", "uv": [ 0.0, 0.0, 14.0, 6.0 ], "autoUv": false }
					}
				},
				{
					"name": "cube4",
					"from": [ 1.0, 8.0, 1.0 ], 
					"to": [ 15.0, 9.0, 7.0 ], 
					"rotationOrigin": [ 8.0, 0.0, 8.0 ],
					"faces": {
						"north": { "texture": "#1", "uv": [ 0.0, 0.0, 14.0, 1.0 ], "autoUv": false },
						"east": { "texture": "#1", "uv": [ 0.0, 0.0, 6.0, 1.0 ], "autoUv": false },
						"south": { "texture": "#1", "uv": [ 0.0, 0.0, 14.0, 1.0 ], "autoUv": false },
						"west": { "texture": "#1", "uv": [ 0.0, 0.0, 6.0, 1.0 ], "autoUv": false },
						"up": { "texture": "#1", "uv": [ 0.0, 0.0, 14.0, 6.0 ], "autoUv": false },
						"down": { "texture": "#1", "uv": [ 0.0, 0.0, 14.0, 6.0 ], "autoUv": false }
					}
				},
				{
					"name": "cube9",
					"from": [ 1.0, 0.0, 1.0 ], 
					"to": [ 15.0, 1.0, 8.0 ], 
					"rotationOrigin": [ 8.0, 0.0, 8.0 ],
					"faces": {
						"north": { "texture": "#0", "uv": [ 0.0, 0.0, 14.0, 1.0 ], "autoUv": false },
						"east": { "texture": "#0", "uv": [ 0.0, 0.0, 7.0, 1.0 ], "autoUv": false },
						"south": { "texture": "#0", "uv": [ 0.0, 0.0, 14.0, 1.0 ], "autoUv": false },
						"west": { "texture": "#0", "uv": [ 0.0, 0.0, 7.0, 1.0 ], "autoUv": false },
						"up": { "texture": "#0", "uv": [ 0.0, 0.0, 14.0, 7.0 ], "autoUv": false },
						"down": { "texture": "#0", "uv": [ 0.0, 0.0, 14.0, 7.0 ], "autoUv": false }
					}
				},
				{
					"name": "cube10",
					"from": [ 0.0, 15.0, 0.0 ], 
					"to": [ 16.0, 16.0, 8.0 ], 
					"rotationOrigin": [ 8.0, 0.0, 8.0 ],
					"faces": {
						"north": { "texture": "#1", "uv": [ 0.0, 0.0, 16.0, 1.0 ], "autoUv": false },
						"east": { "texture": "#1", "uv": [ 0.0, 0.0, 8.0, 1.0 ], "autoUv": false },
						"south": { "texture": "#1", "uv": [ 0.0, 0.0, 16.0, 1.0 ], "autoUv": false },
						"west": { "texture": "#1", "uv": [ 0.0, 0.0, 8.0, 1.0 ], "autoUv": false },
						"up": { "texture": "#1", "uv": [ 0.0, 0.0, 16.0, 8.0 ], "autoUv": false },
						"down": { "texture": "#1", "uv": [ 0.0, 0.0, 16.0, 8.0 ], "autoUv": false }
					}
				}
			]
		},
		{
			"name": "left_door5",
			"from": [ 0.0, 0.0, 8.0 ], 
			"to": [ 8.0, 16.0, 9.0 ], 
			"renderInEditor": false,
			"rotationOrigin": [ 0.5, 7.0, 8.5 ],
			"faces": {
				"north": { "texture": "#2", "uv": [ 0.0, 0.0, 14.0, 8.0 ], "rotation": 90, "autoUv": false },
				"east": { "texture": "#2", "uv": [ 0.0, 0.0, 14.0, 1.0 ], "rotation": 90, "autoUv": false },
				"south": { "texture": "#2", "uv": [ 0.0, 0.0, 14.0, 8.0 ], "rotation": 90, "autoUv": false },
				"west": { "texture": "#2", "uv": [ 0.0, 0.0, 14.0, 1.0 ], "rotation": 90, "autoUv": false },
				"up": { "texture": "#2", "uv": [ 0.0, 0.0, 2.0, 16.0 ], "rotation": 90, "autoUv": false },
				"down": { "texture": "#2", "uv": [ 0.0, 0.0, 2.0, 16.0 ], "rotation": 90, "autoUv": false }
			},
			"children": [
				{
					"name": "left_handle",
					"from": [ 6.5, 1.0, 1.0 ], 
					"to": [ 7.5, 3.0, 2.0 ], 
					"rotationOrigin": [ 8.0, 0.0, 0.0 ],
					"faces": {
						"north": { "texture": "#1", "uv": [ 0.0, 0.0, 1.0, 2.0 ], "autoUv": false },
						"east": { "texture": "#1", "uv": [ 0.0, 0.0, 1.0, 2.0 ], "autoUv": false },
						"south": { "texture": "#1", "uv": [ 0.0, 0.0, 1.0, 2.0 ], "autoUv": false },
						"west": { "texture": "#1", "uv": [ 0.0, 0.0, 1.0, 2.0 ], "autoUv": false },
						"up": { "texture": "#1", "uv": [ 0.0, 0.0, 1.0, 1.0 ], "autoUv": false },
						"down": { "texture": "#1", "uv": [ 0.0, 0.0, 1.0, 1.0 ], "autoUv": false }
					}
				}
			]
		},
		{
			"name": "right_door7",
			"from": [ 8.0, 0.0, 8.0 ], 
			"to": [ 16.0, 16.0, 9.0 ], 
			"renderInEditor": false,
			"rotationOrigin": [ 15.5, 7.0, 8.5 ],
			"faces": {
				"north": { "texture": "#2", "uv": [ 0.0, 0.0, 16.0, 8.0 ], "rotation": 90, "autoUv": false },
				"east": { "texture": "#2", "uv": [ 0.0, 0.0, 14.0, 1.0 ], "rotation": 90, "autoUv": false },
				"south": { "texture": "#2", "uv": [ 0.0, 0.0, 14.0, 8.0 ], "rotation": 90, "autoUv": false },
				"west": { "texture": "#2", "uv": [ 0.0, 0.0, 14.0, 1.0 ], "rotation": 90, "autoUv": false },
				"up": { "texture": "#2", "uv": [ 0.0, 0.0, 2.0, 16.0 ], "rotation": 90, "autoUv": false },
				"down": { "texture": "#2", "uv": [ 0.0, 0.0, 2.0, 16.0 ], "rotation": 90, "autoUv": false }
			},
			"children": [
				{
					"name": "right_handle",
					"from": [ 0.5, 1.0, 1.0 ], 
					"to": [ 1.5, 3.0, 2.0 ], 
					"faces": {
						"north": { "texture": "#1", "uv": [ 0.0, 0.0, 1.0, 2.0 ], "autoUv": false },
						"east": { "texture": "#1", "uv": [ 0.0, 0.0, 1.0, 2.0 ], "autoUv": false },
						"south": { "texture": "#1", "uv": [ 0.0, 0.0, 1.0, 2.0 ], "autoUv": false },
						"west": { "texture": "#1", "uv": [ 0.0, 0.0, 1.0, 2.0 ], "autoUv": false },
						"up": { "texture": "#1", "uv": [ 0.0, 0.0, 1.0, 1.0 ], "autoUv": false },
						"down": { "texture": "#1", "uv": [ 0.0, 0.0, 1.0, 1.0 ], "autoUv": false }
					}
				}
			]
		}
	],
	"animations": [
		{
			"name": "open",
			"code": "open",
			"quantityframes": 30,
			"onActivityStopped": "Rewind",
			"onAnimationEnd": "Hold",
			"keyframes": [
				{
					"frame": 0,
					"elements": {
						"left_door5": { "rotationX": 0.0, "rotationY": 0.0, "rotationZ": 0.0 },
						"right_door7": { "rotationX": 0.0, "rotationY": 0.0, "rotationZ": 0.0 }
					}
				},
				{
					"frame": 29,
					"elements": {
						"right_door7": { "rotationX": 0.0, "rotationY": 112.5, "rotationZ": 0.0 },
						"left_door5": { "rotationX": 0.0, "rotationY": -112.5, "rotationZ": 0.0 }
					}
				}
			]
		}
	]
}