{
	"editor": {
		"allAngles": false,
		"entityTextureMode": false
	},
	"textureWidth": 16,
	"textureHeight": 16,
	"textureSizes": {
	},
	"textures": {
		"material": "metal/shingles/zinc1",
		"snowcover": "game:block/snow/normal1"
	},
	"elements": [
		{
			"name": "RoofRoot",
			"from": [ 0.0, 0.0, 3.0 ], 
			"to": [ 0.0, 0.0, 3.0 ], 
			"rotationOrigin": [ 0.0, 0.0, 3.0 ],
			"faces": {
				"north": { "texture": "#material", "uv": [ 0.0, 0.0, 0.5, 0.5 ], "enabled": false },
				"east": { "texture": "#material", "uv": [ 0.0, 0.0, 0.5, 0.5 ], "enabled": false },
				"south": { "texture": "#material", "uv": [ 0.0, 0.0, 0.5, 0.5 ], "enabled": false },
				"west": { "texture": "#material", "uv": [ 0.0, 0.0, 0.5, 0.5 ], "enabled": false },
				"up": { "texture": "#material", "uv": [ 0.0, 0.0, 0.5, 0.5 ], "enabled": false },
				"down": { "texture": "#material", "uv": [ 0.0, 0.0, 0.5, 0.5 ], "enabled": false }
			},
			"children": [
				{
					"name": "Cube1",
					"from": [ 0.0, -2.61, 14.1924 ], 
					"to": [ 16.0, 1.39, 16.1924 ], 
					"rotationOrigin": [ 0.0, -2.6066, 14.1924 ],
					"rotationX": -45.0,
					"faces": {
						"north": { "texture": "#material", "uv": [ 0.0, 0.0, 16.0, 16.0 ], "autoUv": false },
						"east": { "texture": "#material", "uv": [ 0.0, 0.0, 2.0, 16.0 ], "autoUv": false },
						"south": { "texture": "#material", "uv": [ 0.0, 10.0, 16.0, 16.0 ], "autoUv": false },
						"west": { "texture": "#material", "uv": [ 0.0, 0.0, 2.0, 16.0 ], "autoUv": false },
						"up": { "texture": "#material", "uv": [ 0.0, 0.0, 16.0, 2.0 ] },
						"down": { "texture": "#material", "uv": [ 0.0, 0.0, 16.0, 2.0 ] }
					},
					"children": [
						{
							"name": "Cube1-snow",
							"from": [ 0.0, 0.01, 2.0 ], 
							"to": [ 17.0, 4.01, 4.0 ], 
							"rotationOrigin": [ 0.0, 0.0, 2.0 ],
							"faces": {
								"north": { "texture": "#snowcover", "uv": [ 0.0, 0.0, 16.0, 16.0 ], "autoUv": false },
								"east": { "texture": "#snowcover", "uv": [ 0.0, 0.0, 2.0, 16.0 ], "autoUv": false },
								"south": { "texture": "#snowcover", "uv": [ 0.0, 0.0, 16.0, 16.0 ], "autoUv": false },
								"west": { "texture": "#snowcover", "uv": [ 0.0, 0.0, 2.0, 16.0 ], "autoUv": false },
								"up": { "texture": "#snowcover", "uv": [ 0.0, 0.0, 17.0, 2.0 ] },
								"down": { "texture": "#snowcover", "uv": [ 0.0, 0.0, 17.0, 2.0 ] }
							}
						},
						{
							"name": "Roof1",
							"from": [ 0.0, 3.9, 0.0 ], 
							"to": [ 13.0, 8.0, 2.0 ], 
							"rotationOrigin": [ 0.0, 4.0, 1.0 ],
							"faces": {
								"north": { "texture": "#material", "uv": [ 0.0, 0.0, 16.0, 16.0 ], "autoUv": false },
								"east": { "texture": "#material", "uv": [ 0.0, 0.0, 2.0, 16.0 ], "autoUv": false },
								"south": { "texture": "#material", "uv": [ 0.0, 5.0, 13.0, 10.0 ], "autoUv": false },
								"west": { "texture": "#material", "uv": [ 0.0, 5.0, 2.0, 10.0 ], "autoUv": false },
								"up": { "texture": "#material", "uv": [ 0.0, 0.0, 13.0, 2.0 ] },
								"down": { "texture": "#material", "uv": [ 0.0, 0.0, 16.0, 2.0 ], "enabled": false, "autoUv": false }
							},
							"children": [
								{
									"name": "Cube1-snow15",
									"from": [ 0.0, -0.1, 2.0 ], 
									"to": [ 14.0, 4.0, 4.0 ], 
									"rotationOrigin": [ 0.0, 14.0, 2.0 ],
									"faces": {
										"north": { "texture": "#snowcover", "uv": [ 0.0, 0.0, 16.0, 16.0 ], "autoUv": false },
								"east": { "texture": "#snowcover", "uv": [ 0.0, 0.0, 2.0, 16.0 ], "autoUv": false },
								"south": { "texture": "#snowcover", "uv": [ 0.0, 5.0, 13.0, 10.0 ], "autoUv": false },
								"west": { "texture": "#snowcover", "uv": [ 0.0, 5.0, 2.0, 10.0 ], "autoUv": false },
								"up": { "texture": "#snowcover", "uv": [ 0.0, 0.0, 13.0, 2.0 ] },
								"down": { "texture": "#snowcover", "uv": [ 0.0, 0.0, 16.0, 2.0 ], "autoUv": false }
									}
								}
							]
						},
						{
							"name": "Roof16",
							"from": [ 0.0, 7.9, 0.0 ], 
							"to": [ 10.0, 12.0, 2.0 ], 
							"rotationOrigin": [ 0.0, 8.0, 1.0 ],
							"faces": {
								"north": { "texture": "#material", "uv": [ 0.0, 0.0, 16.0, 16.0 ], "autoUv": false },
								"east": { "texture": "#material", "uv": [ 0.0, 0.0, 2.0, 16.0 ], "autoUv": false },
								"south": { "texture": "#material", "uv": [ 0.0, 0.0, 10.0, 5.0 ], "autoUv": false },
								"west": { "texture": "#material", "uv": [ 0.0, 0.0, 2.0, 5.0 ], "autoUv": false },
								"up": { "texture": "#material", "uv": [ 0.0, 0.0, 10.0, 2.0 ] },
								"down": { "texture": "#material", "uv": [ 0.0, 0.0, 16.0, 2.0 ], "enabled": false, "autoUv": false }
							},
							"children": [
								{
									"name": "Cube1-snow17",
									"from": [ 0.0, -0.1, 2.0 ], 
									"to": [ 11.0, 4.0, 4.0 ], 
									"rotationOrigin": [ 0.0, 14.0, 2.0 ],
									"faces": {
										"north": { "texture": "#snowcover", "uv": [ 0.0, 0.0, 16.0, 16.0 ], "autoUv": false },
								"east": { "texture": "#snowcover", "uv": [ 0.0, 0.0, 2.0, 16.0 ], "autoUv": false },
								"south": { "texture": "#snowcover", "uv": [ 0.0, 0.0, 10.0, 5.0 ], "autoUv": false },
								"west": { "texture": "#snowcover", "uv": [ 0.0, 0.0, 2.0, 5.0 ], "autoUv": false },
								"up": { "texture": "#snowcover", "uv": [ 0.0, 0.0, 10.0, 2.0 ] },
								"down": { "texture": "#snowcover", "uv": [ 0.0, 0.0, 16.0, 2.0 ], "autoUv": false }
									}
								}
							]
						},
						{
							"name": "Roof19",
							"from": [ 0.0, 11.9, 0.0 ], 
							"to": [ 7.25, 16.0, 2.0 ], 
							"rotationOrigin": [ 0.0, 12.0, 1.0 ],
							"faces": {
								"north": { "texture": "#material", "uv": [ 0.0, 0.0, 7.25, 16.0 ], "autoUv": false },
								"east": { "texture": "#material", "uv": [ 0.0, 0.0, 2.0, 16.0 ], "autoUv": false },
								"south": { "texture": "#material", "uv": [ 0.0, 12.0, 7.25, 16.0 ], "autoUv": false },
								"west": { "texture": "#material", "uv": [ 0.0, 12.0, 2.0, 16.0 ], "autoUv": false },
								"up": { "texture": "#material", "uv": [ 0.0, 0.0, 7.0, 2.0 ] },
								"down": { "texture": "#material", "uv": [ 0.0, 0.0, 16.0, 2.0 ], "enabled": false, "autoUv": false }
							},
							"children": [
								{
									"name": "Cube1-snow20",
									"from": [ 0.0, -0.1, 2.0 ], 
									"to": [ 8.5, 4.0, 4.0 ], 
									"rotationOrigin": [ 0.0, 14.0, 2.0 ],
									"faces": {
										"north": { "texture": "#snowcover", "uv": [ 0.0, 0.0, 7.25, 16.0 ], "autoUv": false },
								"east": { "texture": "#snowcover", "uv": [ 0.0, 0.0, 2.0, 16.0 ], "autoUv": false },
								"south": { "texture": "#snowcover", "uv": [ 0.0, 12.0, 7.25, 16.0 ], "autoUv": false },
								"west": { "texture": "#snowcover", "uv": [ 0.0, 12.0, 2.0, 16.0 ], "autoUv": false },
								"up": { "texture": "#snowcover", "uv": [ 0.0, 0.0, 7.0, 2.0 ] },
								"down": { "texture": "#snowcover", "uv": [ 0.0, 0.0, 16.0, 2.0 ], "autoUv": false }
									}
								}
							]
						},
						{
							"name": "Roof21",
							"from": [ 0.0, 15.9, 0.0 ], 
							"to": [ 5.0, 20.0, 2.0 ], 
							"rotationOrigin": [ 0.0, 16.0, 1.0 ],
							"faces": {
								"north": { "texture": "#material", "uv": [ 0.0, 0.0, 16.0, 16.0 ], "autoUv": false },
								"east": { "texture": "#material", "uv": [ 0.0, 0.0, 2.0, 16.0 ], "autoUv": false },
								"south": { "texture": "#material", "uv": [ 0.0, 7.0, 5.0, 12.0 ], "autoUv": false },
								"west": { "texture": "#material", "uv": [ 0.0, 7.0, 2.0, 12.0 ], "autoUv": false },
								"up": { "texture": "#material", "uv": [ 0.0, 0.0, 5.0, 2.0 ] },
								"down": { "texture": "#material", "uv": [ 0.0, 0.0, 16.0, 2.0 ], "enabled": false, "autoUv": false }
							},
							"children": [
								{
									"name": "Cube1-snow22",
									"from": [ 0.0, -0.1, 2.0 ], 
									"to": [ 6.0, 3.9, 4.0 ], 
									"rotationOrigin": [ 0.0, 14.0, 2.0 ],
									"faces": {
										"north": { "texture": "#snowcover", "uv": [ 0.0, 0.0, 16.0, 16.0 ], "autoUv": false },
								"east": { "texture": "#snowcover", "uv": [ 0.0, 0.0, 2.0, 16.0 ], "autoUv": false },
								"south": { "texture": "#snowcover", "uv": [ 0.0, 7.0, 5.0, 12.0 ], "autoUv": false },
								"west": { "texture": "#snowcover", "uv": [ 0.0, 7.0, 2.0, 12.0 ], "autoUv": false },
								"up": { "texture": "#snowcover", "uv": [ 0.0, 0.0, 5.0, 2.0 ] },
								"down": { "texture": "#snowcover", "uv": [ 0.0, 0.0, 16.0, 2.0 ], "autoUv": false }
									}
								}
							]
						},
						{
							"name": "Roof23",
							"from": [ 0.0, 19.9, 0.0 ], 
							"to": [ 2.0, 23.7, 2.0 ], 
							"rotationOrigin": [ 0.0, 20.0, 1.0 ],
							"faces": {
								"north": { "texture": "#material", "uv": [ 0.0, 0.0, 2.0, 16.0 ], "autoUv": false },
								"east": { "texture": "#material", "uv": [ 0.0, 0.0, 2.0, 16.0 ], "autoUv": false },
								"south": { "texture": "#material", "uv": [ 0.0, 3.0, 2.0, 7.0 ], "autoUv": false },
								"west": { "texture": "#material", "uv": [ 0.0, 3.0, 2.0, 7.0 ], "autoUv": false },
								"up": { "texture": "#material", "uv": [ 0.0, 0.0, 2.0, 2.0 ] },
								"down": { "texture": "#material", "uv": [ 0.0, 0.0, 16.0, 2.0 ], "enabled": false, "autoUv": false }
							},
							"children": [
								{
									"name": "Cube1-snow24",
									"from": [ 0.0, -0.1, 2.0 ], 
									"to": [ 4.0, 4.0, 4.0 ], 
									"rotationOrigin": [ 0.0, 14.0, 2.0 ],
									"faces": {
										"north": { "texture": "#snowcover", "uv": [ 0.0, 0.0, 2.0, 16.0 ], "autoUv": false },
								"east": { "texture": "#snowcover", "uv": [ 0.0, 0.0, 2.0, 16.0 ], "autoUv": false },
								"south": { "texture": "#snowcover", "uv": [ 0.0, 3.0, 2.0, 7.0 ], "autoUv": false },
								"west": { "texture": "#snowcover", "uv": [ 0.0, 3.0, 2.0, 7.0 ], "autoUv": false },
								"up": { "texture": "#snowcover", "uv": [ 0.0, 0.0, 2.0, 2.0 ] },
								"down": { "texture": "#snowcover", "uv": [ 0.0, 0.0, 16.0, 2.0 ], "autoUv": false }
									}
								}
							]
						}
					]
				}
			]
		},
		{
			"name": "SideRoot",
			"from": [ 16.0, 0.0, 13.5 ], 
			"to": [ 16.0, 0.0, 13.5 ], 
			"rotationOrigin": [ 16.0, 0.0, 13.5 ],
			"rotationX": 180.0,
			"rotationZ": 180.0,
			"faces": {
				"north": { "texture": "#material", "uv": [ 0.0, 0.0, 0.5, 0.5 ], "enabled": false },
				"east": { "texture": "#material", "uv": [ 0.0, 0.0, 0.5, 0.5 ], "enabled": false },
				"south": { "texture": "#material", "uv": [ 0.0, 0.0, 0.5, 0.5 ], "enabled": false },
				"west": { "texture": "#material", "uv": [ 0.0, 0.0, 0.5, 0.5 ], "enabled": false },
				"up": { "texture": "#material", "uv": [ 0.0, 0.0, 0.5, 0.5 ], "enabled": false },
				"down": { "texture": "#material", "uv": [ 0.0, 0.0, 0.5, 0.5 ], "enabled": false }
			},
			"children": [
				{
					"name": "Side1",
					"from": [ 0.0, 0.0, -1.5 ], 
					"to": [ 16.0, 2.0, 13.5 ], 
					"rotationOrigin": [ 0.0, 0.0, -0.5 ],
					"faces": {
						"north": { "texture": "#material", "uv": [ 0.0, 0.0, 15.0, 2.0 ], "enabled": false },
						"east": { "texture": "#material", "uv": [ 0.0, 14.0, 15.0, 16.0 ], "autoUv": false },
						"south": { "texture": "#material", "uv": [ 0.0, 14.0, 16.0, 16.0 ], "autoUv": false },
						"west": { "texture": "#material", "uv": [ 0.0, 14.0, 16.0, 16.0 ], "enabled": false, "autoUv": false },
						"up": { "texture": "#material", "uv": [ 0.0, 0.0, 15.0, 15.0 ], "enabled": false },
						"down": { "texture": "#material", "uv": [ 0.0, 0.0, 16.0, 16.0 ], "rotation": 90, "autoUv": false }
					}
				},
				{
					"name": "Side3",
					"from": [ 3.0, 2.0, 0.5 ], 
					"to": [ 16.0, 4.0, 13.5 ], 
					"rotationOrigin": [ 3.0, 2.0, 1.5 ],
					"faces": {
						"north": { "texture": "#material", "uv": [ 0.0, 0.0, 13.0, 2.0 ], "enabled": false },
						"east": { "texture": "#material", "uv": [ 0.0, 12.0, 13.9, 14.0 ], "autoUv": false },
						"south": { "texture": "#material", "uv": [ 2.1, 12.0, 16.0, 14.0 ], "autoUv": false },
						"west": { "texture": "#material", "uv": [ 2.1, 12.0, 16.0, 14.0 ], "autoUv": false },
						"up": { "texture": "#material", "uv": [ 0.0, 0.0, 13.0, 13.0 ], "enabled": false },
						"down": { "texture": "#material", "uv": [ 0.0, 0.0, 13.0, 13.0 ], "enabled": false }
					}
				},
				{
					"name": "Side4",
					"from": [ 5.0, 4.0, 2.5 ], 
					"to": [ 16.0, 6.0, 13.5 ], 
					"rotationOrigin": [ 5.0, 4.0, 3.5 ],
					"faces": {
						"north": { "texture": "#material", "uv": [ 0.0, 0.0, 11.0, 2.0 ], "enabled": false },
						"east": { "texture": "#material", "uv": [ 0.0, 10.0, 11.8, 12.0 ], "autoUv": false },
						"south": { "texture": "#material", "uv": [ 4.2, 10.0, 16.0, 12.0 ], "autoUv": false },
						"west": { "texture": "#material", "uv": [ 4.2, 10.0, 16.0, 12.0 ], "autoUv": false },
						"up": { "texture": "#material", "uv": [ 0.0, 0.0, 11.0, 11.0 ], "enabled": false },
						"down": { "texture": "#material", "uv": [ 0.0, 0.0, 11.0, 11.0 ], "enabled": false }
					}
				},
				{
					"name": "Side7",
					"from": [ 7.0, 6.0, 4.5 ], 
					"to": [ 16.0, 8.0, 13.5 ], 
					"rotationOrigin": [ 7.0, 6.0, 4.0 ],
					"faces": {
						"north": { "texture": "#material", "uv": [ 0.0, 0.0, 9.0, 2.0 ], "enabled": false },
						"east": { "texture": "#material", "uv": [ 0.0, 8.0, 9.7, 10.0 ], "autoUv": false },
						"south": { "texture": "#material", "uv": [ 6.3, 8.0, 16.0, 10.0 ], "autoUv": false },
						"west": { "texture": "#material", "uv": [ 6.3, 8.0, 16.0, 10.0 ], "autoUv": false },
						"up": { "texture": "#material", "uv": [ 0.0, 0.0, 9.0, 9.0 ], "enabled": false },
						"down": { "texture": "#material", "uv": [ 0.0, 0.0, 9.0, 9.0 ], "enabled": false }
					}
				},
				{
					"name": "Side9",
					"from": [ 9.0, 8.0, 6.5 ], 
					"to": [ 16.0, 10.0, 13.5 ], 
					"rotationOrigin": [ 9.0, 8.0, 7.0 ],
					"faces": {
						"north": { "texture": "#material", "uv": [ 0.0, 0.0, 7.0, 2.0 ], "enabled": false },
						"east": { "texture": "#material", "uv": [ 0.0, 6.0, 7.6, 8.0 ], "autoUv": false },
						"south": { "texture": "#material", "uv": [ 8.4, 8.0, 16.0, 10.0 ], "autoUv": false },
						"west": { "texture": "#material", "uv": [ 8.5, 6.0, 15.5, 8.0 ], "autoUv": false },
						"up": { "texture": "#material", "uv": [ 0.0, 0.0, 7.0, 7.0 ], "enabled": false },
						"down": { "texture": "#material", "uv": [ 0.0, 0.0, 7.0, 7.0 ], "enabled": false }
					}
				},
				{
					"name": "Side11",
					"from": [ 11.0, 10.0, 8.5 ], 
					"to": [ 16.0, 12.0, 13.5 ], 
					"rotationOrigin": [ 11.0, 10.0, 9.0 ],
					"faces": {
						"north": { "texture": "#material", "uv": [ 0.0, 0.0, 5.0, 2.0 ], "enabled": false },
						"east": { "texture": "#material", "uv": [ 0.0, 4.0, 5.5, 6.0 ], "autoUv": false },
						"south": { "texture": "#material", "uv": [ 10.5, 6.0, 16.0, 8.0 ], "autoUv": false },
						"west": { "texture": "#material", "uv": [ 10.5, 4.0, 15.5, 6.0 ], "autoUv": false },
						"up": { "texture": "#material", "uv": [ 0.0, 0.0, 5.0, 5.0 ], "enabled": false },
						"down": { "texture": "#material", "uv": [ 0.0, 0.0, 5.0, 5.0 ], "enabled": false }
					}
				},
				{
					"name": "Side13",
					"from": [ 13.0, 12.0, 10.5 ], 
					"to": [ 16.0, 14.0, 13.5 ], 
					"rotationOrigin": [ 13.0, 12.0, 11.0 ],
					"faces": {
						"north": { "texture": "#material", "uv": [ 0.0, 0.0, 3.0, 2.0 ], "enabled": false },
						"east": { "texture": "#material", "uv": [ 0.0, 2.0, 3.4, 4.0 ], "autoUv": false },
						"south": { "texture": "#material", "uv": [ 12.6, 4.0, 16.0, 6.0 ], "autoUv": false },
						"west": { "texture": "#material", "uv": [ 12.6, 2.0, 16.0, 4.0 ], "autoUv": false },
						"up": { "texture": "#material", "uv": [ 0.0, 0.0, 3.0, 3.0 ], "enabled": false },
						"down": { "texture": "#material", "uv": [ 0.0, 0.0, 3.0, 3.0 ], "enabled": false }
					}
				}
			]
		},
		{
			"name": "Cube15",
			"from": [ 19.0, -4.0, 16.25 ], 
			"to": [ 23.0, 12.0, 20.25 ], 
			"rotationOrigin": [ 19.0, -4.0, 16.0 ],
			"rotationY": -45.0,
			"rotationZ": 55.0,
			"faces": {
				"north": { "texture": "#material", "uv": [ 0.0, 0.0, 4.0, 16.0 ] },
				"east": { "texture": "#material", "uv": [ 0.0, 0.0, 4.0, 16.0 ] },
				"south": { "texture": "#material", "uv": [ 0.0, 0.0, 4.0, 16.0 ] },
				"west": { "texture": "#material", "uv": [ 0.0, 0.0, 4.0, 16.0 ] },
				"up": { "texture": "#material", "uv": [ 0.0, 0.0, 4.0, 4.0 ] },
				"down": { "texture": "#material", "uv": [ 0.0, 0.0, 4.0, 4.0 ] }
			},
			"children": [
				{
					"name": "Cube24",
					"from": [ 0.0, 16.0, 0.0 ], 
					"to": [ 4.0, 32.0, 4.0 ], 
					"rotationOrigin": [ 0.0, 16.0, -0.25 ],
					"faces": {
						"north": { "texture": "#material", "uv": [ 6.0, 0.0, 11.0, 16.0 ], "autoUv": false },
						"east": { "texture": "#material", "uv": [ 6.0, 0.0, 11.0, 16.0 ], "autoUv": false },
						"south": { "texture": "#material", "uv": [ 6.0, 0.0, 11.0, 16.0 ], "autoUv": false },
						"west": { "texture": "#material", "uv": [ 6.0, 0.0, 11.0, 16.0 ], "autoUv": false },
						"up": { "texture": "#material", "uv": [ 6.0, 0.0, 11.0, 4.0 ], "autoUv": false },
						"down": { "texture": "#material", "uv": [ 6.0, 0.0, 11.0, 4.0 ], "autoUv": false }
					},
					"children": [
						{
							"name": "Cube15-snow38",
							"from": [ 4.0, 0.0, 0.0 ], 
							"to": [ 6.0, 16.0, 4.0 ], 
							"rotationOrigin": [ 4.0, 0.0, -0.25 ],
							"faces": {
								"north": { "texture": "#snowcover", "uv": [ 0.0, 0.0, 2.0, 16.0 ] },
								"east": { "texture": "#snowcover", "uv": [ 0.0, 0.0, 4.0, 16.0 ] },
								"south": { "texture": "#snowcover", "uv": [ 0.0, 0.0, 2.0, 16.0 ] },
								"west": { "texture": "#snowcover", "uv": [ 0.0, 0.0, 4.0, 16.0 ] },
								"up": { "texture": "#snowcover", "uv": [ 0.0, 0.0, 2.0, 4.0 ] },
								"down": { "texture": "#snowcover", "uv": [ 0.0, 0.0, 2.0, 4.0 ] }
							}
						}
					]
				},
				{
					"name": "Cube15-snow",
					"from": [ 4.0, 0.0, 0.0 ], 
					"to": [ 6.0, 16.0, 4.0 ], 
					"rotationOrigin": [ 4.0, 0.0, -0.25 ],
					"faces": {
						"north": { "texture": "#snowcover", "uv": [ 0.0, 0.0, 2.0, 16.0 ] },
						"east": { "texture": "#snowcover", "uv": [ 0.0, 0.0, 4.0, 16.0 ] },
						"south": { "texture": "#snowcover", "uv": [ 0.0, 0.0, 2.0, 16.0 ] },
						"west": { "texture": "#snowcover", "uv": [ 0.0, 0.0, 4.0, 16.0 ] },
						"up": { "texture": "#snowcover", "uv": [ 0.0, 0.0, 2.0, 4.0 ] },
						"down": { "texture": "#snowcover", "uv": [ 0.0, 0.0, 2.0, 4.0 ] }
					}
				}
			]
		},
		{
			"name": "RoofRoot24",
			"from": [ 3.0, 0.0, 16.0 ], 
			"to": [ 3.0, 0.0, 16.0 ], 
			"rotationOrigin": [ 3.0, 0.0, 15.97 ],
			"rotationY": 90.0,
			"faces": {
				"north": { "texture": "#material", "uv": [ 0.0, 0.0, 0.5, 0.5 ], "enabled": false },
				"east": { "texture": "#material", "uv": [ 0.0, 0.0, 0.5, 0.5 ], "enabled": false },
				"south": { "texture": "#material", "uv": [ 0.0, 0.0, 0.5, 0.5 ], "enabled": false },
				"west": { "texture": "#material", "uv": [ 0.0, 0.0, 0.5, 0.5 ], "enabled": false },
				"up": { "texture": "#material", "uv": [ 0.0, 0.0, 0.5, 0.5 ], "enabled": false },
				"down": { "texture": "#material", "uv": [ 0.0, 0.0, 0.5, 0.5 ], "enabled": false }
			},
			"children": [
				{
					"name": "Cube25",
					"from": [ 0.0, -2.61, 14.1924 ], 
					"to": [ 16.0, 1.39, 16.1924 ], 
					"rotationOrigin": [ 0.0, -2.6066, 14.1924 ],
					"rotationX": -45.0,
					"faces": {
						"north": { "texture": "#material", "uv": [ 0.0, 0.0, 16.0, 16.0 ], "autoUv": false },
						"east": { "texture": "#material", "uv": [ 0.0, 10.0, 2.0, 16.0 ], "autoUv": false },
						"south": { "texture": "#material", "uv": [ 0.0, 10.0, 16.0, 16.0 ], "autoUv": false },
						"west": { "texture": "#material", "uv": [ 0.0, 0.0, 2.0, 16.0 ], "autoUv": false },
						"up": { "texture": "#material", "uv": [ 0.0, 0.0, 16.0, 2.0 ] },
						"down": { "texture": "#material", "uv": [ 0.0, 0.0, 16.0, 2.0 ] }
					},
					"children": [
						{
							"name": "Cube1-snow26",
							"from": [ -1.5, 0.01, 2.0 ], 
							"to": [ 16.0, 4.01, 4.0 ], 
							"rotationOrigin": [ -1.0, 0.0, 2.0 ],
							"faces": {
								"north": { "texture": "#snowcover", "uv": [ 0.0, 0.0, 16.0, 16.0 ], "autoUv": false },
						"east": { "texture": "#snowcover", "uv": [ 0.0, 10.0, 2.0, 16.0 ], "autoUv": false },
						"south": { "texture": "#snowcover", "uv": [ 0.0, 10.0, 16.0, 16.0 ], "autoUv": false },
						"west": { "texture": "#snowcover", "uv": [ 0.0, 0.0, 2.0, 16.0 ], "autoUv": false },
						"up": { "texture": "#snowcover", "uv": [ 0.0, 0.0, 16.0, 2.0 ] },
						"down": { "texture": "#snowcover", "uv": [ 0.0, 0.0, 16.0, 2.0 ] }
							}
						},
						{
							"name": "Roof27",
							"from": [ 3.0, 3.9, 0.0 ], 
							"to": [ 16.0, 8.0, 2.0 ], 
							"rotationOrigin": [ 3.0, 4.0, 1.0 ],
							"faces": {
								"north": { "texture": "#material", "uv": [ 0.0, 0.0, 16.0, 16.0 ], "autoUv": false },
								"east": { "texture": "#material", "uv": [ 0.0, 6.0, 2.0, 11.0 ], "autoUv": false },
								"south": { "texture": "#material", "uv": [ 0.0, 0.0, 16.0, 16.0 ], "autoUv": false },
								"west": { "texture": "#material", "uv": [ 0.0, 0.0, 2.0, 16.0 ], "autoUv": false },
								"up": { "texture": "#material", "uv": [ 0.0, 0.0, 13.0, 2.0 ] },
								"down": { "texture": "#material", "uv": [ 0.0, 0.0, 16.0, 2.0 ], "enabled": false, "autoUv": false }
							},
							"children": [
								{
									"name": "Cube1-snow28",
									"from": [ -1.5, -0.1, 2.0 ], 
									"to": [ 13.0, 4.0, 4.0 ], 
									"rotationOrigin": [ -2.0, 14.0, 2.0 ],
									"faces": {
										"north": { "texture": "#snowcover", "uv": [ 0.0, 0.0, 16.0, 16.0 ], "autoUv": false },
								"east": { "texture": "#snowcover", "uv": [ 0.0, 5.0, 2.0, 10.0 ], "autoUv": false },
								"south": { "texture": "#snowcover", "uv": [ 3.0, 5.0, 16.0, 10.0 ], "autoUv": false },
								"west": { "texture": "#snowcover", "uv": [ 0.0, 0.0, 2.0, 16.0 ], "autoUv": false },
								"up": { "texture": "#snowcover", "uv": [ 0.0, 0.0, 13.0, 2.0 ] },
								"down": { "texture": "#snowcover", "uv": [ 0.0, 0.0, 16.0, 2.0 ], "autoUv": false }
									}
								}
							]
						},
						{
							"name": "Roof29",
							"from": [ 5.5, 7.9, 0.0 ], 
							"to": [ 16.0, 12.0, 2.0 ], 
							"rotationOrigin": [ 6.0, 8.0, 1.0 ],
							"faces": {
								"north": { "texture": "#material", "uv": [ 0.0, 0.0, 16.0, 16.0 ], "autoUv": false },
								"east": { "texture": "#material", "uv": [ 0.0, 0.0, 2.0, 6.0 ], "autoUv": false },
								"south": { "texture": "#material", "uv": [ 5.5, 0.0, 16.0, 5.0 ], "autoUv": false },
								"west": { "texture": "#material", "uv": [ 0.0, 0.0, 2.0, 16.0 ], "autoUv": false },
								"up": { "texture": "#material", "uv": [ 0.0, 0.0, 10.5, 2.0 ] },
								"down": { "texture": "#material", "uv": [ 0.0, 0.0, 16.0, 2.0 ], "enabled": false, "autoUv": false }
							},
							"children": [
								{
									"name": "Cube1-snow30",
									"from": [ -1.2, -0.1, 2.0 ], 
									"to": [ 10.55, 4.0, 4.0 ], 
									"rotationOrigin": [ -2.0, 14.0, 2.0 ],
									"faces": {
										"north": { "texture": "#snowcover", "uv": [ 0.0, 0.0, 16.0, 16.0 ], "autoUv": false },
								"east": { "texture": "#snowcover", "uv": [ 0.0, 0.0, 2.0, 6.0 ], "autoUv": false },
								"south": { "texture": "#snowcover", "uv": [ 5.5, 0.0, 16.0, 5.0 ], "autoUv": false },
								"west": { "texture": "#snowcover", "uv": [ 0.0, 0.0, 2.0, 16.0 ], "autoUv": false },
								"up": { "texture": "#snowcover", "uv": [ 0.0, 0.0, 10.5, 2.0 ] },
								"down": { "texture": "#snowcover", "uv": [ 0.0, 0.0, 16.0, 2.0 ], "autoUv": false }
									}
								}
							]
						},
						{
							"name": "Roof31",
							"from": [ 8.5, 11.9, 0.0 ], 
							"to": [ 16.0, 16.0, 2.0 ], 
							"rotationOrigin": [ 9.0, 12.0, 1.0 ],
							"faces": {
								"north": { "texture": "#material", "uv": [ 0.0, 0.0, 16.0, 16.0 ], "autoUv": false },
								"east": { "texture": "#material", "uv": [ 0.0, 12.0, 2.0, 16.0 ], "autoUv": false },
								"south": { "texture": "#material", "uv": [ 8.5, 12.0, 16.0, 16.0 ], "autoUv": false },
								"west": { "texture": "#material", "uv": [ 0.0, 0.0, 2.0, 16.0 ], "autoUv": false },
								"up": { "texture": "#material", "uv": [ 0.0, 0.0, 7.5, 2.0 ] },
								"down": { "texture": "#material", "uv": [ 0.0, 0.0, 16.0, 2.0 ], "enabled": false, "autoUv": false }
							},
							"children": [
								{
									"name": "Cube1-snow32",
									"from": [ -2.0, -0.1, 2.0 ], 
									"to": [ 7.5, 4.0, 4.0 ], 
									"rotationOrigin": [ -2.0, 14.0, 2.0 ],
									"faces": {
										"north": { "texture": "#snowcover", "uv": [ 0.0, 0.0, 16.0, 16.0 ], "autoUv": false },
										"east": { "texture": "#snowcover", "uv": [ 0.0, 12.0, 2.0, 16.0 ], "autoUv": false },
										"south": { "texture": "#snowcover", "uv": [ 8.5, 12.0, 16.0, 16.0 ], "autoUv": false },
										"west": { "texture": "#snowcover", "uv": [ 0.0, 0.0, 2.0, 16.0 ], "autoUv": false },
										"up": { "texture": "#snowcover", "uv": [ 0.0, 0.0, 7.5, 2.0 ] },
										"down": { "texture": "#snowcover", "uv": [ 0.0, 0.0, 16.0, 2.0 ], "autoUv": false }
									}
								}
							]
						},
						{
							"name": "Roof33",
							"from": [ 11.0, 15.9, 0.0 ], 
							"to": [ 16.0, 20.0, 2.0 ], 
							"rotationOrigin": [ 11.0, 16.0, 1.0 ],
							"faces": {
								"north": { "texture": "#material", "uv": [ 0.0, 0.0, 16.0, 16.0 ], "autoUv": false },
								"east": { "texture": "#material", "uv": [ 0.0, 7.0, 2.0, 12.0 ], "autoUv": false },
								"south": { "texture": "#material", "uv": [ 11.0, 7.0, 16.0, 12.0 ], "autoUv": false },
								"west": { "texture": "#material", "uv": [ 0.0, 0.0, 2.0, 16.0 ], "autoUv": false },
								"up": { "texture": "#material", "uv": [ 0.0, 0.0, 5.0, 2.0 ] },
								"down": { "texture": "#material", "uv": [ 0.0, 0.0, 16.0, 2.0 ], "enabled": false, "autoUv": false }
							},
							"children": [
								{
									"name": "Cube1-snow34",
									"from": [ -2.0, -0.1, 2.0 ], 
									"to": [ 5.0, 4.0, 4.0 ], 
									"rotationOrigin": [ -2.0, 14.0, 2.0 ],
									"faces": {
										"north": { "texture": "#snowcover", "uv": [ 0.0, 0.0, 16.0, 16.0 ], "autoUv": false },
										"east": { "texture": "#snowcover", "uv": [ 0.0, 7.0, 2.0, 12.0 ], "autoUv": false },
										"south": { "texture": "#snowcover", "uv": [ 11.0, 7.0, 16.0, 12.0 ], "autoUv": false },
										"west": { "texture": "#snowcover", "uv": [ 0.0, 0.0, 2.0, 16.0 ], "autoUv": false },
										"up": { "texture": "#snowcover", "uv": [ 0.0, 0.0, 5.0, 2.0 ] },
										"down": { "texture": "#snowcover", "uv": [ 0.0, 0.0, 16.0, 2.0 ], "autoUv": false }
									}
								}
							]
						},
						{
							"name": "Roof35",
							"from": [ 14.0, 19.9, 0.0 ], 
							"to": [ 16.0, 23.7, 2.0 ], 
							"rotationOrigin": [ 14.0, 20.0, 1.0 ],
							"faces": {
								"north": { "texture": "#material", "uv": [ 0.0, 0.0, 16.0, 16.0 ], "autoUv": false },
								"east": { "texture": "#material", "uv": [ 0.0, 3.0, 2.0, 7.0 ], "autoUv": false },
								"south": { "texture": "#material", "uv": [ 14.0, 3.0, 16.0, 7.0 ], "autoUv": false },
								"west": { "texture": "#material", "uv": [ 0.0, 0.0, 2.0, 14.0 ], "autoUv": false },
								"up": { "texture": "#material", "uv": [ 0.0, 0.0, 2.0, 2.0 ] },
								"down": { "texture": "#material", "uv": [ 0.0, 0.0, 16.0, 2.0 ], "enabled": false, "autoUv": false }
							},
							"children": [
								{
									"name": "Cube1-snow36",
									"from": [ -2.0, -0.1, 2.0 ], 
									"to": [ 2.0, 4.0, 4.0 ], 
									"rotationOrigin": [ -2.0, 14.0, 2.0 ],
									"faces": {
										"north": { "texture": "#snowcover", "uv": [ 0.0, 0.0, 16.0, 16.0 ], "autoUv": false },
										"east": { "texture": "#snowcover", "uv": [ 0.0, 3.0, 2.0, 7.0 ], "autoUv": false },
										"south": { "texture": "#snowcover", "uv": [ 14.0, 3.0, 16.0, 7.0 ], "autoUv": false },
										"west": { "texture": "#snowcover", "uv": [ 0.0, 0.0, 2.0, 14.0 ], "autoUv": false },
										"up": { "texture": "#snowcover", "uv": [ 0.0, 0.0, 2.0, 2.0 ] },
										"down": { "texture": "#snowcover", "uv": [ 0.0, 0.0, 16.0, 2.0 ], "autoUv": false }
									}
								}
							]
						}
					]
				}
			]
		}
	]
}