[

{
	ingredientPattern: "PPP,PHP,APA",
	ingredients: {
		"P": { type: "item", code: "game:plank-acacia", quantity: 1 },
		"H": { type: "item", code: "game:hide-pelt-large",  quantity: 1 },
		"A": { type: "item", code: "gems-horn", quantity: 1 },
	},
	width: 3,
	height: 3,
	output: { type: "block", code: "gemsmount-north", quantity: 1  }
},



{
	ingredientPattern: "A_A,PPP,_P_",
	ingredients: {
		"P": { type: "item", code: "game:plank-acacia", quantity: 1 },
		"A": { type: "item", code: "gems-horn", quantity: 1 },
	},
	width: 3,
	height: 3,
	output: { type: "block", code: "gemshornmount-north", quantity: 1  }
}

]