[

{
	ingredientPattern: "_R_,_A_,MTM",
	ingredients: {
		"M": { type: "item", code: "tine-albantler", quantity: 2 },
		"T": { type: "item", code: "tine-albantler", quantity: 1 },
		"R": { type: "item", code: "game:rope",  quantity: 1 },
		"A": { type: "item", code: "antler-albino", quantity: 1 }
	},
	width: 3,
	height: 3,
	output: { type: "block", code: "alb_windchime-north" }
},


{
	ingredientPattern: "_R_,_A_,MTM",
	ingredients: {
		"M": { type: "item", code: "tine-antler", quantity: 2 },
		"T": { type: "item", code: "tine-antler", quantity: 1 },
		"R": { type: "item", code: "game:rope",  quantity: 1 },
		"A": { type: "item", code: "antler-large", quantity: 1 }
	},
	width: 3,
	height: 3,
	output: { type: "block", code: "ant_windchime-north" }
}


]

