{
	code: "shield",
	class: "ItemShield",
	storageFlags: 257,
	attributes: {
		shield: {
			blockSound: "game:held/shieldblock",
			protectionChance: {
				"passive": 0.1,
				"active": 0.85
			},
			damageAbsorptionByType: {
				"*-crude-*": {
					"passive": 1.5,
					"active": 3
				},
				"*-reinforced-*": {
					"passive": 2,
					"active": 4
				},
				"*-blackguard-*": {
					"passive": 3,
					"active": 5
				}
			}
		},
		handbook: {
			groupBy: ["shield-*"]
		},
		toolrackTransform: {
			rotation: { y: 1, z: -1 },
			translation: { x: -0.2 },
			scale: 1.5,
		}
	},
	variantgroups: [
		{ code: "type", states: ["crude" ] },
		{ code: "shape", states: ["square" ] },
		{ code: "material", states: [ "wicker" ] }
	],
	shapeByType: {
		"*-square-*": { base: "game:item/armor/shield/square" },
		"*-round-*": { base: "game:item/armor/shield/round" }
	},
	texturesByType: {
		"*-wicker": {
			"shield": { base: "usefulstuff:item/armor/shield/square-wicker" }
		},
		"*": {
			"shield": { base: "item/armor/shield/{shape}-{material}" }
		}
	},
	durabilitybytype: {
		"*-crude-*": 40,
	},
	creativeinventory: { "general": ["*"], "items": ["*"], "tools": ["*"] },
	fpHandTransform: {
		translation: { x: 0, y: 0, z: 0.2 },
		rotation: { x: 17, y: 166, z: 90 },
		origin: { x: 0.6, y: 0.3, z: 0.5 },
		scale: 3.5
	},
	guiTransform: {
		translation: { x: 0, y: 0, z: 0 },
		rotation: { x: 34, y: 32, z: -163 },
		origin: { x: 0.52, y: 0.1, z: 0.47 },
		scale: 1.8
	},
	groundTransform: {
		translation: { x: 0, y: 0, z: 0 },
		rotation: { x: -90, y: 0, z: 0 },
		origin: { x: 0.5, y: 0, z: 0.5 },
		scale: 5
	},
	tpHandTransformByType: {
		"*-square-*": {
			translation: { x: -0.5299, y: -0.04, z: -0.63 },
			rotation: { x: -9, y: 19, z: 0 },
			origin: { x: 0.5, y: 0, z: 0.5 },
			scale: 1
		},
		"*": {
			translation: { x: -0.47, y: -0.03, z: -0.54 },
			rotation: { x: -9, y: 13, z: 0 },
			origin: { x: 0.5, y: 0, z: 0.5 },
			scale: 1
		}
	},
	tpOffHandTransformByType: {
		"*-square-*": {
			translation: { x: -0.46, y: -0.08, z: -0.39 },
			rotation: { x: 11, y: 174, z: 20 },
			origin: { x: 0.5, y: 0, z: 0.5 },
			scale: 1
		},
		"*": {
			translation: { x: -0.47, y: -0.03, z: -0.46 },
			rotation: { x: 11, y: 174, z: 20 },
			origin: { x: 0.5, y: 0, z: 0.5 },
			scale: 1
		}
	}
}
