{
	"editor": {
		"allAngles": true,
		"entityTextureMode": false
	},
	"textureWidth": 16,
	"textureHeight": 8,
	"textureSizes": {
		"bottom-inside": [16,16],
		"contents": [16,8],
		"outer-ring": [16,16],
		"legs": [16,16],
		"wood": [16,16]
	},
	"elements": [
		{
			"name": "origin",
			"from": [ 0.0, 0.0, 1.0 ], 
			"to": [ 0.0, 0.0, 1.0 ], 
			"rotationOrigin": [ 8.0, 0.0, 9.0 ],
			"faces": {
				"north": { "texture": "#contents", "uv": [ 0.0, 0.0, 0.5, 0.5 ], "enabled": false },
				"east": { "texture": "#contents", "uv": [ 0.0, 0.0, 0.5, 0.5 ], "enabled": false },
				"south": { "texture": "#contents", "uv": [ 0.0, 0.0, 0.5, 0.5 ], "enabled": false },
				"west": { "texture": "#contents", "uv": [ 0.0, 0.0, 0.5, 0.5 ], "enabled": false },
				"up": { "texture": "#contents", "uv": [ 0.0, 0.0, 0.5, 0.5 ], "enabled": false },
				"down": { "texture": "#contents", "uv": [ 0.0, 0.0, 0.5, 0.5 ], "enabled": false }
			},
			"children": [
				{
					"name": "contents",
					"from": [ 2.0, 1.5, 4.0 ], 
					"to": [ 14.0, 2.0, 10.0 ], 
					"rotationOrigin": [ 5.0, -1.0, 8.0 ],
					"faces": {
						"north": { "texture": "#contents", "uv": [ 1.5, 0.0, 13.5, 0.5 ], "enabled": false },
						"east": { "texture": "#contents", "uv": [ 14.0, 2.0, 14.5, 8.0 ], "rotation": 90 },
						"south": { "texture": "#contents", "uv": [ 4.5, 8.0, 16.5, 8.5 ], "enabled": false },
						"west": { "texture": "#contents", "uv": [ 3.0, 0.0, 9.0, 0.5 ], "enabled": false },
						"up": { "texture": "#contents", "uv": [ 1.5, 2.0, 13.5, 8.0 ] },
						"down": { "texture": "#contents", "uv": [ 0.0, 0.0, 12.0, 6.0 ], "enabled": false }
					},
					"children": [
						{
							"name": "legume1",
							"from": [ 1.8, 0.4, 2.0 ], 
							"to": [ 3.8, 0.9, 2.5 ], 
							"rotationOrigin": [ 1.8, 0.4, 2.2 ],
							"rotationX": 5.0,
							"rotationZ": -8.0,
							"faces": {
								"north": { "texture": "#contents", "uv": [ 6.0, 4.0, 8.0, 4.5 ] },
								"east": { "texture": "#contents", "uv": [ 7.0, 4.5, 7.5, 5.0 ] },
								"south": { "texture": "#contents", "uv": [ 7.5, 3.5, 9.5, 4.0 ] },
								"west": { "texture": "#contents", "uv": [ 10.0, 2.5, 10.5, 3.0 ] },
								"up": { "texture": "#contents", "uv": [ 13.5, 4.5, 15.5, 5.0 ] },
								"down": { "texture": "#contents", "uv": [ 0.0, 0.0, 2.0, 0.5 ], "enabled": false }
							}
						},
						{
							"name": "legume2",
							"from": [ 5.1, 0.5, 0.0 ], 
							"to": [ 7.1, 1.0, 0.5 ], 
							"rotationOrigin": [ 5.1, 0.5, 0.2 ],
							"rotationY": -55.0,
							"rotationZ": -8.0,
							"faces": {
								"north": { "texture": "#contents", "uv": [ 8.0, 5.0, 10.0, 5.5 ] },
								"east": { "texture": "#contents", "uv": [ 9.5, 6.0, 10.0, 6.5 ] },
								"south": { "texture": "#contents", "uv": [ 5.5, 2.5, 7.5, 3.0 ] },
								"west": { "texture": "#contents", "uv": [ 8.0, 3.0, 8.5, 3.5 ] },
								"up": { "texture": "#contents", "uv": [ 7.0, 4.0, 9.0, 4.5 ] },
								"down": { "texture": "#contents", "uv": [ 0.0, 0.0, 2.0, 0.5 ], "enabled": false, "autoUv": false }
							}
						},
						{
							"name": "legume4",
							"from": [ 5.9, 0.1, 5.0 ], 
							"to": [ 7.9, 0.6, 5.5 ], 
							"rotationOrigin": [ 5.9, 0.1, 5.2 ],
							"rotationX": 5.0,
							"rotationY": 25.0,
							"rotationZ": 8.0,
							"faces": {
								"north": { "texture": "#contents", "uv": [ 10.0, 4.0, 12.0, 4.5 ] },
								"east": { "texture": "#contents", "uv": [ 4.5, 2.5, 5.0, 3.0 ] },
								"south": { "texture": "#contents", "uv": [ 4.0, 4.0, 6.0, 4.5 ] },
								"west": { "texture": "#contents", "uv": [ 13.0, 4.0, 13.5, 4.5 ] },
								"up": { "texture": "#contents", "uv": [ 6.0, 7.0, 8.0, 7.5 ] },
								"down": { "texture": "#contents", "uv": [ 0.0, 0.0, 2.0, 0.5 ], "enabled": false }
							}
						},
						{
							"name": "legume5",
							"from": [ 2.6, 0.4, 5.5 ], 
							"to": [ 4.6, 0.9, 6.0 ], 
							"rotationOrigin": [ 2.6, 0.4, 5.7 ],
							"rotationY": 53.0,
							"rotationZ": -4.0,
							"faces": {
								"north": { "texture": "#contents", "uv": [ 9.0, 4.5, 11.0, 5.0 ] },
								"east": { "texture": "#contents", "uv": [ 11.0, 4.5, 11.5, 5.0 ] },
								"south": { "texture": "#contents", "uv": [ 9.5, 3.0, 11.5, 3.5 ] },
								"west": { "texture": "#contents", "uv": [ 6.5, 4.5, 7.0, 5.0 ] },
								"up": { "texture": "#contents", "uv": [ 6.0, 5.5, 8.0, 6.0 ] },
								"down": { "texture": "#contents", "uv": [ 0.0, 0.0, 2.0, 0.5 ], "enabled": false }
							}
						},
						{
							"name": "legume6",
							"from": [ 8.7, 0.3, 1.3 ], 
							"to": [ 10.7, 0.8, 1.8 ], 
							"rotationOrigin": [ 8.7, 0.3, 1.5 ],
							"rotationX": 2.0,
							"rotationY": 28.0,
							"faces": {
								"north": { "texture": "#contents", "uv": [ 8.5, 6.5, 10.5, 7.0 ] },
								"east": { "texture": "#contents", "uv": [ 7.0, 4.0, 7.5, 4.5 ] },
								"south": { "texture": "#contents", "uv": [ 10.5, 4.0, 12.5, 4.5 ] },
								"west": { "texture": "#contents", "uv": [ 8.0, 4.0, 8.5, 4.5 ] },
								"up": { "texture": "#contents", "uv": [ 8.5, 5.0, 10.5, 5.5 ] },
								"down": { "texture": "#contents", "uv": [ 0.0, 0.0, 2.0, 0.5 ], "enabled": false, "autoUv": false }
							}
						},
						{
							"name": "legume7",
							"from": [ 7.3, 0.2, 3.3 ], 
							"to": [ 9.3, 0.7, 3.8 ], 
							"rotationOrigin": [ 7.3, 0.2, 3.5 ],
							"rotationY": 89.0,
							"rotationZ": -5.0,
							"faces": {
								"north": { "texture": "#contents", "uv": [ 9.0, 5.5, 11.0, 6.0 ] },
								"east": { "texture": "#contents", "uv": [ 8.0, 2.0, 8.5, 2.5 ] },
								"south": { "texture": "#contents", "uv": [ 8.5, 2.5, 10.5, 3.0 ] },
								"west": { "texture": "#contents", "uv": [ 6.5, 2.0, 7.0, 2.5 ] },
								"up": { "texture": "#contents", "uv": [ 11.0, 5.0, 13.0, 5.5 ] },
								"down": { "texture": "#contents", "uv": [ 0.0, 0.0, 2.0, 0.5 ], "enabled": false, "autoUv": false }
							}
						},
						{
							"name": "legume10",
							"from": [ 10.5, 0.3, 5.5 ], 
							"to": [ 12.5, 0.8, 6.0 ], 
							"rotationOrigin": [ 10.5, 0.3, 5.7 ],
							"rotationX": 3.0,
							"rotationY": 60.0,
							"faces": {
								"north": { "texture": "#contents", "uv": [ 9.5, 2.5, 11.5, 3.0 ] },
								"east": { "texture": "#contents", "uv": [ 5.0, 6.5, 5.5, 7.0 ] },
								"south": { "texture": "#contents", "uv": [ 8.5, 5.0, 10.5, 5.5 ] },
								"west": { "texture": "#contents", "uv": [ 12.5, 3.0, 13.0, 3.5 ] },
								"up": { "texture": "#contents", "uv": [ 10.0, 5.0, 12.0, 5.5 ] },
								"down": { "texture": "#contents", "uv": [ 0.0, 0.0, 2.0, 0.5 ], "enabled": false }
							}
						},
						{
							"name": "legume11",
							"from": [ 6.1, 0.2, 4.0 ], 
							"to": [ 8.1, 0.7, 4.5 ], 
							"rotationOrigin": [ 6.1, 0.2, 4.2 ],
							"rotationY": 141.0,
							"rotationZ": 4.0,
							"faces": {
								"north": { "texture": "#contents", "uv": [ 8.5, 6.0, 10.5, 6.5 ] },
								"east": { "texture": "#contents", "uv": [ 5.5, 5.5, 6.0, 6.0 ] },
								"south": { "texture": "#contents", "uv": [ 6.5, 2.0, 8.5, 2.5 ] },
								"west": { "texture": "#contents", "uv": [ 9.5, 6.0, 10.0, 6.5 ] },
								"up": { "texture": "#contents", "uv": [ 12.5, 7.0, 14.5, 7.5 ] },
								"down": { "texture": "#contents", "uv": [ 0.0, 0.0, 2.0, 0.5 ], "enabled": false }
							}
						},
						{
							"name": "legume12",
							"from": [ 2.4, 0.5, 3.5 ], 
							"to": [ 4.4, 1.0, 4.0 ], 
							"rotationOrigin": [ 2.4, 0.5, 3.7 ],
							"rotationX": 3.0,
							"rotationY": -172.0,
							"faces": {
								"north": { "texture": "#contents", "uv": [ 9.0, 7.0, 11.0, 7.5 ] },
								"east": { "texture": "#contents", "uv": [ 10.0, 4.5, 10.5, 5.0 ] },
								"south": { "texture": "#contents", "uv": [ 9.5, 6.0, 11.5, 6.5 ] },
								"west": { "texture": "#contents", "uv": [ 9.5, 2.0, 10.0, 2.5 ] },
								"up": { "texture": "#contents", "uv": [ 8.5, 2.5, 10.5, 3.0 ] },
								"down": { "texture": "#contents", "uv": [ 0.0, 0.0, 2.0, 0.5 ], "enabled": false }
							}
						},
						{
							"name": "legume13",
							"from": [ 10.7, 0.5, 2.0 ], 
							"to": [ 12.7, 1.0, 2.5 ], 
							"rotationOrigin": [ 10.7, 0.5, 2.2 ],
							"rotationX": -5.0,
							"rotationY": -133.0,
							"faces": {
								"north": { "texture": "#contents", "uv": [ 8.5, 5.5, 10.5, 6.0 ] },
								"east": { "texture": "#contents", "uv": [ 7.5, 7.0, 8.0, 7.5 ] },
								"south": { "texture": "#contents", "uv": [ 7.5, 2.0, 9.5, 2.5 ] },
								"west": { "texture": "#contents", "uv": [ 9.0, 3.0, 9.5, 3.5 ] },
								"up": { "texture": "#contents", "uv": [ 9.0, 4.5, 11.0, 5.0 ] },
								"down": { "texture": "#contents", "uv": [ 0.0, 0.0, 2.0, 0.5 ], "enabled": false }
							}
						}
					]
				}
			]
		}
	]}