{
  "code": "earthwormcastings",
  "attributes": {
    "fertilizerProps": {
      "n": 10,
      "p": 10,
      "k": 10
    },
    "dissolveInWater": false
  },
  "shape": { "base": "item/earthwormcastings" },
  "texture": { "base": "primitivesurvival:item/earthwormcastings" },
  "creativeinventory": {
    "general": [ "*" ],
    "items": [ "*" ],
    "primitive": [ "*" ]
  },
  "maxstacksize": 64,
  "materialDensity": 900,
  "guiTransform": {
    "translation": {
      "x": 0,
      "y": 0,
      "z": 0
    },
    "rotation": {
      "x": -33,
      "y": 125,
      "z": 171
    },
    "origin": {
      "x": 0.51,
      "y": 0.08,
      "z": 0.5
    },
    "scale": 3.54
  },
  "fpHandTransform": {
    "translation": {
      "x": 0,
      "y": 0,
      "z": 0
    },
    "rotation": {
      "x": -22,
      "y": -106,
      "z": -60
    },
    "origin": {
      "x": 0.4,
      "y": 0.5,
      "z": 0.6
    },
    "scale": 1.38
  },
  "tpHandTransform": {
    "translation": {
      "x": -0.8,
      "y": -0.5,
      "z": -1.2
    },
    "rotation": {
      "x": 41,
      "y": -6,
      "z": 18
    },
    "origin": {
      "x": 0.4,
      "y": 0.4,
      "z": 0.6
    },
    "scale": 0.46
  },
  "groundTransform": {
    "translation": {
      "x": 0,
      "y": 0,
      "z": 0
    },
    "rotation": {
      "x": 179,
      "y": 81,
      "z": -21
    },
    "origin": {
      "x": 0.5,
      "y": 0.5,
      "z": 0.5299
    },
    "scale": 3.35
  }
}
