{
	"editor": {
		"allAngles": false,
		"entityTextureMode": false
	},
	"textureWidth": 32,
	"textureHeight": 32,
	"textureSizes": {
	},
	"textures": {
		"gemsbok": "entity/gemsbok"
	},
	"elements": [
		{
			"name": "Cube1",
			"from": [ 7.25, 0.0, 7.25 ], 
			"to": [ 8.75, 6.0, 8.75 ], 
			"rotationOrigin": [ 7.0, 0.0, 7.0 ],
			"faces": {
				"north": { "texture": "#gemsbok", "uv": [ 4.0, 30.5, 10.0, 32.0 ], "rotation": 90 },
				"east": { "texture": "#gemsbok", "uv": [ 3.0, 30.5, 9.0, 32.0 ], "rotation": 90 },
				"south": { "texture": "#gemsbok", "uv": [ 4.0, 30.0, 10.0, 31.5 ], "rotation": 90 },
				"west": { "texture": "#gemsbok", "uv": [ 3.5, 30.5, 9.5, 32.0 ], "rotation": 90 },
				"up": { "texture": "#gemsbok", "uv": [ 7.0, 29.0, 8.5, 30.5 ] },
				"down": { "texture": "#gemsbok", "uv": [ 24.5, 4.5, 26.0, 6.0 ] }
			},
			"children": [
				{
					"name": "Cube2",
					"from": [ 0.0, 6.0, 0.0 ], 
					"to": [ 1.0, 12.0, 0.75 ], 
					"rotationOrigin": [ 0.0, 6.0, 0.0 ],
					"faces": {
						"north": { "texture": "#gemsbok", "uv": [ 3.0, 30.5, 9.0, 31.5 ], "rotation": 90 },
						"east": { "texture": "#gemsbok", "uv": [ 4.0, 31.0, 10.0, 31.5 ], "rotation": 90 },
						"south": { "texture": "#gemsbok", "uv": [ 4.0, 30.5, 10.0, 31.5 ], "rotation": 90 },
						"west": { "texture": "#gemsbok", "uv": [ 5.0, 31.0, 11.0, 31.5 ], "rotation": 90 },
						"up": { "texture": "#gemsbok", "uv": [ 5.0, 28.0, 6.0, 28.5 ] },
						"down": { "texture": "#gemsbok", "uv": [ 8.5, 30.0, 9.5, 30.5 ], "enabled": false }
					},
					"children": [
						{
							"name": "Cube3",
							"from": [ 0.0, 6.0, 0.0 ], 
							"to": [ 0.75, 10.0, 0.5 ], 
							"rotationOrigin": [ 0.0, 6.0, 0.0 ],
							"faces": {
								"north": { "texture": "#gemsbok", "uv": [ 7.5, 30.0, 11.5, 30.5 ], "rotation": 90 },
								"east": { "texture": "#gemsbok", "uv": [ 6.0, 30.0, 10.0, 30.5 ], "rotation": 90 },
								"south": { "texture": "#gemsbok", "uv": [ 4.5, 30.5, 8.5, 31.0 ], "rotation": 90 },
								"west": { "texture": "#gemsbok", "uv": [ 8.0, 30.0, 12.0, 30.5 ], "rotation": 90 },
								"up": { "texture": "#gemsbok", "uv": [ 3.5, 28.0, 4.0, 28.5 ] },
								"down": { "texture": "#gemsbok", "uv": [ 6.0, 30.5, 6.5, 31.0 ], "enabled": false }
							}
						}
					]
				}
			]
		}
	]}