{
	"editor": {
		"allAngles": false,
		"entityTextureMode": false
	},
	"textureWidth": 16,
	"textureHeight": 16,
	"textureSizes": {
	},
	"textures": {
		"material": "block/metal/shingles/zinc1"
	},
	"elements": [
		{
			"name": "origin",
			"from": [ 8.0, 0.0, 8.0 ], 
			"to": [ 8.0, 0.0, 8.0 ], 
			"rotationOrigin": [ 8.0, 0.0, 8.0 ],
			"faces": {
				"north": { "texture": "#material", "uv": [ 0.0, 5.0, 0.5, 5.5 ], "enabled": false },
				"east": { "texture": "#material", "uv": [ 0.0, 0.0, 0.5, 0.5 ], "enabled": false },
				"south": { "texture": "#material", "uv": [ 0.0, 0.0, 0.5, 0.5 ], "enabled": false },
				"west": { "texture": "#material", "uv": [ 0.0, 0.0, 0.5, 0.5 ], "enabled": false },
				"up": { "texture": "#material", "uv": [ 0.0, 0.0, 0.5, 0.5 ], "enabled": false },
				"down": { "texture": "#material", "uv": [ 0.0, 0.0, 0.5, 0.5 ], "enabled": false }
			},
			"children": [
				{
					"name": "slate",
					"from": [ -13.5, 0.5, -7.99 ], 
					"to": [ 2.5, 5.0, 8.03 ], 
					"rotationOrigin": [ 0.0, 8.5, 0.0 ],
					"rotationZ": 22.5,
					"faces": {
						"north": { "texture": "#material", "uv": [ 0.0, 0.0, 16.0, 4.5 ] },
						"east": { "texture": "#material", "uv": [ 0.0, 0.0, 16.0, 4.5 ] },
						"south": { "texture": "#material", "uv": [ 0.0, 0.0, 16.0, 4.5 ] },
						"west": { "texture": "#material", "uv": [ 0.0, 0.0, 16.0, 4.5 ] },
						"up": { "texture": "#material", "uv": [ 0.0, 0.0, 16.0, 16.0 ], "rotation": 90 },
						"down": { "texture": "#material", "uv": [ 0.0, 0.0, 16.0, 16.0 ], "rotation": 270 }
					},
					"children": [
						{
							"name": "slate2",
							"from": [ 8.5, 4.5, -0.03 ], 
							"to": [ 20.5, 9.5, 16.03 ], 
							"rotationOrigin": [ 8.0, 4.5, 8.0 ],
							"faces": {
								"north": { "texture": "#material", "uv": [ 0.0, 0.0, 12.0, 5.0 ] },
								"east": { "texture": "#material", "uv": [ 0.0, 0.0, 16.0, 5.0 ] },
								"south": { "texture": "#material", "uv": [ 0.0, 0.0, 12.0, 5.0 ] },
								"west": { "texture": "#material", "uv": [ 0.0, 0.0, 16.0, 5.0 ] },
								"up": { "texture": "#material", "uv": [ 0.0, 3.0, 16.0, 15.0 ], "rotation": 90 },
								"down": { "texture": "#material", "uv": [ 0.0, 3.0, 16.0, 15.0 ], "rotation": 270 }
							},
							"children": [
								{
									"name": "slate3",
									"from": [ 10.5, 5.0, -0.04 ], 
									"to": [ 21.0, 9.5, 16.04 ], 
									"rotationOrigin": [ 11.0, 5.0, 7.9 ],
									"faces": {
										"north": { "texture": "#material", "uv": [ 0.0, 0.0, 10.5, 4.5 ] },
										"east": { "texture": "#material", "uv": [ 0.0, 0.0, 16.0, 4.5 ] },
										"south": { "texture": "#material", "uv": [ 0.0, 0.0, 10.5, 4.5 ] },
										"west": { "texture": "#material", "uv": [ 0.0, 0.0, 16.0, 4.5 ] },
										"up": { "texture": "#material", "uv": [ 0.0, 5.5, 16.0, 16.0 ], "rotation": 90 },
										"down": { "texture": "#material", "uv": [ 0.0, 5.5, 16.0, 16.0 ], "rotation": 270 }
									}
								}
							]
						}
					]
				},
				{
					"name": "Cube1",
					"from": [ 5.0, 0.0, -7.9 ], 
					"to": [ 8.0, 14.0, 7.9 ], 
					"rotationOrigin": [ 5.0, 0.0, -7.9 ],
					"faces": {
						"north": { "texture": "#material", "uv": [ 0.0, 2.0, 3.0, 16.0 ] },
						"east": { "texture": "#material", "uv": [ 0.0, 0.0, 15.5, 14.0 ] },
						"south": { "texture": "#material", "uv": [ 13.0, 2.0, 16.0, 16.0 ] },
						"west": { "texture": "#material", "uv": [ 0.0, 0.0, 15.5, 14.0 ] },
						"up": { "texture": "#material", "uv": [ 0.0, 0.0, 3.0, 15.5 ] },
						"down": { "texture": "#material", "uv": [ 0.0, 0.0, 3.0, 15.5 ] }
					}
				},
				{
					"name": "Cube6",
					"from": [ 0.0, 0.0, -7.9 ], 
					"to": [ 5.0, 9.0, 7.9 ], 
					"rotationOrigin": [ 0.0, 0.0, -7.9 ],
					"faces": {
						"north": { "texture": "#material", "uv": [ 3.0, 7.0, 8.0, 16.0 ] },
						"east": { "texture": "#material", "uv": [ 0.0, 0.0, 15.5, 9.0 ] },
						"south": { "texture": "#material", "uv": [ 8.0, 7.0, 13.0, 16.0 ] },
						"west": { "texture": "#material", "uv": [ 0.0, 0.0, 15.5, 9.0 ] },
						"up": { "texture": "#material", "uv": [ 0.0, 0.0, 5.0, 15.5 ] },
						"down": { "texture": "#material", "uv": [ 0.0, 0.0, 5.0, 15.5 ] }
					}
				}
			]
		}
	]}