{
	code: "morewoodenpath",
	behaviors: [{name: "Unstable"}, {name: "NWOrientable"}],
	attributes: {
		handbook: {
			groupBy: ["morewoodenpath-*"]
		},
	},
	variantgroups: [{ code: "type", states: ["acacia", "birch", "kapok", "maple", "oak", "pine", "aged", "cypress", "larch", "redwood", "ebony", "walnut", "purpleheart"] },
		{ code:"orientation", states: ["ns", "we"] },
	],
	creativeinventory: { "general": ["*-ns"], "decorative": ["*-ns"], "moreroads": ["*-ns"] },
	renderpass: "BlendNoCull",
	shapeByType: {
		"*-ns": { base: "block/basic/flat" },
		"*-we": { base: "block/basic/flat", rotateY: 90 },
	},
	blockmaterial: "Wood",
	vertexFlags: {
		zOffset: 5
	},
	textures: {
		all: { base: "game:block/wood/path/{type}/normal*" }
	},
	resistance: 0.4,
	walkspeedmultiplier: 1.15,
	sounds: {
		"place": "block/planks",
		"hit": "block/planks",
		"break": "block/planks",
		"walk": "walk/wood"
	},
	sidesolid: { all: false },
	sideopaque: { all: false },
	lightAbsorption: 0,
	collisionbox: null,
	selectionbox: { x1: 0, y1: 0, z1:0, x2: 1, y2: 0.0625, z2: 1 },
	materialDensity: 600,
	guiTransform: {
		translation: { x: 0, y: 2, z: 0 },
		rotation: { x: -22.6, y: -45, z: 0 },
		origin: { x: 0.5, y: 0, z: 0.5 },
		scale: 1.3
	},
	groundTransform: {
		translation: { x: 0, y: 0.02, z: 0 },
		origin: { x: 0.5, y: 0, z: 0.5 },
		scale: 1.5
	},
	tpHandTransform: {
		translation: { x: -1.6, y: 0, z: -1.15 },
		rotation: { x: -83, y: 0, z: 0 },
		origin: { x: 0.5, y: 0, z: 0.5 },
		scale: 0.38
	}
}