[
    {
        "op": "add",
        "path": "/attributes/tradeProps/selling/list/-",
        "value": 
        {
            "code": "cats:creature-cat-male",
            "type": "item",
            "stacksize": 1,
            "stock": {
                "avg": 1,
                "var": 0.25
            },
            "price": {
                "avg": 8,
                "var": 2
            }
        },
        "file": "game:entities/humanoid/trader-survivalgoods.json"
    },
    {
        "op": "add",
        "path": "/attributes/tradeProps/selling/list/-",
        "value": 
        {
            "code": "cats:creature-cat-female",
            "type": "item",
            "stacksize": 1,
            "stock": {
                "avg": 1,
                "var": 0.25
            },
            "price": {
                "avg": 8,
                "var": 2
            }
        },
        "file": "game:entities/humanoid/trader-survivalgoods.json"
    }
]